ARM GAS  /tmp/ccy24VEl.s 			page 1


   1              		.cpu cortex-m7
   2              		.arch armv7e-m
   3              		.fpu fpv5-d16
   4              		.eabi_attribute 28, 1
   5              		.eabi_attribute 20, 1
   6              		.eabi_attribute 21, 1
   7              		.eabi_attribute 23, 3
   8              		.eabi_attribute 24, 1
   9              		.eabi_attribute 25, 1
  10              		.eabi_attribute 26, 1
  11              		.eabi_attribute 30, 1
  12              		.eabi_attribute 34, 1
  13              		.eabi_attribute 18, 4
  14              		.file	"ov5640.c"
  15              		.text
  16              	.Ltext0:
  17              		.cfi_sections	.debug_frame
  18              		.file 1 "Core/Src/ov5640.c"
  19              		.section	.text.OV5640_DeInit,"ax",%progbits
  20              		.align	1
  21              		.global	OV5640_DeInit
  22              		.syntax unified
  23              		.thumb
  24              		.thumb_func
  26              	OV5640_DeInit:
  27              	.LVL0:
  28              	.LFB108:
   1:Core/Src/ov5640.c **** /**
   2:Core/Src/ov5640.c ****   ******************************************************************************
   3:Core/Src/ov5640.c ****   * @file    ov5640.c
   4:Core/Src/ov5640.c ****   * @author  MCD Application Team
   5:Core/Src/ov5640.c ****   * @brief   This file provides the OV5640 camera driver
   6:Core/Src/ov5640.c ****   ******************************************************************************
   7:Core/Src/ov5640.c ****   * @attention
   8:Core/Src/ov5640.c ****   *
   9:Core/Src/ov5640.c ****   * Copyright (c) 2019-2020 STMicroelectronics.
  10:Core/Src/ov5640.c ****   * All rights reserved.
  11:Core/Src/ov5640.c ****   *
  12:Core/Src/ov5640.c ****   * This software is licensed under terms that can be found in the LICENSE file
  13:Core/Src/ov5640.c ****   * in the root directory of this software component.
  14:Core/Src/ov5640.c ****   * If no LICENSE file comes with this software, it is provided AS-IS.
  15:Core/Src/ov5640.c ****   *
  16:Core/Src/ov5640.c ****   ******************************************************************************
  17:Core/Src/ov5640.c ****   */
  18:Core/Src/ov5640.c **** 
  19:Core/Src/ov5640.c **** /* Includes ------------------------------------------------------------------*/
  20:Core/Src/ov5640.c **** #include "ov5640.h"
  21:Core/Src/ov5640.c **** 
  22:Core/Src/ov5640.c **** /** @addtogroup BSP
  23:Core/Src/ov5640.c ****   * @{
  24:Core/Src/ov5640.c ****   */
  25:Core/Src/ov5640.c **** 
  26:Core/Src/ov5640.c **** /** @addtogroup Components
  27:Core/Src/ov5640.c ****   * @{
  28:Core/Src/ov5640.c ****   */
  29:Core/Src/ov5640.c **** 
  30:Core/Src/ov5640.c **** /** @addtogroup OV5640
ARM GAS  /tmp/ccy24VEl.s 			page 2


  31:Core/Src/ov5640.c ****   * @brief     This file provides a set of functions needed to drive the
  32:Core/Src/ov5640.c ****   *            OV5640 Camera module.
  33:Core/Src/ov5640.c ****   * @{
  34:Core/Src/ov5640.c ****   */
  35:Core/Src/ov5640.c **** 
  36:Core/Src/ov5640.c **** /** @defgroup OV5640_Private_TypesDefinitions
  37:Core/Src/ov5640.c ****   * @{
  38:Core/Src/ov5640.c ****   */
  39:Core/Src/ov5640.c **** 
  40:Core/Src/ov5640.c **** /**
  41:Core/Src/ov5640.c ****   * @}
  42:Core/Src/ov5640.c ****   */
  43:Core/Src/ov5640.c **** /** @defgroup OV5640_Private_Variables
  44:Core/Src/ov5640.c ****   * @{
  45:Core/Src/ov5640.c ****   */
  46:Core/Src/ov5640.c **** 
  47:Core/Src/ov5640.c **** OV5640_CAMERA_Drv_t   OV5640_CAMERA_Driver =
  48:Core/Src/ov5640.c **** {
  49:Core/Src/ov5640.c ****   OV5640_Init,
  50:Core/Src/ov5640.c ****   OV5640_DeInit,
  51:Core/Src/ov5640.c ****   OV5640_ReadID,
  52:Core/Src/ov5640.c ****   OV5640_GetCapabilities,
  53:Core/Src/ov5640.c ****   OV5640_SetLightMode,
  54:Core/Src/ov5640.c ****   OV5640_SetColorEffect,
  55:Core/Src/ov5640.c ****   OV5640_SetBrightness,
  56:Core/Src/ov5640.c ****   OV5640_SetSaturation,
  57:Core/Src/ov5640.c ****   OV5640_SetContrast,
  58:Core/Src/ov5640.c ****   OV5640_SetHueDegree,
  59:Core/Src/ov5640.c ****   OV5640_MirrorFlipConfig,
  60:Core/Src/ov5640.c ****   OV5640_ZoomConfig,
  61:Core/Src/ov5640.c ****   OV5640_SetResolution,
  62:Core/Src/ov5640.c ****   OV5640_GetResolution,
  63:Core/Src/ov5640.c ****   OV5640_SetPixelFormat,
  64:Core/Src/ov5640.c ****   OV5640_GetPixelFormat,
  65:Core/Src/ov5640.c ****   OV5640_NightModeConfig
  66:Core/Src/ov5640.c **** };
  67:Core/Src/ov5640.c **** 
  68:Core/Src/ov5640.c **** /**
  69:Core/Src/ov5640.c ****   * @}
  70:Core/Src/ov5640.c ****   */
  71:Core/Src/ov5640.c **** 
  72:Core/Src/ov5640.c **** /** @defgroup OV5640_Private_Functions_Prototypes Private Functions Prototypes
  73:Core/Src/ov5640.c ****   * @{
  74:Core/Src/ov5640.c ****   */
  75:Core/Src/ov5640.c **** static int32_t OV5640_ReadRegWrap(void *handle, uint16_t Reg, uint8_t *Data, uint16_t Length);
  76:Core/Src/ov5640.c **** static int32_t OV5640_WriteRegWrap(void *handle, uint16_t Reg, uint8_t *Data, uint16_t Length);
  77:Core/Src/ov5640.c **** static int32_t OV5640_Delay(OV5640_Object_t *pObj, uint32_t Delay);
  78:Core/Src/ov5640.c **** 
  79:Core/Src/ov5640.c **** /**
  80:Core/Src/ov5640.c ****   * @}
  81:Core/Src/ov5640.c ****   */
  82:Core/Src/ov5640.c **** 
  83:Core/Src/ov5640.c **** /** @defgroup OV5640_Exported_Functions OV5640 Exported Functions
  84:Core/Src/ov5640.c ****   * @{
  85:Core/Src/ov5640.c ****   */
  86:Core/Src/ov5640.c **** /**
  87:Core/Src/ov5640.c ****   * @brief  Register component IO bus
ARM GAS  /tmp/ccy24VEl.s 			page 3


  88:Core/Src/ov5640.c ****   * @param  Component object pointer
  89:Core/Src/ov5640.c ****   * @retval Component status
  90:Core/Src/ov5640.c ****   */
  91:Core/Src/ov5640.c **** int32_t OV5640_RegisterBusIO(OV5640_Object_t *pObj, OV5640_IO_t *pIO)
  92:Core/Src/ov5640.c **** {
  93:Core/Src/ov5640.c ****   int32_t ret;
  94:Core/Src/ov5640.c **** 
  95:Core/Src/ov5640.c ****   if (pObj == NULL)
  96:Core/Src/ov5640.c ****   {
  97:Core/Src/ov5640.c ****     ret = OV5640_ERROR;
  98:Core/Src/ov5640.c ****   }
  99:Core/Src/ov5640.c ****   else
 100:Core/Src/ov5640.c ****   {
 101:Core/Src/ov5640.c ****     pObj->IO.Init      = pIO->Init;
 102:Core/Src/ov5640.c ****     pObj->IO.DeInit    = pIO->DeInit;
 103:Core/Src/ov5640.c ****     pObj->IO.Address   = pIO->Address;
 104:Core/Src/ov5640.c ****     pObj->IO.WriteReg  = pIO->WriteReg;
 105:Core/Src/ov5640.c ****     pObj->IO.ReadReg   = pIO->ReadReg;
 106:Core/Src/ov5640.c ****     pObj->IO.GetTick   = pIO->GetTick;
 107:Core/Src/ov5640.c **** 
 108:Core/Src/ov5640.c ****     pObj->Ctx.ReadReg  = OV5640_ReadRegWrap;
 109:Core/Src/ov5640.c ****     pObj->Ctx.WriteReg = OV5640_WriteRegWrap;
 110:Core/Src/ov5640.c ****     pObj->Ctx.handle   = pObj;
 111:Core/Src/ov5640.c **** 
 112:Core/Src/ov5640.c ****     if (pObj->IO.Init != NULL)
 113:Core/Src/ov5640.c ****     {
 114:Core/Src/ov5640.c ****       ret = pObj->IO.Init();
 115:Core/Src/ov5640.c ****     }
 116:Core/Src/ov5640.c ****     else
 117:Core/Src/ov5640.c ****     {
 118:Core/Src/ov5640.c ****       ret = OV5640_ERROR;
 119:Core/Src/ov5640.c ****     }
 120:Core/Src/ov5640.c ****   }
 121:Core/Src/ov5640.c **** 
 122:Core/Src/ov5640.c ****   return ret;
 123:Core/Src/ov5640.c **** }
 124:Core/Src/ov5640.c **** 
 125:Core/Src/ov5640.c **** /**
 126:Core/Src/ov5640.c ****   * @brief  Initializes the OV5640 CAMERA component.
 127:Core/Src/ov5640.c ****   * @param  pObj  pointer to component object
 128:Core/Src/ov5640.c ****   * @param  Resolution  Camera resolution
 129:Core/Src/ov5640.c ****   * @param  PixelFormat pixel format to be configured
 130:Core/Src/ov5640.c ****   * @retval Component status
 131:Core/Src/ov5640.c ****   */
 132:Core/Src/ov5640.c **** int32_t OV5640_Init(OV5640_Object_t *pObj, uint32_t Resolution, uint32_t PixelFormat)
 133:Core/Src/ov5640.c **** {
 134:Core/Src/ov5640.c ****   uint32_t index;
 135:Core/Src/ov5640.c ****   int32_t ret = OV5640_OK;
 136:Core/Src/ov5640.c **** 
 137:Core/Src/ov5640.c ****   /* Initialization sequence for OV5640 */
 138:Core/Src/ov5640.c ****   static const uint16_t OV5640_Common[][2] =
 139:Core/Src/ov5640.c ****   {
 140:Core/Src/ov5640.c ****     {OV5640_SCCB_SYSTEM_CTRL1, 0x11},
 141:Core/Src/ov5640.c ****     {OV5640_SYSTEM_CTROL0, 0x82},
 142:Core/Src/ov5640.c ****     {OV5640_SCCB_SYSTEM_CTRL1, 0x03},
 143:Core/Src/ov5640.c ****     {0x3630, 0x36},
 144:Core/Src/ov5640.c ****     {0x3631, 0x0e},
ARM GAS  /tmp/ccy24VEl.s 			page 4


 145:Core/Src/ov5640.c ****     {0x3632, 0xe2},
 146:Core/Src/ov5640.c ****     {0x3633, 0x12},
 147:Core/Src/ov5640.c ****     {0x3621, 0xe0},
 148:Core/Src/ov5640.c ****     {0x3704, 0xa0},
 149:Core/Src/ov5640.c ****     {0x3703, 0x5a},
 150:Core/Src/ov5640.c ****     {0x3715, 0x78},
 151:Core/Src/ov5640.c ****     {0x3717, 0x01},
 152:Core/Src/ov5640.c ****     {0x370b, 0x60},
 153:Core/Src/ov5640.c ****     {0x3705, 0x1a},
 154:Core/Src/ov5640.c ****     {0x3905, 0x02},
 155:Core/Src/ov5640.c ****     {0x3906, 0x10},
 156:Core/Src/ov5640.c ****     {0x3901, 0x0a},
 157:Core/Src/ov5640.c ****     {0x3731, 0x12},
 158:Core/Src/ov5640.c ****     {0x3600, 0x08},
 159:Core/Src/ov5640.c ****     {0x3601, 0x33},
 160:Core/Src/ov5640.c ****     {0x302d, 0x60},
 161:Core/Src/ov5640.c ****     {0x3620, 0x52},
 162:Core/Src/ov5640.c ****     {0x371b, 0x20},
 163:Core/Src/ov5640.c ****     {0x471c, 0x50},
 164:Core/Src/ov5640.c ****     {OV5640_AEC_CTRL13, 0x43},
 165:Core/Src/ov5640.c ****     {OV5640_AEC_GAIN_CEILING_HIGH, 0x00},
 166:Core/Src/ov5640.c ****     {OV5640_AEC_GAIN_CEILING_LOW, 0xf8},
 167:Core/Src/ov5640.c ****     {0x3635, 0x13},
 168:Core/Src/ov5640.c ****     {0x3636, 0x03},
 169:Core/Src/ov5640.c ****     {0x3634, 0x40},
 170:Core/Src/ov5640.c ****     {0x3622, 0x01},
 171:Core/Src/ov5640.c ****     {OV5640_5060HZ_CTRL01, 0x34},
 172:Core/Src/ov5640.c ****     {OV5640_5060HZ_CTRL04, 0x28},
 173:Core/Src/ov5640.c ****     {OV5640_5060HZ_CTRL05, 0x98},
 174:Core/Src/ov5640.c ****     {OV5640_LIGHTMETER1_TH_HIGH, 0x00},
 175:Core/Src/ov5640.c ****     {OV5640_LIGHTMETER1_TH_LOW, 0x00},
 176:Core/Src/ov5640.c ****     {OV5640_LIGHTMETER2_TH_HIGH, 0x01},
 177:Core/Src/ov5640.c ****     {OV5640_LIGHTMETER2_TH_LOW, 0x2c},
 178:Core/Src/ov5640.c ****     {OV5640_SAMPLE_NUMBER_HIGH, 0x9c},
 179:Core/Src/ov5640.c ****     {OV5640_SAMPLE_NUMBER_LOW, 0x40},
 180:Core/Src/ov5640.c ****     {OV5640_TIMING_TC_REG20, 0x06},
 181:Core/Src/ov5640.c ****     {OV5640_TIMING_TC_REG21, 0x00},
 182:Core/Src/ov5640.c ****     {OV5640_TIMING_X_INC, 0x31},
 183:Core/Src/ov5640.c ****     {OV5640_TIMING_Y_INC, 0x31},
 184:Core/Src/ov5640.c ****     {OV5640_TIMING_HS_HIGH, 0x00},
 185:Core/Src/ov5640.c ****     {OV5640_TIMING_HS_LOW, 0x00},
 186:Core/Src/ov5640.c ****     {OV5640_TIMING_VS_HIGH, 0x00},
 187:Core/Src/ov5640.c ****     {OV5640_TIMING_VS_LOW, 0x04},
 188:Core/Src/ov5640.c ****     {OV5640_TIMING_HW_HIGH, 0x0a},
 189:Core/Src/ov5640.c ****     {OV5640_TIMING_HW_LOW, 0x3f},
 190:Core/Src/ov5640.c ****     {OV5640_TIMING_VH_HIGH, 0x07},
 191:Core/Src/ov5640.c ****     {OV5640_TIMING_VH_LOW, 0x9b},
 192:Core/Src/ov5640.c ****     {OV5640_TIMING_DVPHO_HIGH, 0x03},
 193:Core/Src/ov5640.c ****     {OV5640_TIMING_DVPHO_LOW, 0x20},
 194:Core/Src/ov5640.c ****     {OV5640_TIMING_DVPVO_HIGH, 0x02},
 195:Core/Src/ov5640.c ****     {OV5640_TIMING_DVPVO_LOW, 0x58},
 196:Core/Src/ov5640.c ****     /* For 800x480 resolution: OV5640_TIMING_HTS=0x790, OV5640_TIMING_VTS=0x440 */
 197:Core/Src/ov5640.c ****     {OV5640_TIMING_HTS_HIGH, 0x07},
 198:Core/Src/ov5640.c ****     {OV5640_TIMING_HTS_LOW, 0x90},
 199:Core/Src/ov5640.c ****     {OV5640_TIMING_VTS_HIGH, 0x04},
 200:Core/Src/ov5640.c ****     {OV5640_TIMING_VTS_LOW, 0x40},
 201:Core/Src/ov5640.c ****     {OV5640_TIMING_HOFFSET_HIGH, 0x00},
ARM GAS  /tmp/ccy24VEl.s 			page 5


 202:Core/Src/ov5640.c ****     {OV5640_TIMING_HOFFSET_LOW, 0x10},
 203:Core/Src/ov5640.c ****     {OV5640_TIMING_VOFFSET_HIGH, 0x00},
 204:Core/Src/ov5640.c ****     {OV5640_TIMING_VOFFSET_LOW, 0x06},
 205:Core/Src/ov5640.c ****     {0x3618, 0x00},
 206:Core/Src/ov5640.c ****     {0x3612, 0x29},
 207:Core/Src/ov5640.c ****     {0x3708, 0x64},
 208:Core/Src/ov5640.c ****     {0x3709, 0x52},
 209:Core/Src/ov5640.c ****     {0x370c, 0x03},
 210:Core/Src/ov5640.c ****     {OV5640_AEC_CTRL02, 0x03},
 211:Core/Src/ov5640.c ****     {OV5640_AEC_CTRL03, 0xd8},
 212:Core/Src/ov5640.c ****     {OV5640_AEC_B50_STEP_HIGH, 0x01},
 213:Core/Src/ov5640.c ****     {OV5640_AEC_B50_STEP_LOW, 0x27},
 214:Core/Src/ov5640.c ****     {OV5640_AEC_B60_STEP_HIGH, 0x00},
 215:Core/Src/ov5640.c ****     {OV5640_AEC_B60_STEP_LOW, 0xf6},
 216:Core/Src/ov5640.c ****     {OV5640_AEC_CTRL0E, 0x03},
 217:Core/Src/ov5640.c ****     {OV5640_AEC_CTRL0D, 0x04},
 218:Core/Src/ov5640.c ****     {OV5640_AEC_MAX_EXPO_HIGH, 0x03},
 219:Core/Src/ov5640.c ****     {OV5640_AEC_MAX_EXPO_LOW, 0xd8},
 220:Core/Src/ov5640.c ****     {OV5640_BLC_CTRL01, 0x02},
 221:Core/Src/ov5640.c ****     {OV5640_BLC_CTRL04, 0x02},
 222:Core/Src/ov5640.c ****     {OV5640_SYSREM_RESET00, 0x00},
 223:Core/Src/ov5640.c ****     {OV5640_SYSREM_RESET02, 0x1c},
 224:Core/Src/ov5640.c ****     {OV5640_CLOCK_ENABLE00, 0xff},
 225:Core/Src/ov5640.c ****     {OV5640_CLOCK_ENABLE02, 0xc3},
 226:Core/Src/ov5640.c ****     {OV5640_MIPI_CONTROL00, 0x58},
 227:Core/Src/ov5640.c ****     {0x302e, 0x00},
 228:Core/Src/ov5640.c ****     {OV5640_POLARITY_CTRL, 0x22},
 229:Core/Src/ov5640.c ****     {OV5640_FORMAT_CTRL00, 0x6F},
 230:Core/Src/ov5640.c ****     {OV5640_FORMAT_MUX_CTRL, 0x01},
 231:Core/Src/ov5640.c ****     {OV5640_JPG_MODE_SELECT, 0x03},
 232:Core/Src/ov5640.c ****     {OV5640_JPEG_CTRL07, 0x04},
 233:Core/Src/ov5640.c ****     {0x440e, 0x00},
 234:Core/Src/ov5640.c ****     {0x460b, 0x35},
 235:Core/Src/ov5640.c ****     {0x460c, 0x23},
 236:Core/Src/ov5640.c ****     {OV5640_PCLK_PERIOD, 0x22},
 237:Core/Src/ov5640.c ****     {0x3824, 0x02},
 238:Core/Src/ov5640.c ****     {OV5640_ISP_CONTROL00, 0xa7},
 239:Core/Src/ov5640.c ****     {OV5640_ISP_CONTROL01, 0xa3},
 240:Core/Src/ov5640.c ****     {OV5640_AWB_CTRL00, 0xff},
 241:Core/Src/ov5640.c ****     {OV5640_AWB_CTRL01, 0xf2},
 242:Core/Src/ov5640.c ****     {OV5640_AWB_CTRL02, 0x00},
 243:Core/Src/ov5640.c ****     {OV5640_AWB_CTRL03, 0x14},
 244:Core/Src/ov5640.c ****     {OV5640_AWB_CTRL04, 0x25},
 245:Core/Src/ov5640.c ****     {OV5640_AWB_CTRL05, 0x24},
 246:Core/Src/ov5640.c ****     {OV5640_AWB_CTRL06, 0x09},
 247:Core/Src/ov5640.c ****     {OV5640_AWB_CTRL07, 0x09},
 248:Core/Src/ov5640.c ****     {OV5640_AWB_CTRL08, 0x09},
 249:Core/Src/ov5640.c ****     {OV5640_AWB_CTRL09, 0x75},
 250:Core/Src/ov5640.c ****     {OV5640_AWB_CTRL10, 0x54},
 251:Core/Src/ov5640.c ****     {OV5640_AWB_CTRL11, 0xe0},
 252:Core/Src/ov5640.c ****     {OV5640_AWB_CTRL12, 0xb2},
 253:Core/Src/ov5640.c ****     {OV5640_AWB_CTRL13, 0x42},
 254:Core/Src/ov5640.c ****     {OV5640_AWB_CTRL14, 0x3d},
 255:Core/Src/ov5640.c ****     {OV5640_AWB_CTRL15, 0x56},
 256:Core/Src/ov5640.c ****     {OV5640_AWB_CTRL16, 0x46},
 257:Core/Src/ov5640.c ****     {OV5640_AWB_CTRL17, 0xf8},
 258:Core/Src/ov5640.c ****     {OV5640_AWB_CTRL18, 0x04},
ARM GAS  /tmp/ccy24VEl.s 			page 6


 259:Core/Src/ov5640.c ****     {OV5640_AWB_CTRL19, 0x70},
 260:Core/Src/ov5640.c ****     {OV5640_AWB_CTRL20, 0xf0},
 261:Core/Src/ov5640.c ****     {OV5640_AWB_CTRL21, 0xf0},
 262:Core/Src/ov5640.c ****     {OV5640_AWB_CTRL22, 0x03},
 263:Core/Src/ov5640.c ****     {OV5640_AWB_CTRL23, 0x01},
 264:Core/Src/ov5640.c ****     {OV5640_AWB_CTRL24, 0x04},
 265:Core/Src/ov5640.c ****     {OV5640_AWB_CTRL25, 0x12},
 266:Core/Src/ov5640.c ****     {OV5640_AWB_CTRL26, 0x04},
 267:Core/Src/ov5640.c ****     {OV5640_AWB_CTRL27, 0x00},
 268:Core/Src/ov5640.c ****     {OV5640_AWB_CTRL28, 0x06},
 269:Core/Src/ov5640.c ****     {OV5640_AWB_CTRL29, 0x82},
 270:Core/Src/ov5640.c ****     {OV5640_AWB_CTRL30, 0x38},
 271:Core/Src/ov5640.c ****     {OV5640_CMX1, 0x1e},
 272:Core/Src/ov5640.c ****     {OV5640_CMX2, 0x5b},
 273:Core/Src/ov5640.c ****     {OV5640_CMX3, 0x08},
 274:Core/Src/ov5640.c ****     {OV5640_CMX4, 0x0a},
 275:Core/Src/ov5640.c ****     {OV5640_CMX5, 0x7e},
 276:Core/Src/ov5640.c ****     {OV5640_CMX6, 0x88},
 277:Core/Src/ov5640.c ****     {OV5640_CMX7, 0x7c},
 278:Core/Src/ov5640.c ****     {OV5640_CMX8, 0x6c},
 279:Core/Src/ov5640.c ****     {OV5640_CMX9, 0x10},
 280:Core/Src/ov5640.c ****     {OV5640_CMXSIGN_HIGH, 0x01},
 281:Core/Src/ov5640.c ****     {OV5640_CMXSIGN_LOW, 0x98},
 282:Core/Src/ov5640.c ****     {OV5640_CIP_SHARPENMT_TH1, 0x08},
 283:Core/Src/ov5640.c ****     {OV5640_CIP_SHARPENMT_TH2, 0x30},
 284:Core/Src/ov5640.c ****     {OV5640_CIP_SHARPENMT_OFFSET1, 0x10},
 285:Core/Src/ov5640.c ****     {OV5640_CIP_SHARPENMT_OFFSET2, 0x00},
 286:Core/Src/ov5640.c ****     {OV5640_CIP_DNS_TH1, 0x08},
 287:Core/Src/ov5640.c ****     {OV5640_CIP_DNS_TH2, 0x30},
 288:Core/Src/ov5640.c ****     {OV5640_CIP_DNS_OFFSET1, 0x08},
 289:Core/Src/ov5640.c ****     {OV5640_CIP_DNS_OFFSET2, 0x16},
 290:Core/Src/ov5640.c ****     {OV5640_CIP_CTRL, 0x08},
 291:Core/Src/ov5640.c ****     {OV5640_CIP_SHARPENTH_TH1, 0x30},
 292:Core/Src/ov5640.c ****     {OV5640_CIP_SHARPENTH_TH2, 0x04},
 293:Core/Src/ov5640.c ****     {OV5640_CIP_SHARPENTH_OFFSET1, 0x06},
 294:Core/Src/ov5640.c ****     {OV5640_GAMMA_CTRL00, 0x01},
 295:Core/Src/ov5640.c ****     {OV5640_GAMMA_YST00, 0x08},
 296:Core/Src/ov5640.c ****     {OV5640_GAMMA_YST01, 0x14},
 297:Core/Src/ov5640.c ****     {OV5640_GAMMA_YST02, 0x28},
 298:Core/Src/ov5640.c ****     {OV5640_GAMMA_YST03, 0x51},
 299:Core/Src/ov5640.c ****     {OV5640_GAMMA_YST04, 0x65},
 300:Core/Src/ov5640.c ****     {OV5640_GAMMA_YST05, 0x71},
 301:Core/Src/ov5640.c ****     {OV5640_GAMMA_YST06, 0x7d},
 302:Core/Src/ov5640.c ****     {OV5640_GAMMA_YST07, 0x87},
 303:Core/Src/ov5640.c ****     {OV5640_GAMMA_YST08, 0x91},
 304:Core/Src/ov5640.c ****     {OV5640_GAMMA_YST09, 0x9a},
 305:Core/Src/ov5640.c ****     {OV5640_GAMMA_YST0A, 0xaa},
 306:Core/Src/ov5640.c ****     {OV5640_GAMMA_YST0B, 0xb8},
 307:Core/Src/ov5640.c ****     {OV5640_GAMMA_YST0C, 0xcd},
 308:Core/Src/ov5640.c ****     {OV5640_GAMMA_YST0D, 0xdd},
 309:Core/Src/ov5640.c ****     {OV5640_GAMMA_YST0E, 0xea},
 310:Core/Src/ov5640.c ****     {OV5640_GAMMA_YST0F, 0x1d},
 311:Core/Src/ov5640.c ****     {OV5640_SDE_CTRL0, 0x02},
 312:Core/Src/ov5640.c ****     {OV5640_SDE_CTRL3, 0x40},
 313:Core/Src/ov5640.c ****     {OV5640_SDE_CTRL4, 0x10},
 314:Core/Src/ov5640.c ****     {OV5640_SDE_CTRL9, 0x10},
 315:Core/Src/ov5640.c ****     {OV5640_SDE_CTRL10, 0x00},
ARM GAS  /tmp/ccy24VEl.s 			page 7


 316:Core/Src/ov5640.c ****     {OV5640_SDE_CTRL11, 0xf8},
 317:Core/Src/ov5640.c ****     {OV5640_GMTRX00, 0x23},
 318:Core/Src/ov5640.c ****     {OV5640_GMTRX01, 0x14},
 319:Core/Src/ov5640.c ****     {OV5640_GMTRX02, 0x0f},
 320:Core/Src/ov5640.c ****     {OV5640_GMTRX03, 0x0f},
 321:Core/Src/ov5640.c ****     {OV5640_GMTRX04, 0x12},
 322:Core/Src/ov5640.c ****     {OV5640_GMTRX05, 0x26},
 323:Core/Src/ov5640.c ****     {OV5640_GMTRX10, 0x0c},
 324:Core/Src/ov5640.c ****     {OV5640_GMTRX11, 0x08},
 325:Core/Src/ov5640.c ****     {OV5640_GMTRX12, 0x05},
 326:Core/Src/ov5640.c ****     {OV5640_GMTRX13, 0x05},
 327:Core/Src/ov5640.c ****     {OV5640_GMTRX14, 0x08},
 328:Core/Src/ov5640.c ****     {OV5640_GMTRX15, 0x0d},
 329:Core/Src/ov5640.c ****     {OV5640_GMTRX20, 0x08},
 330:Core/Src/ov5640.c ****     {OV5640_GMTRX21, 0x03},
 331:Core/Src/ov5640.c ****     {OV5640_GMTRX22, 0x00},
 332:Core/Src/ov5640.c ****     {OV5640_GMTRX23, 0x00},
 333:Core/Src/ov5640.c ****     {OV5640_GMTRX24, 0x03},
 334:Core/Src/ov5640.c ****     {OV5640_GMTRX25, 0x09},
 335:Core/Src/ov5640.c ****     {OV5640_GMTRX30, 0x07},
 336:Core/Src/ov5640.c ****     {OV5640_GMTRX31, 0x03},
 337:Core/Src/ov5640.c ****     {OV5640_GMTRX32, 0x00},
 338:Core/Src/ov5640.c ****     {OV5640_GMTRX33, 0x01},
 339:Core/Src/ov5640.c ****     {OV5640_GMTRX34, 0x03},
 340:Core/Src/ov5640.c ****     {OV5640_GMTRX35, 0x08},
 341:Core/Src/ov5640.c ****     {OV5640_GMTRX40, 0x0d},
 342:Core/Src/ov5640.c ****     {OV5640_GMTRX41, 0x08},
 343:Core/Src/ov5640.c ****     {OV5640_GMTRX42, 0x05},
 344:Core/Src/ov5640.c ****     {OV5640_GMTRX43, 0x06},
 345:Core/Src/ov5640.c ****     {OV5640_GMTRX44, 0x08},
 346:Core/Src/ov5640.c ****     {OV5640_GMTRX45, 0x0e},
 347:Core/Src/ov5640.c ****     {OV5640_GMTRX50, 0x29},
 348:Core/Src/ov5640.c ****     {OV5640_GMTRX51, 0x17},
 349:Core/Src/ov5640.c ****     {OV5640_GMTRX52, 0x11},
 350:Core/Src/ov5640.c ****     {OV5640_GMTRX53, 0x11},
 351:Core/Src/ov5640.c ****     {OV5640_GMTRX54, 0x15},
 352:Core/Src/ov5640.c ****     {OV5640_GMTRX55, 0x28},
 353:Core/Src/ov5640.c ****     {OV5640_BRMATRX00, 0x46},
 354:Core/Src/ov5640.c ****     {OV5640_BRMATRX01, 0x26},
 355:Core/Src/ov5640.c ****     {OV5640_BRMATRX02, 0x08},
 356:Core/Src/ov5640.c ****     {OV5640_BRMATRX03, 0x26},
 357:Core/Src/ov5640.c ****     {OV5640_BRMATRX04, 0x64},
 358:Core/Src/ov5640.c ****     {OV5640_BRMATRX05, 0x26},
 359:Core/Src/ov5640.c ****     {OV5640_BRMATRX06, 0x24},
 360:Core/Src/ov5640.c ****     {OV5640_BRMATRX07, 0x22},
 361:Core/Src/ov5640.c ****     {OV5640_BRMATRX08, 0x24},
 362:Core/Src/ov5640.c ****     {OV5640_BRMATRX09, 0x24},
 363:Core/Src/ov5640.c ****     {OV5640_BRMATRX20, 0x06},
 364:Core/Src/ov5640.c ****     {OV5640_BRMATRX21, 0x22},
 365:Core/Src/ov5640.c ****     {OV5640_BRMATRX22, 0x40},
 366:Core/Src/ov5640.c ****     {OV5640_BRMATRX23, 0x42},
 367:Core/Src/ov5640.c ****     {OV5640_BRMATRX24, 0x24},
 368:Core/Src/ov5640.c ****     {OV5640_BRMATRX30, 0x26},
 369:Core/Src/ov5640.c ****     {OV5640_BRMATRX31, 0x24},
 370:Core/Src/ov5640.c ****     {OV5640_BRMATRX32, 0x22},
 371:Core/Src/ov5640.c ****     {OV5640_BRMATRX33, 0x22},
 372:Core/Src/ov5640.c ****     {OV5640_BRMATRX34, 0x26},
ARM GAS  /tmp/ccy24VEl.s 			page 8


 373:Core/Src/ov5640.c ****     {OV5640_BRMATRX40, 0x44},
 374:Core/Src/ov5640.c ****     {OV5640_BRMATRX41, 0x24},
 375:Core/Src/ov5640.c ****     {OV5640_BRMATRX42, 0x26},
 376:Core/Src/ov5640.c ****     {OV5640_BRMATRX43, 0x28},
 377:Core/Src/ov5640.c ****     {OV5640_BRMATRX44, 0x42},
 378:Core/Src/ov5640.c ****     {OV5640_LENC_BR_OFFSET, 0xce},
 379:Core/Src/ov5640.c ****     {0x5025, 0x00},
 380:Core/Src/ov5640.c ****     {OV5640_AEC_CTRL0F, 0x30},
 381:Core/Src/ov5640.c ****     {OV5640_AEC_CTRL10, 0x28},
 382:Core/Src/ov5640.c ****     {OV5640_AEC_CTRL1B, 0x30},
 383:Core/Src/ov5640.c ****     {OV5640_AEC_CTRL1E, 0x26},
 384:Core/Src/ov5640.c ****     {OV5640_AEC_CTRL11, 0x60},
 385:Core/Src/ov5640.c ****     {OV5640_AEC_CTRL1F, 0x14},
 386:Core/Src/ov5640.c ****     {OV5640_SYSTEM_CTROL0, 0x02},
 387:Core/Src/ov5640.c ****   };
 388:Core/Src/ov5640.c ****   uint8_t tmp;
 389:Core/Src/ov5640.c **** 
 390:Core/Src/ov5640.c ****   if (pObj->IsInitialized == 0U)
 391:Core/Src/ov5640.c ****   {
 392:Core/Src/ov5640.c ****     /* Check if resolution is supported */
 393:Core/Src/ov5640.c ****     if ((Resolution > OV5640_R800x480) ||
 394:Core/Src/ov5640.c ****         ((PixelFormat != OV5640_RGB565) && (PixelFormat != OV5640_YUV422) &&
 395:Core/Src/ov5640.c ****          (PixelFormat != OV5640_RGB888) && (PixelFormat != OV5640_Y8) &&
 396:Core/Src/ov5640.c ****          (PixelFormat != OV5640_JPEG)))
 397:Core/Src/ov5640.c ****     {
 398:Core/Src/ov5640.c ****       ret = OV5640_ERROR;
 399:Core/Src/ov5640.c ****     }
 400:Core/Src/ov5640.c ****     else
 401:Core/Src/ov5640.c ****     {
 402:Core/Src/ov5640.c ****       /* Set common parameters for all resolutions */
 403:Core/Src/ov5640.c ****       for (index = 0; index < (sizeof(OV5640_Common) / 4U) ; index++)
 404:Core/Src/ov5640.c ****       {
 405:Core/Src/ov5640.c ****         if (ret != OV5640_ERROR)
 406:Core/Src/ov5640.c ****         {
 407:Core/Src/ov5640.c ****           tmp = (uint8_t)OV5640_Common[index][1];
 408:Core/Src/ov5640.c **** 
 409:Core/Src/ov5640.c ****           if (ov5640_write_reg(&pObj->Ctx, OV5640_Common[index][0], &tmp, 1) != OV5640_OK)
 410:Core/Src/ov5640.c ****           {
 411:Core/Src/ov5640.c ****             ret = OV5640_ERROR;
 412:Core/Src/ov5640.c ****           }
 413:Core/Src/ov5640.c ****         }
 414:Core/Src/ov5640.c ****       }
 415:Core/Src/ov5640.c **** 
 416:Core/Src/ov5640.c ****       if(ret == OV5640_OK)
 417:Core/Src/ov5640.c ****       {
 418:Core/Src/ov5640.c ****         /* Set configuration for Serial Interface */
 419:Core/Src/ov5640.c ****         if(pObj->Mode == SERIAL_MODE)
 420:Core/Src/ov5640.c ****         {
 421:Core/Src/ov5640.c ****           if(OV5640_EnableMIPIMode(pObj) != OV5640_OK)
 422:Core/Src/ov5640.c ****           {
 423:Core/Src/ov5640.c ****             ret = OV5640_ERROR;
 424:Core/Src/ov5640.c ****           }
 425:Core/Src/ov5640.c ****           else if(OV5640_SetMIPIVirtualChannel(pObj, pObj->VirtualChannelID) != OV5640_OK)
 426:Core/Src/ov5640.c ****           {
 427:Core/Src/ov5640.c ****             ret = OV5640_ERROR;
 428:Core/Src/ov5640.c ****           }
 429:Core/Src/ov5640.c ****         }
ARM GAS  /tmp/ccy24VEl.s 			page 9


 430:Core/Src/ov5640.c ****         else
 431:Core/Src/ov5640.c ****         {
 432:Core/Src/ov5640.c ****           /* Set configuration for parallel Interface */
 433:Core/Src/ov5640.c ****           if(OV5640_EnableDVPMode(pObj) != OV5640_OK)
 434:Core/Src/ov5640.c ****           {
 435:Core/Src/ov5640.c ****             ret = OV5640_ERROR;
 436:Core/Src/ov5640.c ****           }
 437:Core/Src/ov5640.c ****           else
 438:Core/Src/ov5640.c ****           {
 439:Core/Src/ov5640.c ****             ret = OV5640_OK;
 440:Core/Src/ov5640.c ****           }
 441:Core/Src/ov5640.c ****         }
 442:Core/Src/ov5640.c ****       }
 443:Core/Src/ov5640.c **** 
 444:Core/Src/ov5640.c **** 
 445:Core/Src/ov5640.c ****       if (ret == OV5640_OK)
 446:Core/Src/ov5640.c ****       {
 447:Core/Src/ov5640.c ****         /* Set specific parameters for each resolution */
 448:Core/Src/ov5640.c ****         if (OV5640_SetResolution(pObj, Resolution) != OV5640_OK)
 449:Core/Src/ov5640.c ****         {
 450:Core/Src/ov5640.c ****           ret = OV5640_ERROR;
 451:Core/Src/ov5640.c ****         }/* Set specific parameters for each pixel format */
 452:Core/Src/ov5640.c ****         else if (OV5640_SetPixelFormat(pObj, PixelFormat) != OV5640_OK)
 453:Core/Src/ov5640.c ****         {
 454:Core/Src/ov5640.c ****           ret = OV5640_ERROR;
 455:Core/Src/ov5640.c ****         }/* Set PixelClock, Href and VSync Polarity */
 456:Core/Src/ov5640.c ****         else if (OV5640_SetPolarities(pObj, OV5640_POLARITY_PCLK_HIGH, OV5640_POLARITY_HREF_HIGH,
 457:Core/Src/ov5640.c ****                                       OV5640_POLARITY_VSYNC_HIGH) != OV5640_OK)
 458:Core/Src/ov5640.c ****         {
 459:Core/Src/ov5640.c ****           ret = OV5640_ERROR;
 460:Core/Src/ov5640.c ****         }
 461:Core/Src/ov5640.c ****         else
 462:Core/Src/ov5640.c ****         {
 463:Core/Src/ov5640.c ****           pObj->IsInitialized = 1U;
 464:Core/Src/ov5640.c ****         }
 465:Core/Src/ov5640.c ****       }
 466:Core/Src/ov5640.c ****     }
 467:Core/Src/ov5640.c ****   }
 468:Core/Src/ov5640.c **** 
 469:Core/Src/ov5640.c ****   return ret;
 470:Core/Src/ov5640.c **** }
 471:Core/Src/ov5640.c **** 
 472:Core/Src/ov5640.c **** /**
 473:Core/Src/ov5640.c ****   * @brief  De-initializes the camera sensor.
 474:Core/Src/ov5640.c ****   * @param  pObj  pointer to component object
 475:Core/Src/ov5640.c ****   * @retval Component status
 476:Core/Src/ov5640.c ****   */
 477:Core/Src/ov5640.c **** int32_t OV5640_DeInit(OV5640_Object_t *pObj)
 478:Core/Src/ov5640.c **** {
  29              		.loc 1 478 1 view -0
  30              		.cfi_startproc
  31              		@ args = 0, pretend = 0, frame = 0
  32              		@ frame_needed = 0, uses_anonymous_args = 0
  33              		@ link register save eliminated.
 479:Core/Src/ov5640.c ****   if (pObj->IsInitialized == 1U)
  34              		.loc 1 479 3 view .LVU1
  35              		.loc 1 479 11 is_stmt 0 view .LVU2
ARM GAS  /tmp/ccy24VEl.s 			page 10


  36 0000 90F82430 		ldrb	r3, [r0, #36]	@ zero_extendqisi2
  37              		.loc 1 479 6 view .LVU3
  38 0004 012B     		cmp	r3, #1
  39 0006 01D0     		beq	.L3
  40              	.L2:
 480:Core/Src/ov5640.c ****   {
 481:Core/Src/ov5640.c ****     /* De-initialize camera sensor interface */
 482:Core/Src/ov5640.c ****     pObj->IsInitialized = 0U;
 483:Core/Src/ov5640.c ****   }
 484:Core/Src/ov5640.c **** 
 485:Core/Src/ov5640.c ****   return OV5640_OK;
  41              		.loc 1 485 3 is_stmt 1 view .LVU4
 486:Core/Src/ov5640.c **** }
  42              		.loc 1 486 1 is_stmt 0 view .LVU5
  43 0008 0020     		movs	r0, #0
  44              	.LVL1:
  45              		.loc 1 486 1 view .LVU6
  46 000a 7047     		bx	lr
  47              	.LVL2:
  48              	.L3:
 482:Core/Src/ov5640.c ****   }
  49              		.loc 1 482 5 is_stmt 1 view .LVU7
 482:Core/Src/ov5640.c ****   }
  50              		.loc 1 482 25 is_stmt 0 view .LVU8
  51 000c 0023     		movs	r3, #0
  52 000e 80F82430 		strb	r3, [r0, #36]
  53 0012 F9E7     		b	.L2
  54              		.cfi_endproc
  55              	.LFE108:
  57              		.section	.text.OV5640_GetPixelFormat,"ax",%progbits
  58              		.align	1
  59              		.global	OV5640_GetPixelFormat
  60              		.syntax unified
  61              		.thumb
  62              		.thumb_func
  64              	OV5640_GetPixelFormat:
  65              	.LVL3:
  66              	.LFB110:
 487:Core/Src/ov5640.c **** 
 488:Core/Src/ov5640.c **** /**
 489:Core/Src/ov5640.c ****   * @brief  Set OV5640 camera Pixel Format.
 490:Core/Src/ov5640.c ****   * @param  pObj  pointer to component object
 491:Core/Src/ov5640.c ****   * @param  PixelFormat pixel format to be configured
 492:Core/Src/ov5640.c ****   * @retval Component status
 493:Core/Src/ov5640.c ****   */
 494:Core/Src/ov5640.c **** int32_t OV5640_SetPixelFormat(OV5640_Object_t *pObj, uint32_t PixelFormat)
 495:Core/Src/ov5640.c **** {
 496:Core/Src/ov5640.c ****   int32_t ret = OV5640_OK;
 497:Core/Src/ov5640.c ****   uint32_t index;
 498:Core/Src/ov5640.c ****   uint8_t tmp;
 499:Core/Src/ov5640.c **** 
 500:Core/Src/ov5640.c ****   /* Initialization sequence for RGB565 pixel format */
 501:Core/Src/ov5640.c ****   static const uint16_t OV5640_PF_RGB565[][2] =
 502:Core/Src/ov5640.c ****   {
 503:Core/Src/ov5640.c ****     /*  SET PIXEL FORMAT: RGB565 */
 504:Core/Src/ov5640.c ****     {OV5640_FORMAT_CTRL00, 0x6F},
 505:Core/Src/ov5640.c ****     {OV5640_FORMAT_MUX_CTRL, 0x01},
ARM GAS  /tmp/ccy24VEl.s 			page 11


 506:Core/Src/ov5640.c ****   };
 507:Core/Src/ov5640.c **** 
 508:Core/Src/ov5640.c ****   /* Initialization sequence for YUV422 pixel format */
 509:Core/Src/ov5640.c ****   static const uint16_t OV5640_PF_YUV422[][2] =
 510:Core/Src/ov5640.c ****   {
 511:Core/Src/ov5640.c ****     /*  SET PIXEL FORMAT: YUV422 */
 512:Core/Src/ov5640.c ****     {OV5640_FORMAT_CTRL00, 0x30},
 513:Core/Src/ov5640.c ****     {OV5640_FORMAT_MUX_CTRL, 0x00},
 514:Core/Src/ov5640.c ****   };
 515:Core/Src/ov5640.c **** 
 516:Core/Src/ov5640.c ****   /* Initialization sequence for RGB888 pixel format */
 517:Core/Src/ov5640.c ****   static const uint16_t OV5640_PF_RGB888[][2] =
 518:Core/Src/ov5640.c ****   {
 519:Core/Src/ov5640.c ****     /*  SET PIXEL FORMAT: RGB888 (RGBRGB)*/
 520:Core/Src/ov5640.c ****     {OV5640_FORMAT_CTRL00, 0x23},
 521:Core/Src/ov5640.c ****     {OV5640_FORMAT_MUX_CTRL, 0x01},
 522:Core/Src/ov5640.c ****   };
 523:Core/Src/ov5640.c **** 
 524:Core/Src/ov5640.c ****   /* Initialization sequence for Monochrome 8bits pixel format */
 525:Core/Src/ov5640.c ****   static const uint16_t OV5640_PF_Y8[][2] =
 526:Core/Src/ov5640.c ****   {
 527:Core/Src/ov5640.c ****     /*  SET PIXEL FORMAT: Y 8bits */
 528:Core/Src/ov5640.c ****     {OV5640_FORMAT_CTRL00, 0x10},
 529:Core/Src/ov5640.c ****     {OV5640_FORMAT_MUX_CTRL, 0x00},
 530:Core/Src/ov5640.c ****   };
 531:Core/Src/ov5640.c **** 
 532:Core/Src/ov5640.c ****   /* Initialization sequence for JPEG format */
 533:Core/Src/ov5640.c ****   static const uint16_t OV5640_PF_JPEG[][2] =
 534:Core/Src/ov5640.c ****   {
 535:Core/Src/ov5640.c ****     /*  SET PIXEL FORMAT: JPEG */
 536:Core/Src/ov5640.c ****     {OV5640_FORMAT_CTRL00, 0x30},
 537:Core/Src/ov5640.c ****     {OV5640_FORMAT_MUX_CTRL, 0x00},
 538:Core/Src/ov5640.c ****   };
 539:Core/Src/ov5640.c **** 
 540:Core/Src/ov5640.c ****   /* Check if PixelFormat is supported */
 541:Core/Src/ov5640.c ****   if ((PixelFormat != OV5640_RGB565) && (PixelFormat != OV5640_YUV422) &&
 542:Core/Src/ov5640.c ****       (PixelFormat != OV5640_RGB888) && (PixelFormat != OV5640_Y8) &&
 543:Core/Src/ov5640.c ****       (PixelFormat != OV5640_JPEG))
 544:Core/Src/ov5640.c ****   {
 545:Core/Src/ov5640.c ****     /* Pixel format not supported */
 546:Core/Src/ov5640.c ****     ret = OV5640_ERROR;
 547:Core/Src/ov5640.c ****   }
 548:Core/Src/ov5640.c ****   else
 549:Core/Src/ov5640.c ****   {
 550:Core/Src/ov5640.c ****     /* Set specific parameters for each PixelFormat */
 551:Core/Src/ov5640.c ****     switch (PixelFormat)
 552:Core/Src/ov5640.c ****     {
 553:Core/Src/ov5640.c ****       case OV5640_YUV422:
 554:Core/Src/ov5640.c ****         for (index = 0; index < (sizeof(OV5640_PF_YUV422) / 4U); index++)
 555:Core/Src/ov5640.c ****         {
 556:Core/Src/ov5640.c ****           if (ret != OV5640_ERROR)
 557:Core/Src/ov5640.c ****           {
 558:Core/Src/ov5640.c ****             tmp = (uint8_t)OV5640_PF_YUV422[index][1];
 559:Core/Src/ov5640.c ****             if (ov5640_write_reg(&pObj->Ctx, OV5640_PF_YUV422[index][0], &tmp, 1) != OV5640_OK)
 560:Core/Src/ov5640.c ****             {
 561:Core/Src/ov5640.c ****               ret = OV5640_ERROR;
 562:Core/Src/ov5640.c ****             }
ARM GAS  /tmp/ccy24VEl.s 			page 12


 563:Core/Src/ov5640.c ****             else
 564:Core/Src/ov5640.c ****             {
 565:Core/Src/ov5640.c ****               (void)OV5640_Delay(pObj, 1);
 566:Core/Src/ov5640.c ****             }
 567:Core/Src/ov5640.c ****           }
 568:Core/Src/ov5640.c ****         }
 569:Core/Src/ov5640.c ****         break;
 570:Core/Src/ov5640.c **** 
 571:Core/Src/ov5640.c ****       case OV5640_RGB888:
 572:Core/Src/ov5640.c ****         for (index = 0; index < (sizeof(OV5640_PF_RGB888) / 4U); index++)
 573:Core/Src/ov5640.c ****         {
 574:Core/Src/ov5640.c ****           if (ret != OV5640_ERROR)
 575:Core/Src/ov5640.c ****           {
 576:Core/Src/ov5640.c ****             tmp = (uint8_t)OV5640_PF_RGB888[index][1];
 577:Core/Src/ov5640.c ****             if (ov5640_write_reg(&pObj->Ctx, OV5640_PF_RGB888[index][0], &tmp, 1) != OV5640_OK)
 578:Core/Src/ov5640.c ****             {
 579:Core/Src/ov5640.c ****               ret = OV5640_ERROR;
 580:Core/Src/ov5640.c ****             }
 581:Core/Src/ov5640.c ****             else
 582:Core/Src/ov5640.c ****             {
 583:Core/Src/ov5640.c ****               (void)OV5640_Delay(pObj, 1);
 584:Core/Src/ov5640.c ****             }
 585:Core/Src/ov5640.c ****           }
 586:Core/Src/ov5640.c ****         }
 587:Core/Src/ov5640.c ****         break;
 588:Core/Src/ov5640.c **** 
 589:Core/Src/ov5640.c ****       case OV5640_Y8:
 590:Core/Src/ov5640.c ****         for (index = 0; index < (sizeof(OV5640_PF_Y8) / 4U); index++)
 591:Core/Src/ov5640.c ****         {
 592:Core/Src/ov5640.c ****           if (ret != OV5640_ERROR)
 593:Core/Src/ov5640.c ****           {
 594:Core/Src/ov5640.c ****             tmp = (uint8_t)OV5640_PF_Y8[index][1];
 595:Core/Src/ov5640.c ****             if (ov5640_write_reg(&pObj->Ctx, OV5640_PF_Y8[index][0], &tmp, 1) != OV5640_OK)
 596:Core/Src/ov5640.c ****             {
 597:Core/Src/ov5640.c ****               ret = OV5640_ERROR;
 598:Core/Src/ov5640.c ****             }
 599:Core/Src/ov5640.c ****             else
 600:Core/Src/ov5640.c ****             {
 601:Core/Src/ov5640.c ****               (void)OV5640_Delay(pObj, 1);
 602:Core/Src/ov5640.c ****             }
 603:Core/Src/ov5640.c ****           }
 604:Core/Src/ov5640.c ****         }
 605:Core/Src/ov5640.c ****         break;
 606:Core/Src/ov5640.c **** 
 607:Core/Src/ov5640.c ****       case OV5640_JPEG:
 608:Core/Src/ov5640.c ****         for (index = 0; index < (sizeof(OV5640_PF_JPEG) / 4U); index++)
 609:Core/Src/ov5640.c ****         {
 610:Core/Src/ov5640.c ****           if (ret != OV5640_ERROR)
 611:Core/Src/ov5640.c ****           {
 612:Core/Src/ov5640.c ****             tmp = (uint8_t)OV5640_PF_JPEG[index][1];
 613:Core/Src/ov5640.c ****             if (ov5640_write_reg(&pObj->Ctx, OV5640_PF_JPEG[index][0], &tmp, 1) != OV5640_OK)
 614:Core/Src/ov5640.c ****             {
 615:Core/Src/ov5640.c ****               ret = OV5640_ERROR;
 616:Core/Src/ov5640.c ****             }
 617:Core/Src/ov5640.c ****             else
 618:Core/Src/ov5640.c ****             {
 619:Core/Src/ov5640.c ****               (void)OV5640_Delay(pObj, 1);
ARM GAS  /tmp/ccy24VEl.s 			page 13


 620:Core/Src/ov5640.c ****             }
 621:Core/Src/ov5640.c ****           }
 622:Core/Src/ov5640.c ****         }
 623:Core/Src/ov5640.c ****         break;
 624:Core/Src/ov5640.c **** 
 625:Core/Src/ov5640.c ****       case OV5640_RGB565:
 626:Core/Src/ov5640.c ****       default:
 627:Core/Src/ov5640.c ****         for (index = 0; index < (sizeof(OV5640_PF_RGB565) / 4U); index++)
 628:Core/Src/ov5640.c ****         {
 629:Core/Src/ov5640.c ****           if (ret != OV5640_ERROR)
 630:Core/Src/ov5640.c ****           {
 631:Core/Src/ov5640.c ****             tmp = (uint8_t)OV5640_PF_RGB565[index][1];
 632:Core/Src/ov5640.c ****             if (ov5640_write_reg(&pObj->Ctx, OV5640_PF_RGB565[index][0], &tmp, 1) != OV5640_OK)
 633:Core/Src/ov5640.c ****             {
 634:Core/Src/ov5640.c ****               ret = OV5640_ERROR;
 635:Core/Src/ov5640.c ****             }
 636:Core/Src/ov5640.c ****             else
 637:Core/Src/ov5640.c ****             {
 638:Core/Src/ov5640.c ****               (void)OV5640_Delay(pObj, 1);
 639:Core/Src/ov5640.c ****             }
 640:Core/Src/ov5640.c ****           }
 641:Core/Src/ov5640.c ****         }
 642:Core/Src/ov5640.c ****         break;
 643:Core/Src/ov5640.c **** 
 644:Core/Src/ov5640.c ****     }
 645:Core/Src/ov5640.c **** 
 646:Core/Src/ov5640.c ****     if (PixelFormat == OV5640_JPEG)
 647:Core/Src/ov5640.c ****     {
 648:Core/Src/ov5640.c ****       if (ov5640_read_reg(&pObj->Ctx, OV5640_TIMING_TC_REG21, &tmp, 1) != OV5640_OK)
 649:Core/Src/ov5640.c ****       {
 650:Core/Src/ov5640.c ****         ret = OV5640_ERROR;
 651:Core/Src/ov5640.c ****       }
 652:Core/Src/ov5640.c ****       else
 653:Core/Src/ov5640.c ****       {
 654:Core/Src/ov5640.c ****         tmp |= (1 << 5);
 655:Core/Src/ov5640.c ****         if (ov5640_write_reg(&pObj->Ctx, OV5640_TIMING_TC_REG21, &tmp, 1) != OV5640_OK)
 656:Core/Src/ov5640.c ****         {
 657:Core/Src/ov5640.c ****           ret = OV5640_ERROR;
 658:Core/Src/ov5640.c ****         }
 659:Core/Src/ov5640.c ****         else
 660:Core/Src/ov5640.c ****         {
 661:Core/Src/ov5640.c ****           if (ov5640_read_reg(&pObj->Ctx, OV5640_SYSREM_RESET02, &tmp, 1) != OV5640_OK)
 662:Core/Src/ov5640.c ****           {
 663:Core/Src/ov5640.c ****             ret = OV5640_ERROR;
 664:Core/Src/ov5640.c ****           }
 665:Core/Src/ov5640.c ****           else
 666:Core/Src/ov5640.c ****           {
 667:Core/Src/ov5640.c ****             tmp &= ~((1 << 4) | (1 << 3) | (1 << 2));
 668:Core/Src/ov5640.c ****             if (ov5640_write_reg(&pObj->Ctx, OV5640_SYSREM_RESET02, &tmp, 1) != OV5640_OK)
 669:Core/Src/ov5640.c ****             {
 670:Core/Src/ov5640.c ****               ret = OV5640_ERROR;
 671:Core/Src/ov5640.c ****             }
 672:Core/Src/ov5640.c ****             else
 673:Core/Src/ov5640.c ****             {
 674:Core/Src/ov5640.c ****               if (ov5640_read_reg(&pObj->Ctx, OV5640_CLOCK_ENABLE02, &tmp, 1) != OV5640_OK)
 675:Core/Src/ov5640.c ****               {
 676:Core/Src/ov5640.c ****                 ret = OV5640_ERROR;
ARM GAS  /tmp/ccy24VEl.s 			page 14


 677:Core/Src/ov5640.c ****               }
 678:Core/Src/ov5640.c ****               else
 679:Core/Src/ov5640.c ****               {
 680:Core/Src/ov5640.c ****                 tmp |= ((1 << 5) | (1 << 3));
 681:Core/Src/ov5640.c ****                 if (ov5640_write_reg(&pObj->Ctx, OV5640_CLOCK_ENABLE02, &tmp, 1) != OV5640_OK)
 682:Core/Src/ov5640.c ****                 {
 683:Core/Src/ov5640.c ****                   ret = OV5640_ERROR;
 684:Core/Src/ov5640.c ****                 }
 685:Core/Src/ov5640.c ****               }
 686:Core/Src/ov5640.c ****             }
 687:Core/Src/ov5640.c ****           }
 688:Core/Src/ov5640.c ****         }
 689:Core/Src/ov5640.c ****       }
 690:Core/Src/ov5640.c ****     }
 691:Core/Src/ov5640.c ****   }
 692:Core/Src/ov5640.c ****   return ret;
 693:Core/Src/ov5640.c **** }
 694:Core/Src/ov5640.c **** 
 695:Core/Src/ov5640.c **** /**
 696:Core/Src/ov5640.c ****   * @brief  Set OV5640 camera Pixel Format.
 697:Core/Src/ov5640.c ****   * @param  pObj  pointer to component object
 698:Core/Src/ov5640.c ****   * @param  PixelFormat pixel format to be configured
 699:Core/Src/ov5640.c ****   * @retval Component status
 700:Core/Src/ov5640.c ****   */
 701:Core/Src/ov5640.c **** int32_t OV5640_GetPixelFormat(OV5640_Object_t *pObj, uint32_t *PixelFormat)
 702:Core/Src/ov5640.c **** {
  67              		.loc 1 702 1 is_stmt 1 view -0
  68              		.cfi_startproc
  69              		@ args = 0, pretend = 0, frame = 0
  70              		@ frame_needed = 0, uses_anonymous_args = 0
  71              		@ link register save eliminated.
 703:Core/Src/ov5640.c ****   (void)(pObj);
  72              		.loc 1 703 3 view .LVU10
 704:Core/Src/ov5640.c ****   (void)(PixelFormat);
  73              		.loc 1 704 3 view .LVU11
 705:Core/Src/ov5640.c **** 
 706:Core/Src/ov5640.c ****   return OV5640_ERROR;
  74              		.loc 1 706 3 view .LVU12
 707:Core/Src/ov5640.c **** }
  75              		.loc 1 707 1 is_stmt 0 view .LVU13
  76 0000 4FF0FF30 		mov	r0, #-1
  77              	.LVL4:
  78              		.loc 1 707 1 view .LVU14
  79 0004 7047     		bx	lr
  80              		.cfi_endproc
  81              	.LFE110:
  83              		.section	.text.OV5640_GetCapabilities,"ax",%progbits
  84              		.align	1
  85              		.global	OV5640_GetCapabilities
  86              		.syntax unified
  87              		.thumb
  88              		.thumb_func
  90              	OV5640_GetCapabilities:
  91              	.LVL5:
  92              	.LFB116:
 708:Core/Src/ov5640.c **** 
 709:Core/Src/ov5640.c **** /**
ARM GAS  /tmp/ccy24VEl.s 			page 15


 710:Core/Src/ov5640.c ****   * @brief  Get OV5640 camera resolution.
 711:Core/Src/ov5640.c ****   * @param  pObj  pointer to component object
 712:Core/Src/ov5640.c ****   * @param  Resolution  Camera resolution
 713:Core/Src/ov5640.c ****   * @retval Component status
 714:Core/Src/ov5640.c ****   */
 715:Core/Src/ov5640.c **** int32_t OV5640_SetResolution(OV5640_Object_t *pObj, uint32_t Resolution)
 716:Core/Src/ov5640.c **** {
 717:Core/Src/ov5640.c ****   int32_t ret = OV5640_OK;
 718:Core/Src/ov5640.c ****   uint32_t index;
 719:Core/Src/ov5640.c ****   uint8_t tmp;
 720:Core/Src/ov5640.c **** 
 721:Core/Src/ov5640.c ****   /* Initialization sequence for WVGA resolution (800x480)*/
 722:Core/Src/ov5640.c ****   static const uint16_t OV5640_WVGA[][2] =
 723:Core/Src/ov5640.c ****   {
 724:Core/Src/ov5640.c ****     {OV5640_TIMING_DVPHO_HIGH, 0x03},
 725:Core/Src/ov5640.c ****     {OV5640_TIMING_DVPHO_LOW, 0x20},
 726:Core/Src/ov5640.c ****     {OV5640_TIMING_DVPVO_HIGH, 0x01},
 727:Core/Src/ov5640.c ****     {OV5640_TIMING_DVPVO_LOW, 0xE0},
 728:Core/Src/ov5640.c ****   };
 729:Core/Src/ov5640.c **** 
 730:Core/Src/ov5640.c ****   /* Initialization sequence for VGA resolution (640x480)*/
 731:Core/Src/ov5640.c ****   static const uint16_t OV5640_VGA[][2] =
 732:Core/Src/ov5640.c ****   {
 733:Core/Src/ov5640.c ****     {OV5640_TIMING_DVPHO_HIGH, 0x02},
 734:Core/Src/ov5640.c ****     {OV5640_TIMING_DVPHO_LOW, 0x80},
 735:Core/Src/ov5640.c ****     {OV5640_TIMING_DVPVO_HIGH, 0x01},
 736:Core/Src/ov5640.c ****     {OV5640_TIMING_DVPVO_LOW, 0xE0},
 737:Core/Src/ov5640.c ****   };
 738:Core/Src/ov5640.c **** 
 739:Core/Src/ov5640.c ****   /* Initialization sequence for 480x272 resolution */
 740:Core/Src/ov5640.c ****   static const uint16_t OV5640_480x272[][2] =
 741:Core/Src/ov5640.c ****   {
 742:Core/Src/ov5640.c ****     {OV5640_TIMING_DVPHO_HIGH, 0x01},
 743:Core/Src/ov5640.c ****     {OV5640_TIMING_DVPHO_LOW, 0xE0},
 744:Core/Src/ov5640.c ****     {OV5640_TIMING_DVPVO_HIGH, 0x01},
 745:Core/Src/ov5640.c ****     {OV5640_TIMING_DVPVO_LOW, 0x10},
 746:Core/Src/ov5640.c ****   };
 747:Core/Src/ov5640.c **** 
 748:Core/Src/ov5640.c ****   /* Initialization sequence for QVGA resolution (320x240) */
 749:Core/Src/ov5640.c ****   static const uint16_t OV5640_QVGA[][2] =
 750:Core/Src/ov5640.c ****   {
 751:Core/Src/ov5640.c ****     {OV5640_TIMING_DVPHO_HIGH, 0x01},
 752:Core/Src/ov5640.c ****     {OV5640_TIMING_DVPHO_LOW, 0x40},
 753:Core/Src/ov5640.c ****     {OV5640_TIMING_DVPVO_HIGH, 0x00},
 754:Core/Src/ov5640.c ****     {OV5640_TIMING_DVPVO_LOW, 0xF0},
 755:Core/Src/ov5640.c ****   };
 756:Core/Src/ov5640.c **** 
 757:Core/Src/ov5640.c ****   /* Initialization sequence for QQVGA resolution (160x120) */
 758:Core/Src/ov5640.c ****   static const uint16_t OV5640_QQVGA[][2] =
 759:Core/Src/ov5640.c ****   {
 760:Core/Src/ov5640.c ****     {OV5640_TIMING_DVPHO_HIGH, 0x00},
 761:Core/Src/ov5640.c ****     {OV5640_TIMING_DVPHO_LOW, 0xA0},
 762:Core/Src/ov5640.c ****     {OV5640_TIMING_DVPVO_HIGH, 0x00},
 763:Core/Src/ov5640.c ****     {OV5640_TIMING_DVPVO_LOW, 0x78},
 764:Core/Src/ov5640.c ****   };
 765:Core/Src/ov5640.c **** 
 766:Core/Src/ov5640.c ****   /* Check if resolution is supported */
ARM GAS  /tmp/ccy24VEl.s 			page 16


 767:Core/Src/ov5640.c ****   if (Resolution > OV5640_R800x480)
 768:Core/Src/ov5640.c ****   {
 769:Core/Src/ov5640.c ****     ret = OV5640_ERROR;
 770:Core/Src/ov5640.c ****   }
 771:Core/Src/ov5640.c ****   else
 772:Core/Src/ov5640.c ****   {
 773:Core/Src/ov5640.c ****     /* Initialize OV5640 */
 774:Core/Src/ov5640.c ****     switch (Resolution)
 775:Core/Src/ov5640.c ****     {
 776:Core/Src/ov5640.c ****       case OV5640_R160x120:
 777:Core/Src/ov5640.c ****         for (index = 0; index < (sizeof(OV5640_QQVGA) / 4U); index++)
 778:Core/Src/ov5640.c ****         {
 779:Core/Src/ov5640.c ****           if (ret != OV5640_ERROR)
 780:Core/Src/ov5640.c ****           {
 781:Core/Src/ov5640.c ****             tmp = (uint8_t)OV5640_QQVGA[index][1];
 782:Core/Src/ov5640.c ****             if (ov5640_write_reg(&pObj->Ctx, OV5640_QQVGA[index][0], &tmp, 1) != OV5640_OK)
 783:Core/Src/ov5640.c ****             {
 784:Core/Src/ov5640.c ****               ret = OV5640_ERROR;
 785:Core/Src/ov5640.c ****             }
 786:Core/Src/ov5640.c ****           }
 787:Core/Src/ov5640.c ****         }
 788:Core/Src/ov5640.c ****         break;
 789:Core/Src/ov5640.c ****       case OV5640_R320x240:
 790:Core/Src/ov5640.c ****         for (index = 0; index < (sizeof(OV5640_QVGA) / 4U); index++)
 791:Core/Src/ov5640.c ****         {
 792:Core/Src/ov5640.c ****           if (ret != OV5640_ERROR)
 793:Core/Src/ov5640.c ****           {
 794:Core/Src/ov5640.c ****             tmp = (uint8_t)OV5640_QVGA[index][1];
 795:Core/Src/ov5640.c ****             if (ov5640_write_reg(&pObj->Ctx, OV5640_QVGA[index][0], &tmp, 1) != OV5640_OK)
 796:Core/Src/ov5640.c ****             {
 797:Core/Src/ov5640.c ****               ret = OV5640_ERROR;
 798:Core/Src/ov5640.c ****             }
 799:Core/Src/ov5640.c ****           }
 800:Core/Src/ov5640.c ****         }
 801:Core/Src/ov5640.c ****         break;
 802:Core/Src/ov5640.c ****       case OV5640_R480x272:
 803:Core/Src/ov5640.c ****         for (index = 0; index < (sizeof(OV5640_480x272) / 4U); index++)
 804:Core/Src/ov5640.c ****         {
 805:Core/Src/ov5640.c ****           if (ret != OV5640_ERROR)
 806:Core/Src/ov5640.c ****           {
 807:Core/Src/ov5640.c ****             tmp = (uint8_t)OV5640_480x272[index][1];
 808:Core/Src/ov5640.c ****             if (ov5640_write_reg(&pObj->Ctx, OV5640_480x272[index][0], &tmp, 1) != OV5640_OK)
 809:Core/Src/ov5640.c ****             {
 810:Core/Src/ov5640.c ****               ret = OV5640_ERROR;
 811:Core/Src/ov5640.c ****             }
 812:Core/Src/ov5640.c ****           }
 813:Core/Src/ov5640.c ****         }
 814:Core/Src/ov5640.c ****         break;
 815:Core/Src/ov5640.c ****       case OV5640_R640x480:
 816:Core/Src/ov5640.c ****         for (index = 0; index < (sizeof(OV5640_VGA) / 4U); index++)
 817:Core/Src/ov5640.c ****         {
 818:Core/Src/ov5640.c ****           if (ret != OV5640_ERROR)
 819:Core/Src/ov5640.c ****           {
 820:Core/Src/ov5640.c ****             tmp = (uint8_t)OV5640_VGA[index][1];
 821:Core/Src/ov5640.c ****             if (ov5640_write_reg(&pObj->Ctx, OV5640_VGA[index][0], &tmp, 1) != OV5640_OK)
 822:Core/Src/ov5640.c ****             {
 823:Core/Src/ov5640.c ****               ret = OV5640_ERROR;
ARM GAS  /tmp/ccy24VEl.s 			page 17


 824:Core/Src/ov5640.c ****             }
 825:Core/Src/ov5640.c ****           }
 826:Core/Src/ov5640.c ****         }
 827:Core/Src/ov5640.c ****         break;
 828:Core/Src/ov5640.c ****       case OV5640_R800x480:
 829:Core/Src/ov5640.c ****         for (index = 0; index < (sizeof(OV5640_WVGA) / 4U); index++)
 830:Core/Src/ov5640.c ****         {
 831:Core/Src/ov5640.c ****           if (ret != OV5640_ERROR)
 832:Core/Src/ov5640.c ****           {
 833:Core/Src/ov5640.c ****             tmp = (uint8_t)OV5640_WVGA[index][1];
 834:Core/Src/ov5640.c ****             if (ov5640_write_reg(&pObj->Ctx, OV5640_WVGA[index][0], &tmp, 1) != OV5640_OK)
 835:Core/Src/ov5640.c ****             {
 836:Core/Src/ov5640.c ****               ret = OV5640_ERROR;
 837:Core/Src/ov5640.c ****             }
 838:Core/Src/ov5640.c ****           }
 839:Core/Src/ov5640.c ****         }
 840:Core/Src/ov5640.c ****         break;
 841:Core/Src/ov5640.c ****       default:
 842:Core/Src/ov5640.c ****         ret = OV5640_ERROR;
 843:Core/Src/ov5640.c ****         break;
 844:Core/Src/ov5640.c ****     }
 845:Core/Src/ov5640.c ****   }
 846:Core/Src/ov5640.c **** 
 847:Core/Src/ov5640.c ****   return ret;
 848:Core/Src/ov5640.c **** }
 849:Core/Src/ov5640.c **** 
 850:Core/Src/ov5640.c **** /**
 851:Core/Src/ov5640.c ****   * @brief  Get OV5640 camera resolution.
 852:Core/Src/ov5640.c ****   * @param  pObj  pointer to component object
 853:Core/Src/ov5640.c ****   * @param  Resolution  Camera resolution
 854:Core/Src/ov5640.c ****   * @retval Component status
 855:Core/Src/ov5640.c ****   */
 856:Core/Src/ov5640.c **** int32_t OV5640_GetResolution(OV5640_Object_t *pObj, uint32_t *Resolution)
 857:Core/Src/ov5640.c **** {
 858:Core/Src/ov5640.c ****   int32_t ret;
 859:Core/Src/ov5640.c ****   uint16_t x_size;
 860:Core/Src/ov5640.c ****   uint16_t y_size;
 861:Core/Src/ov5640.c ****   uint8_t tmp;
 862:Core/Src/ov5640.c **** 
 863:Core/Src/ov5640.c ****   if (ov5640_read_reg(&pObj->Ctx, OV5640_TIMING_DVPHO_HIGH, &tmp, 1) != OV5640_OK)
 864:Core/Src/ov5640.c ****   {
 865:Core/Src/ov5640.c ****     ret = OV5640_ERROR;
 866:Core/Src/ov5640.c ****   }
 867:Core/Src/ov5640.c ****   else
 868:Core/Src/ov5640.c ****   {
 869:Core/Src/ov5640.c ****     x_size = (uint16_t)tmp << 8U;
 870:Core/Src/ov5640.c **** 
 871:Core/Src/ov5640.c ****     if (ov5640_read_reg(&pObj->Ctx, OV5640_TIMING_DVPHO_LOW, &tmp, 1) != OV5640_OK)
 872:Core/Src/ov5640.c ****     {
 873:Core/Src/ov5640.c ****       ret = OV5640_ERROR;
 874:Core/Src/ov5640.c ****     }
 875:Core/Src/ov5640.c ****     else
 876:Core/Src/ov5640.c ****     {
 877:Core/Src/ov5640.c ****       x_size |= tmp;
 878:Core/Src/ov5640.c **** 
 879:Core/Src/ov5640.c ****       if (ov5640_read_reg(&pObj->Ctx, OV5640_TIMING_DVPVO_HIGH, &tmp, 1) != OV5640_OK)
 880:Core/Src/ov5640.c ****       {
ARM GAS  /tmp/ccy24VEl.s 			page 18


 881:Core/Src/ov5640.c ****         ret = OV5640_ERROR;
 882:Core/Src/ov5640.c ****       }
 883:Core/Src/ov5640.c ****       else
 884:Core/Src/ov5640.c ****       {
 885:Core/Src/ov5640.c ****         y_size = (uint16_t)tmp << 8U;
 886:Core/Src/ov5640.c ****         if (ov5640_read_reg(&pObj->Ctx, OV5640_TIMING_DVPVO_LOW, &tmp, 1) != OV5640_OK)
 887:Core/Src/ov5640.c ****         {
 888:Core/Src/ov5640.c ****           ret = OV5640_ERROR;
 889:Core/Src/ov5640.c ****         }
 890:Core/Src/ov5640.c ****         else
 891:Core/Src/ov5640.c ****         {
 892:Core/Src/ov5640.c ****           y_size |= tmp;
 893:Core/Src/ov5640.c **** 
 894:Core/Src/ov5640.c ****           if ((x_size == 800U) && (y_size == 480U))
 895:Core/Src/ov5640.c ****           {
 896:Core/Src/ov5640.c ****             *Resolution = OV5640_R800x480;
 897:Core/Src/ov5640.c ****             ret = OV5640_OK;
 898:Core/Src/ov5640.c ****           }
 899:Core/Src/ov5640.c ****           else if ((x_size == 640U) && (y_size == 480U))
 900:Core/Src/ov5640.c ****           {
 901:Core/Src/ov5640.c ****             *Resolution = OV5640_R640x480;
 902:Core/Src/ov5640.c ****             ret = OV5640_OK;
 903:Core/Src/ov5640.c ****           }
 904:Core/Src/ov5640.c ****           else if ((x_size == 480U) && (y_size == 272U))
 905:Core/Src/ov5640.c ****           {
 906:Core/Src/ov5640.c ****             *Resolution = OV5640_R480x272;
 907:Core/Src/ov5640.c ****             ret = OV5640_OK;
 908:Core/Src/ov5640.c ****           }
 909:Core/Src/ov5640.c ****           else if ((x_size == 320U) && (y_size == 240U))
 910:Core/Src/ov5640.c ****           {
 911:Core/Src/ov5640.c ****             *Resolution = OV5640_R320x240;
 912:Core/Src/ov5640.c ****             ret = OV5640_OK;
 913:Core/Src/ov5640.c ****           }
 914:Core/Src/ov5640.c ****           else if ((x_size == 160U) && (y_size == 120U))
 915:Core/Src/ov5640.c ****           {
 916:Core/Src/ov5640.c ****             *Resolution = OV5640_R160x120;
 917:Core/Src/ov5640.c ****             ret = OV5640_OK;
 918:Core/Src/ov5640.c ****           }
 919:Core/Src/ov5640.c ****           else
 920:Core/Src/ov5640.c ****           {
 921:Core/Src/ov5640.c ****             ret = OV5640_ERROR;
 922:Core/Src/ov5640.c ****           }
 923:Core/Src/ov5640.c ****         }
 924:Core/Src/ov5640.c ****       }
 925:Core/Src/ov5640.c ****     }
 926:Core/Src/ov5640.c ****   }
 927:Core/Src/ov5640.c **** 
 928:Core/Src/ov5640.c ****   return ret;
 929:Core/Src/ov5640.c **** }
 930:Core/Src/ov5640.c **** 
 931:Core/Src/ov5640.c **** /**
 932:Core/Src/ov5640.c ****   * @brief  Set OV5640 camera PCLK, HREF and VSYNC Polarities
 933:Core/Src/ov5640.c ****   * @param  pObj  pointer to component object
 934:Core/Src/ov5640.c ****   * @param  PclkPolarity Polarity of the PixelClock
 935:Core/Src/ov5640.c ****   * @param  HrefPolarity Polarity of the Href
 936:Core/Src/ov5640.c ****   * @param  VsyncPolarity Polarity of the Vsync
 937:Core/Src/ov5640.c ****   * @retval Component status
ARM GAS  /tmp/ccy24VEl.s 			page 19


 938:Core/Src/ov5640.c ****   */
 939:Core/Src/ov5640.c **** int32_t OV5640_SetPolarities(OV5640_Object_t *pObj, uint32_t PclkPolarity, uint32_t HrefPolarity,
 940:Core/Src/ov5640.c ****                              uint32_t VsyncPolarity)
 941:Core/Src/ov5640.c **** {
 942:Core/Src/ov5640.c ****   uint8_t tmp;
 943:Core/Src/ov5640.c ****   int32_t ret = OV5640_OK;
 944:Core/Src/ov5640.c **** 
 945:Core/Src/ov5640.c ****   if ((pObj == NULL) || ((PclkPolarity != OV5640_POLARITY_PCLK_LOW) && (PclkPolarity != OV5640_POLA
 946:Core/Src/ov5640.c ****       ((HrefPolarity != OV5640_POLARITY_HREF_LOW) && (HrefPolarity != OV5640_POLARITY_HREF_HIGH)) |
 947:Core/Src/ov5640.c ****       ((VsyncPolarity != OV5640_POLARITY_VSYNC_LOW) && (VsyncPolarity != OV5640_POLARITY_VSYNC_HIGH
 948:Core/Src/ov5640.c ****   {
 949:Core/Src/ov5640.c ****     ret = OV5640_ERROR;
 950:Core/Src/ov5640.c ****   }
 951:Core/Src/ov5640.c ****   else
 952:Core/Src/ov5640.c ****   {
 953:Core/Src/ov5640.c ****     tmp = (uint8_t)(PclkPolarity << 5U) | (HrefPolarity << 1U) | VsyncPolarity;
 954:Core/Src/ov5640.c **** 
 955:Core/Src/ov5640.c ****     if (ov5640_write_reg(&pObj->Ctx, OV5640_POLARITY_CTRL, &tmp, 1) != OV5640_OK)
 956:Core/Src/ov5640.c ****     {
 957:Core/Src/ov5640.c ****       ret = OV5640_ERROR;
 958:Core/Src/ov5640.c ****     }
 959:Core/Src/ov5640.c ****   }
 960:Core/Src/ov5640.c **** 
 961:Core/Src/ov5640.c ****   return ret;
 962:Core/Src/ov5640.c **** }
 963:Core/Src/ov5640.c **** 
 964:Core/Src/ov5640.c **** /**
 965:Core/Src/ov5640.c ****   * @brief  get OV5640 camera PCLK, HREF and VSYNC Polarities
 966:Core/Src/ov5640.c ****   * @param  pObj  pointer to component object
 967:Core/Src/ov5640.c ****   * @param  PclkPolarity Polarity of the PixelClock
 968:Core/Src/ov5640.c ****   * @param  HrefPolarity Polarity of the Href
 969:Core/Src/ov5640.c ****   * @param  VsyncPolarity Polarity of the Vsync
 970:Core/Src/ov5640.c ****   * @retval Component status
 971:Core/Src/ov5640.c ****   */
 972:Core/Src/ov5640.c **** int32_t OV5640_GetPolarities(OV5640_Object_t *pObj, uint32_t *PclkPolarity, uint32_t *HrefPolarity,
 973:Core/Src/ov5640.c ****                              uint32_t *VsyncPolarity)
 974:Core/Src/ov5640.c **** {
 975:Core/Src/ov5640.c ****   uint8_t tmp;
 976:Core/Src/ov5640.c ****   int32_t ret = OV5640_OK;
 977:Core/Src/ov5640.c **** 
 978:Core/Src/ov5640.c ****   if ((pObj == NULL) || (PclkPolarity == NULL) || (HrefPolarity == NULL) || (VsyncPolarity == NULL)
 979:Core/Src/ov5640.c ****   {
 980:Core/Src/ov5640.c ****     ret = OV5640_ERROR;
 981:Core/Src/ov5640.c ****   }
 982:Core/Src/ov5640.c ****   else if (ov5640_read_reg(&pObj->Ctx, OV5640_POLARITY_CTRL, &tmp, 1) != OV5640_OK)
 983:Core/Src/ov5640.c ****   {
 984:Core/Src/ov5640.c ****     ret = OV5640_ERROR;
 985:Core/Src/ov5640.c ****   }
 986:Core/Src/ov5640.c ****   else
 987:Core/Src/ov5640.c ****   {
 988:Core/Src/ov5640.c ****     *PclkPolarity = (tmp >> 5U) & 0x01U;
 989:Core/Src/ov5640.c ****     *HrefPolarity = (tmp >> 1U) & 0x01U;
 990:Core/Src/ov5640.c ****     *VsyncPolarity = tmp & 0x01;
 991:Core/Src/ov5640.c ****   }
 992:Core/Src/ov5640.c **** 
 993:Core/Src/ov5640.c ****   return ret;
 994:Core/Src/ov5640.c **** }
ARM GAS  /tmp/ccy24VEl.s 			page 20


 995:Core/Src/ov5640.c **** 
 996:Core/Src/ov5640.c **** /**
 997:Core/Src/ov5640.c ****   * @brief  Read the OV5640 Camera identity.
 998:Core/Src/ov5640.c ****   * @param  pObj  pointer to component object
 999:Core/Src/ov5640.c ****   * @param  Id    pointer to component ID
1000:Core/Src/ov5640.c ****   * @retval Component status
1001:Core/Src/ov5640.c ****   */
1002:Core/Src/ov5640.c **** int32_t OV5640_ReadID(OV5640_Object_t *pObj, uint32_t *Id)
1003:Core/Src/ov5640.c **** {
1004:Core/Src/ov5640.c ****   int32_t ret;
1005:Core/Src/ov5640.c ****   uint8_t tmp;
1006:Core/Src/ov5640.c **** 
1007:Core/Src/ov5640.c ****   /* Initialize I2C */
1008:Core/Src/ov5640.c ****   pObj->IO.Init();
1009:Core/Src/ov5640.c **** 
1010:Core/Src/ov5640.c ****   /* Prepare the camera to be configured */
1011:Core/Src/ov5640.c ****   tmp = 0x80;
1012:Core/Src/ov5640.c ****   if (ov5640_write_reg(&pObj->Ctx, OV5640_SYSTEM_CTROL0, &tmp, 1) != OV5640_OK)
1013:Core/Src/ov5640.c ****   {
1014:Core/Src/ov5640.c ****     ret = OV5640_ERROR;
1015:Core/Src/ov5640.c ****   }
1016:Core/Src/ov5640.c ****   else
1017:Core/Src/ov5640.c ****   {
1018:Core/Src/ov5640.c ****     (void)OV5640_Delay(pObj, 500);
1019:Core/Src/ov5640.c **** 
1020:Core/Src/ov5640.c ****     if (ov5640_read_reg(&pObj->Ctx, OV5640_CHIP_ID_HIGH_BYTE, &tmp, 1) != OV5640_OK)
1021:Core/Src/ov5640.c ****     {
1022:Core/Src/ov5640.c ****       ret = OV5640_ERROR;
1023:Core/Src/ov5640.c ****     }
1024:Core/Src/ov5640.c ****     else
1025:Core/Src/ov5640.c ****     {
1026:Core/Src/ov5640.c ****       *Id = (uint32_t)tmp << 8U;
1027:Core/Src/ov5640.c ****       if (ov5640_read_reg(&pObj->Ctx, OV5640_CHIP_ID_LOW_BYTE, &tmp, 1) != OV5640_OK)
1028:Core/Src/ov5640.c ****       {
1029:Core/Src/ov5640.c ****         ret = OV5640_ERROR;
1030:Core/Src/ov5640.c ****       }
1031:Core/Src/ov5640.c ****       else
1032:Core/Src/ov5640.c ****       {
1033:Core/Src/ov5640.c ****         *Id |= tmp;
1034:Core/Src/ov5640.c ****         ret = OV5640_OK;
1035:Core/Src/ov5640.c ****       }
1036:Core/Src/ov5640.c ****     }
1037:Core/Src/ov5640.c ****   }
1038:Core/Src/ov5640.c **** 
1039:Core/Src/ov5640.c ****   /* Component status */
1040:Core/Src/ov5640.c ****   return ret;
1041:Core/Src/ov5640.c **** }
1042:Core/Src/ov5640.c **** 
1043:Core/Src/ov5640.c **** /**
1044:Core/Src/ov5640.c ****   * @brief  Read the OV5640 Camera Capabilities.
1045:Core/Src/ov5640.c ****   * @param  pObj          pointer to component object
1046:Core/Src/ov5640.c ****   * @param  Capabilities  pointer to component Capabilities
1047:Core/Src/ov5640.c ****   * @retval Component status
1048:Core/Src/ov5640.c ****   */
1049:Core/Src/ov5640.c **** int32_t OV5640_GetCapabilities(OV5640_Object_t *pObj, OV5640_Capabilities_t *Capabilities)
1050:Core/Src/ov5640.c **** {
  93              		.loc 1 1050 1 is_stmt 1 view -0
ARM GAS  /tmp/ccy24VEl.s 			page 21


  94              		.cfi_startproc
  95              		@ args = 0, pretend = 0, frame = 0
  96              		@ frame_needed = 0, uses_anonymous_args = 0
  97              		@ link register save eliminated.
1051:Core/Src/ov5640.c ****   int32_t ret;
  98              		.loc 1 1051 3 view .LVU16
1052:Core/Src/ov5640.c **** 
1053:Core/Src/ov5640.c ****   if (pObj == NULL)
  99              		.loc 1 1053 3 view .LVU17
 100              		.loc 1 1053 6 is_stmt 0 view .LVU18
 101 0000 60B1     		cbz	r0, .L7
1054:Core/Src/ov5640.c ****   {
1055:Core/Src/ov5640.c ****     ret = OV5640_ERROR;
1056:Core/Src/ov5640.c ****   }
1057:Core/Src/ov5640.c ****   else
1058:Core/Src/ov5640.c ****   {
1059:Core/Src/ov5640.c ****     Capabilities->Config_Brightness    = 1;
 102              		.loc 1 1059 5 is_stmt 1 view .LVU19
 103              		.loc 1 1059 40 is_stmt 0 view .LVU20
 104 0002 0123     		movs	r3, #1
 105 0004 CB60     		str	r3, [r1, #12]
1060:Core/Src/ov5640.c ****     Capabilities->Config_Contrast      = 1;
 106              		.loc 1 1060 5 is_stmt 1 view .LVU21
 107              		.loc 1 1060 40 is_stmt 0 view .LVU22
 108 0006 4B61     		str	r3, [r1, #20]
1061:Core/Src/ov5640.c ****     Capabilities->Config_HueDegree     = 1;
 109              		.loc 1 1061 5 is_stmt 1 view .LVU23
 110              		.loc 1 1061 40 is_stmt 0 view .LVU24
 111 0008 8B61     		str	r3, [r1, #24]
1062:Core/Src/ov5640.c ****     Capabilities->Config_LightMode     = 1;
 112              		.loc 1 1062 5 is_stmt 1 view .LVU25
 113              		.loc 1 1062 40 is_stmt 0 view .LVU26
 114 000a 4B60     		str	r3, [r1, #4]
1063:Core/Src/ov5640.c ****     Capabilities->Config_MirrorFlip    = 1;
 115              		.loc 1 1063 5 is_stmt 1 view .LVU27
 116              		.loc 1 1063 40 is_stmt 0 view .LVU28
 117 000c CB61     		str	r3, [r1, #28]
1064:Core/Src/ov5640.c ****     Capabilities->Config_NightMode     = 1;
 118              		.loc 1 1064 5 is_stmt 1 view .LVU29
 119              		.loc 1 1064 40 is_stmt 0 view .LVU30
 120 000e 4B62     		str	r3, [r1, #36]
1065:Core/Src/ov5640.c ****     Capabilities->Config_Resolution    = 1;
 121              		.loc 1 1065 5 is_stmt 1 view .LVU31
 122              		.loc 1 1065 40 is_stmt 0 view .LVU32
 123 0010 0B60     		str	r3, [r1]
1066:Core/Src/ov5640.c ****     Capabilities->Config_Saturation    = 1;
 124              		.loc 1 1066 5 is_stmt 1 view .LVU33
 125              		.loc 1 1066 40 is_stmt 0 view .LVU34
 126 0012 0B61     		str	r3, [r1, #16]
1067:Core/Src/ov5640.c ****     Capabilities->Config_SpecialEffect = 1;
 127              		.loc 1 1067 5 is_stmt 1 view .LVU35
 128              		.loc 1 1067 40 is_stmt 0 view .LVU36
 129 0014 8B60     		str	r3, [r1, #8]
1068:Core/Src/ov5640.c ****     Capabilities->Config_Zoom          = 1;
 130              		.loc 1 1068 5 is_stmt 1 view .LVU37
 131              		.loc 1 1068 40 is_stmt 0 view .LVU38
 132 0016 0B62     		str	r3, [r1, #32]
ARM GAS  /tmp/ccy24VEl.s 			page 22


1069:Core/Src/ov5640.c **** 
1070:Core/Src/ov5640.c ****     ret = OV5640_OK;
 133              		.loc 1 1070 5 is_stmt 1 view .LVU39
 134              	.LVL6:
 135              		.loc 1 1070 9 is_stmt 0 view .LVU40
 136 0018 0020     		movs	r0, #0
 137              	.LVL7:
 138              		.loc 1 1070 9 view .LVU41
 139 001a 7047     		bx	lr
 140              	.LVL8:
 141              	.L7:
1055:Core/Src/ov5640.c ****   }
 142              		.loc 1 1055 9 view .LVU42
 143 001c 4FF0FF30 		mov	r0, #-1
 144              	.LVL9:
1071:Core/Src/ov5640.c ****   }
1072:Core/Src/ov5640.c **** 
1073:Core/Src/ov5640.c ****   return ret;
 145              		.loc 1 1073 3 is_stmt 1 view .LVU43
1074:Core/Src/ov5640.c **** }
 146              		.loc 1 1074 1 is_stmt 0 view .LVU44
 147 0020 7047     		bx	lr
 148              		.cfi_endproc
 149              	.LFE116:
 151              		.section	.text.OV5640_Delay,"ax",%progbits
 152              		.align	1
 153              		.syntax unified
 154              		.thumb
 155              		.thumb_func
 157              	OV5640_Delay:
 158              	.LVL10:
 159              	.LFB134:
1075:Core/Src/ov5640.c **** 
1076:Core/Src/ov5640.c **** /**
1077:Core/Src/ov5640.c ****   * @brief  Set the OV5640 camera Light Mode.
1078:Core/Src/ov5640.c ****   * @param  pObj  pointer to component object
1079:Core/Src/ov5640.c ****   * @param  Effect  Effect to be configured
1080:Core/Src/ov5640.c ****   * @retval Component status
1081:Core/Src/ov5640.c ****   */
1082:Core/Src/ov5640.c **** int32_t OV5640_SetLightMode(OV5640_Object_t *pObj, uint32_t LightMode)
1083:Core/Src/ov5640.c **** {
1084:Core/Src/ov5640.c ****   int32_t ret;
1085:Core/Src/ov5640.c ****   uint32_t index;
1086:Core/Src/ov5640.c ****   uint8_t tmp;
1087:Core/Src/ov5640.c **** 
1088:Core/Src/ov5640.c ****   /* OV5640 Light Mode setting */
1089:Core/Src/ov5640.c ****   static const uint16_t OV5640_LightModeAuto[][2] =
1090:Core/Src/ov5640.c ****   {
1091:Core/Src/ov5640.c ****     {OV5640_AWB_MANUAL_CONTROL, 0x00},
1092:Core/Src/ov5640.c ****     {OV5640_AWB_R_GAIN_MSB, 0x04},
1093:Core/Src/ov5640.c ****     {OV5640_AWB_R_GAIN_LSB, 0x00},
1094:Core/Src/ov5640.c ****     {OV5640_AWB_G_GAIN_MSB, 0x04},
1095:Core/Src/ov5640.c ****     {OV5640_AWB_G_GAIN_LSB, 0x00},
1096:Core/Src/ov5640.c ****     {OV5640_AWB_B_GAIN_MSB, 0x04},
1097:Core/Src/ov5640.c ****     {OV5640_AWB_B_GAIN_LSB, 0x00},
1098:Core/Src/ov5640.c ****   };
1099:Core/Src/ov5640.c **** 
ARM GAS  /tmp/ccy24VEl.s 			page 23


1100:Core/Src/ov5640.c ****   static const uint16_t OV5640_LightModeCloudy[][2] =
1101:Core/Src/ov5640.c ****   {
1102:Core/Src/ov5640.c ****     {OV5640_AWB_MANUAL_CONTROL, 0x01},
1103:Core/Src/ov5640.c ****     {OV5640_AWB_R_GAIN_MSB, 0x06},
1104:Core/Src/ov5640.c ****     {OV5640_AWB_R_GAIN_LSB, 0x48},
1105:Core/Src/ov5640.c ****     {OV5640_AWB_G_GAIN_MSB, 0x04},
1106:Core/Src/ov5640.c ****     {OV5640_AWB_G_GAIN_LSB, 0x00},
1107:Core/Src/ov5640.c ****     {OV5640_AWB_B_GAIN_MSB, 0x04},
1108:Core/Src/ov5640.c ****     {OV5640_AWB_B_GAIN_LSB, 0xD3},
1109:Core/Src/ov5640.c ****   };
1110:Core/Src/ov5640.c **** 
1111:Core/Src/ov5640.c ****   static const uint16_t OV5640_LightModeOffice[][2] =
1112:Core/Src/ov5640.c ****   {
1113:Core/Src/ov5640.c ****     {OV5640_AWB_MANUAL_CONTROL, 0x01},
1114:Core/Src/ov5640.c ****     {OV5640_AWB_R_GAIN_MSB, 0x05},
1115:Core/Src/ov5640.c ****     {OV5640_AWB_R_GAIN_LSB, 0x48},
1116:Core/Src/ov5640.c ****     {OV5640_AWB_G_GAIN_MSB, 0x04},
1117:Core/Src/ov5640.c ****     {OV5640_AWB_G_GAIN_LSB, 0x00},
1118:Core/Src/ov5640.c ****     {OV5640_AWB_B_GAIN_MSB, 0x07},
1119:Core/Src/ov5640.c ****     {OV5640_AWB_B_GAIN_LSB, 0xCF},
1120:Core/Src/ov5640.c ****   };
1121:Core/Src/ov5640.c **** 
1122:Core/Src/ov5640.c ****   static const uint16_t OV5640_LightModeHome[][2] =
1123:Core/Src/ov5640.c ****   {
1124:Core/Src/ov5640.c ****     {OV5640_AWB_MANUAL_CONTROL, 0x01},
1125:Core/Src/ov5640.c ****     {OV5640_AWB_R_GAIN_MSB, 0x04},
1126:Core/Src/ov5640.c ****     {OV5640_AWB_R_GAIN_LSB, 0x10},
1127:Core/Src/ov5640.c ****     {OV5640_AWB_G_GAIN_MSB, 0x04},
1128:Core/Src/ov5640.c ****     {OV5640_AWB_G_GAIN_LSB, 0x00},
1129:Core/Src/ov5640.c ****     {OV5640_AWB_B_GAIN_MSB, 0x08},
1130:Core/Src/ov5640.c ****     {OV5640_AWB_B_GAIN_LSB, 0xB6},
1131:Core/Src/ov5640.c ****   };
1132:Core/Src/ov5640.c **** 
1133:Core/Src/ov5640.c ****   static const uint16_t OV5640_LightModeSunny[][2] =
1134:Core/Src/ov5640.c ****   {
1135:Core/Src/ov5640.c ****     {OV5640_AWB_MANUAL_CONTROL, 0x01},
1136:Core/Src/ov5640.c ****     {OV5640_AWB_R_GAIN_MSB, 0x06},
1137:Core/Src/ov5640.c ****     {OV5640_AWB_R_GAIN_LSB, 0x1C},
1138:Core/Src/ov5640.c ****     {OV5640_AWB_G_GAIN_MSB, 0x04},
1139:Core/Src/ov5640.c ****     {OV5640_AWB_G_GAIN_LSB, 0x00},
1140:Core/Src/ov5640.c ****     {OV5640_AWB_B_GAIN_MSB, 0x04},
1141:Core/Src/ov5640.c ****     {OV5640_AWB_B_GAIN_LSB, 0xF3},
1142:Core/Src/ov5640.c ****   };
1143:Core/Src/ov5640.c **** 
1144:Core/Src/ov5640.c ****   tmp = 0x00;
1145:Core/Src/ov5640.c ****   ret = ov5640_write_reg(&pObj->Ctx, OV5640_AWB_MANUAL_CONTROL, &tmp, 1);
1146:Core/Src/ov5640.c ****   if (ret == OV5640_OK)
1147:Core/Src/ov5640.c ****   {
1148:Core/Src/ov5640.c ****     tmp = 0x46;
1149:Core/Src/ov5640.c ****     ret = ov5640_write_reg(&pObj->Ctx, OV5640_AWB_CTRL16, &tmp, 1);
1150:Core/Src/ov5640.c ****   }
1151:Core/Src/ov5640.c **** 
1152:Core/Src/ov5640.c ****   if (ret == OV5640_OK)
1153:Core/Src/ov5640.c ****   {
1154:Core/Src/ov5640.c ****     tmp = 0xF8;
1155:Core/Src/ov5640.c ****     ret = ov5640_write_reg(&pObj->Ctx, OV5640_AWB_CTRL17, &tmp, 1);
1156:Core/Src/ov5640.c ****   }
ARM GAS  /tmp/ccy24VEl.s 			page 24


1157:Core/Src/ov5640.c **** 
1158:Core/Src/ov5640.c ****   if (ret == OV5640_OK)
1159:Core/Src/ov5640.c ****   {
1160:Core/Src/ov5640.c ****     tmp = 0x04;
1161:Core/Src/ov5640.c ****     ret = ov5640_write_reg(&pObj->Ctx, OV5640_AWB_CTRL18, &tmp, 1);
1162:Core/Src/ov5640.c ****   }
1163:Core/Src/ov5640.c **** 
1164:Core/Src/ov5640.c ****   if (ret == OV5640_OK)
1165:Core/Src/ov5640.c ****   {
1166:Core/Src/ov5640.c ****     switch (LightMode)
1167:Core/Src/ov5640.c ****     {
1168:Core/Src/ov5640.c ****       case OV5640_LIGHT_SUNNY:
1169:Core/Src/ov5640.c ****         for (index = 0; index < (sizeof(OV5640_LightModeSunny) / 4U) ; index++)
1170:Core/Src/ov5640.c ****         {
1171:Core/Src/ov5640.c ****           if (ret != OV5640_ERROR)
1172:Core/Src/ov5640.c ****           {
1173:Core/Src/ov5640.c ****             tmp = (uint8_t)OV5640_LightModeSunny[index][1];
1174:Core/Src/ov5640.c ****             if (ov5640_write_reg(&pObj->Ctx, OV5640_LightModeSunny[index][0], &tmp, 1) != OV5640_OK
1175:Core/Src/ov5640.c ****             {
1176:Core/Src/ov5640.c ****               ret = OV5640_ERROR;
1177:Core/Src/ov5640.c ****             }
1178:Core/Src/ov5640.c ****           }
1179:Core/Src/ov5640.c ****         }
1180:Core/Src/ov5640.c ****         break;
1181:Core/Src/ov5640.c ****       case OV5640_LIGHT_OFFICE:
1182:Core/Src/ov5640.c ****         for (index = 0; index < (sizeof(OV5640_LightModeOffice) / 4U) ; index++)
1183:Core/Src/ov5640.c ****         {
1184:Core/Src/ov5640.c ****           if (ret != OV5640_ERROR)
1185:Core/Src/ov5640.c ****           {
1186:Core/Src/ov5640.c ****             tmp = (uint8_t)OV5640_LightModeOffice[index][1];
1187:Core/Src/ov5640.c ****             if (ov5640_write_reg(&pObj->Ctx, OV5640_LightModeOffice[index][0], &tmp, 1) != OV5640_O
1188:Core/Src/ov5640.c ****             {
1189:Core/Src/ov5640.c ****               ret = OV5640_ERROR;
1190:Core/Src/ov5640.c ****             }
1191:Core/Src/ov5640.c ****           }
1192:Core/Src/ov5640.c ****         }
1193:Core/Src/ov5640.c ****         break;
1194:Core/Src/ov5640.c ****       case OV5640_LIGHT_CLOUDY:
1195:Core/Src/ov5640.c ****         for (index = 0; index < (sizeof(OV5640_LightModeCloudy) / 4U) ; index++)
1196:Core/Src/ov5640.c ****         {
1197:Core/Src/ov5640.c ****           if (ret != OV5640_ERROR)
1198:Core/Src/ov5640.c ****           {
1199:Core/Src/ov5640.c ****             tmp = (uint8_t)OV5640_LightModeCloudy[index][1];
1200:Core/Src/ov5640.c ****             if (ov5640_write_reg(&pObj->Ctx, OV5640_LightModeCloudy[index][0], &tmp, 1) != OV5640_O
1201:Core/Src/ov5640.c ****             {
1202:Core/Src/ov5640.c ****               ret = OV5640_ERROR;
1203:Core/Src/ov5640.c ****             }
1204:Core/Src/ov5640.c ****           }
1205:Core/Src/ov5640.c ****         }
1206:Core/Src/ov5640.c ****         break;
1207:Core/Src/ov5640.c ****       case OV5640_LIGHT_HOME:
1208:Core/Src/ov5640.c ****         for (index = 0; index < (sizeof(OV5640_LightModeHome) / 4U) ; index++)
1209:Core/Src/ov5640.c ****         {
1210:Core/Src/ov5640.c ****           if (ret != OV5640_ERROR)
1211:Core/Src/ov5640.c ****           {
1212:Core/Src/ov5640.c ****             tmp = (uint8_t)OV5640_LightModeHome[index][1];
1213:Core/Src/ov5640.c ****             if (ov5640_write_reg(&pObj->Ctx, OV5640_LightModeHome[index][0], &tmp, 1) != OV5640_OK)
ARM GAS  /tmp/ccy24VEl.s 			page 25


1214:Core/Src/ov5640.c ****             {
1215:Core/Src/ov5640.c ****               ret = OV5640_ERROR;
1216:Core/Src/ov5640.c ****             }
1217:Core/Src/ov5640.c ****           }
1218:Core/Src/ov5640.c ****         }
1219:Core/Src/ov5640.c ****         break;
1220:Core/Src/ov5640.c ****       case OV5640_LIGHT_AUTO:
1221:Core/Src/ov5640.c ****       default :
1222:Core/Src/ov5640.c ****         for (index = 0; index < (sizeof(OV5640_LightModeAuto) / 4U) ; index++)
1223:Core/Src/ov5640.c ****         {
1224:Core/Src/ov5640.c ****           if (ret != OV5640_ERROR)
1225:Core/Src/ov5640.c ****           {
1226:Core/Src/ov5640.c ****             tmp = (uint8_t)OV5640_LightModeAuto[index][1];
1227:Core/Src/ov5640.c ****             if (ov5640_write_reg(&pObj->Ctx, OV5640_LightModeAuto[index][0], &tmp, 1) != OV5640_OK)
1228:Core/Src/ov5640.c ****             {
1229:Core/Src/ov5640.c ****               ret = OV5640_ERROR;
1230:Core/Src/ov5640.c ****             }
1231:Core/Src/ov5640.c ****           }
1232:Core/Src/ov5640.c ****         }
1233:Core/Src/ov5640.c ****         break;
1234:Core/Src/ov5640.c ****     }
1235:Core/Src/ov5640.c ****   }
1236:Core/Src/ov5640.c ****   return ret;
1237:Core/Src/ov5640.c **** }
1238:Core/Src/ov5640.c **** 
1239:Core/Src/ov5640.c **** /**
1240:Core/Src/ov5640.c ****   * @brief  Set the OV5640 camera Special Effect.
1241:Core/Src/ov5640.c ****   * @param  pObj  pointer to component object
1242:Core/Src/ov5640.c ****   * @param  Effect  Effect to be configured
1243:Core/Src/ov5640.c ****   * @retval Component status
1244:Core/Src/ov5640.c ****   */
1245:Core/Src/ov5640.c **** int32_t OV5640_SetColorEffect(OV5640_Object_t *pObj, uint32_t Effect)
1246:Core/Src/ov5640.c **** {
1247:Core/Src/ov5640.c ****   int32_t ret;
1248:Core/Src/ov5640.c ****   uint8_t tmp;
1249:Core/Src/ov5640.c **** 
1250:Core/Src/ov5640.c ****   switch (Effect)
1251:Core/Src/ov5640.c ****   {
1252:Core/Src/ov5640.c ****     case OV5640_COLOR_EFFECT_BLUE:
1253:Core/Src/ov5640.c ****       tmp = 0xFF;
1254:Core/Src/ov5640.c ****       ret = ov5640_write_reg(&pObj->Ctx, OV5640_ISP_CONTROL01, &tmp, 1);
1255:Core/Src/ov5640.c **** 
1256:Core/Src/ov5640.c ****       if (ret == OV5640_OK)
1257:Core/Src/ov5640.c ****       {
1258:Core/Src/ov5640.c ****         tmp = 0x18;
1259:Core/Src/ov5640.c ****         ret = ov5640_write_reg(&pObj->Ctx, OV5640_SDE_CTRL0, &tmp, 1);
1260:Core/Src/ov5640.c ****       }
1261:Core/Src/ov5640.c ****       if (ret == OV5640_OK)
1262:Core/Src/ov5640.c ****       {
1263:Core/Src/ov5640.c ****         tmp = 0xA0;
1264:Core/Src/ov5640.c ****         ret = ov5640_write_reg(&pObj->Ctx, OV5640_SDE_CTRL3, &tmp, 1);
1265:Core/Src/ov5640.c ****       }
1266:Core/Src/ov5640.c ****       if (ret == OV5640_OK)
1267:Core/Src/ov5640.c ****       {
1268:Core/Src/ov5640.c ****         tmp = 0x40;
1269:Core/Src/ov5640.c ****         ret = ov5640_write_reg(&pObj->Ctx, OV5640_SDE_CTRL4, &tmp, 1);
1270:Core/Src/ov5640.c ****       }
ARM GAS  /tmp/ccy24VEl.s 			page 26


1271:Core/Src/ov5640.c **** 
1272:Core/Src/ov5640.c ****       if (ret != OV5640_OK)
1273:Core/Src/ov5640.c ****       {
1274:Core/Src/ov5640.c ****         ret = OV5640_ERROR;
1275:Core/Src/ov5640.c ****       }
1276:Core/Src/ov5640.c ****       break;
1277:Core/Src/ov5640.c **** 
1278:Core/Src/ov5640.c ****     case OV5640_COLOR_EFFECT_RED:
1279:Core/Src/ov5640.c ****       tmp = 0xFF;
1280:Core/Src/ov5640.c ****       ret = ov5640_write_reg(&pObj->Ctx, OV5640_ISP_CONTROL01, &tmp, 1);
1281:Core/Src/ov5640.c **** 
1282:Core/Src/ov5640.c ****       if (ret == OV5640_OK)
1283:Core/Src/ov5640.c ****       {
1284:Core/Src/ov5640.c ****         tmp = 0x18;
1285:Core/Src/ov5640.c ****         ret = ov5640_write_reg(&pObj->Ctx, OV5640_SDE_CTRL0, &tmp, 1);
1286:Core/Src/ov5640.c ****       }
1287:Core/Src/ov5640.c ****       if (ret == OV5640_OK)
1288:Core/Src/ov5640.c ****       {
1289:Core/Src/ov5640.c ****         tmp = 0x80;
1290:Core/Src/ov5640.c ****         ret = ov5640_write_reg(&pObj->Ctx, OV5640_SDE_CTRL3, &tmp, 1);
1291:Core/Src/ov5640.c ****       }
1292:Core/Src/ov5640.c ****       if (ret == OV5640_OK)
1293:Core/Src/ov5640.c ****       {
1294:Core/Src/ov5640.c ****         tmp = 0xC0;
1295:Core/Src/ov5640.c ****         ret = ov5640_write_reg(&pObj->Ctx, OV5640_SDE_CTRL4, &tmp, 1);
1296:Core/Src/ov5640.c ****       }
1297:Core/Src/ov5640.c **** 
1298:Core/Src/ov5640.c ****       if (ret != OV5640_OK)
1299:Core/Src/ov5640.c ****       {
1300:Core/Src/ov5640.c ****         ret = OV5640_ERROR;
1301:Core/Src/ov5640.c ****       }
1302:Core/Src/ov5640.c ****       break;
1303:Core/Src/ov5640.c **** 
1304:Core/Src/ov5640.c ****     case OV5640_COLOR_EFFECT_GREEN:
1305:Core/Src/ov5640.c ****       tmp = 0xFF;
1306:Core/Src/ov5640.c ****       ret = ov5640_write_reg(&pObj->Ctx, OV5640_ISP_CONTROL01, &tmp, 1);
1307:Core/Src/ov5640.c **** 
1308:Core/Src/ov5640.c ****       if (ret == OV5640_OK)
1309:Core/Src/ov5640.c ****       {
1310:Core/Src/ov5640.c ****         tmp = 0x18;
1311:Core/Src/ov5640.c ****         ret = ov5640_write_reg(&pObj->Ctx, OV5640_SDE_CTRL0, &tmp, 1);
1312:Core/Src/ov5640.c ****       }
1313:Core/Src/ov5640.c ****       if (ret == OV5640_OK)
1314:Core/Src/ov5640.c ****       {
1315:Core/Src/ov5640.c ****         tmp = 0x60;
1316:Core/Src/ov5640.c ****         ret = ov5640_write_reg(&pObj->Ctx, OV5640_SDE_CTRL3, &tmp, 1);
1317:Core/Src/ov5640.c ****       }
1318:Core/Src/ov5640.c ****       if (ret == OV5640_OK)
1319:Core/Src/ov5640.c ****       {
1320:Core/Src/ov5640.c ****         tmp = 0x60;
1321:Core/Src/ov5640.c ****         ret = ov5640_write_reg(&pObj->Ctx, OV5640_SDE_CTRL4, &tmp, 1);
1322:Core/Src/ov5640.c ****       }
1323:Core/Src/ov5640.c **** 
1324:Core/Src/ov5640.c ****       if (ret != OV5640_OK)
1325:Core/Src/ov5640.c ****       {
1326:Core/Src/ov5640.c ****         ret = OV5640_ERROR;
1327:Core/Src/ov5640.c ****       }
ARM GAS  /tmp/ccy24VEl.s 			page 27


1328:Core/Src/ov5640.c ****       break;
1329:Core/Src/ov5640.c **** 
1330:Core/Src/ov5640.c ****     case OV5640_COLOR_EFFECT_BW:
1331:Core/Src/ov5640.c ****       tmp = 0xFF;
1332:Core/Src/ov5640.c ****       ret = ov5640_write_reg(&pObj->Ctx, OV5640_ISP_CONTROL01, &tmp, 1);
1333:Core/Src/ov5640.c **** 
1334:Core/Src/ov5640.c ****       if (ret == OV5640_OK)
1335:Core/Src/ov5640.c ****       {
1336:Core/Src/ov5640.c ****         tmp = 0x18;
1337:Core/Src/ov5640.c ****         ret = ov5640_write_reg(&pObj->Ctx, OV5640_SDE_CTRL0, &tmp, 1);
1338:Core/Src/ov5640.c ****       }
1339:Core/Src/ov5640.c ****       if (ret == OV5640_OK)
1340:Core/Src/ov5640.c ****       {
1341:Core/Src/ov5640.c ****         tmp = 0x80;
1342:Core/Src/ov5640.c ****         ret = ov5640_write_reg(&pObj->Ctx, OV5640_SDE_CTRL3, &tmp, 1);
1343:Core/Src/ov5640.c ****       }
1344:Core/Src/ov5640.c ****       if (ret == OV5640_OK)
1345:Core/Src/ov5640.c ****       {
1346:Core/Src/ov5640.c ****         tmp = 0x80;
1347:Core/Src/ov5640.c ****         ret = ov5640_write_reg(&pObj->Ctx, OV5640_SDE_CTRL4, &tmp, 1);
1348:Core/Src/ov5640.c ****       }
1349:Core/Src/ov5640.c **** 
1350:Core/Src/ov5640.c ****       if (ret != OV5640_OK)
1351:Core/Src/ov5640.c ****       {
1352:Core/Src/ov5640.c ****         ret = OV5640_ERROR;
1353:Core/Src/ov5640.c ****       }
1354:Core/Src/ov5640.c ****       break;
1355:Core/Src/ov5640.c **** 
1356:Core/Src/ov5640.c ****     case OV5640_COLOR_EFFECT_SEPIA:
1357:Core/Src/ov5640.c ****       tmp = 0xFF;
1358:Core/Src/ov5640.c ****       ret = ov5640_write_reg(&pObj->Ctx, OV5640_ISP_CONTROL01, &tmp, 1);
1359:Core/Src/ov5640.c **** 
1360:Core/Src/ov5640.c ****       if (ret == OV5640_OK)
1361:Core/Src/ov5640.c ****       {
1362:Core/Src/ov5640.c ****         tmp = 0x18;
1363:Core/Src/ov5640.c ****         ret = ov5640_write_reg(&pObj->Ctx, OV5640_SDE_CTRL0, &tmp, 1);
1364:Core/Src/ov5640.c ****       }
1365:Core/Src/ov5640.c ****       if (ret == OV5640_OK)
1366:Core/Src/ov5640.c ****       {
1367:Core/Src/ov5640.c ****         tmp = 0x40;
1368:Core/Src/ov5640.c ****         ret = ov5640_write_reg(&pObj->Ctx, OV5640_SDE_CTRL3, &tmp, 1);
1369:Core/Src/ov5640.c ****       }
1370:Core/Src/ov5640.c ****       if (ret == OV5640_OK)
1371:Core/Src/ov5640.c ****       {
1372:Core/Src/ov5640.c ****         tmp = 0xA0;
1373:Core/Src/ov5640.c ****         ret = ov5640_write_reg(&pObj->Ctx, OV5640_SDE_CTRL4, &tmp, 1);
1374:Core/Src/ov5640.c ****       }
1375:Core/Src/ov5640.c **** 
1376:Core/Src/ov5640.c ****       if (ret != OV5640_OK)
1377:Core/Src/ov5640.c ****       {
1378:Core/Src/ov5640.c ****         ret = OV5640_ERROR;
1379:Core/Src/ov5640.c ****       }
1380:Core/Src/ov5640.c ****       break;
1381:Core/Src/ov5640.c **** 
1382:Core/Src/ov5640.c ****     case OV5640_COLOR_EFFECT_NEGATIVE:
1383:Core/Src/ov5640.c ****       tmp = 0xFF;
1384:Core/Src/ov5640.c ****       ret = ov5640_write_reg(&pObj->Ctx, OV5640_ISP_CONTROL01, &tmp, 1);
ARM GAS  /tmp/ccy24VEl.s 			page 28


1385:Core/Src/ov5640.c **** 
1386:Core/Src/ov5640.c ****       if (ret == OV5640_OK)
1387:Core/Src/ov5640.c ****       {
1388:Core/Src/ov5640.c ****         tmp = 0x40;
1389:Core/Src/ov5640.c ****         ret = ov5640_write_reg(&pObj->Ctx, OV5640_SDE_CTRL0, &tmp, 1);
1390:Core/Src/ov5640.c ****       }
1391:Core/Src/ov5640.c ****       if (ret != OV5640_OK)
1392:Core/Src/ov5640.c ****       {
1393:Core/Src/ov5640.c ****         ret = OV5640_ERROR;
1394:Core/Src/ov5640.c ****       }
1395:Core/Src/ov5640.c ****       break;
1396:Core/Src/ov5640.c **** 
1397:Core/Src/ov5640.c ****     case OV5640_COLOR_EFFECT_NONE:
1398:Core/Src/ov5640.c ****     default :
1399:Core/Src/ov5640.c ****       tmp = 0x7F;
1400:Core/Src/ov5640.c ****       ret = ov5640_write_reg(&pObj->Ctx, OV5640_ISP_CONTROL01, &tmp, 1);
1401:Core/Src/ov5640.c **** 
1402:Core/Src/ov5640.c ****       if (ret == OV5640_OK)
1403:Core/Src/ov5640.c ****       {
1404:Core/Src/ov5640.c ****         tmp = 0x00;
1405:Core/Src/ov5640.c ****         ret = ov5640_write_reg(&pObj->Ctx, OV5640_SDE_CTRL0, &tmp, 1);
1406:Core/Src/ov5640.c ****       }
1407:Core/Src/ov5640.c **** 
1408:Core/Src/ov5640.c ****       if (ret != OV5640_OK)
1409:Core/Src/ov5640.c ****       {
1410:Core/Src/ov5640.c ****         ret = OV5640_ERROR;
1411:Core/Src/ov5640.c ****       }
1412:Core/Src/ov5640.c **** 
1413:Core/Src/ov5640.c ****       break;
1414:Core/Src/ov5640.c ****   }
1415:Core/Src/ov5640.c **** 
1416:Core/Src/ov5640.c ****   return ret;
1417:Core/Src/ov5640.c **** }
1418:Core/Src/ov5640.c **** 
1419:Core/Src/ov5640.c **** /**
1420:Core/Src/ov5640.c ****   * @brief  Set the OV5640 camera Brightness Level.
1421:Core/Src/ov5640.c ****   * @note   The brightness of OV5640 could be adjusted. Higher brightness will
1422:Core/Src/ov5640.c ****   *         make the picture more bright. The side effect of higher brightness
1423:Core/Src/ov5640.c ****   *         is the picture looks foggy.
1424:Core/Src/ov5640.c ****   * @param  pObj  pointer to component object
1425:Core/Src/ov5640.c ****   * @param  Level Value to be configured
1426:Core/Src/ov5640.c ****   * @retval Component status
1427:Core/Src/ov5640.c ****   */
1428:Core/Src/ov5640.c **** int32_t OV5640_SetBrightness(OV5640_Object_t *pObj, int32_t Level)
1429:Core/Src/ov5640.c **** {
1430:Core/Src/ov5640.c ****   int32_t ret;
1431:Core/Src/ov5640.c ****   const uint8_t brightness_level[] = {0x40U, 0x30U, 0x20U, 0x10U, 0x00U, 0x10U, 0x20U, 0x30U, 0x40U
1432:Core/Src/ov5640.c ****   uint8_t tmp;
1433:Core/Src/ov5640.c **** 
1434:Core/Src/ov5640.c ****   tmp = 0xFF;
1435:Core/Src/ov5640.c ****   ret = ov5640_write_reg(&pObj->Ctx, OV5640_ISP_CONTROL01, &tmp, 1);
1436:Core/Src/ov5640.c **** 
1437:Core/Src/ov5640.c ****   if (ret == OV5640_OK)
1438:Core/Src/ov5640.c ****   {
1439:Core/Src/ov5640.c ****     tmp = brightness_level[Level + 4];
1440:Core/Src/ov5640.c ****     ret = ov5640_write_reg(&pObj->Ctx, OV5640_SDE_CTRL7, &tmp, 1);
1441:Core/Src/ov5640.c ****   }
ARM GAS  /tmp/ccy24VEl.s 			page 29


1442:Core/Src/ov5640.c ****   if (ret == OV5640_OK)
1443:Core/Src/ov5640.c ****   {
1444:Core/Src/ov5640.c ****     tmp = 0x04;
1445:Core/Src/ov5640.c ****     ret = ov5640_write_reg(&pObj->Ctx, OV5640_SDE_CTRL0, &tmp, 1);
1446:Core/Src/ov5640.c ****   }
1447:Core/Src/ov5640.c **** 
1448:Core/Src/ov5640.c ****   if (ret == OV5640_OK)
1449:Core/Src/ov5640.c ****   {
1450:Core/Src/ov5640.c ****     if (Level < 0)
1451:Core/Src/ov5640.c ****     {
1452:Core/Src/ov5640.c ****       tmp = 0x01;
1453:Core/Src/ov5640.c ****       if (ov5640_write_reg(&pObj->Ctx, OV5640_SDE_CTRL8, &tmp, 1) != OV5640_OK)
1454:Core/Src/ov5640.c ****       {
1455:Core/Src/ov5640.c ****         ret = OV5640_ERROR;
1456:Core/Src/ov5640.c ****       }
1457:Core/Src/ov5640.c ****     }
1458:Core/Src/ov5640.c ****     else
1459:Core/Src/ov5640.c ****     {
1460:Core/Src/ov5640.c ****       tmp = 0x09;
1461:Core/Src/ov5640.c ****       if (ov5640_write_reg(&pObj->Ctx, OV5640_SDE_CTRL8, &tmp, 1) != OV5640_OK)
1462:Core/Src/ov5640.c ****       {
1463:Core/Src/ov5640.c ****         ret = OV5640_ERROR;
1464:Core/Src/ov5640.c ****       }
1465:Core/Src/ov5640.c ****     }
1466:Core/Src/ov5640.c ****   }
1467:Core/Src/ov5640.c **** 
1468:Core/Src/ov5640.c ****   return ret;
1469:Core/Src/ov5640.c **** }
1470:Core/Src/ov5640.c **** 
1471:Core/Src/ov5640.c **** /**
1472:Core/Src/ov5640.c ****   * @brief  Set the OV5640 camera Saturation Level.
1473:Core/Src/ov5640.c ****   * @note   The color saturation of OV5640 could be adjusted. High color saturation
1474:Core/Src/ov5640.c ****   *         would make the picture looks more vivid, but the side effect is the
1475:Core/Src/ov5640.c ****   *         bigger noise and not accurate skin color.
1476:Core/Src/ov5640.c ****   * @param  pObj  pointer to component object
1477:Core/Src/ov5640.c ****   * @param  Level Value to be configured
1478:Core/Src/ov5640.c ****   * @retval Component status
1479:Core/Src/ov5640.c ****   */
1480:Core/Src/ov5640.c **** int32_t OV5640_SetSaturation(OV5640_Object_t *pObj, int32_t Level)
1481:Core/Src/ov5640.c **** {
1482:Core/Src/ov5640.c ****   int32_t ret;
1483:Core/Src/ov5640.c ****   const uint8_t saturation_level[] = {0x00U, 0x10U, 0x20U, 0x30U, 0x80U, 0x70U, 0x60U, 0x50U, 0x40U
1484:Core/Src/ov5640.c ****   uint8_t tmp;
1485:Core/Src/ov5640.c **** 
1486:Core/Src/ov5640.c ****   tmp = 0xFF;
1487:Core/Src/ov5640.c ****   ret = ov5640_write_reg(&pObj->Ctx, OV5640_ISP_CONTROL01, &tmp, 1);
1488:Core/Src/ov5640.c **** 
1489:Core/Src/ov5640.c ****   if (ret == OV5640_OK)
1490:Core/Src/ov5640.c ****   {
1491:Core/Src/ov5640.c ****     tmp = saturation_level[Level + 4];
1492:Core/Src/ov5640.c ****     ret = ov5640_write_reg(&pObj->Ctx, OV5640_SDE_CTRL3, &tmp, 1);
1493:Core/Src/ov5640.c ****   }
1494:Core/Src/ov5640.c ****   if (ret == OV5640_OK)
1495:Core/Src/ov5640.c ****   {
1496:Core/Src/ov5640.c ****     ret = ov5640_write_reg(&pObj->Ctx, OV5640_SDE_CTRL4, &tmp, 1);
1497:Core/Src/ov5640.c ****   }
1498:Core/Src/ov5640.c ****   if (ret == OV5640_OK)
ARM GAS  /tmp/ccy24VEl.s 			page 30


1499:Core/Src/ov5640.c ****   {
1500:Core/Src/ov5640.c ****     tmp = 0x02;
1501:Core/Src/ov5640.c ****     ret = ov5640_write_reg(&pObj->Ctx, OV5640_SDE_CTRL0, &tmp, 1);
1502:Core/Src/ov5640.c ****   }
1503:Core/Src/ov5640.c **** 
1504:Core/Src/ov5640.c ****   if (ret == OV5640_OK)
1505:Core/Src/ov5640.c ****   {
1506:Core/Src/ov5640.c ****     tmp = 0x41;
1507:Core/Src/ov5640.c ****     ret = ov5640_write_reg(&pObj->Ctx, OV5640_SDE_CTRL8, &tmp, 1);
1508:Core/Src/ov5640.c ****   }
1509:Core/Src/ov5640.c **** 
1510:Core/Src/ov5640.c ****   if (ret != OV5640_OK)
1511:Core/Src/ov5640.c ****   {
1512:Core/Src/ov5640.c ****     ret = OV5640_ERROR;
1513:Core/Src/ov5640.c ****   }
1514:Core/Src/ov5640.c **** 
1515:Core/Src/ov5640.c ****   return ret;
1516:Core/Src/ov5640.c **** }
1517:Core/Src/ov5640.c **** 
1518:Core/Src/ov5640.c **** /**
1519:Core/Src/ov5640.c ****   * @brief  Set the OV5640 camera Contrast Level.
1520:Core/Src/ov5640.c ****   * @note   The contrast of OV5640 could be adjusted. Higher contrast will make
1521:Core/Src/ov5640.c ****   *         the picture sharp. But the side effect is losing dynamic range.
1522:Core/Src/ov5640.c ****   * @param  pObj  pointer to component object
1523:Core/Src/ov5640.c ****   * @param  Level Value to be configured
1524:Core/Src/ov5640.c ****   * @retval Component status
1525:Core/Src/ov5640.c ****   */
1526:Core/Src/ov5640.c **** int32_t OV5640_SetContrast(OV5640_Object_t *pObj, int32_t Level)
1527:Core/Src/ov5640.c **** {
1528:Core/Src/ov5640.c ****   int32_t ret;
1529:Core/Src/ov5640.c ****   const uint8_t contrast_level[] = {0x10U, 0x14U, 0x18U, 0x1CU, 0x20U, 0x24U, 0x28U, 0x2CU, 0x30U};
1530:Core/Src/ov5640.c ****   uint8_t tmp;
1531:Core/Src/ov5640.c **** 
1532:Core/Src/ov5640.c ****   tmp = 0xFF;
1533:Core/Src/ov5640.c ****   ret = ov5640_write_reg(&pObj->Ctx, OV5640_ISP_CONTROL01, &tmp, 1);
1534:Core/Src/ov5640.c **** 
1535:Core/Src/ov5640.c ****   if (ret == OV5640_OK)
1536:Core/Src/ov5640.c ****   {
1537:Core/Src/ov5640.c ****     tmp = 0x04;
1538:Core/Src/ov5640.c ****     ret = ov5640_write_reg(&pObj->Ctx, OV5640_SDE_CTRL0, &tmp, 1);
1539:Core/Src/ov5640.c ****   }
1540:Core/Src/ov5640.c ****   if (ret == OV5640_OK)
1541:Core/Src/ov5640.c ****   {
1542:Core/Src/ov5640.c ****     tmp = contrast_level[Level + 4];
1543:Core/Src/ov5640.c ****     ret = ov5640_write_reg(&pObj->Ctx, OV5640_SDE_CTRL6, &tmp, 1);
1544:Core/Src/ov5640.c ****   }
1545:Core/Src/ov5640.c ****   if (ret == OV5640_OK)
1546:Core/Src/ov5640.c ****   {
1547:Core/Src/ov5640.c ****     ret = ov5640_write_reg(&pObj->Ctx, OV5640_SDE_CTRL5, &tmp, 1);
1548:Core/Src/ov5640.c ****   }
1549:Core/Src/ov5640.c ****   if (ret == OV5640_OK)
1550:Core/Src/ov5640.c ****   {
1551:Core/Src/ov5640.c ****     tmp = 0x41;
1552:Core/Src/ov5640.c ****     ret = ov5640_write_reg(&pObj->Ctx, OV5640_SDE_CTRL8, &tmp, 1);
1553:Core/Src/ov5640.c ****   }
1554:Core/Src/ov5640.c **** 
1555:Core/Src/ov5640.c ****   if (ret != OV5640_OK)
ARM GAS  /tmp/ccy24VEl.s 			page 31


1556:Core/Src/ov5640.c ****   {
1557:Core/Src/ov5640.c ****     ret = OV5640_ERROR;
1558:Core/Src/ov5640.c ****   }
1559:Core/Src/ov5640.c **** 
1560:Core/Src/ov5640.c ****   return ret;
1561:Core/Src/ov5640.c **** }
1562:Core/Src/ov5640.c **** 
1563:Core/Src/ov5640.c **** /**
1564:Core/Src/ov5640.c ****   * @brief  Set the OV5640 camera Hue degree.
1565:Core/Src/ov5640.c ****   * @param  pObj  pointer to component object
1566:Core/Src/ov5640.c ****   * @param  Level Value to be configured
1567:Core/Src/ov5640.c ****   * @retval Component status
1568:Core/Src/ov5640.c ****   */
1569:Core/Src/ov5640.c **** int32_t OV5640_SetHueDegree(OV5640_Object_t *pObj, int32_t Degree)
1570:Core/Src/ov5640.c **** {
1571:Core/Src/ov5640.c ****   int32_t ret;
1572:Core/Src/ov5640.c ****   const uint8_t hue_degree_ctrl1[] = {0x80U, 0x6FU, 0x40U, 0x00U, 0x40U, 0x6FU, 0x80U, 0x6FU, 0x40U
1573:Core/Src/ov5640.c ****                                       0x6FU
1574:Core/Src/ov5640.c ****                                      };
1575:Core/Src/ov5640.c ****   const uint8_t hue_degree_ctrl2[] = {0x00U, 0x40U, 0x6FU, 0x80U, 0x6FU, 0x40U, 0x00U, 0x40U, 0x6FU
1576:Core/Src/ov5640.c ****                                       0x40U
1577:Core/Src/ov5640.c ****                                      };
1578:Core/Src/ov5640.c ****   const uint8_t hue_degree_ctrl8[] = {0x32U, 0x32U, 0x32U, 0x02U, 0x02U, 0x02U, 0x01U, 0x01U, 0x01U
1579:Core/Src/ov5640.c ****                                       0x31U
1580:Core/Src/ov5640.c ****                                      };
1581:Core/Src/ov5640.c ****   uint8_t tmp;
1582:Core/Src/ov5640.c **** 
1583:Core/Src/ov5640.c ****   tmp = 0xFF;
1584:Core/Src/ov5640.c ****   ret = ov5640_write_reg(&pObj->Ctx, OV5640_ISP_CONTROL01, &tmp, 1);
1585:Core/Src/ov5640.c **** 
1586:Core/Src/ov5640.c ****   if (ret == OV5640_OK)
1587:Core/Src/ov5640.c ****   {
1588:Core/Src/ov5640.c ****     tmp = 0x01;
1589:Core/Src/ov5640.c ****     ret = ov5640_write_reg(&pObj->Ctx, OV5640_SDE_CTRL0, &tmp, 1);
1590:Core/Src/ov5640.c ****   }
1591:Core/Src/ov5640.c ****   if (ret == OV5640_OK)
1592:Core/Src/ov5640.c ****   {
1593:Core/Src/ov5640.c ****     tmp = hue_degree_ctrl1[Degree + 6];
1594:Core/Src/ov5640.c ****     ret = ov5640_write_reg(&pObj->Ctx, OV5640_SDE_CTRL1, &tmp, 1);
1595:Core/Src/ov5640.c ****   }
1596:Core/Src/ov5640.c ****   if (ret == OV5640_OK)
1597:Core/Src/ov5640.c ****   {
1598:Core/Src/ov5640.c ****     tmp = hue_degree_ctrl2[Degree + 6];
1599:Core/Src/ov5640.c ****     ret = ov5640_write_reg(&pObj->Ctx, OV5640_SDE_CTRL2, &tmp, 1);
1600:Core/Src/ov5640.c ****   }
1601:Core/Src/ov5640.c ****   if (ret == OV5640_OK)
1602:Core/Src/ov5640.c ****   {
1603:Core/Src/ov5640.c ****     tmp = hue_degree_ctrl8[Degree + 6];
1604:Core/Src/ov5640.c ****     ret = ov5640_write_reg(&pObj->Ctx, OV5640_SDE_CTRL8, &tmp, 1);
1605:Core/Src/ov5640.c ****   }
1606:Core/Src/ov5640.c **** 
1607:Core/Src/ov5640.c ****   if (ret != OV5640_OK)
1608:Core/Src/ov5640.c ****   {
1609:Core/Src/ov5640.c ****     ret = OV5640_ERROR;
1610:Core/Src/ov5640.c ****   }
1611:Core/Src/ov5640.c **** 
1612:Core/Src/ov5640.c ****   return ret;
ARM GAS  /tmp/ccy24VEl.s 			page 32


1613:Core/Src/ov5640.c **** }
1614:Core/Src/ov5640.c **** 
1615:Core/Src/ov5640.c **** /**
1616:Core/Src/ov5640.c ****   * @brief  Control OV5640 camera mirror/vflip.
1617:Core/Src/ov5640.c ****   * @param  pObj  pointer to component object
1618:Core/Src/ov5640.c ****   * @param  Config To configure mirror, flip, both or none
1619:Core/Src/ov5640.c ****   * @retval Component status
1620:Core/Src/ov5640.c ****   */
1621:Core/Src/ov5640.c **** int32_t OV5640_MirrorFlipConfig(OV5640_Object_t *pObj, uint32_t Config)
1622:Core/Src/ov5640.c **** {
1623:Core/Src/ov5640.c ****   int32_t ret;
1624:Core/Src/ov5640.c ****   uint8_t tmp3820 = 0;
1625:Core/Src/ov5640.c ****   uint8_t tmp3821;
1626:Core/Src/ov5640.c **** 
1627:Core/Src/ov5640.c ****   if (ov5640_read_reg(&pObj->Ctx, OV5640_TIMING_TC_REG20, &tmp3820, 1) != OV5640_OK)
1628:Core/Src/ov5640.c ****   {
1629:Core/Src/ov5640.c ****     ret = OV5640_ERROR;
1630:Core/Src/ov5640.c ****   }
1631:Core/Src/ov5640.c ****   else
1632:Core/Src/ov5640.c ****   {
1633:Core/Src/ov5640.c ****     tmp3820 &= 0xF9U;
1634:Core/Src/ov5640.c **** 
1635:Core/Src/ov5640.c ****     if (ov5640_read_reg(&pObj->Ctx, OV5640_TIMING_TC_REG21, &tmp3821, 1) != OV5640_OK)
1636:Core/Src/ov5640.c ****     {
1637:Core/Src/ov5640.c ****       ret = OV5640_ERROR;
1638:Core/Src/ov5640.c ****     }
1639:Core/Src/ov5640.c ****     else
1640:Core/Src/ov5640.c ****     {
1641:Core/Src/ov5640.c ****       ret = OV5640_OK;
1642:Core/Src/ov5640.c ****       tmp3821 &= 0xF9U;
1643:Core/Src/ov5640.c **** 
1644:Core/Src/ov5640.c ****       switch (Config)
1645:Core/Src/ov5640.c ****       {
1646:Core/Src/ov5640.c ****         case OV5640_MIRROR:
1647:Core/Src/ov5640.c ****           if (ov5640_write_reg(&pObj->Ctx, OV5640_TIMING_TC_REG20, &tmp3820, 1) != OV5640_OK)
1648:Core/Src/ov5640.c ****           {
1649:Core/Src/ov5640.c ****             ret = OV5640_ERROR;
1650:Core/Src/ov5640.c ****           }
1651:Core/Src/ov5640.c ****           else
1652:Core/Src/ov5640.c ****           {
1653:Core/Src/ov5640.c ****             tmp3821 |= 0x06U;
1654:Core/Src/ov5640.c ****             if (ov5640_write_reg(&pObj->Ctx, OV5640_TIMING_TC_REG21, &tmp3821, 1) != OV5640_OK)
1655:Core/Src/ov5640.c ****             {
1656:Core/Src/ov5640.c ****               ret = OV5640_ERROR;
1657:Core/Src/ov5640.c ****             }
1658:Core/Src/ov5640.c ****           }
1659:Core/Src/ov5640.c ****           break;
1660:Core/Src/ov5640.c ****         case OV5640_FLIP:
1661:Core/Src/ov5640.c ****           tmp3820 |= 0x06U;
1662:Core/Src/ov5640.c ****           if (ov5640_write_reg(&pObj->Ctx, OV5640_TIMING_TC_REG20, &tmp3820, 1) != OV5640_OK)
1663:Core/Src/ov5640.c ****           {
1664:Core/Src/ov5640.c ****             ret = OV5640_ERROR;
1665:Core/Src/ov5640.c ****           }
1666:Core/Src/ov5640.c ****           else
1667:Core/Src/ov5640.c ****           {
1668:Core/Src/ov5640.c ****             if (ov5640_write_reg(&pObj->Ctx, OV5640_TIMING_TC_REG21, &tmp3821, 1) != OV5640_OK)
1669:Core/Src/ov5640.c ****             {
ARM GAS  /tmp/ccy24VEl.s 			page 33


1670:Core/Src/ov5640.c ****               ret = OV5640_ERROR;
1671:Core/Src/ov5640.c ****             }
1672:Core/Src/ov5640.c ****           }
1673:Core/Src/ov5640.c ****           break;
1674:Core/Src/ov5640.c ****         case OV5640_MIRROR_FLIP:
1675:Core/Src/ov5640.c ****           tmp3820 |= 0x06U;
1676:Core/Src/ov5640.c ****           if (ov5640_write_reg(&pObj->Ctx, OV5640_TIMING_TC_REG20, &tmp3820, 1) != OV5640_OK)
1677:Core/Src/ov5640.c ****           {
1678:Core/Src/ov5640.c ****             ret = OV5640_ERROR;
1679:Core/Src/ov5640.c ****           }
1680:Core/Src/ov5640.c ****           else
1681:Core/Src/ov5640.c ****           {
1682:Core/Src/ov5640.c ****             tmp3821 |= 0x06U;
1683:Core/Src/ov5640.c ****             if (ov5640_write_reg(&pObj->Ctx, OV5640_TIMING_TC_REG21, &tmp3821, 1) != OV5640_OK)
1684:Core/Src/ov5640.c ****             {
1685:Core/Src/ov5640.c ****               ret = OV5640_ERROR;
1686:Core/Src/ov5640.c ****             }
1687:Core/Src/ov5640.c ****           }
1688:Core/Src/ov5640.c ****           break;
1689:Core/Src/ov5640.c **** 
1690:Core/Src/ov5640.c ****         case OV5640_MIRROR_FLIP_NONE:
1691:Core/Src/ov5640.c ****         default:
1692:Core/Src/ov5640.c ****           if (ov5640_write_reg(&pObj->Ctx, OV5640_TIMING_TC_REG20, &tmp3820, 1) != OV5640_OK)
1693:Core/Src/ov5640.c ****           {
1694:Core/Src/ov5640.c ****             ret = OV5640_ERROR;
1695:Core/Src/ov5640.c ****           }
1696:Core/Src/ov5640.c ****           else
1697:Core/Src/ov5640.c ****           {
1698:Core/Src/ov5640.c ****             if (ov5640_write_reg(&pObj->Ctx, OV5640_TIMING_TC_REG21, &tmp3821, 1) != OV5640_OK)
1699:Core/Src/ov5640.c ****             {
1700:Core/Src/ov5640.c ****               ret = OV5640_ERROR;
1701:Core/Src/ov5640.c ****             }
1702:Core/Src/ov5640.c ****           }
1703:Core/Src/ov5640.c ****           break;
1704:Core/Src/ov5640.c ****       }
1705:Core/Src/ov5640.c ****     }
1706:Core/Src/ov5640.c ****   }
1707:Core/Src/ov5640.c **** 
1708:Core/Src/ov5640.c ****   return ret;
1709:Core/Src/ov5640.c **** }
1710:Core/Src/ov5640.c **** 
1711:Core/Src/ov5640.c **** /**
1712:Core/Src/ov5640.c ****   * @brief  Control OV5640 camera zooming.
1713:Core/Src/ov5640.c ****   * @param  pObj  pointer to component object
1714:Core/Src/ov5640.c ****   * @param  Zoom  Zoom to be configured
1715:Core/Src/ov5640.c ****   * @retval Component status
1716:Core/Src/ov5640.c ****   */
1717:Core/Src/ov5640.c **** int32_t OV5640_ZoomConfig(OV5640_Object_t *pObj, uint32_t Zoom)
1718:Core/Src/ov5640.c **** {
1719:Core/Src/ov5640.c ****   int32_t ret = OV5640_OK;
1720:Core/Src/ov5640.c ****   uint32_t res;
1721:Core/Src/ov5640.c ****   uint32_t zoom;
1722:Core/Src/ov5640.c ****   uint8_t tmp;
1723:Core/Src/ov5640.c **** 
1724:Core/Src/ov5640.c ****   /* Get camera resolution */
1725:Core/Src/ov5640.c ****   if (OV5640_GetResolution(pObj, &res) != OV5640_OK)
1726:Core/Src/ov5640.c ****   {
ARM GAS  /tmp/ccy24VEl.s 			page 34


1727:Core/Src/ov5640.c ****     ret = OV5640_ERROR;
1728:Core/Src/ov5640.c ****   }
1729:Core/Src/ov5640.c ****   else
1730:Core/Src/ov5640.c ****   {
1731:Core/Src/ov5640.c ****     zoom = Zoom;
1732:Core/Src/ov5640.c **** 
1733:Core/Src/ov5640.c ****     if (zoom == OV5640_ZOOM_x1)
1734:Core/Src/ov5640.c ****     {
1735:Core/Src/ov5640.c ****       tmp = 0x10;
1736:Core/Src/ov5640.c ****       if (ov5640_write_reg(&pObj->Ctx, OV5640_SCALE_CTRL0, &tmp, 1) != OV5640_OK)
1737:Core/Src/ov5640.c ****       {
1738:Core/Src/ov5640.c ****         ret = OV5640_ERROR;
1739:Core/Src/ov5640.c ****       }
1740:Core/Src/ov5640.c ****     }
1741:Core/Src/ov5640.c ****     else
1742:Core/Src/ov5640.c ****     {
1743:Core/Src/ov5640.c ****       switch (res)
1744:Core/Src/ov5640.c ****       {
1745:Core/Src/ov5640.c ****         case OV5640_R320x240:
1746:Core/Src/ov5640.c ****         case OV5640_R480x272:
1747:Core/Src/ov5640.c ****           zoom = zoom >> 1U;
1748:Core/Src/ov5640.c ****           break;
1749:Core/Src/ov5640.c ****         case OV5640_R640x480:
1750:Core/Src/ov5640.c ****           zoom = zoom >> 2U;
1751:Core/Src/ov5640.c ****           break;
1752:Core/Src/ov5640.c ****         default:
1753:Core/Src/ov5640.c ****           break;
1754:Core/Src/ov5640.c ****       }
1755:Core/Src/ov5640.c **** 
1756:Core/Src/ov5640.c ****       tmp = 0x00;
1757:Core/Src/ov5640.c ****       if (ov5640_write_reg(&pObj->Ctx, OV5640_SCALE_CTRL0, &tmp, 1) != OV5640_OK)
1758:Core/Src/ov5640.c ****       {
1759:Core/Src/ov5640.c ****         ret = OV5640_ERROR;
1760:Core/Src/ov5640.c ****       }
1761:Core/Src/ov5640.c ****       else
1762:Core/Src/ov5640.c ****       {
1763:Core/Src/ov5640.c ****         tmp = (uint8_t)zoom;
1764:Core/Src/ov5640.c ****         if (ov5640_write_reg(&pObj->Ctx, OV5640_SCALE_CTRL1, &tmp, 1) != OV5640_OK)
1765:Core/Src/ov5640.c ****         {
1766:Core/Src/ov5640.c ****           ret = OV5640_ERROR;
1767:Core/Src/ov5640.c ****         }
1768:Core/Src/ov5640.c ****       }
1769:Core/Src/ov5640.c ****     }
1770:Core/Src/ov5640.c ****   }
1771:Core/Src/ov5640.c **** 
1772:Core/Src/ov5640.c ****   return ret;
1773:Core/Src/ov5640.c **** }
1774:Core/Src/ov5640.c **** 
1775:Core/Src/ov5640.c **** /**
1776:Core/Src/ov5640.c ****   * @brief  Enable/disable the OV5640 camera night mode.
1777:Core/Src/ov5640.c ****   * @param  pObj  pointer to component object
1778:Core/Src/ov5640.c ****   * @param  Cmd   Enable disable night mode
1779:Core/Src/ov5640.c ****   * @retval Component status
1780:Core/Src/ov5640.c ****   */
1781:Core/Src/ov5640.c **** int32_t OV5640_NightModeConfig(OV5640_Object_t *pObj, uint32_t Cmd)
1782:Core/Src/ov5640.c **** {
1783:Core/Src/ov5640.c ****   int32_t ret;
ARM GAS  /tmp/ccy24VEl.s 			page 35


1784:Core/Src/ov5640.c ****   uint8_t tmp = 0;
1785:Core/Src/ov5640.c **** 
1786:Core/Src/ov5640.c ****   if (Cmd == NIGHT_MODE_ENABLE)
1787:Core/Src/ov5640.c ****   {
1788:Core/Src/ov5640.c ****     /* Auto Frame Rate: 15fps ~ 3.75fps night mode for 60/50Hz light environment,
1789:Core/Src/ov5640.c ****     24Mhz clock input,24Mhz PCLK*/
1790:Core/Src/ov5640.c ****     ret = ov5640_write_reg(&pObj->Ctx, OV5640_SC_PLL_CONTRL4, &tmp, 1);
1791:Core/Src/ov5640.c ****     if (ret == OV5640_OK)
1792:Core/Src/ov5640.c ****     {
1793:Core/Src/ov5640.c ****       ret = ov5640_write_reg(&pObj->Ctx, OV5640_SC_PLL_CONTRL5, &tmp, 1);
1794:Core/Src/ov5640.c ****     }
1795:Core/Src/ov5640.c ****     if (ret == OV5640_OK)
1796:Core/Src/ov5640.c ****     {
1797:Core/Src/ov5640.c ****       tmp = 0x7C;
1798:Core/Src/ov5640.c ****       ret = ov5640_write_reg(&pObj->Ctx, OV5640_AEC_CTRL00, &tmp, 1);
1799:Core/Src/ov5640.c ****     }
1800:Core/Src/ov5640.c ****     if (ret == OV5640_OK)
1801:Core/Src/ov5640.c ****     {
1802:Core/Src/ov5640.c ****       tmp = 0x01;
1803:Core/Src/ov5640.c ****       ret = ov5640_write_reg(&pObj->Ctx, OV5640_AEC_B50_STEP_HIGH, &tmp, 1);
1804:Core/Src/ov5640.c ****     }
1805:Core/Src/ov5640.c ****     if (ret == OV5640_OK)
1806:Core/Src/ov5640.c ****     {
1807:Core/Src/ov5640.c ****       tmp = 0x27;
1808:Core/Src/ov5640.c ****       ret = ov5640_write_reg(&pObj->Ctx, OV5640_AEC_B50_STEP_LOW, &tmp, 1);
1809:Core/Src/ov5640.c ****     }
1810:Core/Src/ov5640.c ****     if (ret == OV5640_OK)
1811:Core/Src/ov5640.c ****     {
1812:Core/Src/ov5640.c ****       tmp = 0x00;
1813:Core/Src/ov5640.c ****       ret = ov5640_write_reg(&pObj->Ctx, OV5640_AEC_B60_STEP_HIGH, &tmp, 1);
1814:Core/Src/ov5640.c ****     }
1815:Core/Src/ov5640.c ****     if (ret == OV5640_OK)
1816:Core/Src/ov5640.c ****     {
1817:Core/Src/ov5640.c ****       tmp = 0xF6;
1818:Core/Src/ov5640.c ****       ret = ov5640_write_reg(&pObj->Ctx, OV5640_AEC_B60_STEP_LOW, &tmp, 1);
1819:Core/Src/ov5640.c ****     }
1820:Core/Src/ov5640.c ****     if (ret == OV5640_OK)
1821:Core/Src/ov5640.c ****     {
1822:Core/Src/ov5640.c ****       tmp = 0x04;
1823:Core/Src/ov5640.c ****       ret = ov5640_write_reg(&pObj->Ctx, OV5640_AEC_CTRL0D, &tmp, 1);
1824:Core/Src/ov5640.c ****     }
1825:Core/Src/ov5640.c ****     if (ret == OV5640_OK)
1826:Core/Src/ov5640.c ****     {
1827:Core/Src/ov5640.c ****       ret = ov5640_write_reg(&pObj->Ctx, OV5640_AEC_CTRL0E, &tmp, 1);
1828:Core/Src/ov5640.c ****     }
1829:Core/Src/ov5640.c ****     if (ret == OV5640_OK)
1830:Core/Src/ov5640.c ****     {
1831:Core/Src/ov5640.c ****       tmp = 0x0B;
1832:Core/Src/ov5640.c ****       ret = ov5640_write_reg(&pObj->Ctx, OV5640_AEC_CTRL02, &tmp, 1);
1833:Core/Src/ov5640.c ****     }
1834:Core/Src/ov5640.c ****     if (ret == OV5640_OK)
1835:Core/Src/ov5640.c ****     {
1836:Core/Src/ov5640.c ****       tmp = 0x88;
1837:Core/Src/ov5640.c ****       ret = ov5640_write_reg(&pObj->Ctx, OV5640_AEC_CTRL03, &tmp, 1);
1838:Core/Src/ov5640.c ****     }
1839:Core/Src/ov5640.c ****     if (ret == OV5640_OK)
1840:Core/Src/ov5640.c ****     {
ARM GAS  /tmp/ccy24VEl.s 			page 36


1841:Core/Src/ov5640.c ****       tmp = 0x0B;
1842:Core/Src/ov5640.c ****       ret = ov5640_write_reg(&pObj->Ctx, OV5640_AEC_MAX_EXPO_HIGH, &tmp, 1);
1843:Core/Src/ov5640.c ****     }
1844:Core/Src/ov5640.c ****     if (ret == OV5640_OK)
1845:Core/Src/ov5640.c ****     {
1846:Core/Src/ov5640.c ****       tmp = 0x88;
1847:Core/Src/ov5640.c ****       ret = ov5640_write_reg(&pObj->Ctx, OV5640_AEC_MAX_EXPO_LOW, &tmp, 1);
1848:Core/Src/ov5640.c ****     }
1849:Core/Src/ov5640.c ****     if (ret != OV5640_OK)
1850:Core/Src/ov5640.c ****     {
1851:Core/Src/ov5640.c ****       ret = OV5640_ERROR;
1852:Core/Src/ov5640.c ****     }
1853:Core/Src/ov5640.c ****   }
1854:Core/Src/ov5640.c ****   else
1855:Core/Src/ov5640.c ****   {
1856:Core/Src/ov5640.c ****     if (ov5640_read_reg(&pObj->Ctx, OV5640_AEC_CTRL00, &tmp, 1) != OV5640_OK)
1857:Core/Src/ov5640.c ****     {
1858:Core/Src/ov5640.c ****       ret = OV5640_ERROR;
1859:Core/Src/ov5640.c ****     }
1860:Core/Src/ov5640.c ****     else
1861:Core/Src/ov5640.c ****     {
1862:Core/Src/ov5640.c ****       ret = OV5640_OK;
1863:Core/Src/ov5640.c ****       tmp &= 0xFBU;
1864:Core/Src/ov5640.c ****       /* Set Bit 2 to 0 */
1865:Core/Src/ov5640.c ****       if (ov5640_write_reg(&pObj->Ctx, OV5640_AEC_CTRL00, &tmp, 1) != OV5640_OK)
1866:Core/Src/ov5640.c ****       {
1867:Core/Src/ov5640.c ****         ret = OV5640_ERROR;
1868:Core/Src/ov5640.c ****       }
1869:Core/Src/ov5640.c ****     }
1870:Core/Src/ov5640.c ****   }
1871:Core/Src/ov5640.c **** 
1872:Core/Src/ov5640.c ****   return ret;
1873:Core/Src/ov5640.c **** }
1874:Core/Src/ov5640.c **** /**
1875:Core/Src/ov5640.c ****   * @brief  Configure Embedded Synchronization mode.
1876:Core/Src/ov5640.c ****   * @param  pObj  pointer to component object
1877:Core/Src/ov5640.c ****   * @param  pSyncCodes  pointer to Embedded Codes
1878:Core/Src/ov5640.c ****   * @retval Component status
1879:Core/Src/ov5640.c ****   */
1880:Core/Src/ov5640.c **** 
1881:Core/Src/ov5640.c **** int32_t OV5640_EmbeddedSynchroConfig(OV5640_Object_t *pObj, OV5640_SyncCodes_t *pSyncCodes)
1882:Core/Src/ov5640.c **** {
1883:Core/Src/ov5640.c ****   uint8_t tmp;
1884:Core/Src/ov5640.c ****   int32_t ret = OV5640_ERROR;
1885:Core/Src/ov5640.c **** 
1886:Core/Src/ov5640.c ****   /*[7] : SYNC code from reg 0x4732-0x4732, [1]: Enable Clip ,[0]: Enable CCIR656 */
1887:Core/Src/ov5640.c ****   tmp = 0x83;
1888:Core/Src/ov5640.c ****   if (ov5640_write_reg(&pObj->Ctx, OV5640_CCIR656_CTRL00, &tmp, 1) == OV5640_OK)
1889:Core/Src/ov5640.c ****   {
1890:Core/Src/ov5640.c ****     tmp = pSyncCodes->FrameStartCode;
1891:Core/Src/ov5640.c ****     if (ov5640_write_reg(&pObj->Ctx, OV5640_CCIR656_FS, &tmp, 1) == OV5640_OK)
1892:Core/Src/ov5640.c ****     {
1893:Core/Src/ov5640.c ****       tmp = pSyncCodes->FrameEndCode;
1894:Core/Src/ov5640.c ****       if (ov5640_write_reg(&pObj->Ctx, OV5640_CCIR656_FE, &tmp, 1) != OV5640_OK)
1895:Core/Src/ov5640.c ****       {
1896:Core/Src/ov5640.c ****         return OV5640_ERROR;
1897:Core/Src/ov5640.c ****       }
ARM GAS  /tmp/ccy24VEl.s 			page 37


1898:Core/Src/ov5640.c ****       tmp = pSyncCodes->LineStartCode;
1899:Core/Src/ov5640.c ****       if (ov5640_write_reg(&pObj->Ctx, OV5640_CCIR656_LS, &tmp, 1) == OV5640_OK)
1900:Core/Src/ov5640.c ****       {
1901:Core/Src/ov5640.c ****         tmp = pSyncCodes->LineEndCode;
1902:Core/Src/ov5640.c ****         if (ov5640_write_reg(&pObj->Ctx, OV5640_CCIR656_LE, &tmp, 1) == OV5640_OK)
1903:Core/Src/ov5640.c ****         {
1904:Core/Src/ov5640.c ****           /*Adding 1 dummy line */
1905:Core/Src/ov5640.c ****           tmp = 0x01;
1906:Core/Src/ov5640.c ****           if (ov5640_write_reg(&pObj->Ctx, OV5640_656_DUMMY_LINE, &tmp, 1) == OV5640_OK)
1907:Core/Src/ov5640.c ****           {
1908:Core/Src/ov5640.c ****             ret = OV5640_OK;
1909:Core/Src/ov5640.c ****           }
1910:Core/Src/ov5640.c ****         }
1911:Core/Src/ov5640.c ****       }
1912:Core/Src/ov5640.c ****     }
1913:Core/Src/ov5640.c ****   }
1914:Core/Src/ov5640.c **** 
1915:Core/Src/ov5640.c ****   /* max clip value[9:8], to avoid SYNC code clipping */
1916:Core/Src/ov5640.c ****   tmp = 0x2;
1917:Core/Src/ov5640.c ****   if (ret == OV5640_OK)
1918:Core/Src/ov5640.c ****   {
1919:Core/Src/ov5640.c ****     ret = ov5640_write_reg(&pObj->Ctx, 0x4302, &tmp, 1);
1920:Core/Src/ov5640.c ****   }
1921:Core/Src/ov5640.c ****   if (ret == OV5640_OK)
1922:Core/Src/ov5640.c ****   {
1923:Core/Src/ov5640.c ****     ret = ov5640_write_reg(&pObj->Ctx, 0x4306, &tmp, 1);
1924:Core/Src/ov5640.c ****   }
1925:Core/Src/ov5640.c ****   if (ret == OV5640_OK)
1926:Core/Src/ov5640.c ****   {
1927:Core/Src/ov5640.c ****     ret = ov5640_write_reg(&pObj->Ctx, 0x430A, &tmp, 1);
1928:Core/Src/ov5640.c ****   }
1929:Core/Src/ov5640.c **** 
1930:Core/Src/ov5640.c ****   return ret;
1931:Core/Src/ov5640.c **** }
1932:Core/Src/ov5640.c **** /**
1933:Core/Src/ov5640.c ****   * @brief  Enable/disable the OV5640 color bar mode.
1934:Core/Src/ov5640.c ****   * @param  pObj  pointer to component object
1935:Core/Src/ov5640.c ****   * @param  Cmd   Enable disable colorbar
1936:Core/Src/ov5640.c ****   * @retval Component status
1937:Core/Src/ov5640.c ****   */
1938:Core/Src/ov5640.c **** int32_t OV5640_ColorbarModeConfig(OV5640_Object_t *pObj, uint32_t Cmd)
1939:Core/Src/ov5640.c **** {
1940:Core/Src/ov5640.c ****   int32_t ret;
1941:Core/Src/ov5640.c ****   uint8_t tmp = 0x40;
1942:Core/Src/ov5640.c **** 
1943:Core/Src/ov5640.c ****   if ((Cmd == COLORBAR_MODE_ENABLE) || (Cmd == COLORBAR_MODE_GRADUALV))
1944:Core/Src/ov5640.c ****   {
1945:Core/Src/ov5640.c ****     ret = ov5640_write_reg(&pObj->Ctx, OV5640_SDE_CTRL4, &tmp, 1);
1946:Core/Src/ov5640.c ****     if (ret == OV5640_OK)
1947:Core/Src/ov5640.c ****     {
1948:Core/Src/ov5640.c ****       tmp = (Cmd == COLORBAR_MODE_GRADUALV ? 0x8c : 0x80);
1949:Core/Src/ov5640.c ****       ret = ov5640_write_reg(&pObj->Ctx, OV5640_PRE_ISP_TEST_SETTING1, &tmp, 1);
1950:Core/Src/ov5640.c ****     }
1951:Core/Src/ov5640.c ****     if (ret != OV5640_OK)
1952:Core/Src/ov5640.c ****     {
1953:Core/Src/ov5640.c ****       ret = OV5640_ERROR;
1954:Core/Src/ov5640.c ****     }
ARM GAS  /tmp/ccy24VEl.s 			page 38


1955:Core/Src/ov5640.c ****   }
1956:Core/Src/ov5640.c ****   else
1957:Core/Src/ov5640.c ****   {
1958:Core/Src/ov5640.c ****     tmp = 0x10;
1959:Core/Src/ov5640.c ****     ret = ov5640_write_reg(&pObj->Ctx, OV5640_SDE_CTRL4, &tmp, 1);
1960:Core/Src/ov5640.c ****     if (ret == OV5640_OK)
1961:Core/Src/ov5640.c ****     {
1962:Core/Src/ov5640.c ****       tmp = 0x00;
1963:Core/Src/ov5640.c ****       ret = ov5640_write_reg(&pObj->Ctx, OV5640_PRE_ISP_TEST_SETTING1, &tmp, 1);
1964:Core/Src/ov5640.c ****     }
1965:Core/Src/ov5640.c ****     if (ret != OV5640_OK)
1966:Core/Src/ov5640.c ****     {
1967:Core/Src/ov5640.c ****       ret = OV5640_ERROR;
1968:Core/Src/ov5640.c ****     }
1969:Core/Src/ov5640.c ****   }
1970:Core/Src/ov5640.c **** 
1971:Core/Src/ov5640.c ****   return ret;
1972:Core/Src/ov5640.c **** }
1973:Core/Src/ov5640.c **** 
1974:Core/Src/ov5640.c **** /**
1975:Core/Src/ov5640.c ****   * @brief  Set the camera pixel clock
1976:Core/Src/ov5640.c ****   * @param  pObj  pointer to component object
1977:Core/Src/ov5640.c ****   * @param  ClockValue Can be OV5640_PCLK_48M, OV5640_PCLK_24M, OV5640_PCLK_12M, OV5640_PCLK_9M
1978:Core/Src/ov5640.c ****   *                    OV5640_PCLK_8M, OV5640_PCLK_7M
1979:Core/Src/ov5640.c ****   * @retval Component status
1980:Core/Src/ov5640.c ****   */
1981:Core/Src/ov5640.c **** int32_t OV5640_SetPCLK(OV5640_Object_t *pObj, uint32_t ClockValue)
1982:Core/Src/ov5640.c **** {
1983:Core/Src/ov5640.c ****   int32_t ret;
1984:Core/Src/ov5640.c ****   uint8_t tmp;
1985:Core/Src/ov5640.c **** 
1986:Core/Src/ov5640.c ****   switch (ClockValue)
1987:Core/Src/ov5640.c ****   {
1988:Core/Src/ov5640.c ****     case OV5640_PCLK_7M:
1989:Core/Src/ov5640.c ****       tmp = 0x38;
1990:Core/Src/ov5640.c ****       ret = ov5640_write_reg(&pObj->Ctx, OV5640_SC_PLL_CONTRL2, &tmp, 1);
1991:Core/Src/ov5640.c ****       tmp = 0x16;
1992:Core/Src/ov5640.c ****       ret += ov5640_write_reg(&pObj->Ctx, OV5640_SC_PLL_CONTRL3, &tmp, 1);
1993:Core/Src/ov5640.c ****       break;
1994:Core/Src/ov5640.c ****     case OV5640_PCLK_8M:
1995:Core/Src/ov5640.c ****       tmp = 0x40;
1996:Core/Src/ov5640.c ****       ret = ov5640_write_reg(&pObj->Ctx, OV5640_SC_PLL_CONTRL2, &tmp, 1);
1997:Core/Src/ov5640.c ****       tmp = 0x16;
1998:Core/Src/ov5640.c ****       ret += ov5640_write_reg(&pObj->Ctx, OV5640_SC_PLL_CONTRL3, &tmp, 1);
1999:Core/Src/ov5640.c ****       break;
2000:Core/Src/ov5640.c ****     case OV5640_PCLK_9M:
2001:Core/Src/ov5640.c ****       tmp = 0x60;
2002:Core/Src/ov5640.c ****       ret = ov5640_write_reg(&pObj->Ctx, OV5640_SC_PLL_CONTRL2, &tmp, 1);
2003:Core/Src/ov5640.c ****       tmp = 0x18;
2004:Core/Src/ov5640.c ****       ret += ov5640_write_reg(&pObj->Ctx, OV5640_SC_PLL_CONTRL3, &tmp, 1);
2005:Core/Src/ov5640.c ****       break;
2006:Core/Src/ov5640.c ****     case OV5640_PCLK_12M:
2007:Core/Src/ov5640.c ****       tmp = 0x60;
2008:Core/Src/ov5640.c ****       ret = ov5640_write_reg(&pObj->Ctx, OV5640_SC_PLL_CONTRL2, &tmp, 1);
2009:Core/Src/ov5640.c ****       tmp = 0x16;
2010:Core/Src/ov5640.c ****       ret += ov5640_write_reg(&pObj->Ctx, OV5640_SC_PLL_CONTRL3, &tmp, 1);
2011:Core/Src/ov5640.c ****       break;
ARM GAS  /tmp/ccy24VEl.s 			page 39


2012:Core/Src/ov5640.c ****     case OV5640_PCLK_48M:
2013:Core/Src/ov5640.c ****       tmp = 0x60;
2014:Core/Src/ov5640.c ****       ret = ov5640_write_reg(&pObj->Ctx, OV5640_SC_PLL_CONTRL2, &tmp, 1);
2015:Core/Src/ov5640.c ****       tmp = 0x03;
2016:Core/Src/ov5640.c ****       ret += ov5640_write_reg(&pObj->Ctx, OV5640_SC_PLL_CONTRL3, &tmp, 1);
2017:Core/Src/ov5640.c ****       break;
2018:Core/Src/ov5640.c ****     case OV5640_PCLK_24M:
2019:Core/Src/ov5640.c ****     default:
2020:Core/Src/ov5640.c ****       tmp = 0x60;
2021:Core/Src/ov5640.c ****       ret = ov5640_write_reg(&pObj->Ctx, OV5640_SC_PLL_CONTRL2, &tmp, 1);
2022:Core/Src/ov5640.c ****       tmp = 0x13;
2023:Core/Src/ov5640.c ****       ret += ov5640_write_reg(&pObj->Ctx, OV5640_SC_PLL_CONTRL3, &tmp, 1);
2024:Core/Src/ov5640.c ****       break;
2025:Core/Src/ov5640.c ****   }
2026:Core/Src/ov5640.c **** 
2027:Core/Src/ov5640.c ****   if (ret != OV5640_OK)
2028:Core/Src/ov5640.c ****   {
2029:Core/Src/ov5640.c ****     ret = OV5640_ERROR;
2030:Core/Src/ov5640.c ****   }
2031:Core/Src/ov5640.c **** 
2032:Core/Src/ov5640.c ****   return ret;
2033:Core/Src/ov5640.c **** }
2034:Core/Src/ov5640.c **** 
2035:Core/Src/ov5640.c **** /**
2036:Core/Src/ov5640.c ****   * @brief  Enable DVP(Digital Video Port) Mode: Parallel Data Output
2037:Core/Src/ov5640.c ****   * @param  pObj  pointer to component object
2038:Core/Src/ov5640.c ****   * @retval Component status
2039:Core/Src/ov5640.c ****   */
2040:Core/Src/ov5640.c **** int OV5640_EnableDVPMode(OV5640_Object_t *pObj)
2041:Core/Src/ov5640.c **** {
2042:Core/Src/ov5640.c ****   uint32_t index;
2043:Core/Src/ov5640.c ****   int32_t ret = OV5640_OK;
2044:Core/Src/ov5640.c ****   uint8_t tmp;
2045:Core/Src/ov5640.c **** 
2046:Core/Src/ov5640.c **** 
2047:Core/Src/ov5640.c ****   static const uint16_t regs[10][2] =
2048:Core/Src/ov5640.c ****   {
2049:Core/Src/ov5640.c ****     /* Configure the IO Pad, output FREX/VSYNC/HREF/PCLK/D[9:2]/GPIO0/GPIO1 */
2050:Core/Src/ov5640.c ****     {OV5640_PAD_OUTPUT_ENABLE01, 0xFF},
2051:Core/Src/ov5640.c ****     {OV5640_PAD_OUTPUT_ENABLE02, 0xF3},
2052:Core/Src/ov5640.c ****     {0x302e, 0x00},
2053:Core/Src/ov5640.c ****     /* Unknown DVP control configuration */
2054:Core/Src/ov5640.c ****     {0x471c, 0x50},
2055:Core/Src/ov5640.c ****     {OV5640_MIPI_CONTROL00, 0x58},
2056:Core/Src/ov5640.c ****     /* Timing configuration */
2057:Core/Src/ov5640.c ****     {OV5640_SC_PLL_CONTRL0, 0x18},
2058:Core/Src/ov5640.c ****     {OV5640_SC_PLL_CONTRL1, 0x41},
2059:Core/Src/ov5640.c ****     {OV5640_SC_PLL_CONTRL2, 0x60},
2060:Core/Src/ov5640.c ****     {OV5640_SC_PLL_CONTRL3, 0x13},
2061:Core/Src/ov5640.c ****     {OV5640_SYSTEM_ROOT_DIVIDER, 0x01},
2062:Core/Src/ov5640.c ****   };
2063:Core/Src/ov5640.c **** 
2064:Core/Src/ov5640.c ****   for(index=0; index < sizeof(regs) / 4U ; index++)
2065:Core/Src/ov5640.c ****   {
2066:Core/Src/ov5640.c ****     tmp = (uint8_t)regs[index][1];
2067:Core/Src/ov5640.c ****     if(ov5640_write_reg(&pObj->Ctx, regs[index][0], &tmp, 1) != OV5640_OK)
2068:Core/Src/ov5640.c ****     {
ARM GAS  /tmp/ccy24VEl.s 			page 40


2069:Core/Src/ov5640.c ****       ret = OV5640_ERROR;
2070:Core/Src/ov5640.c ****       break;
2071:Core/Src/ov5640.c ****     }
2072:Core/Src/ov5640.c ****   }
2073:Core/Src/ov5640.c **** 
2074:Core/Src/ov5640.c ****   return ret;
2075:Core/Src/ov5640.c **** }
2076:Core/Src/ov5640.c **** 
2077:Core/Src/ov5640.c **** /**
2078:Core/Src/ov5640.c ****   * @brief  Enable MIPI (Mobile Industry Processor Interface) Mode: Serial port
2079:Core/Src/ov5640.c ****   * @param  pObj  pointer to component object
2080:Core/Src/ov5640.c ****   * @retval Component status
2081:Core/Src/ov5640.c ****   */
2082:Core/Src/ov5640.c **** int32_t OV5640_EnableMIPIMode(OV5640_Object_t *pObj)
2083:Core/Src/ov5640.c **** {
2084:Core/Src/ov5640.c ****   int32_t ret = OV5640_OK;
2085:Core/Src/ov5640.c ****   uint8_t tmp;
2086:Core/Src/ov5640.c ****   uint32_t index;
2087:Core/Src/ov5640.c **** 
2088:Core/Src/ov5640.c ****   static const uint16_t regs[14][2] =
2089:Core/Src/ov5640.c ****   {
2090:Core/Src/ov5640.c ****     /* PAD settings */
2091:Core/Src/ov5640.c ****     {OV5640_PAD_OUTPUT_ENABLE01, 0},
2092:Core/Src/ov5640.c ****     {OV5640_PAD_OUTPUT_ENABLE02, 0},
2093:Core/Src/ov5640.c ****     {0x302e, 0x08},
2094:Core/Src/ov5640.c ****     /* Pixel clock period */
2095:Core/Src/ov5640.c ****     {OV5640_PCLK_PERIOD, 0x23},
2096:Core/Src/ov5640.c ****     /* Timing configuration */
2097:Core/Src/ov5640.c ****     {OV5640_SC_PLL_CONTRL0, 0x18},
2098:Core/Src/ov5640.c ****     {OV5640_SC_PLL_CONTRL1, 0x12},
2099:Core/Src/ov5640.c ****     {OV5640_SC_PLL_CONTRL2, 0x1C},
2100:Core/Src/ov5640.c ****     {OV5640_SC_PLL_CONTRL3, 0x13},
2101:Core/Src/ov5640.c ****     {OV5640_SYSTEM_ROOT_DIVIDER, 0x01},
2102:Core/Src/ov5640.c ****     {0x4814, 0x2a},
2103:Core/Src/ov5640.c ****     {OV5640_MIPI_CTRL00, 0x24},
2104:Core/Src/ov5640.c ****     {OV5640_PAD_OUTPUT_VALUE00, 0x70},
2105:Core/Src/ov5640.c ****     {OV5640_MIPI_CONTROL00, 0x45},
2106:Core/Src/ov5640.c ****     {OV5640_FRAME_CTRL02, 0x00},
2107:Core/Src/ov5640.c ****   };
2108:Core/Src/ov5640.c **** 
2109:Core/Src/ov5640.c ****   for(index=0; index < sizeof(regs) / 4U ; index++)
2110:Core/Src/ov5640.c ****   {
2111:Core/Src/ov5640.c ****     tmp = (uint8_t)regs[index][1];
2112:Core/Src/ov5640.c ****     if(ov5640_write_reg(&pObj->Ctx, regs[index][0], &tmp, 1) != OV5640_OK)
2113:Core/Src/ov5640.c ****     {
2114:Core/Src/ov5640.c ****       ret = OV5640_ERROR;
2115:Core/Src/ov5640.c ****       break;
2116:Core/Src/ov5640.c ****     }
2117:Core/Src/ov5640.c ****   }
2118:Core/Src/ov5640.c **** 
2119:Core/Src/ov5640.c ****   return ret;
2120:Core/Src/ov5640.c **** }
2121:Core/Src/ov5640.c **** 
2122:Core/Src/ov5640.c **** /**
2123:Core/Src/ov5640.c ****   * @brief  Set MIPI VirtualChannel
2124:Core/Src/ov5640.c ****   * @param  pObj  pointer to component object
2125:Core/Src/ov5640.c ****   * @param  vchannel virtual channel for Mipi Mode
ARM GAS  /tmp/ccy24VEl.s 			page 41


2126:Core/Src/ov5640.c ****   * @retval Component status
2127:Core/Src/ov5640.c ****   */
2128:Core/Src/ov5640.c **** int32_t OV5640_SetMIPIVirtualChannel(OV5640_Object_t *pObj, uint32_t vchannel)
2129:Core/Src/ov5640.c **** {
2130:Core/Src/ov5640.c ****   int32_t ret = OV5640_OK;
2131:Core/Src/ov5640.c ****   uint8_t tmp;
2132:Core/Src/ov5640.c **** 
2133:Core/Src/ov5640.c ****   if (ov5640_read_reg(&pObj->Ctx, 0x4814, &tmp, 1) != OV5640_OK)
2134:Core/Src/ov5640.c ****   {
2135:Core/Src/ov5640.c ****     ret = OV5640_ERROR;
2136:Core/Src/ov5640.c ****   }
2137:Core/Src/ov5640.c ****   else
2138:Core/Src/ov5640.c ****   {
2139:Core/Src/ov5640.c ****     tmp &= ~(3 << 6);
2140:Core/Src/ov5640.c ****     tmp |= (vchannel << 6);
2141:Core/Src/ov5640.c ****     if (ov5640_write_reg(&pObj->Ctx, 0x4814, &tmp, 1) != OV5640_OK)
2142:Core/Src/ov5640.c ****     {
2143:Core/Src/ov5640.c ****       ret = OV5640_ERROR;
2144:Core/Src/ov5640.c ****     }
2145:Core/Src/ov5640.c ****   }
2146:Core/Src/ov5640.c **** 
2147:Core/Src/ov5640.c ****   return ret;
2148:Core/Src/ov5640.c **** }
2149:Core/Src/ov5640.c **** 
2150:Core/Src/ov5640.c **** /**
2151:Core/Src/ov5640.c ****   * @brief  Start camera
2152:Core/Src/ov5640.c ****   * @param  pObj  pointer to component object
2153:Core/Src/ov5640.c ****   * @retval Component status
2154:Core/Src/ov5640.c ****   */
2155:Core/Src/ov5640.c **** int32_t OV5640_Start(OV5640_Object_t *pObj)
2156:Core/Src/ov5640.c **** {
2157:Core/Src/ov5640.c ****   uint8_t tmp;
2158:Core/Src/ov5640.c **** 
2159:Core/Src/ov5640.c ****   tmp = 0x2;
2160:Core/Src/ov5640.c ****   return ov5640_write_reg(&pObj->Ctx, OV5640_SYSTEM_CTROL0, &tmp, 1);
2161:Core/Src/ov5640.c **** }
2162:Core/Src/ov5640.c **** 
2163:Core/Src/ov5640.c **** /**
2164:Core/Src/ov5640.c ****   * @brief  Stop camera
2165:Core/Src/ov5640.c ****   * @param  pObj  pointer to component object
2166:Core/Src/ov5640.c ****   * @retval Component status
2167:Core/Src/ov5640.c ****   */
2168:Core/Src/ov5640.c **** int32_t OV5640_Stop(OV5640_Object_t *pObj)
2169:Core/Src/ov5640.c **** {
2170:Core/Src/ov5640.c ****   uint8_t tmp;
2171:Core/Src/ov5640.c **** 
2172:Core/Src/ov5640.c ****   tmp = 0x42;
2173:Core/Src/ov5640.c ****   return ov5640_write_reg(&pObj->Ctx, OV5640_SYSTEM_CTROL0, &tmp, 1);
2174:Core/Src/ov5640.c **** 
2175:Core/Src/ov5640.c **** }
2176:Core/Src/ov5640.c **** 
2177:Core/Src/ov5640.c **** 
2178:Core/Src/ov5640.c **** /**
2179:Core/Src/ov5640.c ****   * @}
2180:Core/Src/ov5640.c ****   */
2181:Core/Src/ov5640.c **** 
2182:Core/Src/ov5640.c **** /** @defgroup OV5640_Private_Functions Private Functions
ARM GAS  /tmp/ccy24VEl.s 			page 42


2183:Core/Src/ov5640.c ****   * @{
2184:Core/Src/ov5640.c ****   */
2185:Core/Src/ov5640.c **** /**
2186:Core/Src/ov5640.c ****   * @brief This function provides accurate delay (in milliseconds)
2187:Core/Src/ov5640.c ****   * @param pObj   pointer to component object
2188:Core/Src/ov5640.c ****   * @param Delay  specifies the delay time length, in milliseconds
2189:Core/Src/ov5640.c ****   * @retval OV5640_OK
2190:Core/Src/ov5640.c ****   */
2191:Core/Src/ov5640.c **** static int32_t OV5640_Delay(OV5640_Object_t *pObj, uint32_t Delay)
2192:Core/Src/ov5640.c **** {
 160              		.loc 1 2192 1 is_stmt 1 view -0
 161              		.cfi_startproc
 162              		@ args = 0, pretend = 0, frame = 0
 163              		@ frame_needed = 0, uses_anonymous_args = 0
 164              		.loc 1 2192 1 is_stmt 0 view .LVU46
 165 0000 70B5     		push	{r4, r5, r6, lr}
 166              	.LCFI0:
 167              		.cfi_def_cfa_offset 16
 168              		.cfi_offset 4, -16
 169              		.cfi_offset 5, -12
 170              		.cfi_offset 6, -8
 171              		.cfi_offset 14, -4
 172 0002 0446     		mov	r4, r0
 173 0004 0E46     		mov	r6, r1
2193:Core/Src/ov5640.c ****   uint32_t tickstart;
 174              		.loc 1 2193 3 is_stmt 1 view .LVU47
2194:Core/Src/ov5640.c ****   tickstart = pObj->IO.GetTick();
 175              		.loc 1 2194 3 view .LVU48
 176              		.loc 1 2194 23 is_stmt 0 view .LVU49
 177 0006 4369     		ldr	r3, [r0, #20]
 178              		.loc 1 2194 15 view .LVU50
 179 0008 9847     		blx	r3
 180              	.LVL11:
 181              		.loc 1 2194 15 view .LVU51
 182 000a 0546     		mov	r5, r0
 183              	.LVL12:
2195:Core/Src/ov5640.c ****   while ((pObj->IO.GetTick() - tickstart) < Delay)
 184              		.loc 1 2195 3 is_stmt 1 view .LVU52
 185              	.L9:
2196:Core/Src/ov5640.c ****   {
2197:Core/Src/ov5640.c ****   }
 186              		.loc 1 2197 3 view .LVU53
2195:Core/Src/ov5640.c ****   while ((pObj->IO.GetTick() - tickstart) < Delay)
 187              		.loc 1 2195 43 discriminator 1 view .LVU54
2195:Core/Src/ov5640.c ****   while ((pObj->IO.GetTick() - tickstart) < Delay)
 188              		.loc 1 2195 19 is_stmt 0 discriminator 1 view .LVU55
 189 000c 6369     		ldr	r3, [r4, #20]
2195:Core/Src/ov5640.c ****   while ((pObj->IO.GetTick() - tickstart) < Delay)
 190              		.loc 1 2195 11 discriminator 1 view .LVU56
 191 000e 9847     		blx	r3
 192              	.LVL13:
2195:Core/Src/ov5640.c ****   while ((pObj->IO.GetTick() - tickstart) < Delay)
 193              		.loc 1 2195 30 discriminator 1 view .LVU57
 194 0010 401B     		subs	r0, r0, r5
2195:Core/Src/ov5640.c ****   while ((pObj->IO.GetTick() - tickstart) < Delay)
 195              		.loc 1 2195 43 discriminator 1 view .LVU58
 196 0012 B042     		cmp	r0, r6
ARM GAS  /tmp/ccy24VEl.s 			page 43


 197 0014 FAD3     		bcc	.L9
2198:Core/Src/ov5640.c ****   return OV5640_OK;
 198              		.loc 1 2198 3 is_stmt 1 view .LVU59
2199:Core/Src/ov5640.c **** }
 199              		.loc 1 2199 1 is_stmt 0 view .LVU60
 200 0016 0020     		movs	r0, #0
 201 0018 70BD     		pop	{r4, r5, r6, pc}
 202              		.loc 1 2199 1 view .LVU61
 203              		.cfi_endproc
 204              	.LFE134:
 206              		.section	.text.OV5640_ReadRegWrap,"ax",%progbits
 207              		.align	1
 208              		.syntax unified
 209              		.thumb
 210              		.thumb_func
 212              	OV5640_ReadRegWrap:
 213              	.LVL14:
 214              	.LFB135:
2200:Core/Src/ov5640.c **** 
2201:Core/Src/ov5640.c **** /**
2202:Core/Src/ov5640.c ****   * @brief  Wrap component ReadReg to Bus Read function
2203:Core/Src/ov5640.c ****   * @param  handle  Component object handle
2204:Core/Src/ov5640.c ****   * @param  Reg  The target register address to write
2205:Core/Src/ov5640.c ****   * @param  pData  The target register value to be written
2206:Core/Src/ov5640.c ****   * @param  Length  buffer size to be written
2207:Core/Src/ov5640.c ****   * @retval error status
2208:Core/Src/ov5640.c ****   */
2209:Core/Src/ov5640.c **** static int32_t OV5640_ReadRegWrap(void *handle, uint16_t Reg, uint8_t *pData, uint16_t Length)
2210:Core/Src/ov5640.c **** {
 215              		.loc 1 2210 1 is_stmt 1 view -0
 216              		.cfi_startproc
 217              		@ args = 0, pretend = 0, frame = 0
 218              		@ frame_needed = 0, uses_anonymous_args = 0
 219              		.loc 1 2210 1 is_stmt 0 view .LVU63
 220 0000 10B5     		push	{r4, lr}
 221              	.LCFI1:
 222              		.cfi_def_cfa_offset 8
 223              		.cfi_offset 4, -8
 224              		.cfi_offset 14, -4
2211:Core/Src/ov5640.c ****   OV5640_Object_t *pObj = (OV5640_Object_t *)handle;
 225              		.loc 1 2211 3 is_stmt 1 view .LVU64
 226              	.LVL15:
2212:Core/Src/ov5640.c **** 
2213:Core/Src/ov5640.c ****   return pObj->IO.ReadReg(pObj->IO.Address, Reg, pData, Length);
 227              		.loc 1 2213 3 view .LVU65
 228              		.loc 1 2213 18 is_stmt 0 view .LVU66
 229 0002 0469     		ldr	r4, [r0, #16]
 230              		.loc 1 2213 10 view .LVU67
 231 0004 0089     		ldrh	r0, [r0, #8]
 232              	.LVL16:
 233              		.loc 1 2213 10 view .LVU68
 234 0006 A047     		blx	r4
 235              	.LVL17:
2214:Core/Src/ov5640.c **** }
 236              		.loc 1 2214 1 view .LVU69
 237 0008 10BD     		pop	{r4, pc}
 238              		.cfi_endproc
ARM GAS  /tmp/ccy24VEl.s 			page 44


 239              	.LFE135:
 241              		.section	.text.OV5640_WriteRegWrap,"ax",%progbits
 242              		.align	1
 243              		.syntax unified
 244              		.thumb
 245              		.thumb_func
 247              	OV5640_WriteRegWrap:
 248              	.LVL18:
 249              	.LFB136:
2215:Core/Src/ov5640.c **** 
2216:Core/Src/ov5640.c **** /**
2217:Core/Src/ov5640.c ****   * @brief  Wrap component WriteReg to Bus Write function
2218:Core/Src/ov5640.c ****   * @param  handle  Component object handle
2219:Core/Src/ov5640.c ****   * @param  Reg  The target register address to write
2220:Core/Src/ov5640.c ****   * @param  pData  The target register value to be written
2221:Core/Src/ov5640.c ****   * @param  Length  buffer size to be written
2222:Core/Src/ov5640.c ****   * @retval error status
2223:Core/Src/ov5640.c ****   */
2224:Core/Src/ov5640.c **** static int32_t OV5640_WriteRegWrap(void *handle, uint16_t Reg, uint8_t *pData, uint16_t Length)
2225:Core/Src/ov5640.c **** {
 250              		.loc 1 2225 1 is_stmt 1 view -0
 251              		.cfi_startproc
 252              		@ args = 0, pretend = 0, frame = 0
 253              		@ frame_needed = 0, uses_anonymous_args = 0
 254              		.loc 1 2225 1 is_stmt 0 view .LVU71
 255 0000 10B5     		push	{r4, lr}
 256              	.LCFI2:
 257              		.cfi_def_cfa_offset 8
 258              		.cfi_offset 4, -8
 259              		.cfi_offset 14, -4
2226:Core/Src/ov5640.c ****   OV5640_Object_t *pObj = (OV5640_Object_t *)handle;
 260              		.loc 1 2226 3 is_stmt 1 view .LVU72
 261              	.LVL19:
2227:Core/Src/ov5640.c **** 
2228:Core/Src/ov5640.c ****   return pObj->IO.WriteReg(pObj->IO.Address, Reg, pData, Length);
 262              		.loc 1 2228 3 view .LVU73
 263              		.loc 1 2228 18 is_stmt 0 view .LVU74
 264 0002 C468     		ldr	r4, [r0, #12]
 265              		.loc 1 2228 10 view .LVU75
 266 0004 0089     		ldrh	r0, [r0, #8]
 267              	.LVL20:
 268              		.loc 1 2228 10 view .LVU76
 269 0006 A047     		blx	r4
 270              	.LVL21:
2229:Core/Src/ov5640.c **** }
 271              		.loc 1 2229 1 view .LVU77
 272 0008 10BD     		pop	{r4, pc}
 273              		.cfi_endproc
 274              	.LFE136:
 276              		.section	.text.OV5640_SetResolution,"ax",%progbits
 277              		.align	1
 278              		.global	OV5640_SetResolution
 279              		.syntax unified
 280              		.thumb
 281              		.thumb_func
 283              	OV5640_SetResolution:
 284              	.LVL22:
ARM GAS  /tmp/ccy24VEl.s 			page 45


 285              	.LFB111:
 716:Core/Src/ov5640.c ****   int32_t ret = OV5640_OK;
 286              		.loc 1 716 1 is_stmt 1 view -0
 287              		.cfi_startproc
 288              		@ args = 0, pretend = 0, frame = 8
 289              		@ frame_needed = 0, uses_anonymous_args = 0
 716:Core/Src/ov5640.c ****   int32_t ret = OV5640_OK;
 290              		.loc 1 716 1 is_stmt 0 view .LVU79
 291 0000 70B5     		push	{r4, r5, r6, lr}
 292              	.LCFI3:
 293              		.cfi_def_cfa_offset 16
 294              		.cfi_offset 4, -16
 295              		.cfi_offset 5, -12
 296              		.cfi_offset 6, -8
 297              		.cfi_offset 14, -4
 298 0002 82B0     		sub	sp, sp, #8
 299              	.LCFI4:
 300              		.cfi_def_cfa_offset 24
 717:Core/Src/ov5640.c ****   uint32_t index;
 301              		.loc 1 717 3 is_stmt 1 view .LVU80
 302              	.LVL23:
 718:Core/Src/ov5640.c ****   uint8_t tmp;
 303              		.loc 1 718 3 view .LVU81
 719:Core/Src/ov5640.c **** 
 304              		.loc 1 719 3 view .LVU82
 722:Core/Src/ov5640.c ****   {
 305              		.loc 1 722 3 view .LVU83
 731:Core/Src/ov5640.c ****   {
 306              		.loc 1 731 3 view .LVU84
 740:Core/Src/ov5640.c ****   {
 307              		.loc 1 740 3 view .LVU85
 749:Core/Src/ov5640.c ****   {
 308              		.loc 1 749 3 view .LVU86
 758:Core/Src/ov5640.c ****   {
 309              		.loc 1 758 3 view .LVU87
 767:Core/Src/ov5640.c ****   {
 310              		.loc 1 767 3 view .LVU88
 767:Core/Src/ov5640.c ****   {
 311              		.loc 1 767 6 is_stmt 0 view .LVU89
 312 0004 0429     		cmp	r1, #4
 313 0006 00F29680 		bhi	.L33
 314 000a 0646     		mov	r6, r0
 315 000c 0C46     		mov	r4, r1
 774:Core/Src/ov5640.c ****     {
 316              		.loc 1 774 5 is_stmt 1 view .LVU90
 317 000e 0429     		cmp	r1, #4
 318 0010 00F29680 		bhi	.L34
 319 0014 DFE801F0 		tbb	[pc, r1]
 320              	.L18:
 321 0018 1D       		.byte	(.L35-.L18)/2
 322 0019 38       		.byte	(.L36-.L18)/2
 323 001a 54       		.byte	(.L37-.L18)/2
 324 001b 70       		.byte	(.L38-.L18)/2
 325 001c 8C       		.byte	(.L39-.L18)/2
 326              	.LVL24:
 327 001d 00       		.p2align 1
 328              	.L23:
ARM GAS  /tmp/ccy24VEl.s 			page 46


 777:Core/Src/ov5640.c ****         {
 329              		.loc 1 777 67 discriminator 2 view .LVU91
 330 001e 0134     		adds	r4, r4, #1
 331              	.LVL25:
 332              	.L22:
 777:Core/Src/ov5640.c ****         {
 333              		.loc 1 777 31 discriminator 1 view .LVU92
 334 0020 032C     		cmp	r4, #3
 335 0022 00F28A80 		bhi	.L15
 779:Core/Src/ov5640.c ****           {
 336              		.loc 1 779 11 view .LVU93
 779:Core/Src/ov5640.c ****           {
 337              		.loc 1 779 14 is_stmt 0 view .LVU94
 338 0026 002D     		cmp	r5, #0
 339 0028 F9D1     		bne	.L23
 781:Core/Src/ov5640.c ****             if (ov5640_write_reg(&pObj->Ctx, OV5640_QQVGA[index][0], &tmp, 1) != OV5640_OK)
 340              		.loc 1 781 13 is_stmt 1 view .LVU95
 781:Core/Src/ov5640.c ****             if (ov5640_write_reg(&pObj->Ctx, OV5640_QQVGA[index][0], &tmp, 1) != OV5640_OK)
 341              		.loc 1 781 47 is_stmt 0 view .LVU96
 342 002a 4749     		ldr	r1, .L46
 343 002c 01EB8403 		add	r3, r1, r4, lsl #2
 781:Core/Src/ov5640.c ****             if (ov5640_write_reg(&pObj->Ctx, OV5640_QQVGA[index][0], &tmp, 1) != OV5640_OK)
 344              		.loc 1 781 19 view .LVU97
 345 0030 9B78     		ldrb	r3, [r3, #2]	@ zero_extendqisi2
 781:Core/Src/ov5640.c ****             if (ov5640_write_reg(&pObj->Ctx, OV5640_QQVGA[index][0], &tmp, 1) != OV5640_OK)
 346              		.loc 1 781 17 view .LVU98
 347 0032 8DF80730 		strb	r3, [sp, #7]
 782:Core/Src/ov5640.c ****             {
 348              		.loc 1 782 13 is_stmt 1 view .LVU99
 782:Core/Src/ov5640.c ****             {
 349              		.loc 1 782 17 is_stmt 0 view .LVU100
 350 0036 0123     		movs	r3, #1
 351 0038 0DF10702 		add	r2, sp, #7
 352 003c 31F82410 		ldrh	r1, [r1, r4, lsl #2]
 353 0040 06F11800 		add	r0, r6, #24
 354 0044 FFF7FEFF 		bl	ov5640_write_reg
 355              	.LVL26:
 782:Core/Src/ov5640.c ****             {
 356              		.loc 1 782 16 discriminator 1 view .LVU101
 357 0048 0028     		cmp	r0, #0
 358 004a E8D0     		beq	.L23
 784:Core/Src/ov5640.c ****             }
 359              		.loc 1 784 19 view .LVU102
 360 004c 4FF0FF35 		mov	r5, #-1
 361              	.LVL27:
 784:Core/Src/ov5640.c ****             }
 362              		.loc 1 784 19 view .LVU103
 363 0050 E5E7     		b	.L23
 364              	.LVL28:
 365              	.L35:
 774:Core/Src/ov5640.c ****     {
 366              		.loc 1 774 5 view .LVU104
 367 0052 0025     		movs	r5, #0
 368 0054 E4E7     		b	.L22
 369              	.LVL29:
 370              	.L25:
 790:Core/Src/ov5640.c ****         {
ARM GAS  /tmp/ccy24VEl.s 			page 47


 371              		.loc 1 790 66 is_stmt 1 discriminator 2 view .LVU105
 372 0056 0134     		adds	r4, r4, #1
 373              	.LVL30:
 374              	.L21:
 790:Core/Src/ov5640.c ****         {
 375              		.loc 1 790 31 discriminator 1 view .LVU106
 376 0058 032C     		cmp	r4, #3
 377 005a 6ED8     		bhi	.L15
 792:Core/Src/ov5640.c ****           {
 378              		.loc 1 792 11 view .LVU107
 792:Core/Src/ov5640.c ****           {
 379              		.loc 1 792 14 is_stmt 0 view .LVU108
 380 005c 002D     		cmp	r5, #0
 381 005e FAD1     		bne	.L25
 794:Core/Src/ov5640.c ****             if (ov5640_write_reg(&pObj->Ctx, OV5640_QVGA[index][0], &tmp, 1) != OV5640_OK)
 382              		.loc 1 794 13 is_stmt 1 view .LVU109
 794:Core/Src/ov5640.c ****             if (ov5640_write_reg(&pObj->Ctx, OV5640_QVGA[index][0], &tmp, 1) != OV5640_OK)
 383              		.loc 1 794 46 is_stmt 0 view .LVU110
 384 0060 3A49     		ldr	r1, .L46+4
 385 0062 01EB8403 		add	r3, r1, r4, lsl #2
 794:Core/Src/ov5640.c ****             if (ov5640_write_reg(&pObj->Ctx, OV5640_QVGA[index][0], &tmp, 1) != OV5640_OK)
 386              		.loc 1 794 19 view .LVU111
 387 0066 9B78     		ldrb	r3, [r3, #2]	@ zero_extendqisi2
 794:Core/Src/ov5640.c ****             if (ov5640_write_reg(&pObj->Ctx, OV5640_QVGA[index][0], &tmp, 1) != OV5640_OK)
 388              		.loc 1 794 17 view .LVU112
 389 0068 8DF80730 		strb	r3, [sp, #7]
 795:Core/Src/ov5640.c ****             {
 390              		.loc 1 795 13 is_stmt 1 view .LVU113
 795:Core/Src/ov5640.c ****             {
 391              		.loc 1 795 17 is_stmt 0 view .LVU114
 392 006c 0123     		movs	r3, #1
 393 006e 0DF10702 		add	r2, sp, #7
 394 0072 31F82410 		ldrh	r1, [r1, r4, lsl #2]
 395 0076 06F11800 		add	r0, r6, #24
 396 007a FFF7FEFF 		bl	ov5640_write_reg
 397              	.LVL31:
 795:Core/Src/ov5640.c ****             {
 398              		.loc 1 795 16 discriminator 1 view .LVU115
 399 007e 0028     		cmp	r0, #0
 400 0080 E9D0     		beq	.L25
 797:Core/Src/ov5640.c ****             }
 401              		.loc 1 797 19 view .LVU116
 402 0082 4FF0FF35 		mov	r5, #-1
 403              	.LVL32:
 797:Core/Src/ov5640.c ****             }
 404              		.loc 1 797 19 view .LVU117
 405 0086 E6E7     		b	.L25
 406              	.LVL33:
 407              	.L36:
 774:Core/Src/ov5640.c ****     {
 408              		.loc 1 774 5 view .LVU118
 409 0088 0024     		movs	r4, #0
 410 008a 2546     		mov	r5, r4
 411 008c E4E7     		b	.L21
 412              	.LVL34:
 413              	.L27:
 803:Core/Src/ov5640.c ****         {
ARM GAS  /tmp/ccy24VEl.s 			page 48


 414              		.loc 1 803 69 is_stmt 1 discriminator 2 view .LVU119
 415 008e 0134     		adds	r4, r4, #1
 416              	.LVL35:
 417              	.L20:
 803:Core/Src/ov5640.c ****         {
 418              		.loc 1 803 31 discriminator 1 view .LVU120
 419 0090 032C     		cmp	r4, #3
 420 0092 52D8     		bhi	.L15
 805:Core/Src/ov5640.c ****           {
 421              		.loc 1 805 11 view .LVU121
 805:Core/Src/ov5640.c ****           {
 422              		.loc 1 805 14 is_stmt 0 view .LVU122
 423 0094 002D     		cmp	r5, #0
 424 0096 FAD1     		bne	.L27
 807:Core/Src/ov5640.c ****             if (ov5640_write_reg(&pObj->Ctx, OV5640_480x272[index][0], &tmp, 1) != OV5640_OK)
 425              		.loc 1 807 13 is_stmt 1 view .LVU123
 807:Core/Src/ov5640.c ****             if (ov5640_write_reg(&pObj->Ctx, OV5640_480x272[index][0], &tmp, 1) != OV5640_OK)
 426              		.loc 1 807 49 is_stmt 0 view .LVU124
 427 0098 2D49     		ldr	r1, .L46+8
 428 009a 01EB8403 		add	r3, r1, r4, lsl #2
 807:Core/Src/ov5640.c ****             if (ov5640_write_reg(&pObj->Ctx, OV5640_480x272[index][0], &tmp, 1) != OV5640_OK)
 429              		.loc 1 807 19 view .LVU125
 430 009e 9B78     		ldrb	r3, [r3, #2]	@ zero_extendqisi2
 807:Core/Src/ov5640.c ****             if (ov5640_write_reg(&pObj->Ctx, OV5640_480x272[index][0], &tmp, 1) != OV5640_OK)
 431              		.loc 1 807 17 view .LVU126
 432 00a0 8DF80730 		strb	r3, [sp, #7]
 808:Core/Src/ov5640.c ****             {
 433              		.loc 1 808 13 is_stmt 1 view .LVU127
 808:Core/Src/ov5640.c ****             {
 434              		.loc 1 808 17 is_stmt 0 view .LVU128
 435 00a4 0123     		movs	r3, #1
 436 00a6 0DF10702 		add	r2, sp, #7
 437 00aa 31F82410 		ldrh	r1, [r1, r4, lsl #2]
 438 00ae 06F11800 		add	r0, r6, #24
 439 00b2 FFF7FEFF 		bl	ov5640_write_reg
 440              	.LVL36:
 808:Core/Src/ov5640.c ****             {
 441              		.loc 1 808 16 discriminator 1 view .LVU129
 442 00b6 0028     		cmp	r0, #0
 443 00b8 E9D0     		beq	.L27
 810:Core/Src/ov5640.c ****             }
 444              		.loc 1 810 19 view .LVU130
 445 00ba 4FF0FF35 		mov	r5, #-1
 446              	.LVL37:
 810:Core/Src/ov5640.c ****             }
 447              		.loc 1 810 19 view .LVU131
 448 00be E6E7     		b	.L27
 449              	.LVL38:
 450              	.L37:
 774:Core/Src/ov5640.c ****     {
 451              		.loc 1 774 5 view .LVU132
 452 00c0 0024     		movs	r4, #0
 453 00c2 2546     		mov	r5, r4
 454 00c4 E4E7     		b	.L20
 455              	.LVL39:
 456              	.L29:
 816:Core/Src/ov5640.c ****         {
ARM GAS  /tmp/ccy24VEl.s 			page 49


 457              		.loc 1 816 65 is_stmt 1 discriminator 2 view .LVU133
 458 00c6 0134     		adds	r4, r4, #1
 459              	.LVL40:
 460              	.L19:
 816:Core/Src/ov5640.c ****         {
 461              		.loc 1 816 31 discriminator 1 view .LVU134
 462 00c8 032C     		cmp	r4, #3
 463 00ca 36D8     		bhi	.L15
 818:Core/Src/ov5640.c ****           {
 464              		.loc 1 818 11 view .LVU135
 818:Core/Src/ov5640.c ****           {
 465              		.loc 1 818 14 is_stmt 0 view .LVU136
 466 00cc 002D     		cmp	r5, #0
 467 00ce FAD1     		bne	.L29
 820:Core/Src/ov5640.c ****             if (ov5640_write_reg(&pObj->Ctx, OV5640_VGA[index][0], &tmp, 1) != OV5640_OK)
 468              		.loc 1 820 13 is_stmt 1 view .LVU137
 820:Core/Src/ov5640.c ****             if (ov5640_write_reg(&pObj->Ctx, OV5640_VGA[index][0], &tmp, 1) != OV5640_OK)
 469              		.loc 1 820 45 is_stmt 0 view .LVU138
 470 00d0 2049     		ldr	r1, .L46+12
 471 00d2 01EB8403 		add	r3, r1, r4, lsl #2
 820:Core/Src/ov5640.c ****             if (ov5640_write_reg(&pObj->Ctx, OV5640_VGA[index][0], &tmp, 1) != OV5640_OK)
 472              		.loc 1 820 19 view .LVU139
 473 00d6 9B78     		ldrb	r3, [r3, #2]	@ zero_extendqisi2
 820:Core/Src/ov5640.c ****             if (ov5640_write_reg(&pObj->Ctx, OV5640_VGA[index][0], &tmp, 1) != OV5640_OK)
 474              		.loc 1 820 17 view .LVU140
 475 00d8 8DF80730 		strb	r3, [sp, #7]
 821:Core/Src/ov5640.c ****             {
 476              		.loc 1 821 13 is_stmt 1 view .LVU141
 821:Core/Src/ov5640.c ****             {
 477              		.loc 1 821 17 is_stmt 0 view .LVU142
 478 00dc 0123     		movs	r3, #1
 479 00de 0DF10702 		add	r2, sp, #7
 480 00e2 31F82410 		ldrh	r1, [r1, r4, lsl #2]
 481 00e6 06F11800 		add	r0, r6, #24
 482 00ea FFF7FEFF 		bl	ov5640_write_reg
 483              	.LVL41:
 821:Core/Src/ov5640.c ****             {
 484              		.loc 1 821 16 discriminator 1 view .LVU143
 485 00ee 0028     		cmp	r0, #0
 486 00f0 E9D0     		beq	.L29
 823:Core/Src/ov5640.c ****             }
 487              		.loc 1 823 19 view .LVU144
 488 00f2 4FF0FF35 		mov	r5, #-1
 489              	.LVL42:
 823:Core/Src/ov5640.c ****             }
 490              		.loc 1 823 19 view .LVU145
 491 00f6 E6E7     		b	.L29
 492              	.LVL43:
 493              	.L38:
 774:Core/Src/ov5640.c ****     {
 494              		.loc 1 774 5 view .LVU146
 495 00f8 0024     		movs	r4, #0
 496 00fa 2546     		mov	r5, r4
 497 00fc E4E7     		b	.L19
 498              	.LVL44:
 499              	.L31:
 829:Core/Src/ov5640.c ****         {
ARM GAS  /tmp/ccy24VEl.s 			page 50


 500              		.loc 1 829 66 is_stmt 1 discriminator 2 view .LVU147
 501 00fe 0134     		adds	r4, r4, #1
 502              	.LVL45:
 503              	.L17:
 829:Core/Src/ov5640.c ****         {
 504              		.loc 1 829 31 discriminator 1 view .LVU148
 505 0100 032C     		cmp	r4, #3
 506 0102 1AD8     		bhi	.L15
 831:Core/Src/ov5640.c ****           {
 507              		.loc 1 831 11 view .LVU149
 831:Core/Src/ov5640.c ****           {
 508              		.loc 1 831 14 is_stmt 0 view .LVU150
 509 0104 002D     		cmp	r5, #0
 510 0106 FAD1     		bne	.L31
 833:Core/Src/ov5640.c ****             if (ov5640_write_reg(&pObj->Ctx, OV5640_WVGA[index][0], &tmp, 1) != OV5640_OK)
 511              		.loc 1 833 13 is_stmt 1 view .LVU151
 833:Core/Src/ov5640.c ****             if (ov5640_write_reg(&pObj->Ctx, OV5640_WVGA[index][0], &tmp, 1) != OV5640_OK)
 512              		.loc 1 833 46 is_stmt 0 view .LVU152
 513 0108 1349     		ldr	r1, .L46+16
 514 010a 01EB8403 		add	r3, r1, r4, lsl #2
 833:Core/Src/ov5640.c ****             if (ov5640_write_reg(&pObj->Ctx, OV5640_WVGA[index][0], &tmp, 1) != OV5640_OK)
 515              		.loc 1 833 19 view .LVU153
 516 010e 9B78     		ldrb	r3, [r3, #2]	@ zero_extendqisi2
 833:Core/Src/ov5640.c ****             if (ov5640_write_reg(&pObj->Ctx, OV5640_WVGA[index][0], &tmp, 1) != OV5640_OK)
 517              		.loc 1 833 17 view .LVU154
 518 0110 8DF80730 		strb	r3, [sp, #7]
 834:Core/Src/ov5640.c ****             {
 519              		.loc 1 834 13 is_stmt 1 view .LVU155
 834:Core/Src/ov5640.c ****             {
 520              		.loc 1 834 17 is_stmt 0 view .LVU156
 521 0114 0123     		movs	r3, #1
 522 0116 0DF10702 		add	r2, sp, #7
 523 011a 31F82410 		ldrh	r1, [r1, r4, lsl #2]
 524 011e 06F11800 		add	r0, r6, #24
 525 0122 FFF7FEFF 		bl	ov5640_write_reg
 526              	.LVL46:
 834:Core/Src/ov5640.c ****             {
 527              		.loc 1 834 16 discriminator 1 view .LVU157
 528 0126 0028     		cmp	r0, #0
 529 0128 E9D0     		beq	.L31
 836:Core/Src/ov5640.c ****             }
 530              		.loc 1 836 19 view .LVU158
 531 012a 4FF0FF35 		mov	r5, #-1
 532              	.LVL47:
 836:Core/Src/ov5640.c ****             }
 533              		.loc 1 836 19 view .LVU159
 534 012e E6E7     		b	.L31
 535              	.LVL48:
 536              	.L39:
 774:Core/Src/ov5640.c ****     {
 537              		.loc 1 774 5 view .LVU160
 538 0130 0024     		movs	r4, #0
 539 0132 2546     		mov	r5, r4
 540 0134 E4E7     		b	.L17
 541              	.L33:
 769:Core/Src/ov5640.c ****   }
 542              		.loc 1 769 9 view .LVU161
ARM GAS  /tmp/ccy24VEl.s 			page 51


 543 0136 4FF0FF35 		mov	r5, #-1
 544              	.LVL49:
 545              	.L15:
 848:Core/Src/ov5640.c **** 
 546              		.loc 1 848 1 view .LVU162
 547 013a 2846     		mov	r0, r5
 548 013c 02B0     		add	sp, sp, #8
 549              	.LCFI5:
 550              		.cfi_remember_state
 551              		.cfi_def_cfa_offset 16
 552              		@ sp needed
 553 013e 70BD     		pop	{r4, r5, r6, pc}
 554              	.LVL50:
 555              	.L34:
 556              	.LCFI6:
 557              		.cfi_restore_state
 774:Core/Src/ov5640.c ****     {
 558              		.loc 1 774 5 view .LVU163
 559 0140 4FF0FF35 		mov	r5, #-1
 560              	.LVL51:
 847:Core/Src/ov5640.c **** }
 561              		.loc 1 847 3 is_stmt 1 view .LVU164
 847:Core/Src/ov5640.c **** }
 562              		.loc 1 847 10 is_stmt 0 view .LVU165
 563 0144 F9E7     		b	.L15
 564              	.L47:
 565 0146 00BF     		.align	2
 566              	.L46:
 567 0148 00000000 		.word	OV5640_QQVGA.11
 568 014c 00000000 		.word	OV5640_QVGA.10
 569 0150 00000000 		.word	OV5640_480x272.9
 570 0154 00000000 		.word	OV5640_VGA.8
 571 0158 00000000 		.word	OV5640_WVGA.7
 572              		.cfi_endproc
 573              	.LFE111:
 575              		.section	.text.OV5640_SetLightMode,"ax",%progbits
 576              		.align	1
 577              		.global	OV5640_SetLightMode
 578              		.syntax unified
 579              		.thumb
 580              		.thumb_func
 582              	OV5640_SetLightMode:
 583              	.LVL52:
 584              	.LFB117:
1083:Core/Src/ov5640.c ****   int32_t ret;
 585              		.loc 1 1083 1 is_stmt 1 view -0
 586              		.cfi_startproc
 587              		@ args = 0, pretend = 0, frame = 8
 588              		@ frame_needed = 0, uses_anonymous_args = 0
1083:Core/Src/ov5640.c ****   int32_t ret;
 589              		.loc 1 1083 1 is_stmt 0 view .LVU167
 590 0000 70B5     		push	{r4, r5, r6, lr}
 591              	.LCFI7:
 592              		.cfi_def_cfa_offset 16
 593              		.cfi_offset 4, -16
 594              		.cfi_offset 5, -12
 595              		.cfi_offset 6, -8
ARM GAS  /tmp/ccy24VEl.s 			page 52


 596              		.cfi_offset 14, -4
 597 0002 82B0     		sub	sp, sp, #8
 598              	.LCFI8:
 599              		.cfi_def_cfa_offset 24
 600 0004 0E46     		mov	r6, r1
1084:Core/Src/ov5640.c ****   uint32_t index;
 601              		.loc 1 1084 3 is_stmt 1 view .LVU168
1085:Core/Src/ov5640.c ****   uint8_t tmp;
 602              		.loc 1 1085 3 view .LVU169
1086:Core/Src/ov5640.c **** 
 603              		.loc 1 1086 3 view .LVU170
1089:Core/Src/ov5640.c ****   {
 604              		.loc 1 1089 3 view .LVU171
1100:Core/Src/ov5640.c ****   {
 605              		.loc 1 1100 3 view .LVU172
1111:Core/Src/ov5640.c ****   {
 606              		.loc 1 1111 3 view .LVU173
1122:Core/Src/ov5640.c ****   {
 607              		.loc 1 1122 3 view .LVU174
1133:Core/Src/ov5640.c ****   {
 608              		.loc 1 1133 3 view .LVU175
1144:Core/Src/ov5640.c ****   ret = ov5640_write_reg(&pObj->Ctx, OV5640_AWB_MANUAL_CONTROL, &tmp, 1);
 609              		.loc 1 1144 3 view .LVU176
1144:Core/Src/ov5640.c ****   ret = ov5640_write_reg(&pObj->Ctx, OV5640_AWB_MANUAL_CONTROL, &tmp, 1);
 610              		.loc 1 1144 7 is_stmt 0 view .LVU177
 611 0006 0023     		movs	r3, #0
 612 0008 8DF80730 		strb	r3, [sp, #7]
1145:Core/Src/ov5640.c ****   if (ret == OV5640_OK)
 613              		.loc 1 1145 3 is_stmt 1 view .LVU178
1145:Core/Src/ov5640.c ****   if (ret == OV5640_OK)
 614              		.loc 1 1145 9 is_stmt 0 view .LVU179
 615 000c 00F11804 		add	r4, r0, #24
 616 0010 0123     		movs	r3, #1
 617 0012 0DF10702 		add	r2, sp, #7
 618 0016 43F20641 		movw	r1, #13318
 619              	.LVL53:
1145:Core/Src/ov5640.c ****   if (ret == OV5640_OK)
 620              		.loc 1 1145 9 view .LVU180
 621 001a 2046     		mov	r0, r4
 622              	.LVL54:
1145:Core/Src/ov5640.c ****   if (ret == OV5640_OK)
 623              		.loc 1 1145 9 view .LVU181
 624 001c FFF7FEFF 		bl	ov5640_write_reg
 625              	.LVL55:
1146:Core/Src/ov5640.c ****   {
 626              		.loc 1 1146 3 is_stmt 1 view .LVU182
1146:Core/Src/ov5640.c ****   {
 627              		.loc 1 1146 6 is_stmt 0 view .LVU183
 628 0020 0546     		mov	r5, r0
 629 0022 18B1     		cbz	r0, .L78
 630              	.L49:
1158:Core/Src/ov5640.c ****   {
 631              		.loc 1 1158 3 is_stmt 1 view .LVU184
1158:Core/Src/ov5640.c ****   {
 632              		.loc 1 1158 6 is_stmt 0 view .LVU185
 633 0024 EDB1     		cbz	r5, .L79
 634              	.LVL56:
ARM GAS  /tmp/ccy24VEl.s 			page 53


 635              	.L48:
1237:Core/Src/ov5640.c **** 
 636              		.loc 1 1237 1 view .LVU186
 637 0026 2846     		mov	r0, r5
 638 0028 02B0     		add	sp, sp, #8
 639              	.LCFI9:
 640              		.cfi_remember_state
 641              		.cfi_def_cfa_offset 16
 642              		@ sp needed
 643 002a 70BD     		pop	{r4, r5, r6, pc}
 644              	.LVL57:
 645              	.L78:
 646              	.LCFI10:
 647              		.cfi_restore_state
1148:Core/Src/ov5640.c ****     ret = ov5640_write_reg(&pObj->Ctx, OV5640_AWB_CTRL16, &tmp, 1);
 648              		.loc 1 1148 5 is_stmt 1 view .LVU187
1148:Core/Src/ov5640.c ****     ret = ov5640_write_reg(&pObj->Ctx, OV5640_AWB_CTRL16, &tmp, 1);
 649              		.loc 1 1148 9 is_stmt 0 view .LVU188
 650 002c 4623     		movs	r3, #70
 651 002e 8DF80730 		strb	r3, [sp, #7]
1149:Core/Src/ov5640.c ****   }
 652              		.loc 1 1149 5 is_stmt 1 view .LVU189
1149:Core/Src/ov5640.c ****   }
 653              		.loc 1 1149 11 is_stmt 0 view .LVU190
 654 0032 0123     		movs	r3, #1
 655 0034 0DF10702 		add	r2, sp, #7
 656 0038 45F29011 		movw	r1, #20880
 657 003c 2046     		mov	r0, r4
 658              	.LVL58:
1149:Core/Src/ov5640.c ****   }
 659              		.loc 1 1149 11 view .LVU191
 660 003e FFF7FEFF 		bl	ov5640_write_reg
 661              	.LVL59:
1152:Core/Src/ov5640.c ****   {
 662              		.loc 1 1152 3 is_stmt 1 view .LVU192
1152:Core/Src/ov5640.c ****   {
 663              		.loc 1 1152 6 is_stmt 0 view .LVU193
 664 0042 0546     		mov	r5, r0
 665 0044 0028     		cmp	r0, #0
 666 0046 EED1     		bne	.L48
1154:Core/Src/ov5640.c ****     ret = ov5640_write_reg(&pObj->Ctx, OV5640_AWB_CTRL17, &tmp, 1);
 667              		.loc 1 1154 5 is_stmt 1 view .LVU194
1154:Core/Src/ov5640.c ****     ret = ov5640_write_reg(&pObj->Ctx, OV5640_AWB_CTRL17, &tmp, 1);
 668              		.loc 1 1154 9 is_stmt 0 view .LVU195
 669 0048 F823     		movs	r3, #248
 670 004a 8DF80730 		strb	r3, [sp, #7]
1155:Core/Src/ov5640.c ****   }
 671              		.loc 1 1155 5 is_stmt 1 view .LVU196
1155:Core/Src/ov5640.c ****   }
 672              		.loc 1 1155 11 is_stmt 0 view .LVU197
 673 004e 0123     		movs	r3, #1
 674 0050 0DF10702 		add	r2, sp, #7
 675 0054 45F29111 		movw	r1, #20881
 676 0058 2046     		mov	r0, r4
 677              	.LVL60:
1155:Core/Src/ov5640.c ****   }
 678              		.loc 1 1155 11 view .LVU198
ARM GAS  /tmp/ccy24VEl.s 			page 54


 679 005a FFF7FEFF 		bl	ov5640_write_reg
 680              	.LVL61:
 681 005e 0546     		mov	r5, r0
 682              	.LVL62:
1155:Core/Src/ov5640.c ****   }
 683              		.loc 1 1155 11 view .LVU199
 684 0060 E0E7     		b	.L49
 685              	.L79:
1160:Core/Src/ov5640.c ****     ret = ov5640_write_reg(&pObj->Ctx, OV5640_AWB_CTRL18, &tmp, 1);
 686              		.loc 1 1160 5 is_stmt 1 view .LVU200
1160:Core/Src/ov5640.c ****     ret = ov5640_write_reg(&pObj->Ctx, OV5640_AWB_CTRL18, &tmp, 1);
 687              		.loc 1 1160 9 is_stmt 0 view .LVU201
 688 0062 0423     		movs	r3, #4
 689 0064 8DF80730 		strb	r3, [sp, #7]
1161:Core/Src/ov5640.c ****   }
 690              		.loc 1 1161 5 is_stmt 1 view .LVU202
1161:Core/Src/ov5640.c ****   }
 691              		.loc 1 1161 11 is_stmt 0 view .LVU203
 692 0068 0123     		movs	r3, #1
 693 006a 0DF10702 		add	r2, sp, #7
 694 006e 45F29211 		movw	r1, #20882
 695 0072 2046     		mov	r0, r4
 696              	.LVL63:
1161:Core/Src/ov5640.c ****   }
 697              		.loc 1 1161 11 view .LVU204
 698 0074 FFF7FEFF 		bl	ov5640_write_reg
 699              	.LVL64:
1164:Core/Src/ov5640.c ****   {
 700              		.loc 1 1164 3 is_stmt 1 view .LVU205
1164:Core/Src/ov5640.c ****   {
 701              		.loc 1 1164 6 is_stmt 0 view .LVU206
 702 0078 0546     		mov	r5, r0
 703 007a 0028     		cmp	r0, #0
 704 007c D3D1     		bne	.L48
1166:Core/Src/ov5640.c ****     {
 705              		.loc 1 1166 5 is_stmt 1 view .LVU207
 706 007e 711E     		subs	r1, r6, #1
 707 0080 0729     		cmp	r1, #7
 708 0082 00F28D80 		bhi	.L67
 709 0086 DFE801F0 		tbb	[pc, r1]
 710              	.L53:
 711 008a 1D       		.byte	(.L68-.L53)/2
 712 008b 38       		.byte	(.L69-.L53)/2
 713 008c 8B       		.byte	(.L67-.L53)/2
 714 008d 6F       		.byte	(.L70-.L53)/2
 715 008e 8B       		.byte	(.L67-.L53)/2
 716 008f 8B       		.byte	(.L67-.L53)/2
 717 0090 8B       		.byte	(.L67-.L53)/2
 718 0091 53       		.byte	(.L71-.L53)/2
 719              	.LVL65:
 720              		.p2align 1
 721              	.L57:
1169:Core/Src/ov5640.c ****         {
 722              		.loc 1 1169 77 discriminator 2 view .LVU208
 723 0092 0136     		adds	r6, r6, #1
 724              	.LVL66:
 725              	.L56:
ARM GAS  /tmp/ccy24VEl.s 			page 55


1169:Core/Src/ov5640.c ****         {
 726              		.loc 1 1169 31 discriminator 1 view .LVU209
 727 0094 062E     		cmp	r6, #6
 728 0096 C6D8     		bhi	.L48
1171:Core/Src/ov5640.c ****           {
 729              		.loc 1 1171 11 view .LVU210
1171:Core/Src/ov5640.c ****           {
 730              		.loc 1 1171 14 is_stmt 0 view .LVU211
 731 0098 B5F1FF3F 		cmp	r5, #-1
 732 009c F9D0     		beq	.L57
1173:Core/Src/ov5640.c ****             if (ov5640_write_reg(&pObj->Ctx, OV5640_LightModeSunny[index][0], &tmp, 1) != OV5640_OK
 733              		.loc 1 1173 13 is_stmt 1 view .LVU212
1173:Core/Src/ov5640.c ****             if (ov5640_write_reg(&pObj->Ctx, OV5640_LightModeSunny[index][0], &tmp, 1) != OV5640_OK
 734              		.loc 1 1173 56 is_stmt 0 view .LVU213
 735 009e 4149     		ldr	r1, .L80
 736 00a0 01EB8603 		add	r3, r1, r6, lsl #2
1173:Core/Src/ov5640.c ****             if (ov5640_write_reg(&pObj->Ctx, OV5640_LightModeSunny[index][0], &tmp, 1) != OV5640_OK
 737              		.loc 1 1173 19 view .LVU214
 738 00a4 9B78     		ldrb	r3, [r3, #2]	@ zero_extendqisi2
1173:Core/Src/ov5640.c ****             if (ov5640_write_reg(&pObj->Ctx, OV5640_LightModeSunny[index][0], &tmp, 1) != OV5640_OK
 739              		.loc 1 1173 17 view .LVU215
 740 00a6 8DF80730 		strb	r3, [sp, #7]
1174:Core/Src/ov5640.c ****             {
 741              		.loc 1 1174 13 is_stmt 1 view .LVU216
1174:Core/Src/ov5640.c ****             {
 742              		.loc 1 1174 17 is_stmt 0 view .LVU217
 743 00aa 0123     		movs	r3, #1
 744 00ac 0DF10702 		add	r2, sp, #7
 745 00b0 31F82610 		ldrh	r1, [r1, r6, lsl #2]
 746 00b4 2046     		mov	r0, r4
 747 00b6 FFF7FEFF 		bl	ov5640_write_reg
 748              	.LVL67:
1174:Core/Src/ov5640.c ****             {
 749              		.loc 1 1174 16 discriminator 1 view .LVU218
 750 00ba 0028     		cmp	r0, #0
 751 00bc E9D0     		beq	.L57
1176:Core/Src/ov5640.c ****             }
 752              		.loc 1 1176 19 view .LVU219
 753 00be 4FF0FF35 		mov	r5, #-1
 754              	.LVL68:
1176:Core/Src/ov5640.c ****             }
 755              		.loc 1 1176 19 view .LVU220
 756 00c2 E6E7     		b	.L57
 757              	.LVL69:
 758              	.L68:
1166:Core/Src/ov5640.c ****     {
 759              		.loc 1 1166 5 view .LVU221
 760 00c4 0026     		movs	r6, #0
 761              	.LVL70:
1166:Core/Src/ov5640.c ****     {
 762              		.loc 1 1166 5 view .LVU222
 763 00c6 E5E7     		b	.L56
 764              	.LVL71:
 765              	.L59:
1182:Core/Src/ov5640.c ****         {
 766              		.loc 1 1182 78 is_stmt 1 discriminator 2 view .LVU223
 767 00c8 0136     		adds	r6, r6, #1
ARM GAS  /tmp/ccy24VEl.s 			page 56


 768              	.LVL72:
 769              	.L55:
1182:Core/Src/ov5640.c ****         {
 770              		.loc 1 1182 31 discriminator 1 view .LVU224
 771 00ca 062E     		cmp	r6, #6
 772 00cc ABD8     		bhi	.L48
1184:Core/Src/ov5640.c ****           {
 773              		.loc 1 1184 11 view .LVU225
1184:Core/Src/ov5640.c ****           {
 774              		.loc 1 1184 14 is_stmt 0 view .LVU226
 775 00ce B5F1FF3F 		cmp	r5, #-1
 776 00d2 F9D0     		beq	.L59
1186:Core/Src/ov5640.c ****             if (ov5640_write_reg(&pObj->Ctx, OV5640_LightModeOffice[index][0], &tmp, 1) != OV5640_O
 777              		.loc 1 1186 13 is_stmt 1 view .LVU227
1186:Core/Src/ov5640.c ****             if (ov5640_write_reg(&pObj->Ctx, OV5640_LightModeOffice[index][0], &tmp, 1) != OV5640_O
 778              		.loc 1 1186 57 is_stmt 0 view .LVU228
 779 00d4 3449     		ldr	r1, .L80+4
 780 00d6 01EB8603 		add	r3, r1, r6, lsl #2
1186:Core/Src/ov5640.c ****             if (ov5640_write_reg(&pObj->Ctx, OV5640_LightModeOffice[index][0], &tmp, 1) != OV5640_O
 781              		.loc 1 1186 19 view .LVU229
 782 00da 9B78     		ldrb	r3, [r3, #2]	@ zero_extendqisi2
1186:Core/Src/ov5640.c ****             if (ov5640_write_reg(&pObj->Ctx, OV5640_LightModeOffice[index][0], &tmp, 1) != OV5640_O
 783              		.loc 1 1186 17 view .LVU230
 784 00dc 8DF80730 		strb	r3, [sp, #7]
1187:Core/Src/ov5640.c ****             {
 785              		.loc 1 1187 13 is_stmt 1 view .LVU231
1187:Core/Src/ov5640.c ****             {
 786              		.loc 1 1187 17 is_stmt 0 view .LVU232
 787 00e0 0123     		movs	r3, #1
 788 00e2 0DF10702 		add	r2, sp, #7
 789 00e6 31F82610 		ldrh	r1, [r1, r6, lsl #2]
 790 00ea 2046     		mov	r0, r4
 791 00ec FFF7FEFF 		bl	ov5640_write_reg
 792              	.LVL73:
1187:Core/Src/ov5640.c ****             {
 793              		.loc 1 1187 16 discriminator 1 view .LVU233
 794 00f0 0028     		cmp	r0, #0
 795 00f2 E9D0     		beq	.L59
1189:Core/Src/ov5640.c ****             }
 796              		.loc 1 1189 19 view .LVU234
 797 00f4 4FF0FF35 		mov	r5, #-1
 798              	.LVL74:
1189:Core/Src/ov5640.c ****             }
 799              		.loc 1 1189 19 view .LVU235
 800 00f8 E6E7     		b	.L59
 801              	.LVL75:
 802              	.L69:
1166:Core/Src/ov5640.c ****     {
 803              		.loc 1 1166 5 view .LVU236
 804 00fa 0026     		movs	r6, #0
 805              	.LVL76:
1166:Core/Src/ov5640.c ****     {
 806              		.loc 1 1166 5 view .LVU237
 807 00fc E5E7     		b	.L55
 808              	.LVL77:
 809              	.L61:
1195:Core/Src/ov5640.c ****         {
ARM GAS  /tmp/ccy24VEl.s 			page 57


 810              		.loc 1 1195 78 is_stmt 1 discriminator 2 view .LVU238
 811 00fe 0136     		adds	r6, r6, #1
 812              	.LVL78:
 813              	.L52:
1195:Core/Src/ov5640.c ****         {
 814              		.loc 1 1195 31 discriminator 1 view .LVU239
 815 0100 062E     		cmp	r6, #6
 816 0102 90D8     		bhi	.L48
1197:Core/Src/ov5640.c ****           {
 817              		.loc 1 1197 11 view .LVU240
1197:Core/Src/ov5640.c ****           {
 818              		.loc 1 1197 14 is_stmt 0 view .LVU241
 819 0104 B5F1FF3F 		cmp	r5, #-1
 820 0108 F9D0     		beq	.L61
1199:Core/Src/ov5640.c ****             if (ov5640_write_reg(&pObj->Ctx, OV5640_LightModeCloudy[index][0], &tmp, 1) != OV5640_O
 821              		.loc 1 1199 13 is_stmt 1 view .LVU242
1199:Core/Src/ov5640.c ****             if (ov5640_write_reg(&pObj->Ctx, OV5640_LightModeCloudy[index][0], &tmp, 1) != OV5640_O
 822              		.loc 1 1199 57 is_stmt 0 view .LVU243
 823 010a 2849     		ldr	r1, .L80+8
 824 010c 01EB8603 		add	r3, r1, r6, lsl #2
1199:Core/Src/ov5640.c ****             if (ov5640_write_reg(&pObj->Ctx, OV5640_LightModeCloudy[index][0], &tmp, 1) != OV5640_O
 825              		.loc 1 1199 19 view .LVU244
 826 0110 9B78     		ldrb	r3, [r3, #2]	@ zero_extendqisi2
1199:Core/Src/ov5640.c ****             if (ov5640_write_reg(&pObj->Ctx, OV5640_LightModeCloudy[index][0], &tmp, 1) != OV5640_O
 827              		.loc 1 1199 17 view .LVU245
 828 0112 8DF80730 		strb	r3, [sp, #7]
1200:Core/Src/ov5640.c ****             {
 829              		.loc 1 1200 13 is_stmt 1 view .LVU246
1200:Core/Src/ov5640.c ****             {
 830              		.loc 1 1200 17 is_stmt 0 view .LVU247
 831 0116 0123     		movs	r3, #1
 832 0118 0DF10702 		add	r2, sp, #7
 833 011c 31F82610 		ldrh	r1, [r1, r6, lsl #2]
 834 0120 2046     		mov	r0, r4
 835 0122 FFF7FEFF 		bl	ov5640_write_reg
 836              	.LVL79:
1200:Core/Src/ov5640.c ****             {
 837              		.loc 1 1200 16 discriminator 1 view .LVU248
 838 0126 0028     		cmp	r0, #0
 839 0128 E9D0     		beq	.L61
1202:Core/Src/ov5640.c ****             }
 840              		.loc 1 1202 19 view .LVU249
 841 012a 4FF0FF35 		mov	r5, #-1
 842              	.LVL80:
1202:Core/Src/ov5640.c ****             }
 843              		.loc 1 1202 19 view .LVU250
 844 012e E6E7     		b	.L61
 845              	.LVL81:
 846              	.L71:
1166:Core/Src/ov5640.c ****     {
 847              		.loc 1 1166 5 view .LVU251
 848 0130 0026     		movs	r6, #0
 849              	.LVL82:
1166:Core/Src/ov5640.c ****     {
 850              		.loc 1 1166 5 view .LVU252
 851 0132 E5E7     		b	.L52
 852              	.LVL83:
ARM GAS  /tmp/ccy24VEl.s 			page 58


 853              	.L63:
1208:Core/Src/ov5640.c ****         {
 854              		.loc 1 1208 76 is_stmt 1 discriminator 2 view .LVU253
 855 0134 0136     		adds	r6, r6, #1
 856              	.LVL84:
 857              	.L54:
1208:Core/Src/ov5640.c ****         {
 858              		.loc 1 1208 31 discriminator 1 view .LVU254
 859 0136 062E     		cmp	r6, #6
 860 0138 3FF675AF 		bhi	.L48
1210:Core/Src/ov5640.c ****           {
 861              		.loc 1 1210 11 view .LVU255
1210:Core/Src/ov5640.c ****           {
 862              		.loc 1 1210 14 is_stmt 0 view .LVU256
 863 013c B5F1FF3F 		cmp	r5, #-1
 864 0140 F8D0     		beq	.L63
1212:Core/Src/ov5640.c ****             if (ov5640_write_reg(&pObj->Ctx, OV5640_LightModeHome[index][0], &tmp, 1) != OV5640_OK)
 865              		.loc 1 1212 13 is_stmt 1 view .LVU257
1212:Core/Src/ov5640.c ****             if (ov5640_write_reg(&pObj->Ctx, OV5640_LightModeHome[index][0], &tmp, 1) != OV5640_OK)
 866              		.loc 1 1212 55 is_stmt 0 view .LVU258
 867 0142 1B49     		ldr	r1, .L80+12
 868 0144 01EB8603 		add	r3, r1, r6, lsl #2
1212:Core/Src/ov5640.c ****             if (ov5640_write_reg(&pObj->Ctx, OV5640_LightModeHome[index][0], &tmp, 1) != OV5640_OK)
 869              		.loc 1 1212 19 view .LVU259
 870 0148 9B78     		ldrb	r3, [r3, #2]	@ zero_extendqisi2
1212:Core/Src/ov5640.c ****             if (ov5640_write_reg(&pObj->Ctx, OV5640_LightModeHome[index][0], &tmp, 1) != OV5640_OK)
 871              		.loc 1 1212 17 view .LVU260
 872 014a 8DF80730 		strb	r3, [sp, #7]
1213:Core/Src/ov5640.c ****             {
 873              		.loc 1 1213 13 is_stmt 1 view .LVU261
1213:Core/Src/ov5640.c ****             {
 874              		.loc 1 1213 17 is_stmt 0 view .LVU262
 875 014e 0123     		movs	r3, #1
 876 0150 0DF10702 		add	r2, sp, #7
 877 0154 31F82610 		ldrh	r1, [r1, r6, lsl #2]
 878 0158 2046     		mov	r0, r4
 879 015a FFF7FEFF 		bl	ov5640_write_reg
 880              	.LVL85:
1213:Core/Src/ov5640.c ****             {
 881              		.loc 1 1213 16 discriminator 1 view .LVU263
 882 015e 0028     		cmp	r0, #0
 883 0160 E8D0     		beq	.L63
1215:Core/Src/ov5640.c ****             }
 884              		.loc 1 1215 19 view .LVU264
 885 0162 4FF0FF35 		mov	r5, #-1
 886              	.LVL86:
1215:Core/Src/ov5640.c ****             }
 887              		.loc 1 1215 19 view .LVU265
 888 0166 E5E7     		b	.L63
 889              	.LVL87:
 890              	.L70:
1166:Core/Src/ov5640.c ****     {
 891              		.loc 1 1166 5 view .LVU266
 892 0168 0026     		movs	r6, #0
 893              	.LVL88:
1166:Core/Src/ov5640.c ****     {
 894              		.loc 1 1166 5 view .LVU267
ARM GAS  /tmp/ccy24VEl.s 			page 59


 895 016a E4E7     		b	.L54
 896              	.LVL89:
 897              	.L65:
1222:Core/Src/ov5640.c ****         {
 898              		.loc 1 1222 76 is_stmt 1 discriminator 2 view .LVU268
 899 016c 0136     		adds	r6, r6, #1
 900              	.LVL90:
 901              	.L51:
1222:Core/Src/ov5640.c ****         {
 902              		.loc 1 1222 31 discriminator 1 view .LVU269
 903 016e 062E     		cmp	r6, #6
 904 0170 3FF659AF 		bhi	.L48
1224:Core/Src/ov5640.c ****           {
 905              		.loc 1 1224 11 view .LVU270
1224:Core/Src/ov5640.c ****           {
 906              		.loc 1 1224 14 is_stmt 0 view .LVU271
 907 0174 B5F1FF3F 		cmp	r5, #-1
 908 0178 F8D0     		beq	.L65
1226:Core/Src/ov5640.c ****             if (ov5640_write_reg(&pObj->Ctx, OV5640_LightModeAuto[index][0], &tmp, 1) != OV5640_OK)
 909              		.loc 1 1226 13 is_stmt 1 view .LVU272
1226:Core/Src/ov5640.c ****             if (ov5640_write_reg(&pObj->Ctx, OV5640_LightModeAuto[index][0], &tmp, 1) != OV5640_OK)
 910              		.loc 1 1226 55 is_stmt 0 view .LVU273
 911 017a 0E49     		ldr	r1, .L80+16
 912 017c 01EB8603 		add	r3, r1, r6, lsl #2
1226:Core/Src/ov5640.c ****             if (ov5640_write_reg(&pObj->Ctx, OV5640_LightModeAuto[index][0], &tmp, 1) != OV5640_OK)
 913              		.loc 1 1226 19 view .LVU274
 914 0180 9B78     		ldrb	r3, [r3, #2]	@ zero_extendqisi2
1226:Core/Src/ov5640.c ****             if (ov5640_write_reg(&pObj->Ctx, OV5640_LightModeAuto[index][0], &tmp, 1) != OV5640_OK)
 915              		.loc 1 1226 17 view .LVU275
 916 0182 8DF80730 		strb	r3, [sp, #7]
1227:Core/Src/ov5640.c ****             {
 917              		.loc 1 1227 13 is_stmt 1 view .LVU276
1227:Core/Src/ov5640.c ****             {
 918              		.loc 1 1227 17 is_stmt 0 view .LVU277
 919 0186 0123     		movs	r3, #1
 920 0188 0DF10702 		add	r2, sp, #7
 921 018c 31F82610 		ldrh	r1, [r1, r6, lsl #2]
 922 0190 2046     		mov	r0, r4
 923 0192 FFF7FEFF 		bl	ov5640_write_reg
 924              	.LVL91:
1227:Core/Src/ov5640.c ****             {
 925              		.loc 1 1227 16 discriminator 1 view .LVU278
 926 0196 0028     		cmp	r0, #0
 927 0198 E8D0     		beq	.L65
1229:Core/Src/ov5640.c ****             }
 928              		.loc 1 1229 19 view .LVU279
 929 019a 4FF0FF35 		mov	r5, #-1
 930              	.LVL92:
1229:Core/Src/ov5640.c ****             }
 931              		.loc 1 1229 19 view .LVU280
 932 019e E5E7     		b	.L65
 933              	.LVL93:
 934              	.L67:
1166:Core/Src/ov5640.c ****     {
 935              		.loc 1 1166 5 view .LVU281
 936 01a0 0026     		movs	r6, #0
 937              	.LVL94:
ARM GAS  /tmp/ccy24VEl.s 			page 60


1166:Core/Src/ov5640.c ****     {
 938              		.loc 1 1166 5 view .LVU282
 939 01a2 E4E7     		b	.L51
 940              	.L81:
 941              		.align	2
 942              	.L80:
 943 01a4 00000000 		.word	OV5640_LightModeSunny.6
 944 01a8 00000000 		.word	OV5640_LightModeOffice.5
 945 01ac 00000000 		.word	OV5640_LightModeCloudy.4
 946 01b0 00000000 		.word	OV5640_LightModeHome.3
 947 01b4 00000000 		.word	OV5640_LightModeAuto.2
 948              		.cfi_endproc
 949              	.LFE117:
 951              		.section	.text.OV5640_SetColorEffect,"ax",%progbits
 952              		.align	1
 953              		.global	OV5640_SetColorEffect
 954              		.syntax unified
 955              		.thumb
 956              		.thumb_func
 958              	OV5640_SetColorEffect:
 959              	.LVL95:
 960              	.LFB118:
1246:Core/Src/ov5640.c ****   int32_t ret;
 961              		.loc 1 1246 1 is_stmt 1 view -0
 962              		.cfi_startproc
 963              		@ args = 0, pretend = 0, frame = 8
 964              		@ frame_needed = 0, uses_anonymous_args = 0
1246:Core/Src/ov5640.c ****   int32_t ret;
 965              		.loc 1 1246 1 is_stmt 0 view .LVU284
 966 0000 10B5     		push	{r4, lr}
 967              	.LCFI11:
 968              		.cfi_def_cfa_offset 8
 969              		.cfi_offset 4, -8
 970              		.cfi_offset 14, -4
 971 0002 82B0     		sub	sp, sp, #8
 972              	.LCFI12:
 973              		.cfi_def_cfa_offset 16
1247:Core/Src/ov5640.c ****   uint8_t tmp;
 974              		.loc 1 1247 3 is_stmt 1 view .LVU285
1248:Core/Src/ov5640.c **** 
 975              		.loc 1 1248 3 view .LVU286
1250:Core/Src/ov5640.c ****   {
 976              		.loc 1 1250 3 view .LVU287
 977 0004 0139     		subs	r1, r1, #1
 978              	.LVL96:
1250:Core/Src/ov5640.c ****   {
 979              		.loc 1 1250 3 is_stmt 0 view .LVU288
 980 0006 1F29     		cmp	r1, #31
 981 0008 00F26D81 		bhi	.L83
 982 000c DFE811F0 		tbh	[pc, r1, lsl #1]
 983              	.L85:
 984 0010 2000     		.2byte	(.L90-.L85)/2
 985 0012 5E00     		.2byte	(.L89-.L85)/2
 986 0014 6B01     		.2byte	(.L83-.L85)/2
 987 0016 9B00     		.2byte	(.L88-.L85)/2
 988 0018 6B01     		.2byte	(.L83-.L85)/2
 989 001a 6B01     		.2byte	(.L83-.L85)/2
ARM GAS  /tmp/ccy24VEl.s 			page 61


 990 001c 6B01     		.2byte	(.L83-.L85)/2
 991 001e D800     		.2byte	(.L87-.L85)/2
 992 0020 6B01     		.2byte	(.L83-.L85)/2
 993 0022 6B01     		.2byte	(.L83-.L85)/2
 994 0024 6B01     		.2byte	(.L83-.L85)/2
 995 0026 6B01     		.2byte	(.L83-.L85)/2
 996 0028 6B01     		.2byte	(.L83-.L85)/2
 997 002a 6B01     		.2byte	(.L83-.L85)/2
 998 002c 6B01     		.2byte	(.L83-.L85)/2
 999 002e 1401     		.2byte	(.L86-.L85)/2
 1000 0030 6B01     		.2byte	(.L83-.L85)/2
 1001 0032 6B01     		.2byte	(.L83-.L85)/2
 1002 0034 6B01     		.2byte	(.L83-.L85)/2
 1003 0036 6B01     		.2byte	(.L83-.L85)/2
 1004 0038 6B01     		.2byte	(.L83-.L85)/2
 1005 003a 6B01     		.2byte	(.L83-.L85)/2
 1006 003c 6B01     		.2byte	(.L83-.L85)/2
 1007 003e 6B01     		.2byte	(.L83-.L85)/2
 1008 0040 6B01     		.2byte	(.L83-.L85)/2
 1009 0042 6B01     		.2byte	(.L83-.L85)/2
 1010 0044 6B01     		.2byte	(.L83-.L85)/2
 1011 0046 6B01     		.2byte	(.L83-.L85)/2
 1012 0048 6B01     		.2byte	(.L83-.L85)/2
 1013 004a 6B01     		.2byte	(.L83-.L85)/2
 1014 004c 6B01     		.2byte	(.L83-.L85)/2
 1015 004e 4D01     		.2byte	(.L84-.L85)/2
 1016              		.p2align 1
 1017              	.L90:
1253:Core/Src/ov5640.c ****       ret = ov5640_write_reg(&pObj->Ctx, OV5640_ISP_CONTROL01, &tmp, 1);
 1018              		.loc 1 1253 7 is_stmt 1 view .LVU289
1253:Core/Src/ov5640.c ****       ret = ov5640_write_reg(&pObj->Ctx, OV5640_ISP_CONTROL01, &tmp, 1);
 1019              		.loc 1 1253 11 is_stmt 0 view .LVU290
 1020 0050 FF23     		movs	r3, #255
 1021 0052 8DF80730 		strb	r3, [sp, #7]
1254:Core/Src/ov5640.c **** 
 1022              		.loc 1 1254 7 is_stmt 1 view .LVU291
1254:Core/Src/ov5640.c **** 
 1023              		.loc 1 1254 13 is_stmt 0 view .LVU292
 1024 0056 00F11804 		add	r4, r0, #24
 1025 005a 0123     		movs	r3, #1
 1026 005c 0DF10702 		add	r2, sp, #7
 1027 0060 45F20101 		movw	r1, #20481
 1028              	.LVL97:
1254:Core/Src/ov5640.c **** 
 1029              		.loc 1 1254 13 view .LVU293
 1030 0064 2046     		mov	r0, r4
 1031              	.LVL98:
1254:Core/Src/ov5640.c **** 
 1032              		.loc 1 1254 13 view .LVU294
 1033 0066 FFF7FEFF 		bl	ov5640_write_reg
 1034              	.LVL99:
1256:Core/Src/ov5640.c ****       {
 1035              		.loc 1 1256 7 is_stmt 1 view .LVU295
1256:Core/Src/ov5640.c ****       {
 1036              		.loc 1 1256 10 is_stmt 0 view .LVU296
 1037 006a 0346     		mov	r3, r0
 1038 006c 98B1     		cbz	r0, .L117
ARM GAS  /tmp/ccy24VEl.s 			page 62


 1039              	.L91:
1266:Core/Src/ov5640.c ****       {
 1040              		.loc 1 1266 7 is_stmt 1 view .LVU297
1266:Core/Src/ov5640.c ****       {
 1041              		.loc 1 1266 10 is_stmt 0 view .LVU298
 1042 006e 002B     		cmp	r3, #0
 1043 0070 40F05B81 		bne	.L94
1268:Core/Src/ov5640.c ****         ret = ov5640_write_reg(&pObj->Ctx, OV5640_SDE_CTRL4, &tmp, 1);
 1044              		.loc 1 1268 9 is_stmt 1 view .LVU299
1268:Core/Src/ov5640.c ****         ret = ov5640_write_reg(&pObj->Ctx, OV5640_SDE_CTRL4, &tmp, 1);
 1045              		.loc 1 1268 13 is_stmt 0 view .LVU300
 1046 0074 4023     		movs	r3, #64
 1047 0076 8DF80730 		strb	r3, [sp, #7]
1269:Core/Src/ov5640.c ****       }
 1048              		.loc 1 1269 9 is_stmt 1 view .LVU301
1269:Core/Src/ov5640.c ****       }
 1049              		.loc 1 1269 15 is_stmt 0 view .LVU302
 1050 007a 0123     		movs	r3, #1
 1051 007c 0DF10702 		add	r2, sp, #7
 1052 0080 45F28451 		movw	r1, #21892
 1053 0084 2046     		mov	r0, r4
 1054              	.LVL100:
1269:Core/Src/ov5640.c ****       }
 1055              		.loc 1 1269 15 view .LVU303
 1056 0086 FFF7FEFF 		bl	ov5640_write_reg
 1057              	.LVL101:
1272:Core/Src/ov5640.c ****       {
 1058              		.loc 1 1272 7 is_stmt 1 view .LVU304
1272:Core/Src/ov5640.c ****       {
 1059              		.loc 1 1272 10 is_stmt 0 view .LVU305
 1060 008a 0028     		cmp	r0, #0
 1061 008c 00F02981 		beq	.L82
1274:Core/Src/ov5640.c ****       }
 1062              		.loc 1 1274 13 view .LVU306
 1063 0090 4FF0FF30 		mov	r0, #-1
 1064              	.LVL102:
1274:Core/Src/ov5640.c ****       }
 1065              		.loc 1 1274 13 view .LVU307
 1066 0094 25E1     		b	.L82
 1067              	.LVL103:
 1068              	.L117:
1258:Core/Src/ov5640.c ****         ret = ov5640_write_reg(&pObj->Ctx, OV5640_SDE_CTRL0, &tmp, 1);
 1069              		.loc 1 1258 9 is_stmt 1 view .LVU308
1258:Core/Src/ov5640.c ****         ret = ov5640_write_reg(&pObj->Ctx, OV5640_SDE_CTRL0, &tmp, 1);
 1070              		.loc 1 1258 13 is_stmt 0 view .LVU309
 1071 0096 1823     		movs	r3, #24
 1072 0098 8DF80730 		strb	r3, [sp, #7]
1259:Core/Src/ov5640.c ****       }
 1073              		.loc 1 1259 9 is_stmt 1 view .LVU310
1259:Core/Src/ov5640.c ****       }
 1074              		.loc 1 1259 15 is_stmt 0 view .LVU311
 1075 009c 0123     		movs	r3, #1
 1076 009e 0DF10702 		add	r2, sp, #7
 1077 00a2 4FF4AB41 		mov	r1, #21888
 1078 00a6 2046     		mov	r0, r4
 1079              	.LVL104:
1259:Core/Src/ov5640.c ****       }
ARM GAS  /tmp/ccy24VEl.s 			page 63


 1080              		.loc 1 1259 15 view .LVU312
 1081 00a8 FFF7FEFF 		bl	ov5640_write_reg
 1082              	.LVL105:
1261:Core/Src/ov5640.c ****       {
 1083              		.loc 1 1261 7 is_stmt 1 view .LVU313
1261:Core/Src/ov5640.c ****       {
 1084              		.loc 1 1261 10 is_stmt 0 view .LVU314
 1085 00ac 0028     		cmp	r0, #0
 1086 00ae 40F03981 		bne	.L93
1263:Core/Src/ov5640.c ****         ret = ov5640_write_reg(&pObj->Ctx, OV5640_SDE_CTRL3, &tmp, 1);
 1087              		.loc 1 1263 9 is_stmt 1 view .LVU315
1263:Core/Src/ov5640.c ****         ret = ov5640_write_reg(&pObj->Ctx, OV5640_SDE_CTRL3, &tmp, 1);
 1088              		.loc 1 1263 13 is_stmt 0 view .LVU316
 1089 00b2 A023     		movs	r3, #160
 1090 00b4 8DF80730 		strb	r3, [sp, #7]
1264:Core/Src/ov5640.c ****       }
 1091              		.loc 1 1264 9 is_stmt 1 view .LVU317
1264:Core/Src/ov5640.c ****       }
 1092              		.loc 1 1264 15 is_stmt 0 view .LVU318
 1093 00b8 0123     		movs	r3, #1
 1094 00ba 0DF10702 		add	r2, sp, #7
 1095 00be 45F28351 		movw	r1, #21891
 1096 00c2 2046     		mov	r0, r4
 1097              	.LVL106:
1264:Core/Src/ov5640.c ****       }
 1098              		.loc 1 1264 15 view .LVU319
 1099 00c4 FFF7FEFF 		bl	ov5640_write_reg
 1100              	.LVL107:
 1101 00c8 0346     		mov	r3, r0
 1102              	.LVL108:
1264:Core/Src/ov5640.c ****       }
 1103              		.loc 1 1264 15 view .LVU320
 1104 00ca D0E7     		b	.L91
 1105              	.LVL109:
 1106              	.L89:
1279:Core/Src/ov5640.c ****       ret = ov5640_write_reg(&pObj->Ctx, OV5640_ISP_CONTROL01, &tmp, 1);
 1107              		.loc 1 1279 7 is_stmt 1 view .LVU321
1279:Core/Src/ov5640.c ****       ret = ov5640_write_reg(&pObj->Ctx, OV5640_ISP_CONTROL01, &tmp, 1);
 1108              		.loc 1 1279 11 is_stmt 0 view .LVU322
 1109 00cc FF23     		movs	r3, #255
 1110 00ce 8DF80730 		strb	r3, [sp, #7]
1280:Core/Src/ov5640.c **** 
 1111              		.loc 1 1280 7 is_stmt 1 view .LVU323
1280:Core/Src/ov5640.c **** 
 1112              		.loc 1 1280 13 is_stmt 0 view .LVU324
 1113 00d2 00F11804 		add	r4, r0, #24
 1114 00d6 0123     		movs	r3, #1
 1115 00d8 0DF10702 		add	r2, sp, #7
 1116 00dc 45F20101 		movw	r1, #20481
 1117 00e0 2046     		mov	r0, r4
 1118              	.LVL110:
1280:Core/Src/ov5640.c **** 
 1119              		.loc 1 1280 13 view .LVU325
 1120 00e2 FFF7FEFF 		bl	ov5640_write_reg
 1121              	.LVL111:
1282:Core/Src/ov5640.c ****       {
 1122              		.loc 1 1282 7 is_stmt 1 view .LVU326
ARM GAS  /tmp/ccy24VEl.s 			page 64


1282:Core/Src/ov5640.c ****       {
 1123              		.loc 1 1282 10 is_stmt 0 view .LVU327
 1124 00e6 0028     		cmp	r0, #0
 1125 00e8 40F02281 		bne	.L96
1284:Core/Src/ov5640.c ****         ret = ov5640_write_reg(&pObj->Ctx, OV5640_SDE_CTRL0, &tmp, 1);
 1126              		.loc 1 1284 9 is_stmt 1 view .LVU328
1284:Core/Src/ov5640.c ****         ret = ov5640_write_reg(&pObj->Ctx, OV5640_SDE_CTRL0, &tmp, 1);
 1127              		.loc 1 1284 13 is_stmt 0 view .LVU329
 1128 00ec 1823     		movs	r3, #24
 1129 00ee 8DF80730 		strb	r3, [sp, #7]
1285:Core/Src/ov5640.c ****       }
 1130              		.loc 1 1285 9 is_stmt 1 view .LVU330
1285:Core/Src/ov5640.c ****       }
 1131              		.loc 1 1285 15 is_stmt 0 view .LVU331
 1132 00f2 0123     		movs	r3, #1
 1133 00f4 0DF10702 		add	r2, sp, #7
 1134 00f8 4FF4AB41 		mov	r1, #21888
 1135 00fc 2046     		mov	r0, r4
 1136              	.LVL112:
1285:Core/Src/ov5640.c ****       }
 1137              		.loc 1 1285 15 view .LVU332
 1138 00fe FFF7FEFF 		bl	ov5640_write_reg
 1139              	.LVL113:
1287:Core/Src/ov5640.c ****       {
 1140              		.loc 1 1287 7 is_stmt 1 view .LVU333
1287:Core/Src/ov5640.c ****       {
 1141              		.loc 1 1287 10 is_stmt 0 view .LVU334
 1142 0102 0028     		cmp	r0, #0
 1143 0104 40F01781 		bne	.L97
1289:Core/Src/ov5640.c ****         ret = ov5640_write_reg(&pObj->Ctx, OV5640_SDE_CTRL3, &tmp, 1);
 1144              		.loc 1 1289 9 is_stmt 1 view .LVU335
1289:Core/Src/ov5640.c ****         ret = ov5640_write_reg(&pObj->Ctx, OV5640_SDE_CTRL3, &tmp, 1);
 1145              		.loc 1 1289 13 is_stmt 0 view .LVU336
 1146 0108 8023     		movs	r3, #128
 1147 010a 8DF80730 		strb	r3, [sp, #7]
1290:Core/Src/ov5640.c ****       }
 1148              		.loc 1 1290 9 is_stmt 1 view .LVU337
1290:Core/Src/ov5640.c ****       }
 1149              		.loc 1 1290 15 is_stmt 0 view .LVU338
 1150 010e 0123     		movs	r3, #1
 1151 0110 0DF10702 		add	r2, sp, #7
 1152 0114 45F28351 		movw	r1, #21891
 1153 0118 2046     		mov	r0, r4
 1154              	.LVL114:
1290:Core/Src/ov5640.c ****       }
 1155              		.loc 1 1290 15 view .LVU339
 1156 011a FFF7FEFF 		bl	ov5640_write_reg
 1157              	.LVL115:
1292:Core/Src/ov5640.c ****       {
 1158              		.loc 1 1292 7 is_stmt 1 view .LVU340
1292:Core/Src/ov5640.c ****       {
 1159              		.loc 1 1292 10 is_stmt 0 view .LVU341
 1160 011e 0028     		cmp	r0, #0
 1161 0120 40F00C81 		bne	.L98
1294:Core/Src/ov5640.c ****         ret = ov5640_write_reg(&pObj->Ctx, OV5640_SDE_CTRL4, &tmp, 1);
 1162              		.loc 1 1294 9 is_stmt 1 view .LVU342
1294:Core/Src/ov5640.c ****         ret = ov5640_write_reg(&pObj->Ctx, OV5640_SDE_CTRL4, &tmp, 1);
ARM GAS  /tmp/ccy24VEl.s 			page 65


 1163              		.loc 1 1294 13 is_stmt 0 view .LVU343
 1164 0124 C023     		movs	r3, #192
 1165 0126 8DF80730 		strb	r3, [sp, #7]
1295:Core/Src/ov5640.c ****       }
 1166              		.loc 1 1295 9 is_stmt 1 view .LVU344
1295:Core/Src/ov5640.c ****       }
 1167              		.loc 1 1295 15 is_stmt 0 view .LVU345
 1168 012a 0123     		movs	r3, #1
 1169 012c 0DF10702 		add	r2, sp, #7
 1170 0130 45F28451 		movw	r1, #21892
 1171 0134 2046     		mov	r0, r4
 1172              	.LVL116:
1295:Core/Src/ov5640.c ****       }
 1173              		.loc 1 1295 15 view .LVU346
 1174 0136 FFF7FEFF 		bl	ov5640_write_reg
 1175              	.LVL117:
1298:Core/Src/ov5640.c ****       {
 1176              		.loc 1 1298 7 is_stmt 1 view .LVU347
1298:Core/Src/ov5640.c ****       {
 1177              		.loc 1 1298 10 is_stmt 0 view .LVU348
 1178 013a 0028     		cmp	r0, #0
 1179 013c 00F0D180 		beq	.L82
1300:Core/Src/ov5640.c ****       }
 1180              		.loc 1 1300 13 view .LVU349
 1181 0140 4FF0FF30 		mov	r0, #-1
 1182              	.LVL118:
1300:Core/Src/ov5640.c ****       }
 1183              		.loc 1 1300 13 view .LVU350
 1184 0144 CDE0     		b	.L82
 1185              	.LVL119:
 1186              	.L88:
1305:Core/Src/ov5640.c ****       ret = ov5640_write_reg(&pObj->Ctx, OV5640_ISP_CONTROL01, &tmp, 1);
 1187              		.loc 1 1305 7 is_stmt 1 view .LVU351
1305:Core/Src/ov5640.c ****       ret = ov5640_write_reg(&pObj->Ctx, OV5640_ISP_CONTROL01, &tmp, 1);
 1188              		.loc 1 1305 11 is_stmt 0 view .LVU352
 1189 0146 FF23     		movs	r3, #255
 1190 0148 8DF80730 		strb	r3, [sp, #7]
1306:Core/Src/ov5640.c **** 
 1191              		.loc 1 1306 7 is_stmt 1 view .LVU353
1306:Core/Src/ov5640.c **** 
 1192              		.loc 1 1306 13 is_stmt 0 view .LVU354
 1193 014c 00F11804 		add	r4, r0, #24
 1194 0150 0123     		movs	r3, #1
 1195 0152 0DF10702 		add	r2, sp, #7
 1196 0156 45F20101 		movw	r1, #20481
 1197 015a 2046     		mov	r0, r4
 1198              	.LVL120:
1306:Core/Src/ov5640.c **** 
 1199              		.loc 1 1306 13 view .LVU355
 1200 015c FFF7FEFF 		bl	ov5640_write_reg
 1201              	.LVL121:
1308:Core/Src/ov5640.c ****       {
 1202              		.loc 1 1308 7 is_stmt 1 view .LVU356
1308:Core/Src/ov5640.c ****       {
 1203              		.loc 1 1308 10 is_stmt 0 view .LVU357
 1204 0160 0028     		cmp	r0, #0
 1205 0162 40F0EE80 		bne	.L100
ARM GAS  /tmp/ccy24VEl.s 			page 66


1310:Core/Src/ov5640.c ****         ret = ov5640_write_reg(&pObj->Ctx, OV5640_SDE_CTRL0, &tmp, 1);
 1206              		.loc 1 1310 9 is_stmt 1 view .LVU358
1310:Core/Src/ov5640.c ****         ret = ov5640_write_reg(&pObj->Ctx, OV5640_SDE_CTRL0, &tmp, 1);
 1207              		.loc 1 1310 13 is_stmt 0 view .LVU359
 1208 0166 1823     		movs	r3, #24
 1209 0168 8DF80730 		strb	r3, [sp, #7]
1311:Core/Src/ov5640.c ****       }
 1210              		.loc 1 1311 9 is_stmt 1 view .LVU360
1311:Core/Src/ov5640.c ****       }
 1211              		.loc 1 1311 15 is_stmt 0 view .LVU361
 1212 016c 0123     		movs	r3, #1
 1213 016e 0DF10702 		add	r2, sp, #7
 1214 0172 4FF4AB41 		mov	r1, #21888
 1215 0176 2046     		mov	r0, r4
 1216              	.LVL122:
1311:Core/Src/ov5640.c ****       }
 1217              		.loc 1 1311 15 view .LVU362
 1218 0178 FFF7FEFF 		bl	ov5640_write_reg
 1219              	.LVL123:
1313:Core/Src/ov5640.c ****       {
 1220              		.loc 1 1313 7 is_stmt 1 view .LVU363
1313:Core/Src/ov5640.c ****       {
 1221              		.loc 1 1313 10 is_stmt 0 view .LVU364
 1222 017c 0028     		cmp	r0, #0
 1223 017e 40F0E380 		bne	.L101
1315:Core/Src/ov5640.c ****         ret = ov5640_write_reg(&pObj->Ctx, OV5640_SDE_CTRL3, &tmp, 1);
 1224              		.loc 1 1315 9 is_stmt 1 view .LVU365
1315:Core/Src/ov5640.c ****         ret = ov5640_write_reg(&pObj->Ctx, OV5640_SDE_CTRL3, &tmp, 1);
 1225              		.loc 1 1315 13 is_stmt 0 view .LVU366
 1226 0182 6023     		movs	r3, #96
 1227 0184 8DF80730 		strb	r3, [sp, #7]
1316:Core/Src/ov5640.c ****       }
 1228              		.loc 1 1316 9 is_stmt 1 view .LVU367
1316:Core/Src/ov5640.c ****       }
 1229              		.loc 1 1316 15 is_stmt 0 view .LVU368
 1230 0188 0123     		movs	r3, #1
 1231 018a 0DF10702 		add	r2, sp, #7
 1232 018e 45F28351 		movw	r1, #21891
 1233 0192 2046     		mov	r0, r4
 1234              	.LVL124:
1316:Core/Src/ov5640.c ****       }
 1235              		.loc 1 1316 15 view .LVU369
 1236 0194 FFF7FEFF 		bl	ov5640_write_reg
 1237              	.LVL125:
1318:Core/Src/ov5640.c ****       {
 1238              		.loc 1 1318 7 is_stmt 1 view .LVU370
1318:Core/Src/ov5640.c ****       {
 1239              		.loc 1 1318 10 is_stmt 0 view .LVU371
 1240 0198 0028     		cmp	r0, #0
 1241 019a 40F0D880 		bne	.L102
1320:Core/Src/ov5640.c ****         ret = ov5640_write_reg(&pObj->Ctx, OV5640_SDE_CTRL4, &tmp, 1);
 1242              		.loc 1 1320 9 is_stmt 1 view .LVU372
1320:Core/Src/ov5640.c ****         ret = ov5640_write_reg(&pObj->Ctx, OV5640_SDE_CTRL4, &tmp, 1);
 1243              		.loc 1 1320 13 is_stmt 0 view .LVU373
 1244 019e 6023     		movs	r3, #96
 1245 01a0 8DF80730 		strb	r3, [sp, #7]
1321:Core/Src/ov5640.c ****       }
ARM GAS  /tmp/ccy24VEl.s 			page 67


 1246              		.loc 1 1321 9 is_stmt 1 view .LVU374
1321:Core/Src/ov5640.c ****       }
 1247              		.loc 1 1321 15 is_stmt 0 view .LVU375
 1248 01a4 0123     		movs	r3, #1
 1249 01a6 0DF10702 		add	r2, sp, #7
 1250 01aa 45F28451 		movw	r1, #21892
 1251 01ae 2046     		mov	r0, r4
 1252              	.LVL126:
1321:Core/Src/ov5640.c ****       }
 1253              		.loc 1 1321 15 view .LVU376
 1254 01b0 FFF7FEFF 		bl	ov5640_write_reg
 1255              	.LVL127:
1324:Core/Src/ov5640.c ****       {
 1256              		.loc 1 1324 7 is_stmt 1 view .LVU377
1324:Core/Src/ov5640.c ****       {
 1257              		.loc 1 1324 10 is_stmt 0 view .LVU378
 1258 01b4 0028     		cmp	r0, #0
 1259 01b6 00F09480 		beq	.L82
1326:Core/Src/ov5640.c ****       }
 1260              		.loc 1 1326 13 view .LVU379
 1261 01ba 4FF0FF30 		mov	r0, #-1
 1262              	.LVL128:
1326:Core/Src/ov5640.c ****       }
 1263              		.loc 1 1326 13 view .LVU380
 1264 01be 90E0     		b	.L82
 1265              	.LVL129:
 1266              	.L87:
1331:Core/Src/ov5640.c ****       ret = ov5640_write_reg(&pObj->Ctx, OV5640_ISP_CONTROL01, &tmp, 1);
 1267              		.loc 1 1331 7 is_stmt 1 view .LVU381
1331:Core/Src/ov5640.c ****       ret = ov5640_write_reg(&pObj->Ctx, OV5640_ISP_CONTROL01, &tmp, 1);
 1268              		.loc 1 1331 11 is_stmt 0 view .LVU382
 1269 01c0 FF23     		movs	r3, #255
 1270 01c2 8DF80730 		strb	r3, [sp, #7]
1332:Core/Src/ov5640.c **** 
 1271              		.loc 1 1332 7 is_stmt 1 view .LVU383
1332:Core/Src/ov5640.c **** 
 1272              		.loc 1 1332 13 is_stmt 0 view .LVU384
 1273 01c6 00F11804 		add	r4, r0, #24
 1274 01ca 0123     		movs	r3, #1
 1275 01cc 0DF10702 		add	r2, sp, #7
 1276 01d0 45F20101 		movw	r1, #20481
 1277 01d4 2046     		mov	r0, r4
 1278              	.LVL130:
1332:Core/Src/ov5640.c **** 
 1279              		.loc 1 1332 13 view .LVU385
 1280 01d6 FFF7FEFF 		bl	ov5640_write_reg
 1281              	.LVL131:
1334:Core/Src/ov5640.c ****       {
 1282              		.loc 1 1334 7 is_stmt 1 view .LVU386
1334:Core/Src/ov5640.c ****       {
 1283              		.loc 1 1334 10 is_stmt 0 view .LVU387
 1284 01da 0028     		cmp	r0, #0
 1285 01dc 40F0BA80 		bne	.L104
1336:Core/Src/ov5640.c ****         ret = ov5640_write_reg(&pObj->Ctx, OV5640_SDE_CTRL0, &tmp, 1);
 1286              		.loc 1 1336 9 is_stmt 1 view .LVU388
1336:Core/Src/ov5640.c ****         ret = ov5640_write_reg(&pObj->Ctx, OV5640_SDE_CTRL0, &tmp, 1);
 1287              		.loc 1 1336 13 is_stmt 0 view .LVU389
ARM GAS  /tmp/ccy24VEl.s 			page 68


 1288 01e0 1823     		movs	r3, #24
 1289 01e2 8DF80730 		strb	r3, [sp, #7]
1337:Core/Src/ov5640.c ****       }
 1290              		.loc 1 1337 9 is_stmt 1 view .LVU390
1337:Core/Src/ov5640.c ****       }
 1291              		.loc 1 1337 15 is_stmt 0 view .LVU391
 1292 01e6 0123     		movs	r3, #1
 1293 01e8 0DF10702 		add	r2, sp, #7
 1294 01ec 4FF4AB41 		mov	r1, #21888
 1295 01f0 2046     		mov	r0, r4
 1296              	.LVL132:
1337:Core/Src/ov5640.c ****       }
 1297              		.loc 1 1337 15 view .LVU392
 1298 01f2 FFF7FEFF 		bl	ov5640_write_reg
 1299              	.LVL133:
1339:Core/Src/ov5640.c ****       {
 1300              		.loc 1 1339 7 is_stmt 1 view .LVU393
1339:Core/Src/ov5640.c ****       {
 1301              		.loc 1 1339 10 is_stmt 0 view .LVU394
 1302 01f6 0028     		cmp	r0, #0
 1303 01f8 40F0AF80 		bne	.L105
1341:Core/Src/ov5640.c ****         ret = ov5640_write_reg(&pObj->Ctx, OV5640_SDE_CTRL3, &tmp, 1);
 1304              		.loc 1 1341 9 is_stmt 1 view .LVU395
1341:Core/Src/ov5640.c ****         ret = ov5640_write_reg(&pObj->Ctx, OV5640_SDE_CTRL3, &tmp, 1);
 1305              		.loc 1 1341 13 is_stmt 0 view .LVU396
 1306 01fc 8023     		movs	r3, #128
 1307 01fe 8DF80730 		strb	r3, [sp, #7]
1342:Core/Src/ov5640.c ****       }
 1308              		.loc 1 1342 9 is_stmt 1 view .LVU397
1342:Core/Src/ov5640.c ****       }
 1309              		.loc 1 1342 15 is_stmt 0 view .LVU398
 1310 0202 0123     		movs	r3, #1
 1311 0204 0DF10702 		add	r2, sp, #7
 1312 0208 45F28351 		movw	r1, #21891
 1313 020c 2046     		mov	r0, r4
 1314              	.LVL134:
1342:Core/Src/ov5640.c ****       }
 1315              		.loc 1 1342 15 view .LVU399
 1316 020e FFF7FEFF 		bl	ov5640_write_reg
 1317              	.LVL135:
1344:Core/Src/ov5640.c ****       {
 1318              		.loc 1 1344 7 is_stmt 1 view .LVU400
1344:Core/Src/ov5640.c ****       {
 1319              		.loc 1 1344 10 is_stmt 0 view .LVU401
 1320 0212 0028     		cmp	r0, #0
 1321 0214 40F0A480 		bne	.L106
1346:Core/Src/ov5640.c ****         ret = ov5640_write_reg(&pObj->Ctx, OV5640_SDE_CTRL4, &tmp, 1);
 1322              		.loc 1 1346 9 is_stmt 1 view .LVU402
1346:Core/Src/ov5640.c ****         ret = ov5640_write_reg(&pObj->Ctx, OV5640_SDE_CTRL4, &tmp, 1);
 1323              		.loc 1 1346 13 is_stmt 0 view .LVU403
 1324 0218 8023     		movs	r3, #128
 1325 021a 8DF80730 		strb	r3, [sp, #7]
1347:Core/Src/ov5640.c ****       }
 1326              		.loc 1 1347 9 is_stmt 1 view .LVU404
1347:Core/Src/ov5640.c ****       }
 1327              		.loc 1 1347 15 is_stmt 0 view .LVU405
 1328 021e 0123     		movs	r3, #1
ARM GAS  /tmp/ccy24VEl.s 			page 69


 1329 0220 0DF10702 		add	r2, sp, #7
 1330 0224 45F28451 		movw	r1, #21892
 1331 0228 2046     		mov	r0, r4
 1332              	.LVL136:
1347:Core/Src/ov5640.c ****       }
 1333              		.loc 1 1347 15 view .LVU406
 1334 022a FFF7FEFF 		bl	ov5640_write_reg
 1335              	.LVL137:
1350:Core/Src/ov5640.c ****       {
 1336              		.loc 1 1350 7 is_stmt 1 view .LVU407
1350:Core/Src/ov5640.c ****       {
 1337              		.loc 1 1350 10 is_stmt 0 view .LVU408
 1338 022e 0028     		cmp	r0, #0
 1339 0230 57D0     		beq	.L82
1352:Core/Src/ov5640.c ****       }
 1340              		.loc 1 1352 13 view .LVU409
 1341 0232 4FF0FF30 		mov	r0, #-1
 1342              	.LVL138:
1352:Core/Src/ov5640.c ****       }
 1343              		.loc 1 1352 13 view .LVU410
 1344 0236 54E0     		b	.L82
 1345              	.LVL139:
 1346              	.L86:
1357:Core/Src/ov5640.c ****       ret = ov5640_write_reg(&pObj->Ctx, OV5640_ISP_CONTROL01, &tmp, 1);
 1347              		.loc 1 1357 7 is_stmt 1 view .LVU411
1357:Core/Src/ov5640.c ****       ret = ov5640_write_reg(&pObj->Ctx, OV5640_ISP_CONTROL01, &tmp, 1);
 1348              		.loc 1 1357 11 is_stmt 0 view .LVU412
 1349 0238 FF23     		movs	r3, #255
 1350 023a 8DF80730 		strb	r3, [sp, #7]
1358:Core/Src/ov5640.c **** 
 1351              		.loc 1 1358 7 is_stmt 1 view .LVU413
1358:Core/Src/ov5640.c **** 
 1352              		.loc 1 1358 13 is_stmt 0 view .LVU414
 1353 023e 00F11804 		add	r4, r0, #24
 1354 0242 0123     		movs	r3, #1
 1355 0244 0DF10702 		add	r2, sp, #7
 1356 0248 45F20101 		movw	r1, #20481
 1357 024c 2046     		mov	r0, r4
 1358              	.LVL140:
1358:Core/Src/ov5640.c **** 
 1359              		.loc 1 1358 13 view .LVU415
 1360 024e FFF7FEFF 		bl	ov5640_write_reg
 1361              	.LVL141:
1360:Core/Src/ov5640.c ****       {
 1362              		.loc 1 1360 7 is_stmt 1 view .LVU416
1360:Core/Src/ov5640.c ****       {
 1363              		.loc 1 1360 10 is_stmt 0 view .LVU417
 1364 0252 0028     		cmp	r0, #0
 1365 0254 40F08780 		bne	.L108
1362:Core/Src/ov5640.c ****         ret = ov5640_write_reg(&pObj->Ctx, OV5640_SDE_CTRL0, &tmp, 1);
 1366              		.loc 1 1362 9 is_stmt 1 view .LVU418
1362:Core/Src/ov5640.c ****         ret = ov5640_write_reg(&pObj->Ctx, OV5640_SDE_CTRL0, &tmp, 1);
 1367              		.loc 1 1362 13 is_stmt 0 view .LVU419
 1368 0258 1823     		movs	r3, #24
 1369 025a 8DF80730 		strb	r3, [sp, #7]
1363:Core/Src/ov5640.c ****       }
 1370              		.loc 1 1363 9 is_stmt 1 view .LVU420
ARM GAS  /tmp/ccy24VEl.s 			page 70


1363:Core/Src/ov5640.c ****       }
 1371              		.loc 1 1363 15 is_stmt 0 view .LVU421
 1372 025e 0123     		movs	r3, #1
 1373 0260 0DF10702 		add	r2, sp, #7
 1374 0264 4FF4AB41 		mov	r1, #21888
 1375 0268 2046     		mov	r0, r4
 1376              	.LVL142:
1363:Core/Src/ov5640.c ****       }
 1377              		.loc 1 1363 15 view .LVU422
 1378 026a FFF7FEFF 		bl	ov5640_write_reg
 1379              	.LVL143:
1365:Core/Src/ov5640.c ****       {
 1380              		.loc 1 1365 7 is_stmt 1 view .LVU423
1365:Core/Src/ov5640.c ****       {
 1381              		.loc 1 1365 10 is_stmt 0 view .LVU424
 1382 026e 0028     		cmp	r0, #0
 1383 0270 7CD1     		bne	.L109
1367:Core/Src/ov5640.c ****         ret = ov5640_write_reg(&pObj->Ctx, OV5640_SDE_CTRL3, &tmp, 1);
 1384              		.loc 1 1367 9 is_stmt 1 view .LVU425
1367:Core/Src/ov5640.c ****         ret = ov5640_write_reg(&pObj->Ctx, OV5640_SDE_CTRL3, &tmp, 1);
 1385              		.loc 1 1367 13 is_stmt 0 view .LVU426
 1386 0272 4023     		movs	r3, #64
 1387 0274 8DF80730 		strb	r3, [sp, #7]
1368:Core/Src/ov5640.c ****       }
 1388              		.loc 1 1368 9 is_stmt 1 view .LVU427
1368:Core/Src/ov5640.c ****       }
 1389              		.loc 1 1368 15 is_stmt 0 view .LVU428
 1390 0278 0123     		movs	r3, #1
 1391 027a 0DF10702 		add	r2, sp, #7
 1392 027e 45F28351 		movw	r1, #21891
 1393 0282 2046     		mov	r0, r4
 1394              	.LVL144:
1368:Core/Src/ov5640.c ****       }
 1395              		.loc 1 1368 15 view .LVU429
 1396 0284 FFF7FEFF 		bl	ov5640_write_reg
 1397              	.LVL145:
1370:Core/Src/ov5640.c ****       {
 1398              		.loc 1 1370 7 is_stmt 1 view .LVU430
1370:Core/Src/ov5640.c ****       {
 1399              		.loc 1 1370 10 is_stmt 0 view .LVU431
 1400 0288 0028     		cmp	r0, #0
 1401 028a 72D1     		bne	.L110
1372:Core/Src/ov5640.c ****         ret = ov5640_write_reg(&pObj->Ctx, OV5640_SDE_CTRL4, &tmp, 1);
 1402              		.loc 1 1372 9 is_stmt 1 view .LVU432
1372:Core/Src/ov5640.c ****         ret = ov5640_write_reg(&pObj->Ctx, OV5640_SDE_CTRL4, &tmp, 1);
 1403              		.loc 1 1372 13 is_stmt 0 view .LVU433
 1404 028c A023     		movs	r3, #160
 1405 028e 8DF80730 		strb	r3, [sp, #7]
1373:Core/Src/ov5640.c ****       }
 1406              		.loc 1 1373 9 is_stmt 1 view .LVU434
1373:Core/Src/ov5640.c ****       }
 1407              		.loc 1 1373 15 is_stmt 0 view .LVU435
 1408 0292 0123     		movs	r3, #1
 1409 0294 0DF10702 		add	r2, sp, #7
 1410 0298 45F28451 		movw	r1, #21892
 1411 029c 2046     		mov	r0, r4
 1412              	.LVL146:
ARM GAS  /tmp/ccy24VEl.s 			page 71


1373:Core/Src/ov5640.c ****       }
 1413              		.loc 1 1373 15 view .LVU436
 1414 029e FFF7FEFF 		bl	ov5640_write_reg
 1415              	.LVL147:
1376:Core/Src/ov5640.c ****       {
 1416              		.loc 1 1376 7 is_stmt 1 view .LVU437
1376:Core/Src/ov5640.c ****       {
 1417              		.loc 1 1376 10 is_stmt 0 view .LVU438
 1418 02a2 F0B1     		cbz	r0, .L82
1378:Core/Src/ov5640.c ****       }
 1419              		.loc 1 1378 13 view .LVU439
 1420 02a4 4FF0FF30 		mov	r0, #-1
 1421              	.LVL148:
1378:Core/Src/ov5640.c ****       }
 1422              		.loc 1 1378 13 view .LVU440
 1423 02a8 1BE0     		b	.L82
 1424              	.LVL149:
 1425              	.L84:
1383:Core/Src/ov5640.c ****       ret = ov5640_write_reg(&pObj->Ctx, OV5640_ISP_CONTROL01, &tmp, 1);
 1426              		.loc 1 1383 7 is_stmt 1 view .LVU441
1383:Core/Src/ov5640.c ****       ret = ov5640_write_reg(&pObj->Ctx, OV5640_ISP_CONTROL01, &tmp, 1);
 1427              		.loc 1 1383 11 is_stmt 0 view .LVU442
 1428 02aa FF23     		movs	r3, #255
 1429 02ac 8DF80730 		strb	r3, [sp, #7]
1384:Core/Src/ov5640.c **** 
 1430              		.loc 1 1384 7 is_stmt 1 view .LVU443
1384:Core/Src/ov5640.c **** 
 1431              		.loc 1 1384 13 is_stmt 0 view .LVU444
 1432 02b0 00F11804 		add	r4, r0, #24
 1433 02b4 0123     		movs	r3, #1
 1434 02b6 0DF10702 		add	r2, sp, #7
 1435 02ba 45F20101 		movw	r1, #20481
 1436 02be 2046     		mov	r0, r4
 1437              	.LVL150:
1384:Core/Src/ov5640.c **** 
 1438              		.loc 1 1384 13 view .LVU445
 1439 02c0 FFF7FEFF 		bl	ov5640_write_reg
 1440              	.LVL151:
1386:Core/Src/ov5640.c ****       {
 1441              		.loc 1 1386 7 is_stmt 1 view .LVU446
1386:Core/Src/ov5640.c ****       {
 1442              		.loc 1 1386 10 is_stmt 0 view .LVU447
 1443 02c4 0028     		cmp	r0, #0
 1444 02c6 57D1     		bne	.L112
1388:Core/Src/ov5640.c ****         ret = ov5640_write_reg(&pObj->Ctx, OV5640_SDE_CTRL0, &tmp, 1);
 1445              		.loc 1 1388 9 is_stmt 1 view .LVU448
1388:Core/Src/ov5640.c ****         ret = ov5640_write_reg(&pObj->Ctx, OV5640_SDE_CTRL0, &tmp, 1);
 1446              		.loc 1 1388 13 is_stmt 0 view .LVU449
 1447 02c8 4023     		movs	r3, #64
 1448 02ca 8DF80730 		strb	r3, [sp, #7]
1389:Core/Src/ov5640.c ****       }
 1449              		.loc 1 1389 9 is_stmt 1 view .LVU450
1389:Core/Src/ov5640.c ****       }
 1450              		.loc 1 1389 15 is_stmt 0 view .LVU451
 1451 02ce 0123     		movs	r3, #1
 1452 02d0 0DF10702 		add	r2, sp, #7
 1453 02d4 4FF4AB41 		mov	r1, #21888
ARM GAS  /tmp/ccy24VEl.s 			page 72


 1454 02d8 2046     		mov	r0, r4
 1455              	.LVL152:
1389:Core/Src/ov5640.c ****       }
 1456              		.loc 1 1389 15 view .LVU452
 1457 02da FFF7FEFF 		bl	ov5640_write_reg
 1458              	.LVL153:
1391:Core/Src/ov5640.c ****       {
 1459              		.loc 1 1391 7 is_stmt 1 view .LVU453
1391:Core/Src/ov5640.c ****       {
 1460              		.loc 1 1391 10 is_stmt 0 view .LVU454
 1461 02de 0028     		cmp	r0, #0
 1462 02e0 4DD1     		bne	.L118
 1463              	.LVL154:
 1464              	.L82:
1417:Core/Src/ov5640.c **** 
 1465              		.loc 1 1417 1 view .LVU455
 1466 02e2 02B0     		add	sp, sp, #8
 1467              	.LCFI13:
 1468              		.cfi_remember_state
 1469              		.cfi_def_cfa_offset 8
 1470              		@ sp needed
 1471 02e4 10BD     		pop	{r4, pc}
 1472              	.LVL155:
 1473              	.L83:
 1474              	.LCFI14:
 1475              		.cfi_restore_state
1399:Core/Src/ov5640.c ****       ret = ov5640_write_reg(&pObj->Ctx, OV5640_ISP_CONTROL01, &tmp, 1);
 1476              		.loc 1 1399 7 is_stmt 1 view .LVU456
1399:Core/Src/ov5640.c ****       ret = ov5640_write_reg(&pObj->Ctx, OV5640_ISP_CONTROL01, &tmp, 1);
 1477              		.loc 1 1399 11 is_stmt 0 view .LVU457
 1478 02e6 7F23     		movs	r3, #127
 1479 02e8 8DF80730 		strb	r3, [sp, #7]
1400:Core/Src/ov5640.c **** 
 1480              		.loc 1 1400 7 is_stmt 1 view .LVU458
1400:Core/Src/ov5640.c **** 
 1481              		.loc 1 1400 13 is_stmt 0 view .LVU459
 1482 02ec 00F11804 		add	r4, r0, #24
 1483 02f0 0123     		movs	r3, #1
 1484 02f2 0DF10702 		add	r2, sp, #7
 1485 02f6 45F20101 		movw	r1, #20481
 1486 02fa 2046     		mov	r0, r4
 1487              	.LVL156:
1400:Core/Src/ov5640.c **** 
 1488              		.loc 1 1400 13 view .LVU460
 1489 02fc FFF7FEFF 		bl	ov5640_write_reg
 1490              	.LVL157:
1402:Core/Src/ov5640.c ****       {
 1491              		.loc 1 1402 7 is_stmt 1 view .LVU461
1402:Core/Src/ov5640.c ****       {
 1492              		.loc 1 1402 10 is_stmt 0 view .LVU462
 1493 0300 0028     		cmp	r0, #0
 1494 0302 3FD1     		bne	.L114
1404:Core/Src/ov5640.c ****         ret = ov5640_write_reg(&pObj->Ctx, OV5640_SDE_CTRL0, &tmp, 1);
 1495              		.loc 1 1404 9 is_stmt 1 view .LVU463
1404:Core/Src/ov5640.c ****         ret = ov5640_write_reg(&pObj->Ctx, OV5640_SDE_CTRL0, &tmp, 1);
 1496              		.loc 1 1404 13 is_stmt 0 view .LVU464
 1497 0304 0023     		movs	r3, #0
ARM GAS  /tmp/ccy24VEl.s 			page 73


 1498 0306 8DF80730 		strb	r3, [sp, #7]
1405:Core/Src/ov5640.c ****       }
 1499              		.loc 1 1405 9 is_stmt 1 view .LVU465
1405:Core/Src/ov5640.c ****       }
 1500              		.loc 1 1405 15 is_stmt 0 view .LVU466
 1501 030a 0123     		movs	r3, #1
 1502 030c 0DF10702 		add	r2, sp, #7
 1503 0310 4FF4AB41 		mov	r1, #21888
 1504 0314 2046     		mov	r0, r4
 1505              	.LVL158:
1405:Core/Src/ov5640.c ****       }
 1506              		.loc 1 1405 15 view .LVU467
 1507 0316 FFF7FEFF 		bl	ov5640_write_reg
 1508              	.LVL159:
1408:Core/Src/ov5640.c ****       {
 1509              		.loc 1 1408 7 is_stmt 1 view .LVU468
1408:Core/Src/ov5640.c ****       {
 1510              		.loc 1 1408 10 is_stmt 0 view .LVU469
 1511 031a 0028     		cmp	r0, #0
 1512 031c E1D0     		beq	.L82
1410:Core/Src/ov5640.c ****       }
 1513              		.loc 1 1410 13 view .LVU470
 1514 031e 4FF0FF30 		mov	r0, #-1
 1515              	.LVL160:
1416:Core/Src/ov5640.c **** }
 1516              		.loc 1 1416 3 is_stmt 1 view .LVU471
1416:Core/Src/ov5640.c **** }
 1517              		.loc 1 1416 10 is_stmt 0 view .LVU472
 1518 0322 DEE7     		b	.L82
 1519              	.LVL161:
 1520              	.L93:
1274:Core/Src/ov5640.c ****       }
 1521              		.loc 1 1274 13 view .LVU473
 1522 0324 4FF0FF30 		mov	r0, #-1
 1523              	.LVL162:
1274:Core/Src/ov5640.c ****       }
 1524              		.loc 1 1274 13 view .LVU474
 1525 0328 DBE7     		b	.L82
 1526              	.LVL163:
 1527              	.L94:
1274:Core/Src/ov5640.c ****       }
 1528              		.loc 1 1274 13 view .LVU475
 1529 032a 4FF0FF30 		mov	r0, #-1
 1530              	.LVL164:
1274:Core/Src/ov5640.c ****       }
 1531              		.loc 1 1274 13 view .LVU476
 1532 032e D8E7     		b	.L82
 1533              	.LVL165:
 1534              	.L96:
1300:Core/Src/ov5640.c ****       }
 1535              		.loc 1 1300 13 view .LVU477
 1536 0330 4FF0FF30 		mov	r0, #-1
 1537              	.LVL166:
1300:Core/Src/ov5640.c ****       }
 1538              		.loc 1 1300 13 view .LVU478
 1539 0334 D5E7     		b	.L82
 1540              	.LVL167:
ARM GAS  /tmp/ccy24VEl.s 			page 74


 1541              	.L97:
1300:Core/Src/ov5640.c ****       }
 1542              		.loc 1 1300 13 view .LVU479
 1543 0336 4FF0FF30 		mov	r0, #-1
 1544              	.LVL168:
1300:Core/Src/ov5640.c ****       }
 1545              		.loc 1 1300 13 view .LVU480
 1546 033a D2E7     		b	.L82
 1547              	.LVL169:
 1548              	.L98:
1300:Core/Src/ov5640.c ****       }
 1549              		.loc 1 1300 13 view .LVU481
 1550 033c 4FF0FF30 		mov	r0, #-1
 1551              	.LVL170:
1300:Core/Src/ov5640.c ****       }
 1552              		.loc 1 1300 13 view .LVU482
 1553 0340 CFE7     		b	.L82
 1554              	.LVL171:
 1555              	.L100:
1326:Core/Src/ov5640.c ****       }
 1556              		.loc 1 1326 13 view .LVU483
 1557 0342 4FF0FF30 		mov	r0, #-1
 1558              	.LVL172:
1326:Core/Src/ov5640.c ****       }
 1559              		.loc 1 1326 13 view .LVU484
 1560 0346 CCE7     		b	.L82
 1561              	.LVL173:
 1562              	.L101:
1326:Core/Src/ov5640.c ****       }
 1563              		.loc 1 1326 13 view .LVU485
 1564 0348 4FF0FF30 		mov	r0, #-1
 1565              	.LVL174:
1326:Core/Src/ov5640.c ****       }
 1566              		.loc 1 1326 13 view .LVU486
 1567 034c C9E7     		b	.L82
 1568              	.LVL175:
 1569              	.L102:
1326:Core/Src/ov5640.c ****       }
 1570              		.loc 1 1326 13 view .LVU487
 1571 034e 4FF0FF30 		mov	r0, #-1
 1572              	.LVL176:
1326:Core/Src/ov5640.c ****       }
 1573              		.loc 1 1326 13 view .LVU488
 1574 0352 C6E7     		b	.L82
 1575              	.LVL177:
 1576              	.L104:
1352:Core/Src/ov5640.c ****       }
 1577              		.loc 1 1352 13 view .LVU489
 1578 0354 4FF0FF30 		mov	r0, #-1
 1579              	.LVL178:
1352:Core/Src/ov5640.c ****       }
 1580              		.loc 1 1352 13 view .LVU490
 1581 0358 C3E7     		b	.L82
 1582              	.LVL179:
 1583              	.L105:
1352:Core/Src/ov5640.c ****       }
 1584              		.loc 1 1352 13 view .LVU491
ARM GAS  /tmp/ccy24VEl.s 			page 75


 1585 035a 4FF0FF30 		mov	r0, #-1
 1586              	.LVL180:
1352:Core/Src/ov5640.c ****       }
 1587              		.loc 1 1352 13 view .LVU492
 1588 035e C0E7     		b	.L82
 1589              	.LVL181:
 1590              	.L106:
1352:Core/Src/ov5640.c ****       }
 1591              		.loc 1 1352 13 view .LVU493
 1592 0360 4FF0FF30 		mov	r0, #-1
 1593              	.LVL182:
1352:Core/Src/ov5640.c ****       }
 1594              		.loc 1 1352 13 view .LVU494
 1595 0364 BDE7     		b	.L82
 1596              	.LVL183:
 1597              	.L108:
1378:Core/Src/ov5640.c ****       }
 1598              		.loc 1 1378 13 view .LVU495
 1599 0366 4FF0FF30 		mov	r0, #-1
 1600              	.LVL184:
1378:Core/Src/ov5640.c ****       }
 1601              		.loc 1 1378 13 view .LVU496
 1602 036a BAE7     		b	.L82
 1603              	.LVL185:
 1604              	.L109:
1378:Core/Src/ov5640.c ****       }
 1605              		.loc 1 1378 13 view .LVU497
 1606 036c 4FF0FF30 		mov	r0, #-1
 1607              	.LVL186:
1378:Core/Src/ov5640.c ****       }
 1608              		.loc 1 1378 13 view .LVU498
 1609 0370 B7E7     		b	.L82
 1610              	.LVL187:
 1611              	.L110:
1378:Core/Src/ov5640.c ****       }
 1612              		.loc 1 1378 13 view .LVU499
 1613 0372 4FF0FF30 		mov	r0, #-1
 1614              	.LVL188:
1378:Core/Src/ov5640.c ****       }
 1615              		.loc 1 1378 13 view .LVU500
 1616 0376 B4E7     		b	.L82
 1617              	.LVL189:
 1618              	.L112:
1393:Core/Src/ov5640.c ****       }
 1619              		.loc 1 1393 13 view .LVU501
 1620 0378 4FF0FF30 		mov	r0, #-1
 1621              	.LVL190:
1393:Core/Src/ov5640.c ****       }
 1622              		.loc 1 1393 13 view .LVU502
 1623 037c B1E7     		b	.L82
 1624              	.LVL191:
 1625              	.L118:
1393:Core/Src/ov5640.c ****       }
 1626              		.loc 1 1393 13 view .LVU503
 1627 037e 4FF0FF30 		mov	r0, #-1
 1628              	.LVL192:
1393:Core/Src/ov5640.c ****       }
ARM GAS  /tmp/ccy24VEl.s 			page 76


 1629              		.loc 1 1393 13 view .LVU504
 1630 0382 AEE7     		b	.L82
 1631              	.LVL193:
 1632              	.L114:
1410:Core/Src/ov5640.c ****       }
 1633              		.loc 1 1410 13 view .LVU505
 1634 0384 4FF0FF30 		mov	r0, #-1
 1635              	.LVL194:
1410:Core/Src/ov5640.c ****       }
 1636              		.loc 1 1410 13 view .LVU506
 1637 0388 ABE7     		b	.L82
 1638              		.cfi_endproc
 1639              	.LFE118:
 1641              		.section	.text.OV5640_SetBrightness,"ax",%progbits
 1642              		.align	1
 1643              		.global	OV5640_SetBrightness
 1644              		.syntax unified
 1645              		.thumb
 1646              		.thumb_func
 1648              	OV5640_SetBrightness:
 1649              	.LVL195:
 1650              	.LFB119:
1429:Core/Src/ov5640.c ****   int32_t ret;
 1651              		.loc 1 1429 1 is_stmt 1 view -0
 1652              		.cfi_startproc
 1653              		@ args = 0, pretend = 0, frame = 16
 1654              		@ frame_needed = 0, uses_anonymous_args = 0
1429:Core/Src/ov5640.c ****   int32_t ret;
 1655              		.loc 1 1429 1 is_stmt 0 view .LVU508
 1656 0000 70B5     		push	{r4, r5, r6, lr}
 1657              	.LCFI15:
 1658              		.cfi_def_cfa_offset 16
 1659              		.cfi_offset 4, -16
 1660              		.cfi_offset 5, -12
 1661              		.cfi_offset 6, -8
 1662              		.cfi_offset 14, -4
 1663 0002 84B0     		sub	sp, sp, #16
 1664              	.LCFI16:
 1665              		.cfi_def_cfa_offset 32
 1666 0004 0446     		mov	r4, r0
 1667 0006 0E46     		mov	r6, r1
1430:Core/Src/ov5640.c ****   const uint8_t brightness_level[] = {0x40U, 0x30U, 0x20U, 0x10U, 0x00U, 0x10U, 0x20U, 0x30U, 0x40U
 1668              		.loc 1 1430 3 is_stmt 1 view .LVU509
1431:Core/Src/ov5640.c ****   uint8_t tmp;
 1669              		.loc 1 1431 3 view .LVU510
1431:Core/Src/ov5640.c ****   uint8_t tmp;
 1670              		.loc 1 1431 17 is_stmt 0 view .LVU511
 1671 0008 2A4A     		ldr	r2, .L129
 1672 000a 01AB     		add	r3, sp, #4
 1673 000c 07CA     		ldm	r2, {r0, r1, r2}
 1674              	.LVL196:
1431:Core/Src/ov5640.c ****   uint8_t tmp;
 1675              		.loc 1 1431 17 view .LVU512
 1676 000e 03C3     		stmia	r3!, {r0, r1}
 1677 0010 1A70     		strb	r2, [r3]
1432:Core/Src/ov5640.c **** 
 1678              		.loc 1 1432 3 is_stmt 1 view .LVU513
ARM GAS  /tmp/ccy24VEl.s 			page 77


1434:Core/Src/ov5640.c ****   ret = ov5640_write_reg(&pObj->Ctx, OV5640_ISP_CONTROL01, &tmp, 1);
 1679              		.loc 1 1434 3 view .LVU514
1434:Core/Src/ov5640.c ****   ret = ov5640_write_reg(&pObj->Ctx, OV5640_ISP_CONTROL01, &tmp, 1);
 1680              		.loc 1 1434 7 is_stmt 0 view .LVU515
 1681 0012 FF23     		movs	r3, #255
 1682 0014 8DF80330 		strb	r3, [sp, #3]
1435:Core/Src/ov5640.c **** 
 1683              		.loc 1 1435 3 is_stmt 1 view .LVU516
1435:Core/Src/ov5640.c **** 
 1684              		.loc 1 1435 9 is_stmt 0 view .LVU517
 1685 0018 1834     		adds	r4, r4, #24
 1686              	.LVL197:
1435:Core/Src/ov5640.c **** 
 1687              		.loc 1 1435 9 view .LVU518
 1688 001a 0123     		movs	r3, #1
 1689 001c 0DF10302 		add	r2, sp, #3
 1690 0020 45F20101 		movw	r1, #20481
 1691 0024 2046     		mov	r0, r4
 1692 0026 FFF7FEFF 		bl	ov5640_write_reg
 1693              	.LVL198:
1437:Core/Src/ov5640.c ****   {
 1694              		.loc 1 1437 3 is_stmt 1 view .LVU519
1437:Core/Src/ov5640.c ****   {
 1695              		.loc 1 1437 6 is_stmt 0 view .LVU520
 1696 002a 0546     		mov	r5, r0
 1697 002c 88B1     		cbz	r0, .L126
 1698              	.L120:
1448:Core/Src/ov5640.c ****   {
 1699              		.loc 1 1448 3 is_stmt 1 view .LVU521
1448:Core/Src/ov5640.c ****   {
 1700              		.loc 1 1448 6 is_stmt 0 view .LVU522
 1701 002e 6DB9     		cbnz	r5, .L119
1450:Core/Src/ov5640.c ****     {
 1702              		.loc 1 1450 5 is_stmt 1 view .LVU523
1450:Core/Src/ov5640.c ****     {
 1703              		.loc 1 1450 8 is_stmt 0 view .LVU524
 1704 0030 002E     		cmp	r6, #0
 1705 0032 2DDB     		blt	.L127
1460:Core/Src/ov5640.c ****       if (ov5640_write_reg(&pObj->Ctx, OV5640_SDE_CTRL8, &tmp, 1) != OV5640_OK)
 1706              		.loc 1 1460 7 is_stmt 1 view .LVU525
1460:Core/Src/ov5640.c ****       if (ov5640_write_reg(&pObj->Ctx, OV5640_SDE_CTRL8, &tmp, 1) != OV5640_OK)
 1707              		.loc 1 1460 11 is_stmt 0 view .LVU526
 1708 0034 0923     		movs	r3, #9
 1709 0036 8DF80330 		strb	r3, [sp, #3]
1461:Core/Src/ov5640.c ****       {
 1710              		.loc 1 1461 7 is_stmt 1 view .LVU527
1461:Core/Src/ov5640.c ****       {
 1711              		.loc 1 1461 11 is_stmt 0 view .LVU528
 1712 003a 0123     		movs	r3, #1
 1713 003c 0DF10302 		add	r2, sp, #3
 1714 0040 45F28851 		movw	r1, #21896
 1715 0044 2046     		mov	r0, r4
 1716              	.LVL199:
1461:Core/Src/ov5640.c ****       {
 1717              		.loc 1 1461 11 view .LVU529
 1718 0046 FFF7FEFF 		bl	ov5640_write_reg
 1719              	.LVL200:
ARM GAS  /tmp/ccy24VEl.s 			page 78


1461:Core/Src/ov5640.c ****       {
 1720              		.loc 1 1461 10 discriminator 1 view .LVU530
 1721 004a 80BB     		cbnz	r0, .L128
 1722              	.LVL201:
 1723              	.L119:
1469:Core/Src/ov5640.c **** 
 1724              		.loc 1 1469 1 view .LVU531
 1725 004c 2846     		mov	r0, r5
 1726 004e 04B0     		add	sp, sp, #16
 1727              	.LCFI17:
 1728              		.cfi_remember_state
 1729              		.cfi_def_cfa_offset 16
 1730              		@ sp needed
 1731 0050 70BD     		pop	{r4, r5, r6, pc}
 1732              	.LVL202:
 1733              	.L126:
 1734              	.LCFI18:
 1735              		.cfi_restore_state
1439:Core/Src/ov5640.c ****     ret = ov5640_write_reg(&pObj->Ctx, OV5640_SDE_CTRL7, &tmp, 1);
 1736              		.loc 1 1439 5 is_stmt 1 view .LVU532
1439:Core/Src/ov5640.c ****     ret = ov5640_write_reg(&pObj->Ctx, OV5640_SDE_CTRL7, &tmp, 1);
 1737              		.loc 1 1439 27 is_stmt 0 view .LVU533
 1738 0052 06F11403 		add	r3, r6, #20
 1739 0056 6B44     		add	r3, sp, r3
 1740 0058 13F80C3C 		ldrb	r3, [r3, #-12]	@ zero_extendqisi2
1439:Core/Src/ov5640.c ****     ret = ov5640_write_reg(&pObj->Ctx, OV5640_SDE_CTRL7, &tmp, 1);
 1741              		.loc 1 1439 9 view .LVU534
 1742 005c 8DF80330 		strb	r3, [sp, #3]
1440:Core/Src/ov5640.c ****   }
 1743              		.loc 1 1440 5 is_stmt 1 view .LVU535
1440:Core/Src/ov5640.c ****   }
 1744              		.loc 1 1440 11 is_stmt 0 view .LVU536
 1745 0060 0123     		movs	r3, #1
 1746 0062 0DF10302 		add	r2, sp, #3
 1747 0066 45F28751 		movw	r1, #21895
 1748 006a 2046     		mov	r0, r4
 1749              	.LVL203:
1440:Core/Src/ov5640.c ****   }
 1750              		.loc 1 1440 11 view .LVU537
 1751 006c FFF7FEFF 		bl	ov5640_write_reg
 1752              	.LVL204:
1442:Core/Src/ov5640.c ****   {
 1753              		.loc 1 1442 3 is_stmt 1 view .LVU538
1442:Core/Src/ov5640.c ****   {
 1754              		.loc 1 1442 6 is_stmt 0 view .LVU539
 1755 0070 0546     		mov	r5, r0
 1756 0072 0028     		cmp	r0, #0
 1757 0074 EAD1     		bne	.L119
1444:Core/Src/ov5640.c ****     ret = ov5640_write_reg(&pObj->Ctx, OV5640_SDE_CTRL0, &tmp, 1);
 1758              		.loc 1 1444 5 is_stmt 1 view .LVU540
1444:Core/Src/ov5640.c ****     ret = ov5640_write_reg(&pObj->Ctx, OV5640_SDE_CTRL0, &tmp, 1);
 1759              		.loc 1 1444 9 is_stmt 0 view .LVU541
 1760 0076 0423     		movs	r3, #4
 1761 0078 8DF80330 		strb	r3, [sp, #3]
1445:Core/Src/ov5640.c ****   }
 1762              		.loc 1 1445 5 is_stmt 1 view .LVU542
1445:Core/Src/ov5640.c ****   }
ARM GAS  /tmp/ccy24VEl.s 			page 79


 1763              		.loc 1 1445 11 is_stmt 0 view .LVU543
 1764 007c 0123     		movs	r3, #1
 1765 007e 0DF10302 		add	r2, sp, #3
 1766 0082 4FF4AB41 		mov	r1, #21888
 1767 0086 2046     		mov	r0, r4
 1768              	.LVL205:
1445:Core/Src/ov5640.c ****   }
 1769              		.loc 1 1445 11 view .LVU544
 1770 0088 FFF7FEFF 		bl	ov5640_write_reg
 1771              	.LVL206:
 1772 008c 0546     		mov	r5, r0
 1773              	.LVL207:
1445:Core/Src/ov5640.c ****   }
 1774              		.loc 1 1445 11 view .LVU545
 1775 008e CEE7     		b	.L120
 1776              	.L127:
1452:Core/Src/ov5640.c ****       if (ov5640_write_reg(&pObj->Ctx, OV5640_SDE_CTRL8, &tmp, 1) != OV5640_OK)
 1777              		.loc 1 1452 7 is_stmt 1 view .LVU546
1452:Core/Src/ov5640.c ****       if (ov5640_write_reg(&pObj->Ctx, OV5640_SDE_CTRL8, &tmp, 1) != OV5640_OK)
 1778              		.loc 1 1452 11 is_stmt 0 view .LVU547
 1779 0090 0123     		movs	r3, #1
 1780 0092 8DF80330 		strb	r3, [sp, #3]
1453:Core/Src/ov5640.c ****       {
 1781              		.loc 1 1453 7 is_stmt 1 view .LVU548
1453:Core/Src/ov5640.c ****       {
 1782              		.loc 1 1453 11 is_stmt 0 view .LVU549
 1783 0096 0DF10302 		add	r2, sp, #3
 1784 009a 45F28851 		movw	r1, #21896
 1785 009e 2046     		mov	r0, r4
 1786              	.LVL208:
1453:Core/Src/ov5640.c ****       {
 1787              		.loc 1 1453 11 view .LVU550
 1788 00a0 FFF7FEFF 		bl	ov5640_write_reg
 1789              	.LVL209:
1453:Core/Src/ov5640.c ****       {
 1790              		.loc 1 1453 10 discriminator 1 view .LVU551
 1791 00a4 0028     		cmp	r0, #0
 1792 00a6 D1D0     		beq	.L119
1455:Core/Src/ov5640.c ****       }
 1793              		.loc 1 1455 13 view .LVU552
 1794 00a8 4FF0FF35 		mov	r5, #-1
 1795              	.LVL210:
1455:Core/Src/ov5640.c ****       }
 1796              		.loc 1 1455 13 view .LVU553
 1797 00ac CEE7     		b	.L119
 1798              	.LVL211:
 1799              	.L128:
1463:Core/Src/ov5640.c ****       }
 1800              		.loc 1 1463 13 view .LVU554
 1801 00ae 4FF0FF35 		mov	r5, #-1
 1802              	.LVL212:
1468:Core/Src/ov5640.c **** }
 1803              		.loc 1 1468 3 is_stmt 1 view .LVU555
1468:Core/Src/ov5640.c **** }
 1804              		.loc 1 1468 10 is_stmt 0 view .LVU556
 1805 00b2 CBE7     		b	.L119
 1806              	.L130:
ARM GAS  /tmp/ccy24VEl.s 			page 80


 1807              		.align	2
 1808              	.L129:
 1809 00b4 00000000 		.word	.LANCHOR0
 1810              		.cfi_endproc
 1811              	.LFE119:
 1813              		.section	.text.OV5640_SetSaturation,"ax",%progbits
 1814              		.align	1
 1815              		.global	OV5640_SetSaturation
 1816              		.syntax unified
 1817              		.thumb
 1818              		.thumb_func
 1820              	OV5640_SetSaturation:
 1821              	.LVL213:
 1822              	.LFB120:
1481:Core/Src/ov5640.c ****   int32_t ret;
 1823              		.loc 1 1481 1 is_stmt 1 view -0
 1824              		.cfi_startproc
 1825              		@ args = 0, pretend = 0, frame = 16
 1826              		@ frame_needed = 0, uses_anonymous_args = 0
1481:Core/Src/ov5640.c ****   int32_t ret;
 1827              		.loc 1 1481 1 is_stmt 0 view .LVU558
 1828 0000 30B5     		push	{r4, r5, lr}
 1829              	.LCFI19:
 1830              		.cfi_def_cfa_offset 12
 1831              		.cfi_offset 4, -12
 1832              		.cfi_offset 5, -8
 1833              		.cfi_offset 14, -4
 1834 0002 85B0     		sub	sp, sp, #20
 1835              	.LCFI20:
 1836              		.cfi_def_cfa_offset 32
 1837 0004 0446     		mov	r4, r0
 1838 0006 0D46     		mov	r5, r1
1482:Core/Src/ov5640.c ****   const uint8_t saturation_level[] = {0x00U, 0x10U, 0x20U, 0x30U, 0x80U, 0x70U, 0x60U, 0x50U, 0x40U
 1839              		.loc 1 1482 3 is_stmt 1 view .LVU559
1483:Core/Src/ov5640.c ****   uint8_t tmp;
 1840              		.loc 1 1483 3 view .LVU560
1483:Core/Src/ov5640.c ****   uint8_t tmp;
 1841              		.loc 1 1483 17 is_stmt 0 view .LVU561
 1842 0008 01AB     		add	r3, sp, #4
 1843 000a 2A4A     		ldr	r2, .L141
 1844 000c 07CA     		ldm	r2, {r0, r1, r2}
 1845              	.LVL214:
1483:Core/Src/ov5640.c ****   uint8_t tmp;
 1846              		.loc 1 1483 17 view .LVU562
 1847 000e 03C3     		stmia	r3!, {r0, r1}
 1848 0010 1A70     		strb	r2, [r3]
1484:Core/Src/ov5640.c **** 
 1849              		.loc 1 1484 3 is_stmt 1 view .LVU563
1486:Core/Src/ov5640.c ****   ret = ov5640_write_reg(&pObj->Ctx, OV5640_ISP_CONTROL01, &tmp, 1);
 1850              		.loc 1 1486 3 view .LVU564
1486:Core/Src/ov5640.c ****   ret = ov5640_write_reg(&pObj->Ctx, OV5640_ISP_CONTROL01, &tmp, 1);
 1851              		.loc 1 1486 7 is_stmt 0 view .LVU565
 1852 0012 FF23     		movs	r3, #255
 1853 0014 8DF80330 		strb	r3, [sp, #3]
1487:Core/Src/ov5640.c **** 
 1854              		.loc 1 1487 3 is_stmt 1 view .LVU566
1487:Core/Src/ov5640.c **** 
ARM GAS  /tmp/ccy24VEl.s 			page 81


 1855              		.loc 1 1487 9 is_stmt 0 view .LVU567
 1856 0018 1834     		adds	r4, r4, #24
 1857              	.LVL215:
1487:Core/Src/ov5640.c **** 
 1858              		.loc 1 1487 9 view .LVU568
 1859 001a 0123     		movs	r3, #1
 1860 001c 0DF10302 		add	r2, sp, #3
 1861 0020 45F20101 		movw	r1, #20481
 1862 0024 2046     		mov	r0, r4
 1863 0026 FFF7FEFF 		bl	ov5640_write_reg
 1864              	.LVL216:
1489:Core/Src/ov5640.c ****   {
 1865              		.loc 1 1489 3 is_stmt 1 view .LVU569
1489:Core/Src/ov5640.c ****   {
 1866              		.loc 1 1489 6 is_stmt 0 view .LVU570
 1867 002a 0346     		mov	r3, r0
 1868 002c D0B1     		cbz	r0, .L139
 1869              	.L132:
1498:Core/Src/ov5640.c ****   {
 1870              		.loc 1 1498 3 is_stmt 1 view .LVU571
1498:Core/Src/ov5640.c ****   {
 1871              		.loc 1 1498 6 is_stmt 0 view .LVU572
 1872 002e BBBB     		cbnz	r3, .L135
1500:Core/Src/ov5640.c ****     ret = ov5640_write_reg(&pObj->Ctx, OV5640_SDE_CTRL0, &tmp, 1);
 1873              		.loc 1 1500 5 is_stmt 1 view .LVU573
1500:Core/Src/ov5640.c ****     ret = ov5640_write_reg(&pObj->Ctx, OV5640_SDE_CTRL0, &tmp, 1);
 1874              		.loc 1 1500 9 is_stmt 0 view .LVU574
 1875 0030 0223     		movs	r3, #2
 1876 0032 8DF80330 		strb	r3, [sp, #3]
1501:Core/Src/ov5640.c ****   }
 1877              		.loc 1 1501 5 is_stmt 1 view .LVU575
1501:Core/Src/ov5640.c ****   }
 1878              		.loc 1 1501 11 is_stmt 0 view .LVU576
 1879 0036 0123     		movs	r3, #1
 1880 0038 0DF10302 		add	r2, sp, #3
 1881 003c 4FF4AB41 		mov	r1, #21888
 1882 0040 2046     		mov	r0, r4
 1883              	.LVL217:
1501:Core/Src/ov5640.c ****   }
 1884              		.loc 1 1501 11 view .LVU577
 1885 0042 FFF7FEFF 		bl	ov5640_write_reg
 1886              	.LVL218:
1504:Core/Src/ov5640.c ****   {
 1887              		.loc 1 1504 3 is_stmt 1 view .LVU578
1504:Core/Src/ov5640.c ****   {
 1888              		.loc 1 1504 6 is_stmt 0 view .LVU579
 1889 0046 70BB     		cbnz	r0, .L136
1506:Core/Src/ov5640.c ****     ret = ov5640_write_reg(&pObj->Ctx, OV5640_SDE_CTRL8, &tmp, 1);
 1890              		.loc 1 1506 5 is_stmt 1 view .LVU580
1506:Core/Src/ov5640.c ****     ret = ov5640_write_reg(&pObj->Ctx, OV5640_SDE_CTRL8, &tmp, 1);
 1891              		.loc 1 1506 9 is_stmt 0 view .LVU581
 1892 0048 4123     		movs	r3, #65
 1893 004a 8DF80330 		strb	r3, [sp, #3]
1507:Core/Src/ov5640.c ****   }
 1894              		.loc 1 1507 5 is_stmt 1 view .LVU582
1507:Core/Src/ov5640.c ****   }
 1895              		.loc 1 1507 11 is_stmt 0 view .LVU583
ARM GAS  /tmp/ccy24VEl.s 			page 82


 1896 004e 0123     		movs	r3, #1
 1897 0050 0DF10302 		add	r2, sp, #3
 1898 0054 45F28851 		movw	r1, #21896
 1899 0058 2046     		mov	r0, r4
 1900              	.LVL219:
1507:Core/Src/ov5640.c ****   }
 1901              		.loc 1 1507 11 view .LVU584
 1902 005a FFF7FEFF 		bl	ov5640_write_reg
 1903              	.LVL220:
1510:Core/Src/ov5640.c ****   {
 1904              		.loc 1 1510 3 is_stmt 1 view .LVU585
1510:Core/Src/ov5640.c ****   {
 1905              		.loc 1 1510 6 is_stmt 0 view .LVU586
 1906 005e 28BB     		cbnz	r0, .L140
 1907              	.LVL221:
 1908              	.L131:
1516:Core/Src/ov5640.c **** 
 1909              		.loc 1 1516 1 view .LVU587
 1910 0060 05B0     		add	sp, sp, #20
 1911              	.LCFI21:
 1912              		.cfi_remember_state
 1913              		.cfi_def_cfa_offset 12
 1914              		@ sp needed
 1915 0062 30BD     		pop	{r4, r5, pc}
 1916              	.LVL222:
 1917              	.L139:
 1918              	.LCFI22:
 1919              		.cfi_restore_state
1491:Core/Src/ov5640.c ****     ret = ov5640_write_reg(&pObj->Ctx, OV5640_SDE_CTRL3, &tmp, 1);
 1920              		.loc 1 1491 5 is_stmt 1 view .LVU588
1491:Core/Src/ov5640.c ****     ret = ov5640_write_reg(&pObj->Ctx, OV5640_SDE_CTRL3, &tmp, 1);
 1921              		.loc 1 1491 27 is_stmt 0 view .LVU589
 1922 0064 05F11403 		add	r3, r5, #20
 1923 0068 0DEB0301 		add	r1, sp, r3
 1924 006c 11F80C3C 		ldrb	r3, [r1, #-12]	@ zero_extendqisi2
1491:Core/Src/ov5640.c ****     ret = ov5640_write_reg(&pObj->Ctx, OV5640_SDE_CTRL3, &tmp, 1);
 1925              		.loc 1 1491 9 view .LVU590
 1926 0070 8DF80330 		strb	r3, [sp, #3]
1492:Core/Src/ov5640.c ****   }
 1927              		.loc 1 1492 5 is_stmt 1 view .LVU591
1492:Core/Src/ov5640.c ****   }
 1928              		.loc 1 1492 11 is_stmt 0 view .LVU592
 1929 0074 0123     		movs	r3, #1
 1930 0076 0DF10302 		add	r2, sp, #3
 1931 007a 45F28351 		movw	r1, #21891
 1932 007e 2046     		mov	r0, r4
 1933              	.LVL223:
1492:Core/Src/ov5640.c ****   }
 1934              		.loc 1 1492 11 view .LVU593
 1935 0080 FFF7FEFF 		bl	ov5640_write_reg
 1936              	.LVL224:
1494:Core/Src/ov5640.c ****   {
 1937              		.loc 1 1494 3 is_stmt 1 view .LVU594
1494:Core/Src/ov5640.c ****   {
 1938              		.loc 1 1494 6 is_stmt 0 view .LVU595
 1939 0084 48B9     		cbnz	r0, .L134
1496:Core/Src/ov5640.c ****   }
ARM GAS  /tmp/ccy24VEl.s 			page 83


 1940              		.loc 1 1496 5 is_stmt 1 view .LVU596
1496:Core/Src/ov5640.c ****   }
 1941              		.loc 1 1496 11 is_stmt 0 view .LVU597
 1942 0086 0123     		movs	r3, #1
 1943 0088 0DF10302 		add	r2, sp, #3
 1944 008c 45F28451 		movw	r1, #21892
 1945 0090 2046     		mov	r0, r4
 1946              	.LVL225:
1496:Core/Src/ov5640.c ****   }
 1947              		.loc 1 1496 11 view .LVU598
 1948 0092 FFF7FEFF 		bl	ov5640_write_reg
 1949              	.LVL226:
 1950 0096 0346     		mov	r3, r0
 1951              	.LVL227:
1496:Core/Src/ov5640.c ****   }
 1952              		.loc 1 1496 11 view .LVU599
 1953 0098 C9E7     		b	.L132
 1954              	.L134:
1512:Core/Src/ov5640.c ****   }
 1955              		.loc 1 1512 9 view .LVU600
 1956 009a 4FF0FF30 		mov	r0, #-1
 1957              	.LVL228:
1512:Core/Src/ov5640.c ****   }
 1958              		.loc 1 1512 9 view .LVU601
 1959 009e DFE7     		b	.L131
 1960              	.LVL229:
 1961              	.L135:
1512:Core/Src/ov5640.c ****   }
 1962              		.loc 1 1512 9 view .LVU602
 1963 00a0 4FF0FF30 		mov	r0, #-1
 1964              	.LVL230:
1512:Core/Src/ov5640.c ****   }
 1965              		.loc 1 1512 9 view .LVU603
 1966 00a4 DCE7     		b	.L131
 1967              	.LVL231:
 1968              	.L136:
1512:Core/Src/ov5640.c ****   }
 1969              		.loc 1 1512 9 view .LVU604
 1970 00a6 4FF0FF30 		mov	r0, #-1
 1971              	.LVL232:
1512:Core/Src/ov5640.c ****   }
 1972              		.loc 1 1512 9 view .LVU605
 1973 00aa D9E7     		b	.L131
 1974              	.LVL233:
 1975              	.L140:
1512:Core/Src/ov5640.c ****   }
 1976              		.loc 1 1512 9 view .LVU606
 1977 00ac 4FF0FF30 		mov	r0, #-1
 1978              	.LVL234:
1515:Core/Src/ov5640.c **** }
 1979              		.loc 1 1515 3 is_stmt 1 view .LVU607
1515:Core/Src/ov5640.c **** }
 1980              		.loc 1 1515 10 is_stmt 0 view .LVU608
 1981 00b0 D6E7     		b	.L131
 1982              	.L142:
 1983 00b2 00BF     		.align	2
 1984              	.L141:
ARM GAS  /tmp/ccy24VEl.s 			page 84


 1985 00b4 0C000000 		.word	.LANCHOR0+12
 1986              		.cfi_endproc
 1987              	.LFE120:
 1989              		.section	.rodata.OV5640_SetContrast.str1.4,"aMS",%progbits,1
 1990              		.align	2
 1991              	.LC2:
 1992 0000 1014181C 		.ascii	"\020\024\030\034 $(,0\000"
 1992      2024282C 
 1992      3000
 1993              		.section	.text.OV5640_SetContrast,"ax",%progbits
 1994              		.align	1
 1995              		.global	OV5640_SetContrast
 1996              		.syntax unified
 1997              		.thumb
 1998              		.thumb_func
 2000              	OV5640_SetContrast:
 2001              	.LVL235:
 2002              	.LFB121:
1527:Core/Src/ov5640.c ****   int32_t ret;
 2003              		.loc 1 1527 1 is_stmt 1 view -0
 2004              		.cfi_startproc
 2005              		@ args = 0, pretend = 0, frame = 16
 2006              		@ frame_needed = 0, uses_anonymous_args = 0
1527:Core/Src/ov5640.c ****   int32_t ret;
 2007              		.loc 1 1527 1 is_stmt 0 view .LVU610
 2008 0000 30B5     		push	{r4, r5, lr}
 2009              	.LCFI23:
 2010              		.cfi_def_cfa_offset 12
 2011              		.cfi_offset 4, -12
 2012              		.cfi_offset 5, -8
 2013              		.cfi_offset 14, -4
 2014 0002 85B0     		sub	sp, sp, #20
 2015              	.LCFI24:
 2016              		.cfi_def_cfa_offset 32
 2017 0004 0446     		mov	r4, r0
 2018 0006 0D46     		mov	r5, r1
1528:Core/Src/ov5640.c ****   const uint8_t contrast_level[] = {0x10U, 0x14U, 0x18U, 0x1CU, 0x20U, 0x24U, 0x28U, 0x2CU, 0x30U};
 2019              		.loc 1 1528 3 is_stmt 1 view .LVU611
1529:Core/Src/ov5640.c ****   uint8_t tmp;
 2020              		.loc 1 1529 3 view .LVU612
1529:Core/Src/ov5640.c ****   uint8_t tmp;
 2021              		.loc 1 1529 17 is_stmt 0 view .LVU613
 2022 0008 2A4A     		ldr	r2, .L153
 2023 000a 01AB     		add	r3, sp, #4
 2024 000c 07CA     		ldm	r2, {r0, r1, r2}
 2025              	.LVL236:
1529:Core/Src/ov5640.c ****   uint8_t tmp;
 2026              		.loc 1 1529 17 view .LVU614
 2027 000e 03C3     		stmia	r3!, {r0, r1}
 2028 0010 1A70     		strb	r2, [r3]
1530:Core/Src/ov5640.c **** 
 2029              		.loc 1 1530 3 is_stmt 1 view .LVU615
1532:Core/Src/ov5640.c ****   ret = ov5640_write_reg(&pObj->Ctx, OV5640_ISP_CONTROL01, &tmp, 1);
 2030              		.loc 1 1532 3 view .LVU616
1532:Core/Src/ov5640.c ****   ret = ov5640_write_reg(&pObj->Ctx, OV5640_ISP_CONTROL01, &tmp, 1);
 2031              		.loc 1 1532 7 is_stmt 0 view .LVU617
 2032 0012 FF23     		movs	r3, #255
ARM GAS  /tmp/ccy24VEl.s 			page 85


 2033 0014 8DF80330 		strb	r3, [sp, #3]
1533:Core/Src/ov5640.c **** 
 2034              		.loc 1 1533 3 is_stmt 1 view .LVU618
1533:Core/Src/ov5640.c **** 
 2035              		.loc 1 1533 9 is_stmt 0 view .LVU619
 2036 0018 1834     		adds	r4, r4, #24
 2037              	.LVL237:
1533:Core/Src/ov5640.c **** 
 2038              		.loc 1 1533 9 view .LVU620
 2039 001a 0123     		movs	r3, #1
 2040 001c 0DF10302 		add	r2, sp, #3
 2041 0020 45F20101 		movw	r1, #20481
 2042 0024 2046     		mov	r0, r4
 2043 0026 FFF7FEFF 		bl	ov5640_write_reg
 2044              	.LVL238:
1535:Core/Src/ov5640.c ****   {
 2045              		.loc 1 1535 3 is_stmt 1 view .LVU621
1535:Core/Src/ov5640.c ****   {
 2046              		.loc 1 1535 6 is_stmt 0 view .LVU622
 2047 002a 0346     		mov	r3, r0
 2048 002c B8B1     		cbz	r0, .L151
 2049              	.L144:
1545:Core/Src/ov5640.c ****   {
 2050              		.loc 1 1545 3 is_stmt 1 view .LVU623
1545:Core/Src/ov5640.c ****   {
 2051              		.loc 1 1545 6 is_stmt 0 view .LVU624
 2052 002e BBBB     		cbnz	r3, .L147
1547:Core/Src/ov5640.c ****   }
 2053              		.loc 1 1547 5 is_stmt 1 view .LVU625
1547:Core/Src/ov5640.c ****   }
 2054              		.loc 1 1547 11 is_stmt 0 view .LVU626
 2055 0030 0123     		movs	r3, #1
 2056 0032 0DF10302 		add	r2, sp, #3
 2057 0036 45F28551 		movw	r1, #21893
 2058 003a 2046     		mov	r0, r4
 2059              	.LVL239:
1547:Core/Src/ov5640.c ****   }
 2060              		.loc 1 1547 11 view .LVU627
 2061 003c FFF7FEFF 		bl	ov5640_write_reg
 2062              	.LVL240:
1549:Core/Src/ov5640.c ****   {
 2063              		.loc 1 1549 3 is_stmt 1 view .LVU628
1549:Core/Src/ov5640.c ****   {
 2064              		.loc 1 1549 6 is_stmt 0 view .LVU629
 2065 0040 88BB     		cbnz	r0, .L148
1551:Core/Src/ov5640.c ****     ret = ov5640_write_reg(&pObj->Ctx, OV5640_SDE_CTRL8, &tmp, 1);
 2066              		.loc 1 1551 5 is_stmt 1 view .LVU630
1551:Core/Src/ov5640.c ****     ret = ov5640_write_reg(&pObj->Ctx, OV5640_SDE_CTRL8, &tmp, 1);
 2067              		.loc 1 1551 9 is_stmt 0 view .LVU631
 2068 0042 4123     		movs	r3, #65
 2069 0044 8DF80330 		strb	r3, [sp, #3]
1552:Core/Src/ov5640.c ****   }
 2070              		.loc 1 1552 5 is_stmt 1 view .LVU632
1552:Core/Src/ov5640.c ****   }
 2071              		.loc 1 1552 11 is_stmt 0 view .LVU633
 2072 0048 0123     		movs	r3, #1
 2073 004a 0DF10302 		add	r2, sp, #3
ARM GAS  /tmp/ccy24VEl.s 			page 86


 2074 004e 45F28851 		movw	r1, #21896
 2075 0052 2046     		mov	r0, r4
 2076              	.LVL241:
1552:Core/Src/ov5640.c ****   }
 2077              		.loc 1 1552 11 view .LVU634
 2078 0054 FFF7FEFF 		bl	ov5640_write_reg
 2079              	.LVL242:
1555:Core/Src/ov5640.c ****   {
 2080              		.loc 1 1555 3 is_stmt 1 view .LVU635
1555:Core/Src/ov5640.c ****   {
 2081              		.loc 1 1555 6 is_stmt 0 view .LVU636
 2082 0058 40BB     		cbnz	r0, .L152
 2083              	.LVL243:
 2084              	.L143:
1561:Core/Src/ov5640.c **** 
 2085              		.loc 1 1561 1 view .LVU637
 2086 005a 05B0     		add	sp, sp, #20
 2087              	.LCFI25:
 2088              		.cfi_remember_state
 2089              		.cfi_def_cfa_offset 12
 2090              		@ sp needed
 2091 005c 30BD     		pop	{r4, r5, pc}
 2092              	.LVL244:
 2093              	.L151:
 2094              	.LCFI26:
 2095              		.cfi_restore_state
1537:Core/Src/ov5640.c ****     ret = ov5640_write_reg(&pObj->Ctx, OV5640_SDE_CTRL0, &tmp, 1);
 2096              		.loc 1 1537 5 is_stmt 1 view .LVU638
1537:Core/Src/ov5640.c ****     ret = ov5640_write_reg(&pObj->Ctx, OV5640_SDE_CTRL0, &tmp, 1);
 2097              		.loc 1 1537 9 is_stmt 0 view .LVU639
 2098 005e 0423     		movs	r3, #4
 2099 0060 8DF80330 		strb	r3, [sp, #3]
1538:Core/Src/ov5640.c ****   }
 2100              		.loc 1 1538 5 is_stmt 1 view .LVU640
1538:Core/Src/ov5640.c ****   }
 2101              		.loc 1 1538 11 is_stmt 0 view .LVU641
 2102 0064 0123     		movs	r3, #1
 2103 0066 0DF10302 		add	r2, sp, #3
 2104 006a 4FF4AB41 		mov	r1, #21888
 2105 006e 2046     		mov	r0, r4
 2106              	.LVL245:
1538:Core/Src/ov5640.c ****   }
 2107              		.loc 1 1538 11 view .LVU642
 2108 0070 FFF7FEFF 		bl	ov5640_write_reg
 2109              	.LVL246:
1540:Core/Src/ov5640.c ****   {
 2110              		.loc 1 1540 3 is_stmt 1 view .LVU643
1540:Core/Src/ov5640.c ****   {
 2111              		.loc 1 1540 6 is_stmt 0 view .LVU644
 2112 0074 88B9     		cbnz	r0, .L146
1542:Core/Src/ov5640.c ****     ret = ov5640_write_reg(&pObj->Ctx, OV5640_SDE_CTRL6, &tmp, 1);
 2113              		.loc 1 1542 5 is_stmt 1 view .LVU645
1542:Core/Src/ov5640.c ****     ret = ov5640_write_reg(&pObj->Ctx, OV5640_SDE_CTRL6, &tmp, 1);
 2114              		.loc 1 1542 25 is_stmt 0 view .LVU646
 2115 0076 05F11403 		add	r3, r5, #20
 2116 007a 0DEB0301 		add	r1, sp, r3
 2117 007e 11F80C3C 		ldrb	r3, [r1, #-12]	@ zero_extendqisi2
ARM GAS  /tmp/ccy24VEl.s 			page 87


1542:Core/Src/ov5640.c ****     ret = ov5640_write_reg(&pObj->Ctx, OV5640_SDE_CTRL6, &tmp, 1);
 2118              		.loc 1 1542 9 view .LVU647
 2119 0082 8DF80330 		strb	r3, [sp, #3]
1543:Core/Src/ov5640.c ****   }
 2120              		.loc 1 1543 5 is_stmt 1 view .LVU648
1543:Core/Src/ov5640.c ****   }
 2121              		.loc 1 1543 11 is_stmt 0 view .LVU649
 2122 0086 0123     		movs	r3, #1
 2123 0088 0DF10302 		add	r2, sp, #3
 2124 008c 45F28651 		movw	r1, #21894
 2125 0090 2046     		mov	r0, r4
 2126              	.LVL247:
1543:Core/Src/ov5640.c ****   }
 2127              		.loc 1 1543 11 view .LVU650
 2128 0092 FFF7FEFF 		bl	ov5640_write_reg
 2129              	.LVL248:
 2130 0096 0346     		mov	r3, r0
 2131              	.LVL249:
1543:Core/Src/ov5640.c ****   }
 2132              		.loc 1 1543 11 view .LVU651
 2133 0098 C9E7     		b	.L144
 2134              	.L146:
1557:Core/Src/ov5640.c ****   }
 2135              		.loc 1 1557 9 view .LVU652
 2136 009a 4FF0FF30 		mov	r0, #-1
 2137              	.LVL250:
1557:Core/Src/ov5640.c ****   }
 2138              		.loc 1 1557 9 view .LVU653
 2139 009e DCE7     		b	.L143
 2140              	.LVL251:
 2141              	.L147:
1557:Core/Src/ov5640.c ****   }
 2142              		.loc 1 1557 9 view .LVU654
 2143 00a0 4FF0FF30 		mov	r0, #-1
 2144              	.LVL252:
1557:Core/Src/ov5640.c ****   }
 2145              		.loc 1 1557 9 view .LVU655
 2146 00a4 D9E7     		b	.L143
 2147              	.LVL253:
 2148              	.L148:
1557:Core/Src/ov5640.c ****   }
 2149              		.loc 1 1557 9 view .LVU656
 2150 00a6 4FF0FF30 		mov	r0, #-1
 2151              	.LVL254:
1557:Core/Src/ov5640.c ****   }
 2152              		.loc 1 1557 9 view .LVU657
 2153 00aa D6E7     		b	.L143
 2154              	.LVL255:
 2155              	.L152:
1557:Core/Src/ov5640.c ****   }
 2156              		.loc 1 1557 9 view .LVU658
 2157 00ac 4FF0FF30 		mov	r0, #-1
 2158              	.LVL256:
1560:Core/Src/ov5640.c **** }
 2159              		.loc 1 1560 3 is_stmt 1 view .LVU659
1560:Core/Src/ov5640.c **** }
 2160              		.loc 1 1560 10 is_stmt 0 view .LVU660
ARM GAS  /tmp/ccy24VEl.s 			page 88


 2161 00b0 D3E7     		b	.L143
 2162              	.L154:
 2163 00b2 00BF     		.align	2
 2164              	.L153:
 2165 00b4 00000000 		.word	.LC2
 2166              		.cfi_endproc
 2167              	.LFE121:
 2169              		.section	.rodata.OV5640_SetHueDegree.str1.4,"aMS",%progbits,1
 2170              		.align	2
 2171              	.LC5:
 2172 0000 32323202 		.ascii	"222\002\002\002\001\001\001111\000"
 2172      02020101 
 2172      01313131 
 2172      00
 2173              		.section	.text.OV5640_SetHueDegree,"ax",%progbits
 2174              		.align	1
 2175              		.global	OV5640_SetHueDegree
 2176              		.syntax unified
 2177              		.thumb
 2178              		.thumb_func
 2180              	OV5640_SetHueDegree:
 2181              	.LVL257:
 2182              	.LFB122:
1570:Core/Src/ov5640.c ****   int32_t ret;
 2183              		.loc 1 1570 1 is_stmt 1 view -0
 2184              		.cfi_startproc
 2185              		@ args = 0, pretend = 0, frame = 40
 2186              		@ frame_needed = 0, uses_anonymous_args = 0
1570:Core/Src/ov5640.c ****   int32_t ret;
 2187              		.loc 1 1570 1 is_stmt 0 view .LVU662
 2188 0000 30B5     		push	{r4, r5, lr}
 2189              	.LCFI27:
 2190              		.cfi_def_cfa_offset 12
 2191              		.cfi_offset 4, -12
 2192              		.cfi_offset 5, -8
 2193              		.cfi_offset 14, -4
 2194 0002 8BB0     		sub	sp, sp, #44
 2195              	.LCFI28:
 2196              		.cfi_def_cfa_offset 56
 2197 0004 0546     		mov	r5, r0
 2198 0006 0C46     		mov	r4, r1
1571:Core/Src/ov5640.c ****   const uint8_t hue_degree_ctrl1[] = {0x80U, 0x6FU, 0x40U, 0x00U, 0x40U, 0x6FU, 0x80U, 0x6FU, 0x40U
 2199              		.loc 1 1571 3 is_stmt 1 view .LVU663
1572:Core/Src/ov5640.c ****                                       0x6FU
 2200              		.loc 1 1572 3 view .LVU664
1572:Core/Src/ov5640.c ****                                       0x6FU
 2201              		.loc 1 1572 17 is_stmt 0 view .LVU665
 2202 0008 374B     		ldr	r3, .L165
 2203 000a 03F11802 		add	r2, r3, #24
 2204 000e 07CA     		ldm	r2, {r0, r1, r2}
 2205              	.LVL258:
1572:Core/Src/ov5640.c ****                                       0x6FU
 2206              		.loc 1 1572 17 view .LVU666
 2207 0010 0DF1280C 		add	ip, sp, #40
 2208 0014 0CE90700 		stmdb	ip, {r0, r1, r2}
1575:Core/Src/ov5640.c ****                                       0x40U
 2209              		.loc 1 1575 3 is_stmt 1 view .LVU667
ARM GAS  /tmp/ccy24VEl.s 			page 89


1575:Core/Src/ov5640.c ****                                       0x40U
 2210              		.loc 1 1575 17 is_stmt 0 view .LVU668
 2211 0018 0DF1100C 		add	ip, sp, #16
 2212 001c 2433     		adds	r3, r3, #36
 2213 001e 93E80700 		ldm	r3, {r0, r1, r2}
 2214 0022 8CE80700 		stm	ip, {r0, r1, r2}
1578:Core/Src/ov5640.c ****                                       0x31U
 2215              		.loc 1 1578 3 is_stmt 1 view .LVU669
1578:Core/Src/ov5640.c ****                                       0x31U
 2216              		.loc 1 1578 17 is_stmt 0 view .LVU670
 2217 0026 314A     		ldr	r2, .L165+4
 2218 0028 01AB     		add	r3, sp, #4
 2219 002a 07CA     		ldm	r2, {r0, r1, r2}
 2220 002c 83E80700 		stm	r3, {r0, r1, r2}
1581:Core/Src/ov5640.c **** 
 2221              		.loc 1 1581 3 is_stmt 1 view .LVU671
1583:Core/Src/ov5640.c ****   ret = ov5640_write_reg(&pObj->Ctx, OV5640_ISP_CONTROL01, &tmp, 1);
 2222              		.loc 1 1583 3 view .LVU672
1583:Core/Src/ov5640.c ****   ret = ov5640_write_reg(&pObj->Ctx, OV5640_ISP_CONTROL01, &tmp, 1);
 2223              		.loc 1 1583 7 is_stmt 0 view .LVU673
 2224 0030 FF23     		movs	r3, #255
 2225 0032 8DF80330 		strb	r3, [sp, #3]
1584:Core/Src/ov5640.c **** 
 2226              		.loc 1 1584 3 is_stmt 1 view .LVU674
1584:Core/Src/ov5640.c **** 
 2227              		.loc 1 1584 9 is_stmt 0 view .LVU675
 2228 0036 1835     		adds	r5, r5, #24
 2229              	.LVL259:
1584:Core/Src/ov5640.c **** 
 2230              		.loc 1 1584 9 view .LVU676
 2231 0038 0123     		movs	r3, #1
 2232 003a 0DF10302 		add	r2, sp, #3
 2233 003e 45F20101 		movw	r1, #20481
 2234 0042 2846     		mov	r0, r5
 2235 0044 FFF7FEFF 		bl	ov5640_write_reg
 2236              	.LVL260:
1586:Core/Src/ov5640.c ****   {
 2237              		.loc 1 1586 3 is_stmt 1 view .LVU677
1586:Core/Src/ov5640.c ****   {
 2238              		.loc 1 1586 6 is_stmt 0 view .LVU678
 2239 0048 0346     		mov	r3, r0
 2240 004a 28B3     		cbz	r0, .L163
 2241              	.L156:
1596:Core/Src/ov5640.c ****   {
 2242              		.loc 1 1596 3 is_stmt 1 view .LVU679
1596:Core/Src/ov5640.c ****   {
 2243              		.loc 1 1596 6 is_stmt 0 view .LVU680
 2244 004c 002B     		cmp	r3, #0
 2245 004e 42D1     		bne	.L159
1598:Core/Src/ov5640.c ****     ret = ov5640_write_reg(&pObj->Ctx, OV5640_SDE_CTRL2, &tmp, 1);
 2246              		.loc 1 1598 5 is_stmt 1 view .LVU681
1598:Core/Src/ov5640.c ****     ret = ov5640_write_reg(&pObj->Ctx, OV5640_SDE_CTRL2, &tmp, 1);
 2247              		.loc 1 1598 27 is_stmt 0 view .LVU682
 2248 0050 04F12E03 		add	r3, r4, #46
1598:Core/Src/ov5640.c ****     ret = ov5640_write_reg(&pObj->Ctx, OV5640_SDE_CTRL2, &tmp, 1);
 2249              		.loc 1 1598 35 view .LVU683
 2250 0054 0634     		adds	r4, r4, #6
ARM GAS  /tmp/ccy24VEl.s 			page 90


 2251              	.LVL261:
1598:Core/Src/ov5640.c ****     ret = ov5640_write_reg(&pObj->Ctx, OV5640_SDE_CTRL2, &tmp, 1);
 2252              		.loc 1 1598 27 view .LVU684
 2253 0056 6B44     		add	r3, sp, r3
 2254 0058 13F8183C 		ldrb	r3, [r3, #-24]	@ zero_extendqisi2
1598:Core/Src/ov5640.c ****     ret = ov5640_write_reg(&pObj->Ctx, OV5640_SDE_CTRL2, &tmp, 1);
 2255              		.loc 1 1598 9 view .LVU685
 2256 005c 8DF80330 		strb	r3, [sp, #3]
1599:Core/Src/ov5640.c ****   }
 2257              		.loc 1 1599 5 is_stmt 1 view .LVU686
1599:Core/Src/ov5640.c ****   }
 2258              		.loc 1 1599 11 is_stmt 0 view .LVU687
 2259 0060 0123     		movs	r3, #1
 2260 0062 0DF10302 		add	r2, sp, #3
 2261 0066 45F28251 		movw	r1, #21890
 2262 006a 2846     		mov	r0, r5
 2263              	.LVL262:
1599:Core/Src/ov5640.c ****   }
 2264              		.loc 1 1599 11 view .LVU688
 2265 006c FFF7FEFF 		bl	ov5640_write_reg
 2266              	.LVL263:
1601:Core/Src/ov5640.c ****   {
 2267              		.loc 1 1601 3 is_stmt 1 view .LVU689
1601:Core/Src/ov5640.c ****   {
 2268              		.loc 1 1601 6 is_stmt 0 view .LVU690
 2269 0070 A0BB     		cbnz	r0, .L160
1603:Core/Src/ov5640.c ****     ret = ov5640_write_reg(&pObj->Ctx, OV5640_SDE_CTRL8, &tmp, 1);
 2270              		.loc 1 1603 5 is_stmt 1 view .LVU691
1603:Core/Src/ov5640.c ****     ret = ov5640_write_reg(&pObj->Ctx, OV5640_SDE_CTRL8, &tmp, 1);
 2271              		.loc 1 1603 27 is_stmt 0 view .LVU692
 2272 0072 04F12803 		add	r3, r4, #40
 2273 0076 0DEB0304 		add	r4, sp, r3
 2274              	.LVL264:
1603:Core/Src/ov5640.c ****     ret = ov5640_write_reg(&pObj->Ctx, OV5640_SDE_CTRL8, &tmp, 1);
 2275              		.loc 1 1603 27 view .LVU693
 2276 007a 14F8243C 		ldrb	r3, [r4, #-36]	@ zero_extendqisi2
 2277              	.LVL265:
1603:Core/Src/ov5640.c ****     ret = ov5640_write_reg(&pObj->Ctx, OV5640_SDE_CTRL8, &tmp, 1);
 2278              		.loc 1 1603 9 view .LVU694
 2279 007e 8DF80330 		strb	r3, [sp, #3]
1604:Core/Src/ov5640.c ****   }
 2280              		.loc 1 1604 5 is_stmt 1 view .LVU695
1604:Core/Src/ov5640.c ****   }
 2281              		.loc 1 1604 11 is_stmt 0 view .LVU696
 2282 0082 0123     		movs	r3, #1
 2283 0084 0DF10302 		add	r2, sp, #3
 2284 0088 45F28851 		movw	r1, #21896
 2285 008c 2846     		mov	r0, r5
 2286              	.LVL266:
1604:Core/Src/ov5640.c ****   }
 2287              		.loc 1 1604 11 view .LVU697
 2288 008e FFF7FEFF 		bl	ov5640_write_reg
 2289              	.LVL267:
1607:Core/Src/ov5640.c ****   {
 2290              		.loc 1 1607 3 is_stmt 1 view .LVU698
1607:Core/Src/ov5640.c ****   {
 2291              		.loc 1 1607 6 is_stmt 0 view .LVU699
ARM GAS  /tmp/ccy24VEl.s 			page 91


 2292 0092 30BB     		cbnz	r0, .L164
 2293              	.LVL268:
 2294              	.L155:
1613:Core/Src/ov5640.c **** 
 2295              		.loc 1 1613 1 view .LVU700
 2296 0094 0BB0     		add	sp, sp, #44
 2297              	.LCFI29:
 2298              		.cfi_remember_state
 2299              		.cfi_def_cfa_offset 12
 2300              		@ sp needed
 2301 0096 30BD     		pop	{r4, r5, pc}
 2302              	.LVL269:
 2303              	.L163:
 2304              	.LCFI30:
 2305              		.cfi_restore_state
1588:Core/Src/ov5640.c ****     ret = ov5640_write_reg(&pObj->Ctx, OV5640_SDE_CTRL0, &tmp, 1);
 2306              		.loc 1 1588 5 is_stmt 1 view .LVU701
1588:Core/Src/ov5640.c ****     ret = ov5640_write_reg(&pObj->Ctx, OV5640_SDE_CTRL0, &tmp, 1);
 2307              		.loc 1 1588 9 is_stmt 0 view .LVU702
 2308 0098 0123     		movs	r3, #1
 2309 009a 8DF80330 		strb	r3, [sp, #3]
1589:Core/Src/ov5640.c ****   }
 2310              		.loc 1 1589 5 is_stmt 1 view .LVU703
1589:Core/Src/ov5640.c ****   }
 2311              		.loc 1 1589 11 is_stmt 0 view .LVU704
 2312 009e 0DF10302 		add	r2, sp, #3
 2313 00a2 4FF4AB41 		mov	r1, #21888
 2314 00a6 2846     		mov	r0, r5
 2315              	.LVL270:
1589:Core/Src/ov5640.c ****   }
 2316              		.loc 1 1589 11 view .LVU705
 2317 00a8 FFF7FEFF 		bl	ov5640_write_reg
 2318              	.LVL271:
1591:Core/Src/ov5640.c ****   {
 2319              		.loc 1 1591 3 is_stmt 1 view .LVU706
1591:Core/Src/ov5640.c ****   {
 2320              		.loc 1 1591 6 is_stmt 0 view .LVU707
 2321 00ac 80B9     		cbnz	r0, .L158
1593:Core/Src/ov5640.c ****     ret = ov5640_write_reg(&pObj->Ctx, OV5640_SDE_CTRL1, &tmp, 1);
 2322              		.loc 1 1593 5 is_stmt 1 view .LVU708
1593:Core/Src/ov5640.c ****     ret = ov5640_write_reg(&pObj->Ctx, OV5640_SDE_CTRL1, &tmp, 1);
 2323              		.loc 1 1593 27 is_stmt 0 view .LVU709
 2324 00ae 04F12E03 		add	r3, r4, #46
 2325 00b2 6B44     		add	r3, sp, r3
 2326 00b4 13F80C3C 		ldrb	r3, [r3, #-12]	@ zero_extendqisi2
1593:Core/Src/ov5640.c ****     ret = ov5640_write_reg(&pObj->Ctx, OV5640_SDE_CTRL1, &tmp, 1);
 2327              		.loc 1 1593 9 view .LVU710
 2328 00b8 8DF80330 		strb	r3, [sp, #3]
1594:Core/Src/ov5640.c ****   }
 2329              		.loc 1 1594 5 is_stmt 1 view .LVU711
1594:Core/Src/ov5640.c ****   }
 2330              		.loc 1 1594 11 is_stmt 0 view .LVU712
 2331 00bc 0123     		movs	r3, #1
 2332 00be 0DF10302 		add	r2, sp, #3
 2333 00c2 45F28151 		movw	r1, #21889
 2334 00c6 2846     		mov	r0, r5
 2335              	.LVL272:
ARM GAS  /tmp/ccy24VEl.s 			page 92


1594:Core/Src/ov5640.c ****   }
 2336              		.loc 1 1594 11 view .LVU713
 2337 00c8 FFF7FEFF 		bl	ov5640_write_reg
 2338              	.LVL273:
 2339 00cc 0346     		mov	r3, r0
 2340              	.LVL274:
1594:Core/Src/ov5640.c ****   }
 2341              		.loc 1 1594 11 view .LVU714
 2342 00ce BDE7     		b	.L156
 2343              	.L158:
1609:Core/Src/ov5640.c ****   }
 2344              		.loc 1 1609 9 view .LVU715
 2345 00d0 4FF0FF30 		mov	r0, #-1
 2346              	.LVL275:
1609:Core/Src/ov5640.c ****   }
 2347              		.loc 1 1609 9 view .LVU716
 2348 00d4 DEE7     		b	.L155
 2349              	.LVL276:
 2350              	.L159:
1609:Core/Src/ov5640.c ****   }
 2351              		.loc 1 1609 9 view .LVU717
 2352 00d6 4FF0FF30 		mov	r0, #-1
 2353              	.LVL277:
1609:Core/Src/ov5640.c ****   }
 2354              		.loc 1 1609 9 view .LVU718
 2355 00da DBE7     		b	.L155
 2356              	.LVL278:
 2357              	.L160:
1609:Core/Src/ov5640.c ****   }
 2358              		.loc 1 1609 9 view .LVU719
 2359 00dc 4FF0FF30 		mov	r0, #-1
 2360              	.LVL279:
1609:Core/Src/ov5640.c ****   }
 2361              		.loc 1 1609 9 view .LVU720
 2362 00e0 D8E7     		b	.L155
 2363              	.LVL280:
 2364              	.L164:
1609:Core/Src/ov5640.c ****   }
 2365              		.loc 1 1609 9 view .LVU721
 2366 00e2 4FF0FF30 		mov	r0, #-1
 2367              	.LVL281:
1612:Core/Src/ov5640.c **** }
 2368              		.loc 1 1612 3 is_stmt 1 view .LVU722
1612:Core/Src/ov5640.c **** }
 2369              		.loc 1 1612 10 is_stmt 0 view .LVU723
 2370 00e6 D5E7     		b	.L155
 2371              	.L166:
 2372              		.align	2
 2373              	.L165:
 2374 00e8 00000000 		.word	.LANCHOR0
 2375 00ec 00000000 		.word	.LC5
 2376              		.cfi_endproc
 2377              	.LFE122:
 2379              		.section	.text.OV5640_SetPixelFormat,"ax",%progbits
 2380              		.align	1
 2381              		.global	OV5640_SetPixelFormat
 2382              		.syntax unified
ARM GAS  /tmp/ccy24VEl.s 			page 93


 2383              		.thumb
 2384              		.thumb_func
 2386              	OV5640_SetPixelFormat:
 2387              	.LVL282:
 2388              	.LFB109:
 495:Core/Src/ov5640.c ****   int32_t ret = OV5640_OK;
 2389              		.loc 1 495 1 is_stmt 1 view -0
 2390              		.cfi_startproc
 2391              		@ args = 0, pretend = 0, frame = 8
 2392              		@ frame_needed = 0, uses_anonymous_args = 0
 495:Core/Src/ov5640.c ****   int32_t ret = OV5640_OK;
 2393              		.loc 1 495 1 is_stmt 0 view .LVU725
 2394 0000 F0B5     		push	{r4, r5, r6, r7, lr}
 2395              	.LCFI31:
 2396              		.cfi_def_cfa_offset 20
 2397              		.cfi_offset 4, -20
 2398              		.cfi_offset 5, -16
 2399              		.cfi_offset 6, -12
 2400              		.cfi_offset 7, -8
 2401              		.cfi_offset 14, -4
 2402 0002 83B0     		sub	sp, sp, #12
 2403              	.LCFI32:
 2404              		.cfi_def_cfa_offset 32
 2405 0004 0446     		mov	r4, r0
 496:Core/Src/ov5640.c ****   uint32_t index;
 2406              		.loc 1 496 3 is_stmt 1 view .LVU726
 2407              	.LVL283:
 497:Core/Src/ov5640.c ****   uint8_t tmp;
 2408              		.loc 1 497 3 view .LVU727
 498:Core/Src/ov5640.c **** 
 2409              		.loc 1 498 3 view .LVU728
 501:Core/Src/ov5640.c ****   {
 2410              		.loc 1 501 3 view .LVU729
 509:Core/Src/ov5640.c ****   {
 2411              		.loc 1 509 3 view .LVU730
 517:Core/Src/ov5640.c ****   {
 2412              		.loc 1 517 3 view .LVU731
 525:Core/Src/ov5640.c ****   {
 2413              		.loc 1 525 3 view .LVU732
 533:Core/Src/ov5640.c ****   {
 2414              		.loc 1 533 3 view .LVU733
 541:Core/Src/ov5640.c ****       (PixelFormat != OV5640_RGB888) && (PixelFormat != OV5640_Y8) &&
 2415              		.loc 1 541 3 view .LVU734
 541:Core/Src/ov5640.c ****       (PixelFormat != OV5640_RGB888) && (PixelFormat != OV5640_Y8) &&
 2416              		.loc 1 541 20 is_stmt 0 view .LVU735
 2417 0006 0D46     		mov	r5, r1
 541:Core/Src/ov5640.c ****       (PixelFormat != OV5640_RGB888) && (PixelFormat != OV5640_Y8) &&
 2418              		.loc 1 541 6 view .LVU736
 2419 0008 0029     		cmp	r1, #0
 2420 000a 18BF     		it	ne
 2421 000c 0229     		cmpne	r1, #2
 2422 000e 08D0     		beq	.L168
 542:Core/Src/ov5640.c ****       (PixelFormat != OV5640_JPEG))
 2423              		.loc 1 542 54 view .LVU737
 2424 0010 CB1F     		subs	r3, r1, #7
 2425 0012 18BF     		it	ne
 2426 0014 0123     		movne	r3, #1
ARM GAS  /tmp/ccy24VEl.s 			page 94


 542:Core/Src/ov5640.c ****       (PixelFormat != OV5640_JPEG))
 2427              		.loc 1 542 38 view .LVU738
 2428 0016 0129     		cmp	r1, #1
 2429 0018 03D0     		beq	.L168
 2430 001a 13B1     		cbz	r3, .L168
 542:Core/Src/ov5640.c ****       (PixelFormat != OV5640_JPEG))
 2431              		.loc 1 542 68 discriminator 1 view .LVU739
 2432 001c 0829     		cmp	r1, #8
 2433 001e 40F0FE80 		bne	.L187
 2434              	.L168:
 551:Core/Src/ov5640.c ****     {
 2435              		.loc 1 551 5 is_stmt 1 view .LVU740
 2436 0022 6B1E     		subs	r3, r5, #1
 2437 0024 072B     		cmp	r3, #7
 2438 0026 00F2A480 		bhi	.L188
 2439 002a DFE803F0 		tbb	[pc, r3]
 2440              	.L172:
 2441 002e 42       		.byte	(.L189-.L172)/2
 2442 002f 22       		.byte	(.L190-.L172)/2
 2443 0030 A2       		.byte	(.L188-.L172)/2
 2444 0031 A2       		.byte	(.L188-.L172)/2
 2445 0032 A2       		.byte	(.L188-.L172)/2
 2446 0033 A2       		.byte	(.L188-.L172)/2
 2447 0034 62       		.byte	(.L191-.L172)/2
 2448 0035 82       		.byte	(.L192-.L172)/2
 2449              	.LVL284:
 2450              		.p2align 1
 2451              	.L205:
 565:Core/Src/ov5640.c ****             }
 2452              		.loc 1 565 15 view .LVU741
 565:Core/Src/ov5640.c ****             }
 2453              		.loc 1 565 21 is_stmt 0 view .LVU742
 2454 0036 0121     		movs	r1, #1
 2455 0038 2046     		mov	r0, r4
 2456 003a FFF7FEFF 		bl	OV5640_Delay
 2457              	.LVL285:
 2458              	.L176:
 554:Core/Src/ov5640.c ****         {
 2459              		.loc 1 554 71 is_stmt 1 discriminator 2 view .LVU743
 2460 003e 0137     		adds	r7, r7, #1
 2461              	.LVL286:
 2462              	.L174:
 554:Core/Src/ov5640.c ****         {
 2463              		.loc 1 554 31 discriminator 1 view .LVU744
 2464 0040 012F     		cmp	r7, #1
 2465 0042 00F29980 		bhi	.L178
 556:Core/Src/ov5640.c ****           {
 2466              		.loc 1 556 11 view .LVU745
 556:Core/Src/ov5640.c ****           {
 2467              		.loc 1 556 14 is_stmt 0 view .LVU746
 2468 0046 002E     		cmp	r6, #0
 2469 0048 F9D1     		bne	.L176
 558:Core/Src/ov5640.c ****             if (ov5640_write_reg(&pObj->Ctx, OV5640_PF_YUV422[index][0], &tmp, 1) != OV5640_OK)
 2470              		.loc 1 558 13 is_stmt 1 view .LVU747
 558:Core/Src/ov5640.c ****             if (ov5640_write_reg(&pObj->Ctx, OV5640_PF_YUV422[index][0], &tmp, 1) != OV5640_OK)
 2471              		.loc 1 558 51 is_stmt 0 view .LVU748
 2472 004a 7E49     		ldr	r1, .L211
ARM GAS  /tmp/ccy24VEl.s 			page 95


 2473 004c 01EB8703 		add	r3, r1, r7, lsl #2
 558:Core/Src/ov5640.c ****             if (ov5640_write_reg(&pObj->Ctx, OV5640_PF_YUV422[index][0], &tmp, 1) != OV5640_OK)
 2474              		.loc 1 558 19 view .LVU749
 2475 0050 9B78     		ldrb	r3, [r3, #2]	@ zero_extendqisi2
 558:Core/Src/ov5640.c ****             if (ov5640_write_reg(&pObj->Ctx, OV5640_PF_YUV422[index][0], &tmp, 1) != OV5640_OK)
 2476              		.loc 1 558 17 view .LVU750
 2477 0052 8DF80730 		strb	r3, [sp, #7]
 559:Core/Src/ov5640.c ****             {
 2478              		.loc 1 559 13 is_stmt 1 view .LVU751
 559:Core/Src/ov5640.c ****             {
 2479              		.loc 1 559 17 is_stmt 0 view .LVU752
 2480 0056 0123     		movs	r3, #1
 2481 0058 0DF10702 		add	r2, sp, #7
 2482 005c 31F82710 		ldrh	r1, [r1, r7, lsl #2]
 2483 0060 04F11800 		add	r0, r4, #24
 2484 0064 FFF7FEFF 		bl	ov5640_write_reg
 2485              	.LVL287:
 559:Core/Src/ov5640.c ****             {
 2486              		.loc 1 559 16 discriminator 1 view .LVU753
 2487 0068 0028     		cmp	r0, #0
 2488 006a E4D0     		beq	.L205
 561:Core/Src/ov5640.c ****             }
 2489              		.loc 1 561 19 view .LVU754
 2490 006c 4FF0FF36 		mov	r6, #-1
 2491              	.LVL288:
 561:Core/Src/ov5640.c ****             }
 2492              		.loc 1 561 19 view .LVU755
 2493 0070 E5E7     		b	.L176
 2494              	.LVL289:
 2495              	.L190:
 551:Core/Src/ov5640.c ****     {
 2496              		.loc 1 551 5 view .LVU756
 2497 0072 0027     		movs	r7, #0
 2498 0074 3E46     		mov	r6, r7
 2499 0076 E3E7     		b	.L174
 2500              	.LVL290:
 2501              	.L206:
 583:Core/Src/ov5640.c ****             }
 2502              		.loc 1 583 15 is_stmt 1 view .LVU757
 583:Core/Src/ov5640.c ****             }
 2503              		.loc 1 583 21 is_stmt 0 view .LVU758
 2504 0078 0121     		movs	r1, #1
 2505 007a 2046     		mov	r0, r4
 2506 007c FFF7FEFF 		bl	OV5640_Delay
 2507              	.LVL291:
 2508              	.L179:
 572:Core/Src/ov5640.c ****         {
 2509              		.loc 1 572 71 is_stmt 1 discriminator 2 view .LVU759
 2510 0080 0137     		adds	r7, r7, #1
 2511              	.LVL292:
 2512              	.L175:
 572:Core/Src/ov5640.c ****         {
 2513              		.loc 1 572 31 discriminator 1 view .LVU760
 2514 0082 012F     		cmp	r7, #1
 2515 0084 78D8     		bhi	.L178
 574:Core/Src/ov5640.c ****           {
 2516              		.loc 1 574 11 view .LVU761
ARM GAS  /tmp/ccy24VEl.s 			page 96


 574:Core/Src/ov5640.c ****           {
 2517              		.loc 1 574 14 is_stmt 0 view .LVU762
 2518 0086 002E     		cmp	r6, #0
 2519 0088 FAD1     		bne	.L179
 576:Core/Src/ov5640.c ****             if (ov5640_write_reg(&pObj->Ctx, OV5640_PF_RGB888[index][0], &tmp, 1) != OV5640_OK)
 2520              		.loc 1 576 13 is_stmt 1 view .LVU763
 576:Core/Src/ov5640.c ****             if (ov5640_write_reg(&pObj->Ctx, OV5640_PF_RGB888[index][0], &tmp, 1) != OV5640_OK)
 2521              		.loc 1 576 51 is_stmt 0 view .LVU764
 2522 008a 6F49     		ldr	r1, .L211+4
 2523 008c 01EB8703 		add	r3, r1, r7, lsl #2
 576:Core/Src/ov5640.c ****             if (ov5640_write_reg(&pObj->Ctx, OV5640_PF_RGB888[index][0], &tmp, 1) != OV5640_OK)
 2524              		.loc 1 576 19 view .LVU765
 2525 0090 9B78     		ldrb	r3, [r3, #2]	@ zero_extendqisi2
 576:Core/Src/ov5640.c ****             if (ov5640_write_reg(&pObj->Ctx, OV5640_PF_RGB888[index][0], &tmp, 1) != OV5640_OK)
 2526              		.loc 1 576 17 view .LVU766
 2527 0092 8DF80730 		strb	r3, [sp, #7]
 577:Core/Src/ov5640.c ****             {
 2528              		.loc 1 577 13 is_stmt 1 view .LVU767
 577:Core/Src/ov5640.c ****             {
 2529              		.loc 1 577 17 is_stmt 0 view .LVU768
 2530 0096 0123     		movs	r3, #1
 2531 0098 0DF10702 		add	r2, sp, #7
 2532 009c 31F82710 		ldrh	r1, [r1, r7, lsl #2]
 2533 00a0 04F11800 		add	r0, r4, #24
 2534 00a4 FFF7FEFF 		bl	ov5640_write_reg
 2535              	.LVL293:
 577:Core/Src/ov5640.c ****             {
 2536              		.loc 1 577 16 discriminator 1 view .LVU769
 2537 00a8 0028     		cmp	r0, #0
 2538 00aa E5D0     		beq	.L206
 579:Core/Src/ov5640.c ****             }
 2539              		.loc 1 579 19 view .LVU770
 2540 00ac 4FF0FF36 		mov	r6, #-1
 2541              	.LVL294:
 579:Core/Src/ov5640.c ****             }
 2542              		.loc 1 579 19 view .LVU771
 2543 00b0 E6E7     		b	.L179
 2544              	.LVL295:
 2545              	.L189:
 551:Core/Src/ov5640.c ****     {
 2546              		.loc 1 551 5 view .LVU772
 2547 00b2 0027     		movs	r7, #0
 2548 00b4 3E46     		mov	r6, r7
 2549 00b6 E4E7     		b	.L175
 2550              	.LVL296:
 2551              	.L207:
 601:Core/Src/ov5640.c ****             }
 2552              		.loc 1 601 15 is_stmt 1 view .LVU773
 601:Core/Src/ov5640.c ****             }
 2553              		.loc 1 601 21 is_stmt 0 view .LVU774
 2554 00b8 0121     		movs	r1, #1
 2555 00ba 2046     		mov	r0, r4
 2556 00bc FFF7FEFF 		bl	OV5640_Delay
 2557              	.LVL297:
 2558              	.L181:
 590:Core/Src/ov5640.c ****         {
 2559              		.loc 1 590 67 is_stmt 1 discriminator 2 view .LVU775
ARM GAS  /tmp/ccy24VEl.s 			page 97


 2560 00c0 0137     		adds	r7, r7, #1
 2561              	.LVL298:
 2562              	.L173:
 590:Core/Src/ov5640.c ****         {
 2563              		.loc 1 590 31 discriminator 1 view .LVU776
 2564 00c2 012F     		cmp	r7, #1
 2565 00c4 58D8     		bhi	.L178
 592:Core/Src/ov5640.c ****           {
 2566              		.loc 1 592 11 view .LVU777
 592:Core/Src/ov5640.c ****           {
 2567              		.loc 1 592 14 is_stmt 0 view .LVU778
 2568 00c6 002E     		cmp	r6, #0
 2569 00c8 FAD1     		bne	.L181
 594:Core/Src/ov5640.c ****             if (ov5640_write_reg(&pObj->Ctx, OV5640_PF_Y8[index][0], &tmp, 1) != OV5640_OK)
 2570              		.loc 1 594 13 is_stmt 1 view .LVU779
 594:Core/Src/ov5640.c ****             if (ov5640_write_reg(&pObj->Ctx, OV5640_PF_Y8[index][0], &tmp, 1) != OV5640_OK)
 2571              		.loc 1 594 47 is_stmt 0 view .LVU780
 2572 00ca 6049     		ldr	r1, .L211+8
 2573 00cc 01EB8703 		add	r3, r1, r7, lsl #2
 594:Core/Src/ov5640.c ****             if (ov5640_write_reg(&pObj->Ctx, OV5640_PF_Y8[index][0], &tmp, 1) != OV5640_OK)
 2574              		.loc 1 594 19 view .LVU781
 2575 00d0 9B78     		ldrb	r3, [r3, #2]	@ zero_extendqisi2
 594:Core/Src/ov5640.c ****             if (ov5640_write_reg(&pObj->Ctx, OV5640_PF_Y8[index][0], &tmp, 1) != OV5640_OK)
 2576              		.loc 1 594 17 view .LVU782
 2577 00d2 8DF80730 		strb	r3, [sp, #7]
 595:Core/Src/ov5640.c ****             {
 2578              		.loc 1 595 13 is_stmt 1 view .LVU783
 595:Core/Src/ov5640.c ****             {
 2579              		.loc 1 595 17 is_stmt 0 view .LVU784
 2580 00d6 0123     		movs	r3, #1
 2581 00d8 0DF10702 		add	r2, sp, #7
 2582 00dc 31F82710 		ldrh	r1, [r1, r7, lsl #2]
 2583 00e0 04F11800 		add	r0, r4, #24
 2584 00e4 FFF7FEFF 		bl	ov5640_write_reg
 2585              	.LVL299:
 595:Core/Src/ov5640.c ****             {
 2586              		.loc 1 595 16 discriminator 1 view .LVU785
 2587 00e8 0028     		cmp	r0, #0
 2588 00ea E5D0     		beq	.L207
 597:Core/Src/ov5640.c ****             }
 2589              		.loc 1 597 19 view .LVU786
 2590 00ec 4FF0FF36 		mov	r6, #-1
 2591              	.LVL300:
 597:Core/Src/ov5640.c ****             }
 2592              		.loc 1 597 19 view .LVU787
 2593 00f0 E6E7     		b	.L181
 2594              	.LVL301:
 2595              	.L191:
 551:Core/Src/ov5640.c ****     {
 2596              		.loc 1 551 5 view .LVU788
 2597 00f2 0027     		movs	r7, #0
 2598 00f4 3E46     		mov	r6, r7
 2599 00f6 E4E7     		b	.L173
 2600              	.LVL302:
 2601              	.L208:
 619:Core/Src/ov5640.c ****             }
 2602              		.loc 1 619 15 is_stmt 1 view .LVU789
ARM GAS  /tmp/ccy24VEl.s 			page 98


 619:Core/Src/ov5640.c ****             }
 2603              		.loc 1 619 21 is_stmt 0 view .LVU790
 2604 00f8 0121     		movs	r1, #1
 2605 00fa 2046     		mov	r0, r4
 2606 00fc FFF7FEFF 		bl	OV5640_Delay
 2607              	.LVL303:
 2608              	.L183:
 608:Core/Src/ov5640.c ****         {
 2609              		.loc 1 608 69 is_stmt 1 discriminator 2 view .LVU791
 2610 0100 0137     		adds	r7, r7, #1
 2611              	.LVL304:
 2612              	.L171:
 608:Core/Src/ov5640.c ****         {
 2613              		.loc 1 608 31 discriminator 1 view .LVU792
 2614 0102 012F     		cmp	r7, #1
 2615 0104 38D8     		bhi	.L178
 610:Core/Src/ov5640.c ****           {
 2616              		.loc 1 610 11 view .LVU793
 610:Core/Src/ov5640.c ****           {
 2617              		.loc 1 610 14 is_stmt 0 view .LVU794
 2618 0106 002E     		cmp	r6, #0
 2619 0108 FAD1     		bne	.L183
 612:Core/Src/ov5640.c ****             if (ov5640_write_reg(&pObj->Ctx, OV5640_PF_JPEG[index][0], &tmp, 1) != OV5640_OK)
 2620              		.loc 1 612 13 is_stmt 1 view .LVU795
 612:Core/Src/ov5640.c ****             if (ov5640_write_reg(&pObj->Ctx, OV5640_PF_JPEG[index][0], &tmp, 1) != OV5640_OK)
 2621              		.loc 1 612 49 is_stmt 0 view .LVU796
 2622 010a 5149     		ldr	r1, .L211+12
 2623 010c 01EB8703 		add	r3, r1, r7, lsl #2
 612:Core/Src/ov5640.c ****             if (ov5640_write_reg(&pObj->Ctx, OV5640_PF_JPEG[index][0], &tmp, 1) != OV5640_OK)
 2624              		.loc 1 612 19 view .LVU797
 2625 0110 9B78     		ldrb	r3, [r3, #2]	@ zero_extendqisi2
 612:Core/Src/ov5640.c ****             if (ov5640_write_reg(&pObj->Ctx, OV5640_PF_JPEG[index][0], &tmp, 1) != OV5640_OK)
 2626              		.loc 1 612 17 view .LVU798
 2627 0112 8DF80730 		strb	r3, [sp, #7]
 613:Core/Src/ov5640.c ****             {
 2628              		.loc 1 613 13 is_stmt 1 view .LVU799
 613:Core/Src/ov5640.c ****             {
 2629              		.loc 1 613 17 is_stmt 0 view .LVU800
 2630 0116 0123     		movs	r3, #1
 2631 0118 0DF10702 		add	r2, sp, #7
 2632 011c 31F82710 		ldrh	r1, [r1, r7, lsl #2]
 2633 0120 04F11800 		add	r0, r4, #24
 2634 0124 FFF7FEFF 		bl	ov5640_write_reg
 2635              	.LVL305:
 613:Core/Src/ov5640.c ****             {
 2636              		.loc 1 613 16 discriminator 1 view .LVU801
 2637 0128 0028     		cmp	r0, #0
 2638 012a E5D0     		beq	.L208
 615:Core/Src/ov5640.c ****             }
 2639              		.loc 1 615 19 view .LVU802
 2640 012c 4FF0FF36 		mov	r6, #-1
 2641              	.LVL306:
 615:Core/Src/ov5640.c ****             }
 2642              		.loc 1 615 19 view .LVU803
 2643 0130 E6E7     		b	.L183
 2644              	.LVL307:
 2645              	.L192:
ARM GAS  /tmp/ccy24VEl.s 			page 99


 551:Core/Src/ov5640.c ****     {
 2646              		.loc 1 551 5 view .LVU804
 2647 0132 0027     		movs	r7, #0
 2648 0134 3E46     		mov	r6, r7
 2649 0136 E4E7     		b	.L171
 2650              	.LVL308:
 2651              	.L209:
 638:Core/Src/ov5640.c ****             }
 2652              		.loc 1 638 15 is_stmt 1 view .LVU805
 638:Core/Src/ov5640.c ****             }
 2653              		.loc 1 638 21 is_stmt 0 view .LVU806
 2654 0138 0121     		movs	r1, #1
 2655 013a 2046     		mov	r0, r4
 2656 013c FFF7FEFF 		bl	OV5640_Delay
 2657              	.LVL309:
 2658              	.L185:
 627:Core/Src/ov5640.c ****         {
 2659              		.loc 1 627 71 is_stmt 1 discriminator 2 view .LVU807
 2660 0140 0137     		adds	r7, r7, #1
 2661              	.LVL310:
 2662              	.L170:
 627:Core/Src/ov5640.c ****         {
 2663              		.loc 1 627 31 discriminator 1 view .LVU808
 2664 0142 012F     		cmp	r7, #1
 2665 0144 18D8     		bhi	.L178
 629:Core/Src/ov5640.c ****           {
 2666              		.loc 1 629 11 view .LVU809
 629:Core/Src/ov5640.c ****           {
 2667              		.loc 1 629 14 is_stmt 0 view .LVU810
 2668 0146 002E     		cmp	r6, #0
 2669 0148 FAD1     		bne	.L185
 631:Core/Src/ov5640.c ****             if (ov5640_write_reg(&pObj->Ctx, OV5640_PF_RGB565[index][0], &tmp, 1) != OV5640_OK)
 2670              		.loc 1 631 13 is_stmt 1 view .LVU811
 631:Core/Src/ov5640.c ****             if (ov5640_write_reg(&pObj->Ctx, OV5640_PF_RGB565[index][0], &tmp, 1) != OV5640_OK)
 2671              		.loc 1 631 51 is_stmt 0 view .LVU812
 2672 014a 4249     		ldr	r1, .L211+16
 2673 014c 01EB8703 		add	r3, r1, r7, lsl #2
 631:Core/Src/ov5640.c ****             if (ov5640_write_reg(&pObj->Ctx, OV5640_PF_RGB565[index][0], &tmp, 1) != OV5640_OK)
 2674              		.loc 1 631 19 view .LVU813
 2675 0150 9B78     		ldrb	r3, [r3, #2]	@ zero_extendqisi2
 631:Core/Src/ov5640.c ****             if (ov5640_write_reg(&pObj->Ctx, OV5640_PF_RGB565[index][0], &tmp, 1) != OV5640_OK)
 2676              		.loc 1 631 17 view .LVU814
 2677 0152 8DF80730 		strb	r3, [sp, #7]
 632:Core/Src/ov5640.c ****             {
 2678              		.loc 1 632 13 is_stmt 1 view .LVU815
 632:Core/Src/ov5640.c ****             {
 2679              		.loc 1 632 17 is_stmt 0 view .LVU816
 2680 0156 0123     		movs	r3, #1
 2681 0158 0DF10702 		add	r2, sp, #7
 2682 015c 31F82710 		ldrh	r1, [r1, r7, lsl #2]
 2683 0160 04F11800 		add	r0, r4, #24
 2684 0164 FFF7FEFF 		bl	ov5640_write_reg
 2685              	.LVL311:
 632:Core/Src/ov5640.c ****             {
 2686              		.loc 1 632 16 discriminator 1 view .LVU817
 2687 0168 0028     		cmp	r0, #0
 2688 016a E5D0     		beq	.L209
ARM GAS  /tmp/ccy24VEl.s 			page 100


 634:Core/Src/ov5640.c ****             }
 2689              		.loc 1 634 19 view .LVU818
 2690 016c 4FF0FF36 		mov	r6, #-1
 2691              	.LVL312:
 634:Core/Src/ov5640.c ****             }
 2692              		.loc 1 634 19 view .LVU819
 2693 0170 E6E7     		b	.L185
 2694              	.LVL313:
 2695              	.L188:
 551:Core/Src/ov5640.c ****     {
 2696              		.loc 1 551 5 view .LVU820
 2697 0172 0027     		movs	r7, #0
 2698 0174 3E46     		mov	r6, r7
 2699 0176 E4E7     		b	.L170
 2700              	.LVL314:
 2701              	.L178:
 646:Core/Src/ov5640.c ****     {
 2702              		.loc 1 646 5 is_stmt 1 view .LVU821
 646:Core/Src/ov5640.c ****     {
 2703              		.loc 1 646 8 is_stmt 0 view .LVU822
 2704 0178 082D     		cmp	r5, #8
 2705 017a 02D0     		beq	.L210
 2706              	.LVL315:
 2707              	.L167:
 693:Core/Src/ov5640.c **** 
 2708              		.loc 1 693 1 view .LVU823
 2709 017c 3046     		mov	r0, r6
 2710 017e 03B0     		add	sp, sp, #12
 2711              	.LCFI33:
 2712              		.cfi_remember_state
 2713              		.cfi_def_cfa_offset 20
 2714              		@ sp needed
 2715 0180 F0BD     		pop	{r4, r5, r6, r7, pc}
 2716              	.LVL316:
 2717              	.L210:
 2718              	.LCFI34:
 2719              		.cfi_restore_state
 648:Core/Src/ov5640.c ****       {
 2720              		.loc 1 648 7 is_stmt 1 view .LVU824
 648:Core/Src/ov5640.c ****       {
 2721              		.loc 1 648 11 is_stmt 0 view .LVU825
 2722 0182 1834     		adds	r4, r4, #24
 2723              	.LVL317:
 648:Core/Src/ov5640.c ****       {
 2724              		.loc 1 648 11 view .LVU826
 2725 0184 0123     		movs	r3, #1
 2726 0186 0DF10702 		add	r2, sp, #7
 2727 018a 43F62101 		movw	r1, #14369
 2728 018e 2046     		mov	r0, r4
 2729 0190 FFF7FEFF 		bl	ov5640_read_reg
 2730              	.LVL318:
 648:Core/Src/ov5640.c ****       {
 2731              		.loc 1 648 10 discriminator 1 view .LVU827
 2732 0194 0028     		cmp	r0, #0
 2733 0196 45D1     		bne	.L198
 654:Core/Src/ov5640.c ****         if (ov5640_write_reg(&pObj->Ctx, OV5640_TIMING_TC_REG21, &tmp, 1) != OV5640_OK)
 2734              		.loc 1 654 9 is_stmt 1 view .LVU828
ARM GAS  /tmp/ccy24VEl.s 			page 101


 654:Core/Src/ov5640.c ****         if (ov5640_write_reg(&pObj->Ctx, OV5640_TIMING_TC_REG21, &tmp, 1) != OV5640_OK)
 2735              		.loc 1 654 13 is_stmt 0 view .LVU829
 2736 0198 9DF80730 		ldrb	r3, [sp, #7]	@ zero_extendqisi2
 2737 019c 43F02003 		orr	r3, r3, #32
 2738 01a0 8DF80730 		strb	r3, [sp, #7]
 655:Core/Src/ov5640.c ****         {
 2739              		.loc 1 655 9 is_stmt 1 view .LVU830
 655:Core/Src/ov5640.c ****         {
 2740              		.loc 1 655 13 is_stmt 0 view .LVU831
 2741 01a4 0123     		movs	r3, #1
 2742 01a6 0DF10702 		add	r2, sp, #7
 2743 01aa 43F62101 		movw	r1, #14369
 2744 01ae 2046     		mov	r0, r4
 2745 01b0 FFF7FEFF 		bl	ov5640_write_reg
 2746              	.LVL319:
 655:Core/Src/ov5640.c ****         {
 2747              		.loc 1 655 12 discriminator 1 view .LVU832
 2748 01b4 C8BB     		cbnz	r0, .L199
 661:Core/Src/ov5640.c ****           {
 2749              		.loc 1 661 11 is_stmt 1 view .LVU833
 661:Core/Src/ov5640.c ****           {
 2750              		.loc 1 661 15 is_stmt 0 view .LVU834
 2751 01b6 0123     		movs	r3, #1
 2752 01b8 0DF10702 		add	r2, sp, #7
 2753 01bc 43F20201 		movw	r1, #12290
 2754 01c0 2046     		mov	r0, r4
 2755 01c2 FFF7FEFF 		bl	ov5640_read_reg
 2756              	.LVL320:
 661:Core/Src/ov5640.c ****           {
 2757              		.loc 1 661 14 discriminator 1 view .LVU835
 2758 01c6 98BB     		cbnz	r0, .L200
 667:Core/Src/ov5640.c ****             if (ov5640_write_reg(&pObj->Ctx, OV5640_SYSREM_RESET02, &tmp, 1) != OV5640_OK)
 2759              		.loc 1 667 13 is_stmt 1 view .LVU836
 667:Core/Src/ov5640.c ****             if (ov5640_write_reg(&pObj->Ctx, OV5640_SYSREM_RESET02, &tmp, 1) != OV5640_OK)
 2760              		.loc 1 667 17 is_stmt 0 view .LVU837
 2761 01c8 9DF80730 		ldrb	r3, [sp, #7]	@ zero_extendqisi2
 2762 01cc 23F01C03 		bic	r3, r3, #28
 2763 01d0 8DF80730 		strb	r3, [sp, #7]
 668:Core/Src/ov5640.c ****             {
 2764              		.loc 1 668 13 is_stmt 1 view .LVU838
 668:Core/Src/ov5640.c ****             {
 2765              		.loc 1 668 17 is_stmt 0 view .LVU839
 2766 01d4 0123     		movs	r3, #1
 2767 01d6 0DF10702 		add	r2, sp, #7
 2768 01da 43F20201 		movw	r1, #12290
 2769 01de 2046     		mov	r0, r4
 2770 01e0 FFF7FEFF 		bl	ov5640_write_reg
 2771              	.LVL321:
 668:Core/Src/ov5640.c ****             {
 2772              		.loc 1 668 16 discriminator 1 view .LVU840
 2773 01e4 38BB     		cbnz	r0, .L201
 674:Core/Src/ov5640.c ****               {
 2774              		.loc 1 674 15 is_stmt 1 view .LVU841
 674:Core/Src/ov5640.c ****               {
 2775              		.loc 1 674 19 is_stmt 0 view .LVU842
 2776 01e6 0123     		movs	r3, #1
 2777 01e8 0DF10702 		add	r2, sp, #7
ARM GAS  /tmp/ccy24VEl.s 			page 102


 2778 01ec 43F20601 		movw	r1, #12294
 2779 01f0 2046     		mov	r0, r4
 2780 01f2 FFF7FEFF 		bl	ov5640_read_reg
 2781              	.LVL322:
 674:Core/Src/ov5640.c ****               {
 2782              		.loc 1 674 18 discriminator 1 view .LVU843
 2783 01f6 08BB     		cbnz	r0, .L202
 680:Core/Src/ov5640.c ****                 if (ov5640_write_reg(&pObj->Ctx, OV5640_CLOCK_ENABLE02, &tmp, 1) != OV5640_OK)
 2784              		.loc 1 680 17 is_stmt 1 view .LVU844
 680:Core/Src/ov5640.c ****                 if (ov5640_write_reg(&pObj->Ctx, OV5640_CLOCK_ENABLE02, &tmp, 1) != OV5640_OK)
 2785              		.loc 1 680 21 is_stmt 0 view .LVU845
 2786 01f8 9DF80730 		ldrb	r3, [sp, #7]	@ zero_extendqisi2
 2787 01fc 43F02803 		orr	r3, r3, #40
 2788 0200 8DF80730 		strb	r3, [sp, #7]
 681:Core/Src/ov5640.c ****                 {
 2789              		.loc 1 681 17 is_stmt 1 view .LVU846
 681:Core/Src/ov5640.c ****                 {
 2790              		.loc 1 681 21 is_stmt 0 view .LVU847
 2791 0204 0123     		movs	r3, #1
 2792 0206 0DF10702 		add	r2, sp, #7
 2793 020a 43F20601 		movw	r1, #12294
 2794 020e 2046     		mov	r0, r4
 2795 0210 FFF7FEFF 		bl	ov5640_write_reg
 2796              	.LVL323:
 681:Core/Src/ov5640.c ****                 {
 2797              		.loc 1 681 20 discriminator 1 view .LVU848
 2798 0214 0028     		cmp	r0, #0
 2799 0216 B1D0     		beq	.L167
 683:Core/Src/ov5640.c ****                 }
 2800              		.loc 1 683 23 view .LVU849
 2801 0218 4FF0FF36 		mov	r6, #-1
 2802              	.LVL324:
 692:Core/Src/ov5640.c **** }
 2803              		.loc 1 692 3 is_stmt 1 view .LVU850
 692:Core/Src/ov5640.c **** }
 2804              		.loc 1 692 10 is_stmt 0 view .LVU851
 2805 021c AEE7     		b	.L167
 2806              	.LVL325:
 2807              	.L187:
 546:Core/Src/ov5640.c ****   }
 2808              		.loc 1 546 9 view .LVU852
 2809 021e 4FF0FF36 		mov	r6, #-1
 2810 0222 ABE7     		b	.L167
 2811              	.LVL326:
 2812              	.L198:
 650:Core/Src/ov5640.c ****       }
 2813              		.loc 1 650 13 view .LVU853
 2814 0224 4FF0FF36 		mov	r6, #-1
 2815              	.LVL327:
 650:Core/Src/ov5640.c ****       }
 2816              		.loc 1 650 13 view .LVU854
 2817 0228 A8E7     		b	.L167
 2818              	.LVL328:
 2819              	.L199:
 657:Core/Src/ov5640.c ****         }
 2820              		.loc 1 657 15 view .LVU855
 2821 022a 4FF0FF36 		mov	r6, #-1
ARM GAS  /tmp/ccy24VEl.s 			page 103


 2822              	.LVL329:
 657:Core/Src/ov5640.c ****         }
 2823              		.loc 1 657 15 view .LVU856
 2824 022e A5E7     		b	.L167
 2825              	.LVL330:
 2826              	.L200:
 663:Core/Src/ov5640.c ****           }
 2827              		.loc 1 663 17 view .LVU857
 2828 0230 4FF0FF36 		mov	r6, #-1
 2829              	.LVL331:
 663:Core/Src/ov5640.c ****           }
 2830              		.loc 1 663 17 view .LVU858
 2831 0234 A2E7     		b	.L167
 2832              	.LVL332:
 2833              	.L201:
 670:Core/Src/ov5640.c ****             }
 2834              		.loc 1 670 19 view .LVU859
 2835 0236 4FF0FF36 		mov	r6, #-1
 2836              	.LVL333:
 670:Core/Src/ov5640.c ****             }
 2837              		.loc 1 670 19 view .LVU860
 2838 023a 9FE7     		b	.L167
 2839              	.LVL334:
 2840              	.L202:
 676:Core/Src/ov5640.c ****               }
 2841              		.loc 1 676 21 view .LVU861
 2842 023c 4FF0FF36 		mov	r6, #-1
 2843              	.LVL335:
 676:Core/Src/ov5640.c ****               }
 2844              		.loc 1 676 21 view .LVU862
 2845 0240 9CE7     		b	.L167
 2846              	.L212:
 2847 0242 00BF     		.align	2
 2848              	.L211:
 2849 0244 00000000 		.word	OV5640_PF_YUV422.16
 2850 0248 00000000 		.word	OV5640_PF_RGB888.15
 2851 024c 00000000 		.word	OV5640_PF_Y8.14
 2852 0250 00000000 		.word	OV5640_PF_JPEG.13
 2853 0254 00000000 		.word	OV5640_PF_RGB565.12
 2854              		.cfi_endproc
 2855              	.LFE109:
 2857              		.section	.text.OV5640_GetResolution,"ax",%progbits
 2858              		.align	1
 2859              		.global	OV5640_GetResolution
 2860              		.syntax unified
 2861              		.thumb
 2862              		.thumb_func
 2864              	OV5640_GetResolution:
 2865              	.LVL336:
 2866              	.LFB112:
 857:Core/Src/ov5640.c ****   int32_t ret;
 2867              		.loc 1 857 1 is_stmt 1 view -0
 2868              		.cfi_startproc
 2869              		@ args = 0, pretend = 0, frame = 8
 2870              		@ frame_needed = 0, uses_anonymous_args = 0
 857:Core/Src/ov5640.c ****   int32_t ret;
 2871              		.loc 1 857 1 is_stmt 0 view .LVU864
ARM GAS  /tmp/ccy24VEl.s 			page 104


 2872 0000 F0B5     		push	{r4, r5, r6, r7, lr}
 2873              	.LCFI35:
 2874              		.cfi_def_cfa_offset 20
 2875              		.cfi_offset 4, -20
 2876              		.cfi_offset 5, -16
 2877              		.cfi_offset 6, -12
 2878              		.cfi_offset 7, -8
 2879              		.cfi_offset 14, -4
 2880 0002 83B0     		sub	sp, sp, #12
 2881              	.LCFI36:
 2882              		.cfi_def_cfa_offset 32
 2883 0004 0F46     		mov	r7, r1
 858:Core/Src/ov5640.c ****   uint16_t x_size;
 2884              		.loc 1 858 3 is_stmt 1 view .LVU865
 859:Core/Src/ov5640.c ****   uint16_t y_size;
 2885              		.loc 1 859 3 view .LVU866
 860:Core/Src/ov5640.c ****   uint8_t tmp;
 2886              		.loc 1 860 3 view .LVU867
 861:Core/Src/ov5640.c **** 
 2887              		.loc 1 861 3 view .LVU868
 863:Core/Src/ov5640.c ****   {
 2888              		.loc 1 863 3 view .LVU869
 863:Core/Src/ov5640.c ****   {
 2889              		.loc 1 863 7 is_stmt 0 view .LVU870
 2890 0006 00F11804 		add	r4, r0, #24
 2891 000a 0123     		movs	r3, #1
 2892 000c 0DF10702 		add	r2, sp, #7
 2893 0010 43F60801 		movw	r1, #14344
 2894              	.LVL337:
 863:Core/Src/ov5640.c ****   {
 2895              		.loc 1 863 7 view .LVU871
 2896 0014 2046     		mov	r0, r4
 2897              	.LVL338:
 863:Core/Src/ov5640.c ****   {
 2898              		.loc 1 863 7 view .LVU872
 2899 0016 FFF7FEFF 		bl	ov5640_read_reg
 2900              	.LVL339:
 863:Core/Src/ov5640.c ****   {
 2901              		.loc 1 863 6 discriminator 1 view .LVU873
 2902 001a 0028     		cmp	r0, #0
 2903 001c 5BD1     		bne	.L219
 869:Core/Src/ov5640.c **** 
 2904              		.loc 1 869 5 is_stmt 1 view .LVU874
 869:Core/Src/ov5640.c **** 
 2905              		.loc 1 869 28 is_stmt 0 view .LVU875
 2906 001e 9DF80750 		ldrb	r5, [sp, #7]	@ zero_extendqisi2
 869:Core/Src/ov5640.c **** 
 2907              		.loc 1 869 12 view .LVU876
 2908 0022 2D02     		lsls	r5, r5, #8
 2909              	.LVL340:
 871:Core/Src/ov5640.c ****     {
 2910              		.loc 1 871 5 is_stmt 1 view .LVU877
 871:Core/Src/ov5640.c ****     {
 2911              		.loc 1 871 9 is_stmt 0 view .LVU878
 2912 0024 0123     		movs	r3, #1
 2913 0026 0DF10702 		add	r2, sp, #7
 2914 002a 43F60901 		movw	r1, #14345
ARM GAS  /tmp/ccy24VEl.s 			page 105


 2915 002e 2046     		mov	r0, r4
 2916 0030 FFF7FEFF 		bl	ov5640_read_reg
 2917              	.LVL341:
 871:Core/Src/ov5640.c ****     {
 2918              		.loc 1 871 8 discriminator 1 view .LVU879
 2919 0034 0028     		cmp	r0, #0
 2920 0036 51D1     		bne	.L220
 877:Core/Src/ov5640.c **** 
 2921              		.loc 1 877 7 is_stmt 1 view .LVU880
 877:Core/Src/ov5640.c **** 
 2922              		.loc 1 877 14 is_stmt 0 view .LVU881
 2923 0038 9DF80730 		ldrb	r3, [sp, #7]	@ zero_extendqisi2
 2924 003c 1D43     		orrs	r5, r5, r3
 2925              	.LVL342:
 879:Core/Src/ov5640.c ****       {
 2926              		.loc 1 879 7 is_stmt 1 view .LVU882
 879:Core/Src/ov5640.c ****       {
 2927              		.loc 1 879 11 is_stmt 0 view .LVU883
 2928 003e 0123     		movs	r3, #1
 2929 0040 0DF10702 		add	r2, sp, #7
 2930 0044 43F60A01 		movw	r1, #14346
 2931 0048 2046     		mov	r0, r4
 2932 004a FFF7FEFF 		bl	ov5640_read_reg
 2933              	.LVL343:
 879:Core/Src/ov5640.c ****       {
 2934              		.loc 1 879 10 discriminator 1 view .LVU884
 2935 004e 0028     		cmp	r0, #0
 2936 0050 47D1     		bne	.L221
 885:Core/Src/ov5640.c ****         if (ov5640_read_reg(&pObj->Ctx, OV5640_TIMING_DVPVO_LOW, &tmp, 1) != OV5640_OK)
 2937              		.loc 1 885 9 is_stmt 1 view .LVU885
 885:Core/Src/ov5640.c ****         if (ov5640_read_reg(&pObj->Ctx, OV5640_TIMING_DVPVO_LOW, &tmp, 1) != OV5640_OK)
 2938              		.loc 1 885 32 is_stmt 0 view .LVU886
 2939 0052 9DF80730 		ldrb	r3, [sp, #7]	@ zero_extendqisi2
 885:Core/Src/ov5640.c ****         if (ov5640_read_reg(&pObj->Ctx, OV5640_TIMING_DVPVO_LOW, &tmp, 1) != OV5640_OK)
 2940              		.loc 1 885 16 view .LVU887
 2941 0056 1E02     		lsls	r6, r3, #8
 2942              	.LVL344:
 886:Core/Src/ov5640.c ****         {
 2943              		.loc 1 886 9 is_stmt 1 view .LVU888
 886:Core/Src/ov5640.c ****         {
 2944              		.loc 1 886 13 is_stmt 0 view .LVU889
 2945 0058 0123     		movs	r3, #1
 2946 005a 0DF10702 		add	r2, sp, #7
 2947 005e 43F60B01 		movw	r1, #14347
 2948 0062 2046     		mov	r0, r4
 2949 0064 FFF7FEFF 		bl	ov5640_read_reg
 2950              	.LVL345:
 886:Core/Src/ov5640.c ****         {
 2951              		.loc 1 886 12 discriminator 1 view .LVU890
 2952 0068 0028     		cmp	r0, #0
 2953 006a 3DD1     		bne	.L222
 892:Core/Src/ov5640.c **** 
 2954              		.loc 1 892 11 is_stmt 1 view .LVU891
 892:Core/Src/ov5640.c **** 
 2955              		.loc 1 892 18 is_stmt 0 view .LVU892
 2956 006c 9DF80730 		ldrb	r3, [sp, #7]	@ zero_extendqisi2
 2957 0070 3343     		orrs	r3, r3, r6
ARM GAS  /tmp/ccy24VEl.s 			page 106


 2958              	.LVL346:
 894:Core/Src/ov5640.c ****           {
 2959              		.loc 1 894 11 is_stmt 1 view .LVU893
 894:Core/Src/ov5640.c ****           {
 2960              		.loc 1 894 43 is_stmt 0 view .LVU894
 2961 0072 B3F5F07F 		cmp	r3, #480
 2962 0076 14BF     		ite	ne
 2963 0078 0022     		movne	r2, #0
 2964 007a 0122     		moveq	r2, #1
 894:Core/Src/ov5640.c ****           {
 2965              		.loc 1 894 32 view .LVU895
 2966 007c B5F5487F 		cmp	r5, #800
 2967 0080 14BF     		ite	ne
 2968 0082 0021     		movne	r1, #0
 2969 0084 02F00101 		andeq	r1, r2, #1
 894:Core/Src/ov5640.c ****           {
 2970              		.loc 1 894 14 view .LVU896
 2971 0088 19B1     		cbz	r1, .L215
 896:Core/Src/ov5640.c ****             ret = OV5640_OK;
 2972              		.loc 1 896 13 is_stmt 1 view .LVU897
 896:Core/Src/ov5640.c ****             ret = OV5640_OK;
 2973              		.loc 1 896 25 is_stmt 0 view .LVU898
 2974 008a 0423     		movs	r3, #4
 2975              	.LVL347:
 896:Core/Src/ov5640.c ****             ret = OV5640_OK;
 2976              		.loc 1 896 25 view .LVU899
 2977 008c 3B60     		str	r3, [r7]
 897:Core/Src/ov5640.c ****           }
 2978              		.loc 1 897 13 is_stmt 1 view .LVU900
 2979              	.LVL348:
 2980              	.L213:
 929:Core/Src/ov5640.c **** 
 2981              		.loc 1 929 1 is_stmt 0 view .LVU901
 2982 008e 03B0     		add	sp, sp, #12
 2983              	.LCFI37:
 2984              		.cfi_remember_state
 2985              		.cfi_def_cfa_offset 20
 2986              		@ sp needed
 2987 0090 F0BD     		pop	{r4, r5, r6, r7, pc}
 2988              	.LVL349:
 2989              	.L215:
 2990              	.LCFI38:
 2991              		.cfi_restore_state
 899:Core/Src/ov5640.c ****           {
 2992              		.loc 1 899 16 is_stmt 1 view .LVU902
 899:Core/Src/ov5640.c ****           {
 2993              		.loc 1 899 37 is_stmt 0 view .LVU903
 2994 0092 B5F5207F 		cmp	r5, #640
 2995 0096 14BF     		ite	ne
 2996 0098 0022     		movne	r2, #0
 2997 009a 02F00102 		andeq	r2, r2, #1
 899:Core/Src/ov5640.c ****           {
 2998              		.loc 1 899 19 view .LVU904
 2999 009e 12B1     		cbz	r2, .L216
 901:Core/Src/ov5640.c ****             ret = OV5640_OK;
 3000              		.loc 1 901 13 is_stmt 1 view .LVU905
 901:Core/Src/ov5640.c ****             ret = OV5640_OK;
ARM GAS  /tmp/ccy24VEl.s 			page 107


 3001              		.loc 1 901 25 is_stmt 0 view .LVU906
 3002 00a0 0323     		movs	r3, #3
 3003              	.LVL350:
 901:Core/Src/ov5640.c ****             ret = OV5640_OK;
 3004              		.loc 1 901 25 view .LVU907
 3005 00a2 3B60     		str	r3, [r7]
 902:Core/Src/ov5640.c ****           }
 3006              		.loc 1 902 13 is_stmt 1 view .LVU908
 3007              	.LVL351:
 902:Core/Src/ov5640.c ****           }
 3008              		.loc 1 902 13 is_stmt 0 view .LVU909
 3009 00a4 F3E7     		b	.L213
 3010              	.LVL352:
 3011              	.L216:
 904:Core/Src/ov5640.c ****           {
 3012              		.loc 1 904 16 is_stmt 1 view .LVU910
 904:Core/Src/ov5640.c ****           {
 3013              		.loc 1 904 19 is_stmt 0 view .LVU911
 3014 00a6 B5F5F07F 		cmp	r5, #480
 3015 00aa 08BF     		it	eq
 3016 00ac B3F5887F 		cmpeq	r3, #272
 3017 00b0 02D1     		bne	.L217
 906:Core/Src/ov5640.c ****             ret = OV5640_OK;
 3018              		.loc 1 906 13 is_stmt 1 view .LVU912
 906:Core/Src/ov5640.c ****             ret = OV5640_OK;
 3019              		.loc 1 906 25 is_stmt 0 view .LVU913
 3020 00b2 0223     		movs	r3, #2
 3021              	.LVL353:
 906:Core/Src/ov5640.c ****             ret = OV5640_OK;
 3022              		.loc 1 906 25 view .LVU914
 3023 00b4 3B60     		str	r3, [r7]
 907:Core/Src/ov5640.c ****           }
 3024              		.loc 1 907 13 is_stmt 1 view .LVU915
 3025              	.LVL354:
 907:Core/Src/ov5640.c ****           }
 3026              		.loc 1 907 13 is_stmt 0 view .LVU916
 3027 00b6 EAE7     		b	.L213
 3028              	.LVL355:
 3029              	.L217:
 909:Core/Src/ov5640.c ****           {
 3030              		.loc 1 909 16 is_stmt 1 view .LVU917
 909:Core/Src/ov5640.c ****           {
 3031              		.loc 1 909 19 is_stmt 0 view .LVU918
 3032 00b8 B5F5A07F 		cmp	r5, #320
 3033 00bc 08BF     		it	eq
 3034 00be F02B     		cmpeq	r3, #240
 3035 00c0 02D1     		bne	.L218
 911:Core/Src/ov5640.c ****             ret = OV5640_OK;
 3036              		.loc 1 911 13 is_stmt 1 view .LVU919
 911:Core/Src/ov5640.c ****             ret = OV5640_OK;
 3037              		.loc 1 911 25 is_stmt 0 view .LVU920
 3038 00c2 0123     		movs	r3, #1
 3039              	.LVL356:
 911:Core/Src/ov5640.c ****             ret = OV5640_OK;
 3040              		.loc 1 911 25 view .LVU921
 3041 00c4 3B60     		str	r3, [r7]
 912:Core/Src/ov5640.c ****           }
ARM GAS  /tmp/ccy24VEl.s 			page 108


 3042              		.loc 1 912 13 is_stmt 1 view .LVU922
 3043              	.LVL357:
 912:Core/Src/ov5640.c ****           }
 3044              		.loc 1 912 13 is_stmt 0 view .LVU923
 3045 00c6 E2E7     		b	.L213
 3046              	.LVL358:
 3047              	.L218:
 914:Core/Src/ov5640.c ****           {
 3048              		.loc 1 914 16 is_stmt 1 view .LVU924
 914:Core/Src/ov5640.c ****           {
 3049              		.loc 1 914 19 is_stmt 0 view .LVU925
 3050 00c8 A02D     		cmp	r5, #160
 3051 00ca 08BF     		it	eq
 3052 00cc 782B     		cmpeq	r3, #120
 3053 00ce 0ED1     		bne	.L223
 916:Core/Src/ov5640.c ****             ret = OV5640_OK;
 3054              		.loc 1 916 13 is_stmt 1 view .LVU926
 916:Core/Src/ov5640.c ****             ret = OV5640_OK;
 3055              		.loc 1 916 25 is_stmt 0 view .LVU927
 3056 00d0 0023     		movs	r3, #0
 3057              	.LVL359:
 916:Core/Src/ov5640.c ****             ret = OV5640_OK;
 3058              		.loc 1 916 25 view .LVU928
 3059 00d2 3B60     		str	r3, [r7]
 917:Core/Src/ov5640.c ****           }
 3060              		.loc 1 917 13 is_stmt 1 view .LVU929
 3061              	.LVL360:
 917:Core/Src/ov5640.c ****           }
 3062              		.loc 1 917 13 is_stmt 0 view .LVU930
 3063 00d4 DBE7     		b	.L213
 3064              	.LVL361:
 3065              	.L219:
 865:Core/Src/ov5640.c ****   }
 3066              		.loc 1 865 9 view .LVU931
 3067 00d6 4FF0FF30 		mov	r0, #-1
 3068 00da D8E7     		b	.L213
 3069              	.LVL362:
 3070              	.L220:
 873:Core/Src/ov5640.c ****     }
 3071              		.loc 1 873 11 view .LVU932
 3072 00dc 4FF0FF30 		mov	r0, #-1
 3073 00e0 D5E7     		b	.L213
 3074              	.L221:
 881:Core/Src/ov5640.c ****       }
 3075              		.loc 1 881 13 view .LVU933
 3076 00e2 4FF0FF30 		mov	r0, #-1
 3077 00e6 D2E7     		b	.L213
 3078              	.LVL363:
 3079              	.L222:
 888:Core/Src/ov5640.c ****         }
 3080              		.loc 1 888 15 view .LVU934
 3081 00e8 4FF0FF30 		mov	r0, #-1
 3082 00ec CFE7     		b	.L213
 3083              	.LVL364:
 3084              	.L223:
 921:Core/Src/ov5640.c ****           }
 3085              		.loc 1 921 17 view .LVU935
ARM GAS  /tmp/ccy24VEl.s 			page 109


 3086 00ee 4FF0FF30 		mov	r0, #-1
 3087              	.LVL365:
 928:Core/Src/ov5640.c **** }
 3088              		.loc 1 928 3 is_stmt 1 view .LVU936
 928:Core/Src/ov5640.c **** }
 3089              		.loc 1 928 10 is_stmt 0 view .LVU937
 3090 00f2 CCE7     		b	.L213
 3091              		.cfi_endproc
 3092              	.LFE112:
 3094              		.section	.text.OV5640_ZoomConfig,"ax",%progbits
 3095              		.align	1
 3096              		.global	OV5640_ZoomConfig
 3097              		.syntax unified
 3098              		.thumb
 3099              		.thumb_func
 3101              	OV5640_ZoomConfig:
 3102              	.LVL366:
 3103              	.LFB124:
1718:Core/Src/ov5640.c ****   int32_t ret = OV5640_OK;
 3104              		.loc 1 1718 1 is_stmt 1 view -0
 3105              		.cfi_startproc
 3106              		@ args = 0, pretend = 0, frame = 8
 3107              		@ frame_needed = 0, uses_anonymous_args = 0
1718:Core/Src/ov5640.c ****   int32_t ret = OV5640_OK;
 3108              		.loc 1 1718 1 is_stmt 0 view .LVU939
 3109 0000 30B5     		push	{r4, r5, lr}
 3110              	.LCFI39:
 3111              		.cfi_def_cfa_offset 12
 3112              		.cfi_offset 4, -12
 3113              		.cfi_offset 5, -8
 3114              		.cfi_offset 14, -4
 3115 0002 83B0     		sub	sp, sp, #12
 3116              	.LCFI40:
 3117              		.cfi_def_cfa_offset 24
 3118 0004 0446     		mov	r4, r0
 3119 0006 0D46     		mov	r5, r1
1719:Core/Src/ov5640.c ****   uint32_t res;
 3120              		.loc 1 1719 3 is_stmt 1 view .LVU940
 3121              	.LVL367:
1720:Core/Src/ov5640.c ****   uint32_t zoom;
 3122              		.loc 1 1720 3 view .LVU941
1721:Core/Src/ov5640.c ****   uint8_t tmp;
 3123              		.loc 1 1721 3 view .LVU942
1722:Core/Src/ov5640.c **** 
 3124              		.loc 1 1722 3 view .LVU943
1725:Core/Src/ov5640.c ****   {
 3125              		.loc 1 1725 3 view .LVU944
1725:Core/Src/ov5640.c ****   {
 3126              		.loc 1 1725 7 is_stmt 0 view .LVU945
 3127 0008 01A9     		add	r1, sp, #4
 3128              	.LVL368:
1725:Core/Src/ov5640.c ****   {
 3129              		.loc 1 1725 7 view .LVU946
 3130 000a FFF7FEFF 		bl	OV5640_GetResolution
 3131              	.LVL369:
1725:Core/Src/ov5640.c ****   {
 3132              		.loc 1 1725 6 discriminator 1 view .LVU947
ARM GAS  /tmp/ccy24VEl.s 			page 110


 3133 000e A0BB     		cbnz	r0, .L232
1731:Core/Src/ov5640.c **** 
 3134              		.loc 1 1731 5 is_stmt 1 view .LVU948
 3135              	.LVL370:
1733:Core/Src/ov5640.c ****     {
 3136              		.loc 1 1733 5 view .LVU949
1733:Core/Src/ov5640.c ****     {
 3137              		.loc 1 1733 8 is_stmt 0 view .LVU950
 3138 0010 442D     		cmp	r5, #68
 3139 0012 06D0     		beq	.L237
1743:Core/Src/ov5640.c ****       {
 3140              		.loc 1 1743 7 is_stmt 1 view .LVU951
 3141 0014 019B     		ldr	r3, [sp, #4]
 3142 0016 022B     		cmp	r3, #2
 3143 0018 13D9     		bls	.L238
 3144 001a 032B     		cmp	r3, #3
 3145 001c 13D1     		bne	.L230
1750:Core/Src/ov5640.c ****           break;
 3146              		.loc 1 1750 11 view .LVU952
1750:Core/Src/ov5640.c ****           break;
 3147              		.loc 1 1750 16 is_stmt 0 view .LVU953
 3148 001e AD08     		lsrs	r5, r5, #2
 3149              	.LVL371:
1751:Core/Src/ov5640.c ****         default:
 3150              		.loc 1 1751 11 is_stmt 1 view .LVU954
 3151 0020 11E0     		b	.L230
 3152              	.LVL372:
 3153              	.L237:
1735:Core/Src/ov5640.c ****       if (ov5640_write_reg(&pObj->Ctx, OV5640_SCALE_CTRL0, &tmp, 1) != OV5640_OK)
 3154              		.loc 1 1735 7 view .LVU955
1735:Core/Src/ov5640.c ****       if (ov5640_write_reg(&pObj->Ctx, OV5640_SCALE_CTRL0, &tmp, 1) != OV5640_OK)
 3155              		.loc 1 1735 11 is_stmt 0 view .LVU956
 3156 0022 1023     		movs	r3, #16
 3157 0024 8DF80330 		strb	r3, [sp, #3]
1736:Core/Src/ov5640.c ****       {
 3158              		.loc 1 1736 7 is_stmt 1 view .LVU957
1736:Core/Src/ov5640.c ****       {
 3159              		.loc 1 1736 11 is_stmt 0 view .LVU958
 3160 0028 0123     		movs	r3, #1
 3161 002a 0DF10302 		add	r2, sp, #3
 3162 002e 4FF4AC41 		mov	r1, #22016
 3163 0032 04F11800 		add	r0, r4, #24
 3164 0036 FFF7FEFF 		bl	ov5640_write_reg
 3165              	.LVL373:
1736:Core/Src/ov5640.c ****       {
 3166              		.loc 1 1736 10 discriminator 1 view .LVU959
 3167 003a E0B1     		cbz	r0, .L225
1738:Core/Src/ov5640.c ****       }
 3168              		.loc 1 1738 13 view .LVU960
 3169 003c 4FF0FF30 		mov	r0, #-1
 3170 0040 19E0     		b	.L225
 3171              	.L238:
1743:Core/Src/ov5640.c ****       {
 3172              		.loc 1 1743 7 view .LVU961
 3173 0042 03B1     		cbz	r3, .L230
1747:Core/Src/ov5640.c ****           break;
 3174              		.loc 1 1747 11 is_stmt 1 view .LVU962
ARM GAS  /tmp/ccy24VEl.s 			page 111


1747:Core/Src/ov5640.c ****           break;
 3175              		.loc 1 1747 16 is_stmt 0 view .LVU963
 3176 0044 6D08     		lsrs	r5, r5, #1
 3177              	.LVL374:
1748:Core/Src/ov5640.c ****         case OV5640_R640x480:
 3178              		.loc 1 1748 11 is_stmt 1 view .LVU964
 3179              	.L230:
1756:Core/Src/ov5640.c ****       if (ov5640_write_reg(&pObj->Ctx, OV5640_SCALE_CTRL0, &tmp, 1) != OV5640_OK)
 3180              		.loc 1 1756 7 view .LVU965
1756:Core/Src/ov5640.c ****       if (ov5640_write_reg(&pObj->Ctx, OV5640_SCALE_CTRL0, &tmp, 1) != OV5640_OK)
 3181              		.loc 1 1756 11 is_stmt 0 view .LVU966
 3182 0046 0023     		movs	r3, #0
 3183 0048 8DF80330 		strb	r3, [sp, #3]
1757:Core/Src/ov5640.c ****       {
 3184              		.loc 1 1757 7 is_stmt 1 view .LVU967
1757:Core/Src/ov5640.c ****       {
 3185              		.loc 1 1757 11 is_stmt 0 view .LVU968
 3186 004c 1834     		adds	r4, r4, #24
 3187              	.LVL375:
1757:Core/Src/ov5640.c ****       {
 3188              		.loc 1 1757 11 view .LVU969
 3189 004e 0123     		movs	r3, #1
 3190 0050 0DF10302 		add	r2, sp, #3
 3191 0054 4FF4AC41 		mov	r1, #22016
 3192 0058 2046     		mov	r0, r4
 3193 005a FFF7FEFF 		bl	ov5640_write_reg
 3194              	.LVL376:
1757:Core/Src/ov5640.c ****       {
 3195              		.loc 1 1757 10 discriminator 1 view .LVU970
 3196 005e 78B9     		cbnz	r0, .L234
1763:Core/Src/ov5640.c ****         if (ov5640_write_reg(&pObj->Ctx, OV5640_SCALE_CTRL1, &tmp, 1) != OV5640_OK)
 3197              		.loc 1 1763 9 is_stmt 1 view .LVU971
1763:Core/Src/ov5640.c ****         if (ov5640_write_reg(&pObj->Ctx, OV5640_SCALE_CTRL1, &tmp, 1) != OV5640_OK)
 3198              		.loc 1 1763 13 is_stmt 0 view .LVU972
 3199 0060 8DF80350 		strb	r5, [sp, #3]
1764:Core/Src/ov5640.c ****         {
 3200              		.loc 1 1764 9 is_stmt 1 view .LVU973
1764:Core/Src/ov5640.c ****         {
 3201              		.loc 1 1764 13 is_stmt 0 view .LVU974
 3202 0064 0123     		movs	r3, #1
 3203 0066 0DF10302 		add	r2, sp, #3
 3204 006a 45F20161 		movw	r1, #22017
 3205 006e 2046     		mov	r0, r4
 3206 0070 FFF7FEFF 		bl	ov5640_write_reg
 3207              	.LVL377:
1764:Core/Src/ov5640.c ****         {
 3208              		.loc 1 1764 12 discriminator 1 view .LVU975
 3209 0074 38B9     		cbnz	r0, .L239
 3210              	.LVL378:
 3211              	.L225:
1773:Core/Src/ov5640.c **** 
 3212              		.loc 1 1773 1 view .LVU976
 3213 0076 03B0     		add	sp, sp, #12
 3214              	.LCFI41:
 3215              		.cfi_remember_state
 3216              		.cfi_def_cfa_offset 12
 3217              		@ sp needed
ARM GAS  /tmp/ccy24VEl.s 			page 112


 3218 0078 30BD     		pop	{r4, r5, pc}
 3219              	.LVL379:
 3220              	.L232:
 3221              	.LCFI42:
 3222              		.cfi_restore_state
1727:Core/Src/ov5640.c ****   }
 3223              		.loc 1 1727 9 view .LVU977
 3224 007a 4FF0FF30 		mov	r0, #-1
 3225 007e FAE7     		b	.L225
 3226              	.LVL380:
 3227              	.L234:
1759:Core/Src/ov5640.c ****       }
 3228              		.loc 1 1759 13 view .LVU978
 3229 0080 4FF0FF30 		mov	r0, #-1
 3230 0084 F7E7     		b	.L225
 3231              	.L239:
1766:Core/Src/ov5640.c ****         }
 3232              		.loc 1 1766 15 view .LVU979
 3233 0086 4FF0FF30 		mov	r0, #-1
 3234              	.LVL381:
1772:Core/Src/ov5640.c **** }
 3235              		.loc 1 1772 3 is_stmt 1 view .LVU980
1772:Core/Src/ov5640.c **** }
 3236              		.loc 1 1772 10 is_stmt 0 view .LVU981
 3237 008a F4E7     		b	.L225
 3238              		.cfi_endproc
 3239              	.LFE124:
 3241              		.section	.text.OV5640_ReadID,"ax",%progbits
 3242              		.align	1
 3243              		.global	OV5640_ReadID
 3244              		.syntax unified
 3245              		.thumb
 3246              		.thumb_func
 3248              	OV5640_ReadID:
 3249              	.LVL382:
 3250              	.LFB115:
1003:Core/Src/ov5640.c ****   int32_t ret;
 3251              		.loc 1 1003 1 is_stmt 1 view -0
 3252              		.cfi_startproc
 3253              		@ args = 0, pretend = 0, frame = 8
 3254              		@ frame_needed = 0, uses_anonymous_args = 0
1003:Core/Src/ov5640.c ****   int32_t ret;
 3255              		.loc 1 1003 1 is_stmt 0 view .LVU983
 3256 0000 70B5     		push	{r4, r5, r6, lr}
 3257              	.LCFI43:
 3258              		.cfi_def_cfa_offset 16
 3259              		.cfi_offset 4, -16
 3260              		.cfi_offset 5, -12
 3261              		.cfi_offset 6, -8
 3262              		.cfi_offset 14, -4
 3263 0002 82B0     		sub	sp, sp, #8
 3264              	.LCFI44:
 3265              		.cfi_def_cfa_offset 24
 3266 0004 0646     		mov	r6, r0
 3267 0006 0D46     		mov	r5, r1
1004:Core/Src/ov5640.c ****   uint8_t tmp;
 3268              		.loc 1 1004 3 is_stmt 1 view .LVU984
ARM GAS  /tmp/ccy24VEl.s 			page 113


1005:Core/Src/ov5640.c **** 
 3269              		.loc 1 1005 3 view .LVU985
1008:Core/Src/ov5640.c **** 
 3270              		.loc 1 1008 3 view .LVU986
1008:Core/Src/ov5640.c **** 
 3271              		.loc 1 1008 11 is_stmt 0 view .LVU987
 3272 0008 0446     		mov	r4, r0
 3273 000a 54F8183B 		ldr	r3, [r4], #24
1008:Core/Src/ov5640.c **** 
 3274              		.loc 1 1008 3 view .LVU988
 3275 000e 9847     		blx	r3
 3276              	.LVL383:
1011:Core/Src/ov5640.c ****   if (ov5640_write_reg(&pObj->Ctx, OV5640_SYSTEM_CTROL0, &tmp, 1) != OV5640_OK)
 3277              		.loc 1 1011 3 is_stmt 1 view .LVU989
1011:Core/Src/ov5640.c ****   if (ov5640_write_reg(&pObj->Ctx, OV5640_SYSTEM_CTROL0, &tmp, 1) != OV5640_OK)
 3278              		.loc 1 1011 7 is_stmt 0 view .LVU990
 3279 0010 8023     		movs	r3, #128
 3280 0012 8DF80730 		strb	r3, [sp, #7]
1012:Core/Src/ov5640.c ****   {
 3281              		.loc 1 1012 3 is_stmt 1 view .LVU991
1012:Core/Src/ov5640.c ****   {
 3282              		.loc 1 1012 7 is_stmt 0 view .LVU992
 3283 0016 0123     		movs	r3, #1
 3284 0018 0DF10702 		add	r2, sp, #7
 3285 001c 43F20801 		movw	r1, #12296
 3286 0020 2046     		mov	r0, r4
 3287 0022 FFF7FEFF 		bl	ov5640_write_reg
 3288              	.LVL384:
1012:Core/Src/ov5640.c ****   {
 3289              		.loc 1 1012 6 discriminator 1 view .LVU993
 3290 0026 08BB     		cbnz	r0, .L242
1018:Core/Src/ov5640.c **** 
 3291              		.loc 1 1018 5 is_stmt 1 view .LVU994
1018:Core/Src/ov5640.c **** 
 3292              		.loc 1 1018 11 is_stmt 0 view .LVU995
 3293 0028 4FF4FA71 		mov	r1, #500
 3294 002c 3046     		mov	r0, r6
 3295 002e FFF7FEFF 		bl	OV5640_Delay
 3296              	.LVL385:
1020:Core/Src/ov5640.c ****     {
 3297              		.loc 1 1020 5 is_stmt 1 view .LVU996
1020:Core/Src/ov5640.c ****     {
 3298              		.loc 1 1020 9 is_stmt 0 view .LVU997
 3299 0032 0123     		movs	r3, #1
 3300 0034 0DF10702 		add	r2, sp, #7
 3301 0038 43F20A01 		movw	r1, #12298
 3302 003c 2046     		mov	r0, r4
 3303 003e FFF7FEFF 		bl	ov5640_read_reg
 3304              	.LVL386:
1020:Core/Src/ov5640.c ****     {
 3305              		.loc 1 1020 8 discriminator 1 view .LVU998
 3306 0042 B0B9     		cbnz	r0, .L243
1026:Core/Src/ov5640.c ****       if (ov5640_read_reg(&pObj->Ctx, OV5640_CHIP_ID_LOW_BYTE, &tmp, 1) != OV5640_OK)
 3307              		.loc 1 1026 7 is_stmt 1 view .LVU999
1026:Core/Src/ov5640.c ****       if (ov5640_read_reg(&pObj->Ctx, OV5640_CHIP_ID_LOW_BYTE, &tmp, 1) != OV5640_OK)
 3308              		.loc 1 1026 13 is_stmt 0 view .LVU1000
 3309 0044 9DF80730 		ldrb	r3, [sp, #7]	@ zero_extendqisi2
ARM GAS  /tmp/ccy24VEl.s 			page 114


1026:Core/Src/ov5640.c ****       if (ov5640_read_reg(&pObj->Ctx, OV5640_CHIP_ID_LOW_BYTE, &tmp, 1) != OV5640_OK)
 3310              		.loc 1 1026 27 view .LVU1001
 3311 0048 1B02     		lsls	r3, r3, #8
1026:Core/Src/ov5640.c ****       if (ov5640_read_reg(&pObj->Ctx, OV5640_CHIP_ID_LOW_BYTE, &tmp, 1) != OV5640_OK)
 3312              		.loc 1 1026 11 view .LVU1002
 3313 004a 2B60     		str	r3, [r5]
1027:Core/Src/ov5640.c ****       {
 3314              		.loc 1 1027 7 is_stmt 1 view .LVU1003
1027:Core/Src/ov5640.c ****       {
 3315              		.loc 1 1027 11 is_stmt 0 view .LVU1004
 3316 004c 0123     		movs	r3, #1
 3317 004e 0DF10702 		add	r2, sp, #7
 3318 0052 43F20B01 		movw	r1, #12299
 3319 0056 2046     		mov	r0, r4
 3320 0058 FFF7FEFF 		bl	ov5640_read_reg
 3321              	.LVL387:
1027:Core/Src/ov5640.c ****       {
 3322              		.loc 1 1027 10 discriminator 1 view .LVU1005
 3323 005c 60B9     		cbnz	r0, .L244
1033:Core/Src/ov5640.c ****         ret = OV5640_OK;
 3324              		.loc 1 1033 9 is_stmt 1 view .LVU1006
 3325 005e 2A68     		ldr	r2, [r5]
1033:Core/Src/ov5640.c ****         ret = OV5640_OK;
 3326              		.loc 1 1033 13 is_stmt 0 view .LVU1007
 3327 0060 9DF80730 		ldrb	r3, [sp, #7]	@ zero_extendqisi2
 3328 0064 1343     		orrs	r3, r3, r2
 3329 0066 2B60     		str	r3, [r5]
1034:Core/Src/ov5640.c ****       }
 3330              		.loc 1 1034 9 is_stmt 1 view .LVU1008
 3331              	.LVL388:
 3332              	.L240:
1041:Core/Src/ov5640.c **** 
 3333              		.loc 1 1041 1 is_stmt 0 view .LVU1009
 3334 0068 02B0     		add	sp, sp, #8
 3335              	.LCFI45:
 3336              		.cfi_remember_state
 3337              		.cfi_def_cfa_offset 16
 3338              		@ sp needed
 3339 006a 70BD     		pop	{r4, r5, r6, pc}
 3340              	.LVL389:
 3341              	.L242:
 3342              	.LCFI46:
 3343              		.cfi_restore_state
1014:Core/Src/ov5640.c ****   }
 3344              		.loc 1 1014 9 view .LVU1010
 3345 006c 4FF0FF30 		mov	r0, #-1
 3346 0070 FAE7     		b	.L240
 3347              	.L243:
1022:Core/Src/ov5640.c ****     }
 3348              		.loc 1 1022 11 view .LVU1011
 3349 0072 4FF0FF30 		mov	r0, #-1
 3350 0076 F7E7     		b	.L240
 3351              	.L244:
1029:Core/Src/ov5640.c ****       }
 3352              		.loc 1 1029 13 view .LVU1012
 3353 0078 4FF0FF30 		mov	r0, #-1
 3354              	.LVL390:
ARM GAS  /tmp/ccy24VEl.s 			page 115


1040:Core/Src/ov5640.c **** }
 3355              		.loc 1 1040 3 is_stmt 1 view .LVU1013
1040:Core/Src/ov5640.c **** }
 3356              		.loc 1 1040 10 is_stmt 0 view .LVU1014
 3357 007c F4E7     		b	.L240
 3358              		.cfi_endproc
 3359              	.LFE115:
 3361              		.section	.text.OV5640_MirrorFlipConfig,"ax",%progbits
 3362              		.align	1
 3363              		.global	OV5640_MirrorFlipConfig
 3364              		.syntax unified
 3365              		.thumb
 3366              		.thumb_func
 3368              	OV5640_MirrorFlipConfig:
 3369              	.LVL391:
 3370              	.LFB123:
1622:Core/Src/ov5640.c ****   int32_t ret;
 3371              		.loc 1 1622 1 is_stmt 1 view -0
 3372              		.cfi_startproc
 3373              		@ args = 0, pretend = 0, frame = 8
 3374              		@ frame_needed = 0, uses_anonymous_args = 0
1622:Core/Src/ov5640.c ****   int32_t ret;
 3375              		.loc 1 1622 1 is_stmt 0 view .LVU1016
 3376 0000 30B5     		push	{r4, r5, lr}
 3377              	.LCFI47:
 3378              		.cfi_def_cfa_offset 12
 3379              		.cfi_offset 4, -12
 3380              		.cfi_offset 5, -8
 3381              		.cfi_offset 14, -4
 3382 0002 83B0     		sub	sp, sp, #12
 3383              	.LCFI48:
 3384              		.cfi_def_cfa_offset 24
 3385 0004 0D46     		mov	r5, r1
1623:Core/Src/ov5640.c ****   uint8_t tmp3820 = 0;
 3386              		.loc 1 1623 3 is_stmt 1 view .LVU1017
1624:Core/Src/ov5640.c ****   uint8_t tmp3821;
 3387              		.loc 1 1624 3 view .LVU1018
1624:Core/Src/ov5640.c ****   uint8_t tmp3821;
 3388              		.loc 1 1624 11 is_stmt 0 view .LVU1019
 3389 0006 0023     		movs	r3, #0
 3390 0008 8DF80730 		strb	r3, [sp, #7]
1625:Core/Src/ov5640.c **** 
 3391              		.loc 1 1625 3 is_stmt 1 view .LVU1020
1627:Core/Src/ov5640.c ****   {
 3392              		.loc 1 1627 3 view .LVU1021
1627:Core/Src/ov5640.c ****   {
 3393              		.loc 1 1627 7 is_stmt 0 view .LVU1022
 3394 000c 00F11804 		add	r4, r0, #24
 3395 0010 0123     		movs	r3, #1
 3396 0012 0DF10702 		add	r2, sp, #7
 3397 0016 43F62001 		movw	r1, #14368
 3398              	.LVL392:
1627:Core/Src/ov5640.c ****   {
 3399              		.loc 1 1627 7 view .LVU1023
 3400 001a 2046     		mov	r0, r4
 3401              	.LVL393:
1627:Core/Src/ov5640.c ****   {
ARM GAS  /tmp/ccy24VEl.s 			page 116


 3402              		.loc 1 1627 7 view .LVU1024
 3403 001c FFF7FEFF 		bl	ov5640_read_reg
 3404              	.LVL394:
1627:Core/Src/ov5640.c ****   {
 3405              		.loc 1 1627 6 discriminator 1 view .LVU1025
 3406 0020 0028     		cmp	r0, #0
 3407 0022 40F08C80 		bne	.L252
1633:Core/Src/ov5640.c **** 
 3408              		.loc 1 1633 5 is_stmt 1 view .LVU1026
1633:Core/Src/ov5640.c **** 
 3409              		.loc 1 1633 13 is_stmt 0 view .LVU1027
 3410 0026 9DF80730 		ldrb	r3, [sp, #7]	@ zero_extendqisi2
 3411 002a 23F00603 		bic	r3, r3, #6
 3412 002e 8DF80730 		strb	r3, [sp, #7]
1635:Core/Src/ov5640.c ****     {
 3413              		.loc 1 1635 5 is_stmt 1 view .LVU1028
1635:Core/Src/ov5640.c ****     {
 3414              		.loc 1 1635 9 is_stmt 0 view .LVU1029
 3415 0032 0123     		movs	r3, #1
 3416 0034 0DF10602 		add	r2, sp, #6
 3417 0038 43F62101 		movw	r1, #14369
 3418 003c 2046     		mov	r0, r4
 3419 003e FFF7FEFF 		bl	ov5640_read_reg
 3420              	.LVL395:
1635:Core/Src/ov5640.c ****     {
 3421              		.loc 1 1635 8 discriminator 1 view .LVU1030
 3422 0042 0028     		cmp	r0, #0
 3423 0044 7ED1     		bne	.L253
1641:Core/Src/ov5640.c ****       tmp3821 &= 0xF9U;
 3424              		.loc 1 1641 7 is_stmt 1 view .LVU1031
 3425              	.LVL396:
1642:Core/Src/ov5640.c **** 
 3426              		.loc 1 1642 7 view .LVU1032
1642:Core/Src/ov5640.c **** 
 3427              		.loc 1 1642 15 is_stmt 0 view .LVU1033
 3428 0046 9DF80630 		ldrb	r3, [sp, #6]	@ zero_extendqisi2
 3429 004a 23F00603 		bic	r3, r3, #6
 3430 004e 8DF80630 		strb	r3, [sp, #6]
1644:Core/Src/ov5640.c ****       {
 3431              		.loc 1 1644 7 is_stmt 1 view .LVU1034
 3432 0052 022D     		cmp	r5, #2
 3433 0054 19D0     		beq	.L248
 3434 0056 032D     		cmp	r5, #3
 3435 0058 4FD0     		beq	.L249
 3436 005a 012D     		cmp	r5, #1
 3437 005c 31D0     		beq	.L250
1692:Core/Src/ov5640.c ****           {
 3438              		.loc 1 1692 11 view .LVU1035
1692:Core/Src/ov5640.c ****           {
 3439              		.loc 1 1692 15 is_stmt 0 view .LVU1036
 3440 005e 0123     		movs	r3, #1
 3441 0060 0DF10702 		add	r2, sp, #7
 3442 0064 43F62001 		movw	r1, #14368
 3443 0068 2046     		mov	r0, r4
 3444 006a FFF7FEFF 		bl	ov5640_write_reg
 3445              	.LVL397:
1692:Core/Src/ov5640.c ****           {
ARM GAS  /tmp/ccy24VEl.s 			page 117


 3446              		.loc 1 1692 14 discriminator 1 view .LVU1037
 3447 006e 0028     		cmp	r0, #0
 3448 0070 77D1     		bne	.L260
1698:Core/Src/ov5640.c ****             {
 3449              		.loc 1 1698 13 is_stmt 1 view .LVU1038
1698:Core/Src/ov5640.c ****             {
 3450              		.loc 1 1698 17 is_stmt 0 view .LVU1039
 3451 0072 0123     		movs	r3, #1
 3452 0074 0DF10602 		add	r2, sp, #6
 3453 0078 43F62101 		movw	r1, #14369
 3454 007c 2046     		mov	r0, r4
 3455 007e FFF7FEFF 		bl	ov5640_write_reg
 3456              	.LVL398:
1698:Core/Src/ov5640.c ****             {
 3457              		.loc 1 1698 16 discriminator 1 view .LVU1040
 3458 0082 E0B1     		cbz	r0, .L246
1700:Core/Src/ov5640.c ****             }
 3459              		.loc 1 1700 19 view .LVU1041
 3460 0084 4FF0FF30 		mov	r0, #-1
 3461              	.LVL399:
1708:Core/Src/ov5640.c **** }
 3462              		.loc 1 1708 3 is_stmt 1 view .LVU1042
1708:Core/Src/ov5640.c **** }
 3463              		.loc 1 1708 10 is_stmt 0 view .LVU1043
 3464 0088 19E0     		b	.L246
 3465              	.LVL400:
 3466              	.L248:
1647:Core/Src/ov5640.c ****           {
 3467              		.loc 1 1647 11 is_stmt 1 view .LVU1044
1647:Core/Src/ov5640.c ****           {
 3468              		.loc 1 1647 15 is_stmt 0 view .LVU1045
 3469 008a 0123     		movs	r3, #1
 3470 008c 0DF10702 		add	r2, sp, #7
 3471 0090 43F62001 		movw	r1, #14368
 3472 0094 2046     		mov	r0, r4
 3473 0096 FFF7FEFF 		bl	ov5640_write_reg
 3474              	.LVL401:
1647:Core/Src/ov5640.c ****           {
 3475              		.loc 1 1647 14 discriminator 1 view .LVU1046
 3476 009a 0028     		cmp	r0, #0
 3477 009c 55D1     		bne	.L254
1653:Core/Src/ov5640.c ****             if (ov5640_write_reg(&pObj->Ctx, OV5640_TIMING_TC_REG21, &tmp3821, 1) != OV5640_OK)
 3478              		.loc 1 1653 13 is_stmt 1 view .LVU1047
1653:Core/Src/ov5640.c ****             if (ov5640_write_reg(&pObj->Ctx, OV5640_TIMING_TC_REG21, &tmp3821, 1) != OV5640_OK)
 3479              		.loc 1 1653 21 is_stmt 0 view .LVU1048
 3480 009e 9DF80630 		ldrb	r3, [sp, #6]	@ zero_extendqisi2
 3481 00a2 43F00603 		orr	r3, r3, #6
 3482 00a6 8DF80630 		strb	r3, [sp, #6]
1654:Core/Src/ov5640.c ****             {
 3483              		.loc 1 1654 13 is_stmt 1 view .LVU1049
1654:Core/Src/ov5640.c ****             {
 3484              		.loc 1 1654 17 is_stmt 0 view .LVU1050
 3485 00aa 0123     		movs	r3, #1
 3486 00ac 0DF10602 		add	r2, sp, #6
 3487 00b0 43F62101 		movw	r1, #14369
 3488 00b4 2046     		mov	r0, r4
 3489 00b6 FFF7FEFF 		bl	ov5640_write_reg
ARM GAS  /tmp/ccy24VEl.s 			page 118


 3490              	.LVL402:
1654:Core/Src/ov5640.c ****             {
 3491              		.loc 1 1654 16 discriminator 1 view .LVU1051
 3492 00ba 0028     		cmp	r0, #0
 3493 00bc 48D1     		bne	.L264
 3494              	.LVL403:
 3495              	.L246:
1709:Core/Src/ov5640.c **** 
 3496              		.loc 1 1709 1 view .LVU1052
 3497 00be 03B0     		add	sp, sp, #12
 3498              	.LCFI49:
 3499              		.cfi_remember_state
 3500              		.cfi_def_cfa_offset 12
 3501              		@ sp needed
 3502 00c0 30BD     		pop	{r4, r5, pc}
 3503              	.LVL404:
 3504              	.L250:
 3505              	.LCFI50:
 3506              		.cfi_restore_state
1661:Core/Src/ov5640.c ****           if (ov5640_write_reg(&pObj->Ctx, OV5640_TIMING_TC_REG20, &tmp3820, 1) != OV5640_OK)
 3507              		.loc 1 1661 11 is_stmt 1 view .LVU1053
1661:Core/Src/ov5640.c ****           if (ov5640_write_reg(&pObj->Ctx, OV5640_TIMING_TC_REG20, &tmp3820, 1) != OV5640_OK)
 3508              		.loc 1 1661 19 is_stmt 0 view .LVU1054
 3509 00c2 9DF80730 		ldrb	r3, [sp, #7]	@ zero_extendqisi2
 3510 00c6 43F00603 		orr	r3, r3, #6
 3511 00ca 8DF80730 		strb	r3, [sp, #7]
1662:Core/Src/ov5640.c ****           {
 3512              		.loc 1 1662 11 is_stmt 1 view .LVU1055
1662:Core/Src/ov5640.c ****           {
 3513              		.loc 1 1662 15 is_stmt 0 view .LVU1056
 3514 00ce 0123     		movs	r3, #1
 3515 00d0 0DF10702 		add	r2, sp, #7
 3516 00d4 43F62001 		movw	r1, #14368
 3517 00d8 2046     		mov	r0, r4
 3518 00da FFF7FEFF 		bl	ov5640_write_reg
 3519              	.LVL405:
1662:Core/Src/ov5640.c ****           {
 3520              		.loc 1 1662 14 discriminator 1 view .LVU1057
 3521 00de D0BB     		cbnz	r0, .L256
1668:Core/Src/ov5640.c ****             {
 3522              		.loc 1 1668 13 is_stmt 1 view .LVU1058
1668:Core/Src/ov5640.c ****             {
 3523              		.loc 1 1668 17 is_stmt 0 view .LVU1059
 3524 00e0 0123     		movs	r3, #1
 3525 00e2 0DF10602 		add	r2, sp, #6
 3526 00e6 43F62101 		movw	r1, #14369
 3527 00ea 2046     		mov	r0, r4
 3528 00ec FFF7FEFF 		bl	ov5640_write_reg
 3529              	.LVL406:
1668:Core/Src/ov5640.c ****             {
 3530              		.loc 1 1668 16 discriminator 1 view .LVU1060
 3531 00f0 0028     		cmp	r0, #0
 3532 00f2 E4D0     		beq	.L246
1670:Core/Src/ov5640.c ****             }
 3533              		.loc 1 1670 19 view .LVU1061
 3534 00f4 4FF0FF30 		mov	r0, #-1
 3535 00f8 E1E7     		b	.L246
ARM GAS  /tmp/ccy24VEl.s 			page 119


 3536              	.L249:
1675:Core/Src/ov5640.c ****           if (ov5640_write_reg(&pObj->Ctx, OV5640_TIMING_TC_REG20, &tmp3820, 1) != OV5640_OK)
 3537              		.loc 1 1675 11 is_stmt 1 view .LVU1062
1675:Core/Src/ov5640.c ****           if (ov5640_write_reg(&pObj->Ctx, OV5640_TIMING_TC_REG20, &tmp3820, 1) != OV5640_OK)
 3538              		.loc 1 1675 19 is_stmt 0 view .LVU1063
 3539 00fa 9DF80730 		ldrb	r3, [sp, #7]	@ zero_extendqisi2
 3540 00fe 43F00603 		orr	r3, r3, #6
 3541 0102 8DF80730 		strb	r3, [sp, #7]
1676:Core/Src/ov5640.c ****           {
 3542              		.loc 1 1676 11 is_stmt 1 view .LVU1064
1676:Core/Src/ov5640.c ****           {
 3543              		.loc 1 1676 15 is_stmt 0 view .LVU1065
 3544 0106 0123     		movs	r3, #1
 3545 0108 0DF10702 		add	r2, sp, #7
 3546 010c 43F62001 		movw	r1, #14368
 3547 0110 2046     		mov	r0, r4
 3548 0112 FFF7FEFF 		bl	ov5640_write_reg
 3549              	.LVL407:
1676:Core/Src/ov5640.c ****           {
 3550              		.loc 1 1676 14 discriminator 1 view .LVU1066
 3551 0116 08BB     		cbnz	r0, .L258
1682:Core/Src/ov5640.c ****             if (ov5640_write_reg(&pObj->Ctx, OV5640_TIMING_TC_REG21, &tmp3821, 1) != OV5640_OK)
 3552              		.loc 1 1682 13 is_stmt 1 view .LVU1067
1682:Core/Src/ov5640.c ****             if (ov5640_write_reg(&pObj->Ctx, OV5640_TIMING_TC_REG21, &tmp3821, 1) != OV5640_OK)
 3553              		.loc 1 1682 21 is_stmt 0 view .LVU1068
 3554 0118 9DF80630 		ldrb	r3, [sp, #6]	@ zero_extendqisi2
 3555 011c 43F00603 		orr	r3, r3, #6
 3556 0120 8DF80630 		strb	r3, [sp, #6]
1683:Core/Src/ov5640.c ****             {
 3557              		.loc 1 1683 13 is_stmt 1 view .LVU1069
1683:Core/Src/ov5640.c ****             {
 3558              		.loc 1 1683 17 is_stmt 0 view .LVU1070
 3559 0124 0123     		movs	r3, #1
 3560 0126 0DF10602 		add	r2, sp, #6
 3561 012a 43F62101 		movw	r1, #14369
 3562 012e 2046     		mov	r0, r4
 3563 0130 FFF7FEFF 		bl	ov5640_write_reg
 3564              	.LVL408:
1683:Core/Src/ov5640.c ****             {
 3565              		.loc 1 1683 16 discriminator 1 view .LVU1071
 3566 0134 0028     		cmp	r0, #0
 3567 0136 C2D0     		beq	.L246
1685:Core/Src/ov5640.c ****             }
 3568              		.loc 1 1685 19 view .LVU1072
 3569 0138 4FF0FF30 		mov	r0, #-1
 3570 013c BFE7     		b	.L246
 3571              	.LVL409:
 3572              	.L252:
1629:Core/Src/ov5640.c ****   }
 3573              		.loc 1 1629 9 view .LVU1073
 3574 013e 4FF0FF30 		mov	r0, #-1
 3575 0142 BCE7     		b	.L246
 3576              	.L253:
1637:Core/Src/ov5640.c ****     }
 3577              		.loc 1 1637 11 view .LVU1074
 3578 0144 4FF0FF30 		mov	r0, #-1
 3579 0148 B9E7     		b	.L246
ARM GAS  /tmp/ccy24VEl.s 			page 120


 3580              	.LVL410:
 3581              	.L254:
1649:Core/Src/ov5640.c ****           }
 3582              		.loc 1 1649 17 view .LVU1075
 3583 014a 4FF0FF30 		mov	r0, #-1
 3584 014e B6E7     		b	.L246
 3585              	.L264:
1656:Core/Src/ov5640.c ****             }
 3586              		.loc 1 1656 19 view .LVU1076
 3587 0150 4FF0FF30 		mov	r0, #-1
 3588 0154 B3E7     		b	.L246
 3589              	.L256:
1664:Core/Src/ov5640.c ****           }
 3590              		.loc 1 1664 17 view .LVU1077
 3591 0156 4FF0FF30 		mov	r0, #-1
 3592 015a B0E7     		b	.L246
 3593              	.L258:
1678:Core/Src/ov5640.c ****           }
 3594              		.loc 1 1678 17 view .LVU1078
 3595 015c 4FF0FF30 		mov	r0, #-1
 3596 0160 ADE7     		b	.L246
 3597              	.L260:
1694:Core/Src/ov5640.c ****           }
 3598              		.loc 1 1694 17 view .LVU1079
 3599 0162 4FF0FF30 		mov	r0, #-1
 3600 0166 AAE7     		b	.L246
 3601              		.cfi_endproc
 3602              	.LFE123:
 3604              		.section	.text.OV5640_NightModeConfig,"ax",%progbits
 3605              		.align	1
 3606              		.global	OV5640_NightModeConfig
 3607              		.syntax unified
 3608              		.thumb
 3609              		.thumb_func
 3611              	OV5640_NightModeConfig:
 3612              	.LVL411:
 3613              	.LFB125:
1782:Core/Src/ov5640.c ****   int32_t ret;
 3614              		.loc 1 1782 1 is_stmt 1 view -0
 3615              		.cfi_startproc
 3616              		@ args = 0, pretend = 0, frame = 8
 3617              		@ frame_needed = 0, uses_anonymous_args = 0
1782:Core/Src/ov5640.c ****   int32_t ret;
 3618              		.loc 1 1782 1 is_stmt 0 view .LVU1081
 3619 0000 10B5     		push	{r4, lr}
 3620              	.LCFI51:
 3621              		.cfi_def_cfa_offset 8
 3622              		.cfi_offset 4, -8
 3623              		.cfi_offset 14, -4
 3624 0002 82B0     		sub	sp, sp, #8
 3625              	.LCFI52:
 3626              		.cfi_def_cfa_offset 16
1783:Core/Src/ov5640.c ****   uint8_t tmp = 0;
 3627              		.loc 1 1783 3 is_stmt 1 view .LVU1082
1784:Core/Src/ov5640.c **** 
 3628              		.loc 1 1784 3 view .LVU1083
1784:Core/Src/ov5640.c **** 
ARM GAS  /tmp/ccy24VEl.s 			page 121


 3629              		.loc 1 1784 11 is_stmt 0 view .LVU1084
 3630 0004 0023     		movs	r3, #0
 3631 0006 8DF80730 		strb	r3, [sp, #7]
1786:Core/Src/ov5640.c ****   {
 3632              		.loc 1 1786 3 is_stmt 1 view .LVU1085
1786:Core/Src/ov5640.c ****   {
 3633              		.loc 1 1786 6 is_stmt 0 view .LVU1086
 3634 000a 0129     		cmp	r1, #1
 3635 000c 1FD0     		beq	.L284
1856:Core/Src/ov5640.c ****     {
 3636              		.loc 1 1856 5 is_stmt 1 view .LVU1087
1856:Core/Src/ov5640.c ****     {
 3637              		.loc 1 1856 9 is_stmt 0 view .LVU1088
 3638 000e 00F11804 		add	r4, r0, #24
 3639 0012 0123     		movs	r3, #1
 3640 0014 0DF10702 		add	r2, sp, #7
 3641 0018 4FF46851 		mov	r1, #14848
 3642              	.LVL412:
1856:Core/Src/ov5640.c ****     {
 3643              		.loc 1 1856 9 view .LVU1089
 3644 001c 2046     		mov	r0, r4
 3645              	.LVL413:
1856:Core/Src/ov5640.c ****     {
 3646              		.loc 1 1856 9 view .LVU1090
 3647 001e FFF7FEFF 		bl	ov5640_read_reg
 3648              	.LVL414:
1856:Core/Src/ov5640.c ****     {
 3649              		.loc 1 1856 8 discriminator 1 view .LVU1091
 3650 0022 0028     		cmp	r0, #0
 3651 0024 40F0DF80 		bne	.L281
1862:Core/Src/ov5640.c ****       tmp &= 0xFBU;
 3652              		.loc 1 1862 7 is_stmt 1 view .LVU1092
 3653              	.LVL415:
1863:Core/Src/ov5640.c ****       /* Set Bit 2 to 0 */
 3654              		.loc 1 1863 7 view .LVU1093
1863:Core/Src/ov5640.c ****       /* Set Bit 2 to 0 */
 3655              		.loc 1 1863 11 is_stmt 0 view .LVU1094
 3656 0028 9DF80730 		ldrb	r3, [sp, #7]	@ zero_extendqisi2
 3657 002c 23F00403 		bic	r3, r3, #4
 3658 0030 8DF80730 		strb	r3, [sp, #7]
1865:Core/Src/ov5640.c ****       {
 3659              		.loc 1 1865 7 is_stmt 1 view .LVU1095
1865:Core/Src/ov5640.c ****       {
 3660              		.loc 1 1865 11 is_stmt 0 view .LVU1096
 3661 0034 0123     		movs	r3, #1
 3662 0036 0DF10702 		add	r2, sp, #7
 3663 003a 4FF46851 		mov	r1, #14848
 3664 003e 2046     		mov	r0, r4
 3665 0040 FFF7FEFF 		bl	ov5640_write_reg
 3666              	.LVL416:
1865:Core/Src/ov5640.c ****       {
 3667              		.loc 1 1865 10 discriminator 1 view .LVU1097
 3668 0044 0028     		cmp	r0, #0
 3669 0046 40F0D180 		bne	.L285
 3670              	.LVL417:
 3671              	.L265:
1873:Core/Src/ov5640.c **** /**
ARM GAS  /tmp/ccy24VEl.s 			page 122


 3672              		.loc 1 1873 1 view .LVU1098
 3673 004a 02B0     		add	sp, sp, #8
 3674              	.LCFI53:
 3675              		.cfi_remember_state
 3676              		.cfi_def_cfa_offset 8
 3677              		@ sp needed
 3678 004c 10BD     		pop	{r4, pc}
 3679              	.LVL418:
 3680              	.L284:
 3681              	.LCFI54:
 3682              		.cfi_restore_state
1790:Core/Src/ov5640.c ****     if (ret == OV5640_OK)
 3683              		.loc 1 1790 5 is_stmt 1 view .LVU1099
1790:Core/Src/ov5640.c ****     if (ret == OV5640_OK)
 3684              		.loc 1 1790 11 is_stmt 0 view .LVU1100
 3685 004e 00F11804 		add	r4, r0, #24
 3686 0052 0123     		movs	r3, #1
 3687 0054 0DF10702 		add	r2, sp, #7
 3688 0058 43F23801 		movw	r1, #12344
 3689              	.LVL419:
1790:Core/Src/ov5640.c ****     if (ret == OV5640_OK)
 3690              		.loc 1 1790 11 view .LVU1101
 3691 005c 2046     		mov	r0, r4
 3692              	.LVL420:
1790:Core/Src/ov5640.c ****     if (ret == OV5640_OK)
 3693              		.loc 1 1790 11 view .LVU1102
 3694 005e FFF7FEFF 		bl	ov5640_write_reg
 3695              	.LVL421:
1791:Core/Src/ov5640.c ****     {
 3696              		.loc 1 1791 5 is_stmt 1 view .LVU1103
1791:Core/Src/ov5640.c ****     {
 3697              		.loc 1 1791 8 is_stmt 0 view .LVU1104
 3698 0062 0346     		mov	r3, r0
 3699 0064 0028     		cmp	r0, #0
 3700 0066 00F08780 		beq	.L286
 3701              	.L267:
1800:Core/Src/ov5640.c ****     {
 3702              		.loc 1 1800 5 is_stmt 1 view .LVU1105
1800:Core/Src/ov5640.c ****     {
 3703              		.loc 1 1800 8 is_stmt 0 view .LVU1106
 3704 006a 002B     		cmp	r3, #0
 3705 006c 40F09D80 		bne	.L270
1802:Core/Src/ov5640.c ****       ret = ov5640_write_reg(&pObj->Ctx, OV5640_AEC_B50_STEP_HIGH, &tmp, 1);
 3706              		.loc 1 1802 7 is_stmt 1 view .LVU1107
1802:Core/Src/ov5640.c ****       ret = ov5640_write_reg(&pObj->Ctx, OV5640_AEC_B50_STEP_HIGH, &tmp, 1);
 3707              		.loc 1 1802 11 is_stmt 0 view .LVU1108
 3708 0070 0123     		movs	r3, #1
 3709 0072 8DF80730 		strb	r3, [sp, #7]
1803:Core/Src/ov5640.c ****     }
 3710              		.loc 1 1803 7 is_stmt 1 view .LVU1109
1803:Core/Src/ov5640.c ****     }
 3711              		.loc 1 1803 13 is_stmt 0 view .LVU1110
 3712 0076 0DF10702 		add	r2, sp, #7
 3713 007a 43F60821 		movw	r1, #14856
 3714 007e 2046     		mov	r0, r4
 3715              	.LVL422:
1803:Core/Src/ov5640.c ****     }
ARM GAS  /tmp/ccy24VEl.s 			page 123


 3716              		.loc 1 1803 13 view .LVU1111
 3717 0080 FFF7FEFF 		bl	ov5640_write_reg
 3718              	.LVL423:
1805:Core/Src/ov5640.c ****     {
 3719              		.loc 1 1805 5 is_stmt 1 view .LVU1112
1805:Core/Src/ov5640.c ****     {
 3720              		.loc 1 1805 8 is_stmt 0 view .LVU1113
 3721 0084 0028     		cmp	r0, #0
 3722 0086 40F09380 		bne	.L271
1807:Core/Src/ov5640.c ****       ret = ov5640_write_reg(&pObj->Ctx, OV5640_AEC_B50_STEP_LOW, &tmp, 1);
 3723              		.loc 1 1807 7 is_stmt 1 view .LVU1114
1807:Core/Src/ov5640.c ****       ret = ov5640_write_reg(&pObj->Ctx, OV5640_AEC_B50_STEP_LOW, &tmp, 1);
 3724              		.loc 1 1807 11 is_stmt 0 view .LVU1115
 3725 008a 2723     		movs	r3, #39
 3726 008c 8DF80730 		strb	r3, [sp, #7]
1808:Core/Src/ov5640.c ****     }
 3727              		.loc 1 1808 7 is_stmt 1 view .LVU1116
1808:Core/Src/ov5640.c ****     }
 3728              		.loc 1 1808 13 is_stmt 0 view .LVU1117
 3729 0090 0123     		movs	r3, #1
 3730 0092 0DF10702 		add	r2, sp, #7
 3731 0096 43F60921 		movw	r1, #14857
 3732 009a 2046     		mov	r0, r4
 3733              	.LVL424:
1808:Core/Src/ov5640.c ****     }
 3734              		.loc 1 1808 13 view .LVU1118
 3735 009c FFF7FEFF 		bl	ov5640_write_reg
 3736              	.LVL425:
1810:Core/Src/ov5640.c ****     {
 3737              		.loc 1 1810 5 is_stmt 1 view .LVU1119
1810:Core/Src/ov5640.c ****     {
 3738              		.loc 1 1810 8 is_stmt 0 view .LVU1120
 3739 00a0 0028     		cmp	r0, #0
 3740 00a2 40F08880 		bne	.L272
1812:Core/Src/ov5640.c ****       ret = ov5640_write_reg(&pObj->Ctx, OV5640_AEC_B60_STEP_HIGH, &tmp, 1);
 3741              		.loc 1 1812 7 is_stmt 1 view .LVU1121
1812:Core/Src/ov5640.c ****       ret = ov5640_write_reg(&pObj->Ctx, OV5640_AEC_B60_STEP_HIGH, &tmp, 1);
 3742              		.loc 1 1812 11 is_stmt 0 view .LVU1122
 3743 00a6 0023     		movs	r3, #0
 3744 00a8 8DF80730 		strb	r3, [sp, #7]
1813:Core/Src/ov5640.c ****     }
 3745              		.loc 1 1813 7 is_stmt 1 view .LVU1123
1813:Core/Src/ov5640.c ****     }
 3746              		.loc 1 1813 13 is_stmt 0 view .LVU1124
 3747 00ac 0123     		movs	r3, #1
 3748 00ae 0DF10702 		add	r2, sp, #7
 3749 00b2 43F60A21 		movw	r1, #14858
 3750 00b6 2046     		mov	r0, r4
 3751              	.LVL426:
1813:Core/Src/ov5640.c ****     }
 3752              		.loc 1 1813 13 view .LVU1125
 3753 00b8 FFF7FEFF 		bl	ov5640_write_reg
 3754              	.LVL427:
1815:Core/Src/ov5640.c ****     {
 3755              		.loc 1 1815 5 is_stmt 1 view .LVU1126
1815:Core/Src/ov5640.c ****     {
 3756              		.loc 1 1815 8 is_stmt 0 view .LVU1127
ARM GAS  /tmp/ccy24VEl.s 			page 124


 3757 00bc 0028     		cmp	r0, #0
 3758 00be 7DD1     		bne	.L273
1817:Core/Src/ov5640.c ****       ret = ov5640_write_reg(&pObj->Ctx, OV5640_AEC_B60_STEP_LOW, &tmp, 1);
 3759              		.loc 1 1817 7 is_stmt 1 view .LVU1128
1817:Core/Src/ov5640.c ****       ret = ov5640_write_reg(&pObj->Ctx, OV5640_AEC_B60_STEP_LOW, &tmp, 1);
 3760              		.loc 1 1817 11 is_stmt 0 view .LVU1129
 3761 00c0 F623     		movs	r3, #246
 3762 00c2 8DF80730 		strb	r3, [sp, #7]
1818:Core/Src/ov5640.c ****     }
 3763              		.loc 1 1818 7 is_stmt 1 view .LVU1130
1818:Core/Src/ov5640.c ****     }
 3764              		.loc 1 1818 13 is_stmt 0 view .LVU1131
 3765 00c6 0123     		movs	r3, #1
 3766 00c8 0DF10702 		add	r2, sp, #7
 3767 00cc 43F60B21 		movw	r1, #14859
 3768 00d0 2046     		mov	r0, r4
 3769              	.LVL428:
1818:Core/Src/ov5640.c ****     }
 3770              		.loc 1 1818 13 view .LVU1132
 3771 00d2 FFF7FEFF 		bl	ov5640_write_reg
 3772              	.LVL429:
1820:Core/Src/ov5640.c ****     {
 3773              		.loc 1 1820 5 is_stmt 1 view .LVU1133
1820:Core/Src/ov5640.c ****     {
 3774              		.loc 1 1820 8 is_stmt 0 view .LVU1134
 3775 00d6 0028     		cmp	r0, #0
 3776 00d8 73D1     		bne	.L274
1822:Core/Src/ov5640.c ****       ret = ov5640_write_reg(&pObj->Ctx, OV5640_AEC_CTRL0D, &tmp, 1);
 3777              		.loc 1 1822 7 is_stmt 1 view .LVU1135
1822:Core/Src/ov5640.c ****       ret = ov5640_write_reg(&pObj->Ctx, OV5640_AEC_CTRL0D, &tmp, 1);
 3778              		.loc 1 1822 11 is_stmt 0 view .LVU1136
 3779 00da 0423     		movs	r3, #4
 3780 00dc 8DF80730 		strb	r3, [sp, #7]
1823:Core/Src/ov5640.c ****     }
 3781              		.loc 1 1823 7 is_stmt 1 view .LVU1137
1823:Core/Src/ov5640.c ****     }
 3782              		.loc 1 1823 13 is_stmt 0 view .LVU1138
 3783 00e0 0123     		movs	r3, #1
 3784 00e2 0DF10702 		add	r2, sp, #7
 3785 00e6 43F60D21 		movw	r1, #14861
 3786 00ea 2046     		mov	r0, r4
 3787              	.LVL430:
1823:Core/Src/ov5640.c ****     }
 3788              		.loc 1 1823 13 view .LVU1139
 3789 00ec FFF7FEFF 		bl	ov5640_write_reg
 3790              	.LVL431:
1825:Core/Src/ov5640.c ****     {
 3791              		.loc 1 1825 5 is_stmt 1 view .LVU1140
1825:Core/Src/ov5640.c ****     {
 3792              		.loc 1 1825 8 is_stmt 0 view .LVU1141
 3793 00f0 0028     		cmp	r0, #0
 3794 00f2 69D1     		bne	.L275
1827:Core/Src/ov5640.c ****     }
 3795              		.loc 1 1827 7 is_stmt 1 view .LVU1142
1827:Core/Src/ov5640.c ****     }
 3796              		.loc 1 1827 13 is_stmt 0 view .LVU1143
 3797 00f4 0123     		movs	r3, #1
ARM GAS  /tmp/ccy24VEl.s 			page 125


 3798 00f6 0DF10702 		add	r2, sp, #7
 3799 00fa 43F60E21 		movw	r1, #14862
 3800 00fe 2046     		mov	r0, r4
 3801              	.LVL432:
1827:Core/Src/ov5640.c ****     }
 3802              		.loc 1 1827 13 view .LVU1144
 3803 0100 FFF7FEFF 		bl	ov5640_write_reg
 3804              	.LVL433:
1829:Core/Src/ov5640.c ****     {
 3805              		.loc 1 1829 5 is_stmt 1 view .LVU1145
1829:Core/Src/ov5640.c ****     {
 3806              		.loc 1 1829 8 is_stmt 0 view .LVU1146
 3807 0104 0028     		cmp	r0, #0
 3808 0106 62D1     		bne	.L276
1831:Core/Src/ov5640.c ****       ret = ov5640_write_reg(&pObj->Ctx, OV5640_AEC_CTRL02, &tmp, 1);
 3809              		.loc 1 1831 7 is_stmt 1 view .LVU1147
1831:Core/Src/ov5640.c ****       ret = ov5640_write_reg(&pObj->Ctx, OV5640_AEC_CTRL02, &tmp, 1);
 3810              		.loc 1 1831 11 is_stmt 0 view .LVU1148
 3811 0108 0B23     		movs	r3, #11
 3812 010a 8DF80730 		strb	r3, [sp, #7]
1832:Core/Src/ov5640.c ****     }
 3813              		.loc 1 1832 7 is_stmt 1 view .LVU1149
1832:Core/Src/ov5640.c ****     }
 3814              		.loc 1 1832 13 is_stmt 0 view .LVU1150
 3815 010e 0123     		movs	r3, #1
 3816 0110 0DF10702 		add	r2, sp, #7
 3817 0114 43F60221 		movw	r1, #14850
 3818 0118 2046     		mov	r0, r4
 3819              	.LVL434:
1832:Core/Src/ov5640.c ****     }
 3820              		.loc 1 1832 13 view .LVU1151
 3821 011a FFF7FEFF 		bl	ov5640_write_reg
 3822              	.LVL435:
1834:Core/Src/ov5640.c ****     {
 3823              		.loc 1 1834 5 is_stmt 1 view .LVU1152
1834:Core/Src/ov5640.c ****     {
 3824              		.loc 1 1834 8 is_stmt 0 view .LVU1153
 3825 011e 0028     		cmp	r0, #0
 3826 0120 58D1     		bne	.L277
1836:Core/Src/ov5640.c ****       ret = ov5640_write_reg(&pObj->Ctx, OV5640_AEC_CTRL03, &tmp, 1);
 3827              		.loc 1 1836 7 is_stmt 1 view .LVU1154
1836:Core/Src/ov5640.c ****       ret = ov5640_write_reg(&pObj->Ctx, OV5640_AEC_CTRL03, &tmp, 1);
 3828              		.loc 1 1836 11 is_stmt 0 view .LVU1155
 3829 0122 8823     		movs	r3, #136
 3830 0124 8DF80730 		strb	r3, [sp, #7]
1837:Core/Src/ov5640.c ****     }
 3831              		.loc 1 1837 7 is_stmt 1 view .LVU1156
1837:Core/Src/ov5640.c ****     }
 3832              		.loc 1 1837 13 is_stmt 0 view .LVU1157
 3833 0128 0123     		movs	r3, #1
 3834 012a 0DF10702 		add	r2, sp, #7
 3835 012e 43F60321 		movw	r1, #14851
 3836 0132 2046     		mov	r0, r4
 3837              	.LVL436:
1837:Core/Src/ov5640.c ****     }
 3838              		.loc 1 1837 13 view .LVU1158
 3839 0134 FFF7FEFF 		bl	ov5640_write_reg
ARM GAS  /tmp/ccy24VEl.s 			page 126


 3840              	.LVL437:
1839:Core/Src/ov5640.c ****     {
 3841              		.loc 1 1839 5 is_stmt 1 view .LVU1159
1839:Core/Src/ov5640.c ****     {
 3842              		.loc 1 1839 8 is_stmt 0 view .LVU1160
 3843 0138 0028     		cmp	r0, #0
 3844 013a 4ED1     		bne	.L278
1841:Core/Src/ov5640.c ****       ret = ov5640_write_reg(&pObj->Ctx, OV5640_AEC_MAX_EXPO_HIGH, &tmp, 1);
 3845              		.loc 1 1841 7 is_stmt 1 view .LVU1161
1841:Core/Src/ov5640.c ****       ret = ov5640_write_reg(&pObj->Ctx, OV5640_AEC_MAX_EXPO_HIGH, &tmp, 1);
 3846              		.loc 1 1841 11 is_stmt 0 view .LVU1162
 3847 013c 0B23     		movs	r3, #11
 3848 013e 8DF80730 		strb	r3, [sp, #7]
1842:Core/Src/ov5640.c ****     }
 3849              		.loc 1 1842 7 is_stmt 1 view .LVU1163
1842:Core/Src/ov5640.c ****     }
 3850              		.loc 1 1842 13 is_stmt 0 view .LVU1164
 3851 0142 0123     		movs	r3, #1
 3852 0144 0DF10702 		add	r2, sp, #7
 3853 0148 43F61421 		movw	r1, #14868
 3854 014c 2046     		mov	r0, r4
 3855              	.LVL438:
1842:Core/Src/ov5640.c ****     }
 3856              		.loc 1 1842 13 view .LVU1165
 3857 014e FFF7FEFF 		bl	ov5640_write_reg
 3858              	.LVL439:
1844:Core/Src/ov5640.c ****     {
 3859              		.loc 1 1844 5 is_stmt 1 view .LVU1166
1844:Core/Src/ov5640.c ****     {
 3860              		.loc 1 1844 8 is_stmt 0 view .LVU1167
 3861 0152 0028     		cmp	r0, #0
 3862 0154 44D1     		bne	.L279
1846:Core/Src/ov5640.c ****       ret = ov5640_write_reg(&pObj->Ctx, OV5640_AEC_MAX_EXPO_LOW, &tmp, 1);
 3863              		.loc 1 1846 7 is_stmt 1 view .LVU1168
1846:Core/Src/ov5640.c ****       ret = ov5640_write_reg(&pObj->Ctx, OV5640_AEC_MAX_EXPO_LOW, &tmp, 1);
 3864              		.loc 1 1846 11 is_stmt 0 view .LVU1169
 3865 0156 8823     		movs	r3, #136
 3866 0158 8DF80730 		strb	r3, [sp, #7]
1847:Core/Src/ov5640.c ****     }
 3867              		.loc 1 1847 7 is_stmt 1 view .LVU1170
1847:Core/Src/ov5640.c ****     }
 3868              		.loc 1 1847 13 is_stmt 0 view .LVU1171
 3869 015c 0123     		movs	r3, #1
 3870 015e 0DF10702 		add	r2, sp, #7
 3871 0162 43F61521 		movw	r1, #14869
 3872 0166 2046     		mov	r0, r4
 3873              	.LVL440:
1847:Core/Src/ov5640.c ****     }
 3874              		.loc 1 1847 13 view .LVU1172
 3875 0168 FFF7FEFF 		bl	ov5640_write_reg
 3876              	.LVL441:
1849:Core/Src/ov5640.c ****     {
 3877              		.loc 1 1849 5 is_stmt 1 view .LVU1173
1849:Core/Src/ov5640.c ****     {
 3878              		.loc 1 1849 8 is_stmt 0 view .LVU1174
 3879 016c 0028     		cmp	r0, #0
 3880 016e 3FF46CAF 		beq	.L265
ARM GAS  /tmp/ccy24VEl.s 			page 127


1851:Core/Src/ov5640.c ****     }
 3881              		.loc 1 1851 11 view .LVU1175
 3882 0172 4FF0FF30 		mov	r0, #-1
 3883              	.LVL442:
1851:Core/Src/ov5640.c ****     }
 3884              		.loc 1 1851 11 view .LVU1176
 3885 0176 68E7     		b	.L265
 3886              	.LVL443:
 3887              	.L286:
1793:Core/Src/ov5640.c ****     }
 3888              		.loc 1 1793 7 is_stmt 1 view .LVU1177
1793:Core/Src/ov5640.c ****     }
 3889              		.loc 1 1793 13 is_stmt 0 view .LVU1178
 3890 0178 0123     		movs	r3, #1
 3891 017a 0DF10702 		add	r2, sp, #7
 3892 017e 43F23901 		movw	r1, #12345
 3893 0182 2046     		mov	r0, r4
 3894              	.LVL444:
1793:Core/Src/ov5640.c ****     }
 3895              		.loc 1 1793 13 view .LVU1179
 3896 0184 FFF7FEFF 		bl	ov5640_write_reg
 3897              	.LVL445:
1795:Core/Src/ov5640.c ****     {
 3898              		.loc 1 1795 5 is_stmt 1 view .LVU1180
1795:Core/Src/ov5640.c ****     {
 3899              		.loc 1 1795 8 is_stmt 0 view .LVU1181
 3900 0188 60B9     		cbnz	r0, .L269
1797:Core/Src/ov5640.c ****       ret = ov5640_write_reg(&pObj->Ctx, OV5640_AEC_CTRL00, &tmp, 1);
 3901              		.loc 1 1797 7 is_stmt 1 view .LVU1182
1797:Core/Src/ov5640.c ****       ret = ov5640_write_reg(&pObj->Ctx, OV5640_AEC_CTRL00, &tmp, 1);
 3902              		.loc 1 1797 11 is_stmt 0 view .LVU1183
 3903 018a 7C23     		movs	r3, #124
 3904 018c 8DF80730 		strb	r3, [sp, #7]
1798:Core/Src/ov5640.c ****     }
 3905              		.loc 1 1798 7 is_stmt 1 view .LVU1184
1798:Core/Src/ov5640.c ****     }
 3906              		.loc 1 1798 13 is_stmt 0 view .LVU1185
 3907 0190 0123     		movs	r3, #1
 3908 0192 0DF10702 		add	r2, sp, #7
 3909 0196 4FF46851 		mov	r1, #14848
 3910 019a 2046     		mov	r0, r4
 3911              	.LVL446:
1798:Core/Src/ov5640.c ****     }
 3912              		.loc 1 1798 13 view .LVU1186
 3913 019c FFF7FEFF 		bl	ov5640_write_reg
 3914              	.LVL447:
 3915 01a0 0346     		mov	r3, r0
 3916              	.LVL448:
1798:Core/Src/ov5640.c ****     }
 3917              		.loc 1 1798 13 view .LVU1187
 3918 01a2 62E7     		b	.L267
 3919              	.L269:
1851:Core/Src/ov5640.c ****     }
 3920              		.loc 1 1851 11 view .LVU1188
 3921 01a4 4FF0FF30 		mov	r0, #-1
 3922              	.LVL449:
1851:Core/Src/ov5640.c ****     }
ARM GAS  /tmp/ccy24VEl.s 			page 128


 3923              		.loc 1 1851 11 view .LVU1189
 3924 01a8 4FE7     		b	.L265
 3925              	.LVL450:
 3926              	.L270:
1851:Core/Src/ov5640.c ****     }
 3927              		.loc 1 1851 11 view .LVU1190
 3928 01aa 4FF0FF30 		mov	r0, #-1
 3929              	.LVL451:
1851:Core/Src/ov5640.c ****     }
 3930              		.loc 1 1851 11 view .LVU1191
 3931 01ae 4CE7     		b	.L265
 3932              	.LVL452:
 3933              	.L271:
1851:Core/Src/ov5640.c ****     }
 3934              		.loc 1 1851 11 view .LVU1192
 3935 01b0 4FF0FF30 		mov	r0, #-1
 3936              	.LVL453:
1851:Core/Src/ov5640.c ****     }
 3937              		.loc 1 1851 11 view .LVU1193
 3938 01b4 49E7     		b	.L265
 3939              	.LVL454:
 3940              	.L272:
1851:Core/Src/ov5640.c ****     }
 3941              		.loc 1 1851 11 view .LVU1194
 3942 01b6 4FF0FF30 		mov	r0, #-1
 3943              	.LVL455:
1851:Core/Src/ov5640.c ****     }
 3944              		.loc 1 1851 11 view .LVU1195
 3945 01ba 46E7     		b	.L265
 3946              	.LVL456:
 3947              	.L273:
1851:Core/Src/ov5640.c ****     }
 3948              		.loc 1 1851 11 view .LVU1196
 3949 01bc 4FF0FF30 		mov	r0, #-1
 3950              	.LVL457:
1851:Core/Src/ov5640.c ****     }
 3951              		.loc 1 1851 11 view .LVU1197
 3952 01c0 43E7     		b	.L265
 3953              	.LVL458:
 3954              	.L274:
1851:Core/Src/ov5640.c ****     }
 3955              		.loc 1 1851 11 view .LVU1198
 3956 01c2 4FF0FF30 		mov	r0, #-1
 3957              	.LVL459:
1851:Core/Src/ov5640.c ****     }
 3958              		.loc 1 1851 11 view .LVU1199
 3959 01c6 40E7     		b	.L265
 3960              	.LVL460:
 3961              	.L275:
1851:Core/Src/ov5640.c ****     }
 3962              		.loc 1 1851 11 view .LVU1200
 3963 01c8 4FF0FF30 		mov	r0, #-1
 3964              	.LVL461:
1851:Core/Src/ov5640.c ****     }
 3965              		.loc 1 1851 11 view .LVU1201
 3966 01cc 3DE7     		b	.L265
 3967              	.LVL462:
ARM GAS  /tmp/ccy24VEl.s 			page 129


 3968              	.L276:
1851:Core/Src/ov5640.c ****     }
 3969              		.loc 1 1851 11 view .LVU1202
 3970 01ce 4FF0FF30 		mov	r0, #-1
 3971              	.LVL463:
1851:Core/Src/ov5640.c ****     }
 3972              		.loc 1 1851 11 view .LVU1203
 3973 01d2 3AE7     		b	.L265
 3974              	.LVL464:
 3975              	.L277:
1851:Core/Src/ov5640.c ****     }
 3976              		.loc 1 1851 11 view .LVU1204
 3977 01d4 4FF0FF30 		mov	r0, #-1
 3978              	.LVL465:
1851:Core/Src/ov5640.c ****     }
 3979              		.loc 1 1851 11 view .LVU1205
 3980 01d8 37E7     		b	.L265
 3981              	.LVL466:
 3982              	.L278:
1851:Core/Src/ov5640.c ****     }
 3983              		.loc 1 1851 11 view .LVU1206
 3984 01da 4FF0FF30 		mov	r0, #-1
 3985              	.LVL467:
1851:Core/Src/ov5640.c ****     }
 3986              		.loc 1 1851 11 view .LVU1207
 3987 01de 34E7     		b	.L265
 3988              	.LVL468:
 3989              	.L279:
1851:Core/Src/ov5640.c ****     }
 3990              		.loc 1 1851 11 view .LVU1208
 3991 01e0 4FF0FF30 		mov	r0, #-1
 3992              	.LVL469:
1851:Core/Src/ov5640.c ****     }
 3993              		.loc 1 1851 11 view .LVU1209
 3994 01e4 31E7     		b	.L265
 3995              	.LVL470:
 3996              	.L281:
1858:Core/Src/ov5640.c ****     }
 3997              		.loc 1 1858 11 view .LVU1210
 3998 01e6 4FF0FF30 		mov	r0, #-1
 3999 01ea 2EE7     		b	.L265
 4000              	.LVL471:
 4001              	.L285:
1867:Core/Src/ov5640.c ****       }
 4002              		.loc 1 1867 13 view .LVU1211
 4003 01ec 4FF0FF30 		mov	r0, #-1
 4004              	.LVL472:
1872:Core/Src/ov5640.c **** }
 4005              		.loc 1 1872 3 is_stmt 1 view .LVU1212
1872:Core/Src/ov5640.c **** }
 4006              		.loc 1 1872 10 is_stmt 0 view .LVU1213
 4007 01f0 2BE7     		b	.L265
 4008              		.cfi_endproc
 4009              	.LFE125:
 4011              		.section	.text.OV5640_RegisterBusIO,"ax",%progbits
 4012              		.align	1
 4013              		.global	OV5640_RegisterBusIO
ARM GAS  /tmp/ccy24VEl.s 			page 130


 4014              		.syntax unified
 4015              		.thumb
 4016              		.thumb_func
 4018              	OV5640_RegisterBusIO:
 4019              	.LVL473:
 4020              	.LFB106:
  92:Core/Src/ov5640.c ****   int32_t ret;
 4021              		.loc 1 92 1 is_stmt 1 view -0
 4022              		.cfi_startproc
 4023              		@ args = 0, pretend = 0, frame = 0
 4024              		@ frame_needed = 0, uses_anonymous_args = 0
  93:Core/Src/ov5640.c **** 
 4025              		.loc 1 93 3 view .LVU1215
  95:Core/Src/ov5640.c ****   {
 4026              		.loc 1 95 3 view .LVU1216
  95:Core/Src/ov5640.c ****   {
 4027              		.loc 1 95 6 is_stmt 0 view .LVU1217
 4028 0000 A8B1     		cbz	r0, .L289
  92:Core/Src/ov5640.c ****   int32_t ret;
 4029              		.loc 1 92 1 view .LVU1218
 4030 0002 08B5     		push	{r3, lr}
 4031              	.LCFI55:
 4032              		.cfi_def_cfa_offset 8
 4033              		.cfi_offset 3, -8
 4034              		.cfi_offset 14, -4
 4035 0004 0346     		mov	r3, r0
 101:Core/Src/ov5640.c ****     pObj->IO.DeInit    = pIO->DeInit;
 4036              		.loc 1 101 5 is_stmt 1 view .LVU1219
 101:Core/Src/ov5640.c ****     pObj->IO.DeInit    = pIO->DeInit;
 4037              		.loc 1 101 29 is_stmt 0 view .LVU1220
 4038 0006 0A68     		ldr	r2, [r1]
 101:Core/Src/ov5640.c ****     pObj->IO.DeInit    = pIO->DeInit;
 4039              		.loc 1 101 24 view .LVU1221
 4040 0008 0260     		str	r2, [r0]
 102:Core/Src/ov5640.c ****     pObj->IO.Address   = pIO->Address;
 4041              		.loc 1 102 5 is_stmt 1 view .LVU1222
 102:Core/Src/ov5640.c ****     pObj->IO.Address   = pIO->Address;
 4042              		.loc 1 102 29 is_stmt 0 view .LVU1223
 4043 000a 4868     		ldr	r0, [r1, #4]
 4044              	.LVL474:
 102:Core/Src/ov5640.c ****     pObj->IO.Address   = pIO->Address;
 4045              		.loc 1 102 24 view .LVU1224
 4046 000c 5860     		str	r0, [r3, #4]
 103:Core/Src/ov5640.c ****     pObj->IO.WriteReg  = pIO->WriteReg;
 4047              		.loc 1 103 5 is_stmt 1 view .LVU1225
 103:Core/Src/ov5640.c ****     pObj->IO.WriteReg  = pIO->WriteReg;
 4048              		.loc 1 103 29 is_stmt 0 view .LVU1226
 4049 000e 0889     		ldrh	r0, [r1, #8]
 103:Core/Src/ov5640.c ****     pObj->IO.WriteReg  = pIO->WriteReg;
 4050              		.loc 1 103 24 view .LVU1227
 4051 0010 1881     		strh	r0, [r3, #8]	@ movhi
 104:Core/Src/ov5640.c ****     pObj->IO.ReadReg   = pIO->ReadReg;
 4052              		.loc 1 104 5 is_stmt 1 view .LVU1228
 104:Core/Src/ov5640.c ****     pObj->IO.ReadReg   = pIO->ReadReg;
 4053              		.loc 1 104 29 is_stmt 0 view .LVU1229
 4054 0012 C868     		ldr	r0, [r1, #12]
 104:Core/Src/ov5640.c ****     pObj->IO.ReadReg   = pIO->ReadReg;
ARM GAS  /tmp/ccy24VEl.s 			page 131


 4055              		.loc 1 104 24 view .LVU1230
 4056 0014 D860     		str	r0, [r3, #12]
 105:Core/Src/ov5640.c ****     pObj->IO.GetTick   = pIO->GetTick;
 4057              		.loc 1 105 5 is_stmt 1 view .LVU1231
 105:Core/Src/ov5640.c ****     pObj->IO.GetTick   = pIO->GetTick;
 4058              		.loc 1 105 29 is_stmt 0 view .LVU1232
 4059 0016 0869     		ldr	r0, [r1, #16]
 105:Core/Src/ov5640.c ****     pObj->IO.GetTick   = pIO->GetTick;
 4060              		.loc 1 105 24 view .LVU1233
 4061 0018 1861     		str	r0, [r3, #16]
 106:Core/Src/ov5640.c **** 
 4062              		.loc 1 106 5 is_stmt 1 view .LVU1234
 106:Core/Src/ov5640.c **** 
 4063              		.loc 1 106 29 is_stmt 0 view .LVU1235
 4064 001a 4969     		ldr	r1, [r1, #20]
 4065              	.LVL475:
 106:Core/Src/ov5640.c **** 
 4066              		.loc 1 106 24 view .LVU1236
 4067 001c 5961     		str	r1, [r3, #20]
 108:Core/Src/ov5640.c ****     pObj->Ctx.WriteReg = OV5640_WriteRegWrap;
 4068              		.loc 1 108 5 is_stmt 1 view .LVU1237
 108:Core/Src/ov5640.c ****     pObj->Ctx.WriteReg = OV5640_WriteRegWrap;
 4069              		.loc 1 108 24 is_stmt 0 view .LVU1238
 4070 001e 0749     		ldr	r1, .L295
 4071 0020 D961     		str	r1, [r3, #28]
 109:Core/Src/ov5640.c ****     pObj->Ctx.handle   = pObj;
 4072              		.loc 1 109 5 is_stmt 1 view .LVU1239
 109:Core/Src/ov5640.c ****     pObj->Ctx.handle   = pObj;
 4073              		.loc 1 109 24 is_stmt 0 view .LVU1240
 4074 0022 0749     		ldr	r1, .L295+4
 4075 0024 9961     		str	r1, [r3, #24]
 110:Core/Src/ov5640.c **** 
 4076              		.loc 1 110 5 is_stmt 1 view .LVU1241
 110:Core/Src/ov5640.c **** 
 4077              		.loc 1 110 24 is_stmt 0 view .LVU1242
 4078 0026 1B62     		str	r3, [r3, #32]
 112:Core/Src/ov5640.c ****     {
 4079              		.loc 1 112 5 is_stmt 1 view .LVU1243
 112:Core/Src/ov5640.c ****     {
 4080              		.loc 1 112 8 is_stmt 0 view .LVU1244
 4081 0028 22B1     		cbz	r2, .L290
 114:Core/Src/ov5640.c ****     }
 4082              		.loc 1 114 7 is_stmt 1 view .LVU1245
 114:Core/Src/ov5640.c ****     }
 4083              		.loc 1 114 13 is_stmt 0 view .LVU1246
 4084 002a 9047     		blx	r2
 4085              	.LVL476:
 4086              	.L287:
 123:Core/Src/ov5640.c **** 
 4087              		.loc 1 123 1 view .LVU1247
 4088 002c 08BD     		pop	{r3, pc}
 4089              	.LVL477:
 4090              	.L289:
 4091              	.LCFI56:
 4092              		.cfi_def_cfa_offset 0
 4093              		.cfi_restore 3
 4094              		.cfi_restore 14
ARM GAS  /tmp/ccy24VEl.s 			page 132


  97:Core/Src/ov5640.c ****   }
 4095              		.loc 1 97 9 view .LVU1248
 4096 002e 4FF0FF30 		mov	r0, #-1
 4097              	.LVL478:
 123:Core/Src/ov5640.c **** 
 4098              		.loc 1 123 1 view .LVU1249
 4099 0032 7047     		bx	lr
 4100              	.LVL479:
 4101              	.L290:
 4102              	.LCFI57:
 4103              		.cfi_def_cfa_offset 8
 4104              		.cfi_offset 3, -8
 4105              		.cfi_offset 14, -4
 118:Core/Src/ov5640.c ****     }
 4106              		.loc 1 118 11 view .LVU1250
 4107 0034 4FF0FF30 		mov	r0, #-1
 4108              	.LVL480:
 122:Core/Src/ov5640.c **** }
 4109              		.loc 1 122 3 is_stmt 1 view .LVU1251
 122:Core/Src/ov5640.c **** }
 4110              		.loc 1 122 10 is_stmt 0 view .LVU1252
 4111 0038 F8E7     		b	.L287
 4112              	.L296:
 4113 003a 00BF     		.align	2
 4114              	.L295:
 4115 003c 00000000 		.word	OV5640_ReadRegWrap
 4116 0040 00000000 		.word	OV5640_WriteRegWrap
 4117              		.cfi_endproc
 4118              	.LFE106:
 4120              		.section	.text.OV5640_SetPolarities,"ax",%progbits
 4121              		.align	1
 4122              		.global	OV5640_SetPolarities
 4123              		.syntax unified
 4124              		.thumb
 4125              		.thumb_func
 4127              	OV5640_SetPolarities:
 4128              	.LVL481:
 4129              	.LFB113:
 941:Core/Src/ov5640.c ****   uint8_t tmp;
 4130              		.loc 1 941 1 is_stmt 1 view -0
 4131              		.cfi_startproc
 4132              		@ args = 0, pretend = 0, frame = 8
 4133              		@ frame_needed = 0, uses_anonymous_args = 0
 941:Core/Src/ov5640.c ****   uint8_t tmp;
 4134              		.loc 1 941 1 is_stmt 0 view .LVU1254
 4135 0000 10B5     		push	{r4, lr}
 4136              	.LCFI58:
 4137              		.cfi_def_cfa_offset 8
 4138              		.cfi_offset 4, -8
 4139              		.cfi_offset 14, -4
 4140 0002 82B0     		sub	sp, sp, #8
 4141              	.LCFI59:
 4142              		.cfi_def_cfa_offset 16
 942:Core/Src/ov5640.c ****   int32_t ret = OV5640_OK;
 4143              		.loc 1 942 3 is_stmt 1 view .LVU1255
 943:Core/Src/ov5640.c **** 
 4144              		.loc 1 943 3 view .LVU1256
ARM GAS  /tmp/ccy24VEl.s 			page 133


 4145              	.LVL482:
 945:Core/Src/ov5640.c ****       ((HrefPolarity != OV5640_POLARITY_HREF_LOW) && (HrefPolarity != OV5640_POLARITY_HREF_HIGH)) |
 4146              		.loc 1 945 3 view .LVU1257
 945:Core/Src/ov5640.c ****       ((HrefPolarity != OV5640_POLARITY_HREF_LOW) && (HrefPolarity != OV5640_POLARITY_HREF_HIGH)) |
 4147              		.loc 1 945 69 is_stmt 0 view .LVU1258
 4148 0004 0129     		cmp	r1, #1
 4149 0006 94BF     		ite	ls
 4150 0008 0024     		movls	r4, #0
 4151 000a 0124     		movhi	r4, #1
 945:Core/Src/ov5640.c ****       ((HrefPolarity != OV5640_POLARITY_HREF_LOW) && (HrefPolarity != OV5640_POLARITY_HREF_HIGH)) |
 4152              		.loc 1 945 22 view .LVU1259
 4153 000c 0028     		cmp	r0, #0
 4154 000e 08BF     		it	eq
 4155 0010 44F00104 		orreq	r4, r4, #1
 945:Core/Src/ov5640.c ****       ((HrefPolarity != OV5640_POLARITY_HREF_LOW) && (HrefPolarity != OV5640_POLARITY_HREF_HIGH)) |
 4156              		.loc 1 945 6 view .LVU1260
 4157 0014 DCB9     		cbnz	r4, .L299
 4158 0016 8446     		mov	ip, r0
 947:Core/Src/ov5640.c ****   {
 4159              		.loc 1 947 53 view .LVU1261
 4160 0018 012B     		cmp	r3, #1
 4161 001a 94BF     		ite	ls
 4162 001c 0020     		movls	r0, #0
 4163              	.LVL483:
 947:Core/Src/ov5640.c ****   {
 4164              		.loc 1 947 53 view .LVU1262
 4165 001e 0120     		movhi	r0, #1
 946:Core/Src/ov5640.c ****       ((VsyncPolarity != OV5640_POLARITY_VSYNC_LOW) && (VsyncPolarity != OV5640_POLARITY_VSYNC_HIGH
 4166              		.loc 1 946 99 view .LVU1263
 4167 0020 012A     		cmp	r2, #1
 4168 0022 17D8     		bhi	.L300
 4169 0024 B0B9     		cbnz	r0, .L300
 953:Core/Src/ov5640.c **** 
 4170              		.loc 1 953 5 is_stmt 1 view .LVU1264
 953:Core/Src/ov5640.c **** 
 4171              		.loc 1 953 11 is_stmt 0 view .LVU1265
 4172 0026 4901     		lsls	r1, r1, #5
 4173              	.LVL484:
 953:Core/Src/ov5640.c **** 
 4174              		.loc 1 953 11 view .LVU1266
 4175 0028 C9B2     		uxtb	r1, r1
 953:Core/Src/ov5640.c **** 
 4176              		.loc 1 953 57 view .LVU1267
 4177 002a 5200     		lsls	r2, r2, #1
 4178              	.LVL485:
 953:Core/Src/ov5640.c **** 
 4179              		.loc 1 953 57 view .LVU1268
 4180 002c D2B2     		uxtb	r2, r2
 953:Core/Src/ov5640.c **** 
 4181              		.loc 1 953 41 view .LVU1269
 4182 002e 1143     		orrs	r1, r1, r2
 953:Core/Src/ov5640.c **** 
 4183              		.loc 1 953 64 view .LVU1270
 4184 0030 0B43     		orrs	r3, r3, r1
 4185              	.LVL486:
 953:Core/Src/ov5640.c **** 
 4186              		.loc 1 953 9 view .LVU1271
ARM GAS  /tmp/ccy24VEl.s 			page 134


 4187 0032 8DF80730 		strb	r3, [sp, #7]
 955:Core/Src/ov5640.c ****     {
 4188              		.loc 1 955 5 is_stmt 1 view .LVU1272
 955:Core/Src/ov5640.c ****     {
 4189              		.loc 1 955 9 is_stmt 0 view .LVU1273
 4190 0036 0123     		movs	r3, #1
 4191 0038 0DF10702 		add	r2, sp, #7
 4192 003c 44F24071 		movw	r1, #18240
 4193 0040 0CF11800 		add	r0, ip, #24
 4194 0044 FFF7FEFF 		bl	ov5640_write_reg
 4195              	.LVL487:
 955:Core/Src/ov5640.c ****     {
 4196              		.loc 1 955 8 discriminator 1 view .LVU1274
 4197 0048 38B9     		cbnz	r0, .L303
 4198              	.LVL488:
 4199              	.L297:
 962:Core/Src/ov5640.c **** 
 4200              		.loc 1 962 1 view .LVU1275
 4201 004a 02B0     		add	sp, sp, #8
 4202              	.LCFI60:
 4203              		.cfi_remember_state
 4204              		.cfi_def_cfa_offset 8
 4205              		@ sp needed
 4206 004c 10BD     		pop	{r4, pc}
 4207              	.LVL489:
 4208              	.L299:
 4209              	.LCFI61:
 4210              		.cfi_restore_state
 949:Core/Src/ov5640.c ****   }
 4211              		.loc 1 949 9 view .LVU1276
 4212 004e 4FF0FF30 		mov	r0, #-1
 4213              	.LVL490:
 949:Core/Src/ov5640.c ****   }
 4214              		.loc 1 949 9 view .LVU1277
 4215 0052 FAE7     		b	.L297
 4216              	.LVL491:
 4217              	.L300:
 949:Core/Src/ov5640.c ****   }
 4218              		.loc 1 949 9 view .LVU1278
 4219 0054 4FF0FF30 		mov	r0, #-1
 4220 0058 F7E7     		b	.L297
 4221              	.LVL492:
 4222              	.L303:
 957:Core/Src/ov5640.c ****     }
 4223              		.loc 1 957 11 view .LVU1279
 4224 005a 4FF0FF30 		mov	r0, #-1
 4225              	.LVL493:
 961:Core/Src/ov5640.c **** }
 4226              		.loc 1 961 3 is_stmt 1 view .LVU1280
 961:Core/Src/ov5640.c **** }
 4227              		.loc 1 961 10 is_stmt 0 view .LVU1281
 4228 005e F4E7     		b	.L297
 4229              		.cfi_endproc
 4230              	.LFE113:
 4232              		.section	.text.OV5640_GetPolarities,"ax",%progbits
 4233              		.align	1
 4234              		.global	OV5640_GetPolarities
ARM GAS  /tmp/ccy24VEl.s 			page 135


 4235              		.syntax unified
 4236              		.thumb
 4237              		.thumb_func
 4239              	OV5640_GetPolarities:
 4240              	.LVL494:
 4241              	.LFB114:
 974:Core/Src/ov5640.c ****   uint8_t tmp;
 4242              		.loc 1 974 1 is_stmt 1 view -0
 4243              		.cfi_startproc
 4244              		@ args = 0, pretend = 0, frame = 8
 4245              		@ frame_needed = 0, uses_anonymous_args = 0
 975:Core/Src/ov5640.c ****   int32_t ret = OV5640_OK;
 4246              		.loc 1 975 3 view .LVU1283
 976:Core/Src/ov5640.c **** 
 4247              		.loc 1 976 3 view .LVU1284
 978:Core/Src/ov5640.c ****   {
 4248              		.loc 1 978 3 view .LVU1285
 978:Core/Src/ov5640.c ****   {
 4249              		.loc 1 978 6 is_stmt 0 view .LVU1286
 4250 0000 0029     		cmp	r1, #0
 4251 0002 18BF     		it	ne
 4252 0004 0028     		cmpne	r0, #0
 4253 0006 1FD0     		beq	.L306
 974:Core/Src/ov5640.c ****   uint8_t tmp;
 4254              		.loc 1 974 1 view .LVU1287
 4255 0008 70B5     		push	{r4, r5, r6, lr}
 4256              	.LCFI62:
 4257              		.cfi_def_cfa_offset 16
 4258              		.cfi_offset 4, -16
 4259              		.cfi_offset 5, -12
 4260              		.cfi_offset 6, -8
 4261              		.cfi_offset 14, -4
 4262 000a 82B0     		sub	sp, sp, #8
 4263              	.LCFI63:
 4264              		.cfi_def_cfa_offset 24
 4265 000c 1546     		mov	r5, r2
 4266 000e 1C46     		mov	r4, r3
 4267 0010 0E46     		mov	r6, r1
 978:Core/Src/ov5640.c ****   {
 4268              		.loc 1 978 92 discriminator 1 view .LVU1288
 4269 0012 B3FA83F3 		clz	r3, r3
 4270              	.LVL495:
 978:Core/Src/ov5640.c ****   {
 4271              		.loc 1 978 92 discriminator 1 view .LVU1289
 4272 0016 5B09     		lsrs	r3, r3, #5
 978:Core/Src/ov5640.c ****   {
 4273              		.loc 1 978 74 discriminator 1 view .LVU1290
 4274 0018 CAB1     		cbz	r2, .L307
 4275 001a C3B9     		cbnz	r3, .L307
 982:Core/Src/ov5640.c ****   {
 4276              		.loc 1 982 8 is_stmt 1 view .LVU1291
 982:Core/Src/ov5640.c ****   {
 4277              		.loc 1 982 12 is_stmt 0 view .LVU1292
 4278 001c 0123     		movs	r3, #1
 4279 001e 0DF10702 		add	r2, sp, #7
 4280              	.LVL496:
 982:Core/Src/ov5640.c ****   {
ARM GAS  /tmp/ccy24VEl.s 			page 136


 4281              		.loc 1 982 12 view .LVU1293
 4282 0022 44F24071 		movw	r1, #18240
 4283              	.LVL497:
 982:Core/Src/ov5640.c ****   {
 4284              		.loc 1 982 12 view .LVU1294
 4285 0026 1830     		adds	r0, r0, #24
 4286              	.LVL498:
 982:Core/Src/ov5640.c ****   {
 4287              		.loc 1 982 12 view .LVU1295
 4288 0028 FFF7FEFF 		bl	ov5640_read_reg
 4289              	.LVL499:
 982:Core/Src/ov5640.c ****   {
 4290              		.loc 1 982 11 discriminator 1 view .LVU1296
 4291 002c 90B9     		cbnz	r0, .L308
 988:Core/Src/ov5640.c ****     *HrefPolarity = (tmp >> 1U) & 0x01U;
 4292              		.loc 1 988 5 is_stmt 1 view .LVU1297
 988:Core/Src/ov5640.c ****     *HrefPolarity = (tmp >> 1U) & 0x01U;
 4293              		.loc 1 988 33 is_stmt 0 view .LVU1298
 4294 002e 9DF80710 		ldrb	r1, [sp, #7]	@ zero_extendqisi2
 4295 0032 C1F34013 		ubfx	r3, r1, #5, #1
 988:Core/Src/ov5640.c ****     *HrefPolarity = (tmp >> 1U) & 0x01U;
 4296              		.loc 1 988 19 view .LVU1299
 4297 0036 3360     		str	r3, [r6]
 989:Core/Src/ov5640.c ****     *VsyncPolarity = tmp & 0x01;
 4298              		.loc 1 989 5 is_stmt 1 view .LVU1300
 989:Core/Src/ov5640.c ****     *VsyncPolarity = tmp & 0x01;
 4299              		.loc 1 989 33 is_stmt 0 view .LVU1301
 4300 0038 C1F34003 		ubfx	r3, r1, #1, #1
 989:Core/Src/ov5640.c ****     *VsyncPolarity = tmp & 0x01;
 4301              		.loc 1 989 19 view .LVU1302
 4302 003c 2B60     		str	r3, [r5]
 990:Core/Src/ov5640.c ****   }
 4303              		.loc 1 990 5 is_stmt 1 view .LVU1303
 990:Core/Src/ov5640.c ****   }
 4304              		.loc 1 990 26 is_stmt 0 view .LVU1304
 4305 003e 01F00101 		and	r1, r1, #1
 990:Core/Src/ov5640.c ****   }
 4306              		.loc 1 990 20 view .LVU1305
 4307 0042 2160     		str	r1, [r4]
 4308              	.LVL500:
 4309              	.L304:
 994:Core/Src/ov5640.c **** 
 4310              		.loc 1 994 1 view .LVU1306
 4311 0044 02B0     		add	sp, sp, #8
 4312              	.LCFI64:
 4313              		.cfi_def_cfa_offset 16
 4314              		@ sp needed
 4315 0046 70BD     		pop	{r4, r5, r6, pc}
 4316              	.LVL501:
 4317              	.L306:
 4318              	.LCFI65:
 4319              		.cfi_def_cfa_offset 0
 4320              		.cfi_restore 4
 4321              		.cfi_restore 5
 4322              		.cfi_restore 6
 4323              		.cfi_restore 14
 980:Core/Src/ov5640.c ****   }
ARM GAS  /tmp/ccy24VEl.s 			page 137


 4324              		.loc 1 980 9 view .LVU1307
 4325 0048 4FF0FF30 		mov	r0, #-1
 4326              	.LVL502:
 994:Core/Src/ov5640.c **** 
 4327              		.loc 1 994 1 view .LVU1308
 4328 004c 7047     		bx	lr
 4329              	.LVL503:
 4330              	.L307:
 4331              	.LCFI66:
 4332              		.cfi_def_cfa_offset 24
 4333              		.cfi_offset 4, -16
 4334              		.cfi_offset 5, -12
 4335              		.cfi_offset 6, -8
 4336              		.cfi_offset 14, -4
 980:Core/Src/ov5640.c ****   }
 4337              		.loc 1 980 9 view .LVU1309
 4338 004e 4FF0FF30 		mov	r0, #-1
 4339              	.LVL504:
 980:Core/Src/ov5640.c ****   }
 4340              		.loc 1 980 9 view .LVU1310
 4341 0052 F7E7     		b	.L304
 4342              	.LVL505:
 4343              	.L308:
 984:Core/Src/ov5640.c ****   }
 4344              		.loc 1 984 9 view .LVU1311
 4345 0054 4FF0FF30 		mov	r0, #-1
 4346              	.LVL506:
 993:Core/Src/ov5640.c **** }
 4347              		.loc 1 993 3 is_stmt 1 view .LVU1312
 993:Core/Src/ov5640.c **** }
 4348              		.loc 1 993 10 is_stmt 0 view .LVU1313
 4349 0058 F4E7     		b	.L304
 4350              		.cfi_endproc
 4351              	.LFE114:
 4353              		.section	.text.OV5640_EmbeddedSynchroConfig,"ax",%progbits
 4354              		.align	1
 4355              		.global	OV5640_EmbeddedSynchroConfig
 4356              		.syntax unified
 4357              		.thumb
 4358              		.thumb_func
 4360              	OV5640_EmbeddedSynchroConfig:
 4361              	.LVL507:
 4362              	.LFB126:
1882:Core/Src/ov5640.c ****   uint8_t tmp;
 4363              		.loc 1 1882 1 is_stmt 1 view -0
 4364              		.cfi_startproc
 4365              		@ args = 0, pretend = 0, frame = 8
 4366              		@ frame_needed = 0, uses_anonymous_args = 0
1882:Core/Src/ov5640.c ****   uint8_t tmp;
 4367              		.loc 1 1882 1 is_stmt 0 view .LVU1315
 4368 0000 30B5     		push	{r4, r5, lr}
 4369              	.LCFI67:
 4370              		.cfi_def_cfa_offset 12
 4371              		.cfi_offset 4, -12
 4372              		.cfi_offset 5, -8
 4373              		.cfi_offset 14, -4
 4374 0002 83B0     		sub	sp, sp, #12
ARM GAS  /tmp/ccy24VEl.s 			page 138


 4375              	.LCFI68:
 4376              		.cfi_def_cfa_offset 24
 4377 0004 0D46     		mov	r5, r1
1883:Core/Src/ov5640.c ****   int32_t ret = OV5640_ERROR;
 4378              		.loc 1 1883 3 is_stmt 1 view .LVU1316
1884:Core/Src/ov5640.c **** 
 4379              		.loc 1 1884 3 view .LVU1317
 4380              	.LVL508:
1887:Core/Src/ov5640.c ****   if (ov5640_write_reg(&pObj->Ctx, OV5640_CCIR656_CTRL00, &tmp, 1) == OV5640_OK)
 4381              		.loc 1 1887 3 view .LVU1318
1887:Core/Src/ov5640.c ****   if (ov5640_write_reg(&pObj->Ctx, OV5640_CCIR656_CTRL00, &tmp, 1) == OV5640_OK)
 4382              		.loc 1 1887 7 is_stmt 0 view .LVU1319
 4383 0006 8323     		movs	r3, #131
 4384 0008 8DF80730 		strb	r3, [sp, #7]
1888:Core/Src/ov5640.c ****   {
 4385              		.loc 1 1888 3 is_stmt 1 view .LVU1320
1888:Core/Src/ov5640.c ****   {
 4386              		.loc 1 1888 7 is_stmt 0 view .LVU1321
 4387 000c 00F11804 		add	r4, r0, #24
 4388 0010 0123     		movs	r3, #1
 4389 0012 0DF10702 		add	r2, sp, #7
 4390 0016 44F23071 		movw	r1, #18224
 4391              	.LVL509:
1888:Core/Src/ov5640.c ****   {
 4392              		.loc 1 1888 7 view .LVU1322
 4393 001a 2046     		mov	r0, r4
 4394              	.LVL510:
1888:Core/Src/ov5640.c ****   {
 4395              		.loc 1 1888 7 view .LVU1323
 4396 001c FFF7FEFF 		bl	ov5640_write_reg
 4397              	.LVL511:
1888:Core/Src/ov5640.c ****   {
 4398              		.loc 1 1888 6 discriminator 1 view .LVU1324
 4399 0020 40B1     		cbz	r0, .L314
1916:Core/Src/ov5640.c ****   if (ret == OV5640_OK)
 4400              		.loc 1 1916 3 is_stmt 1 view .LVU1325
1916:Core/Src/ov5640.c ****   if (ret == OV5640_OK)
 4401              		.loc 1 1916 7 is_stmt 0 view .LVU1326
 4402 0022 0223     		movs	r3, #2
 4403 0024 8DF80730 		strb	r3, [sp, #7]
1917:Core/Src/ov5640.c ****   {
 4404              		.loc 1 1917 3 is_stmt 1 view .LVU1327
1884:Core/Src/ov5640.c **** 
 4405              		.loc 1 1884 11 is_stmt 0 view .LVU1328
 4406 0028 4FF0FF30 		mov	r0, #-1
 4407              	.LVL512:
 4408              	.L315:
1921:Core/Src/ov5640.c ****   {
 4409              		.loc 1 1921 3 is_stmt 1 view .LVU1329
1921:Core/Src/ov5640.c ****   {
 4410              		.loc 1 1921 6 is_stmt 0 view .LVU1330
 4411 002c 0028     		cmp	r0, #0
 4412 002e 62D0     		beq	.L323
 4413              	.LVL513:
 4414              	.L313:
1931:Core/Src/ov5640.c **** /**
 4415              		.loc 1 1931 1 view .LVU1331
ARM GAS  /tmp/ccy24VEl.s 			page 139


 4416 0030 03B0     		add	sp, sp, #12
 4417              	.LCFI69:
 4418              		.cfi_remember_state
 4419              		.cfi_def_cfa_offset 12
 4420              		@ sp needed
 4421 0032 30BD     		pop	{r4, r5, pc}
 4422              	.LVL514:
 4423              	.L314:
 4424              	.LCFI70:
 4425              		.cfi_restore_state
1890:Core/Src/ov5640.c ****     if (ov5640_write_reg(&pObj->Ctx, OV5640_CCIR656_FS, &tmp, 1) == OV5640_OK)
 4426              		.loc 1 1890 5 is_stmt 1 view .LVU1332
1890:Core/Src/ov5640.c ****     if (ov5640_write_reg(&pObj->Ctx, OV5640_CCIR656_FS, &tmp, 1) == OV5640_OK)
 4427              		.loc 1 1890 21 is_stmt 0 view .LVU1333
 4428 0034 2B78     		ldrb	r3, [r5]	@ zero_extendqisi2
1890:Core/Src/ov5640.c ****     if (ov5640_write_reg(&pObj->Ctx, OV5640_CCIR656_FS, &tmp, 1) == OV5640_OK)
 4429              		.loc 1 1890 9 view .LVU1334
 4430 0036 8DF80730 		strb	r3, [sp, #7]
1891:Core/Src/ov5640.c ****     {
 4431              		.loc 1 1891 5 is_stmt 1 view .LVU1335
1891:Core/Src/ov5640.c ****     {
 4432              		.loc 1 1891 9 is_stmt 0 view .LVU1336
 4433 003a 0123     		movs	r3, #1
 4434 003c 0DF10702 		add	r2, sp, #7
 4435 0040 44F23271 		movw	r1, #18226
 4436 0044 2046     		mov	r0, r4
 4437 0046 FFF7FEFF 		bl	ov5640_write_reg
 4438              	.LVL515:
1891:Core/Src/ov5640.c ****     {
 4439              		.loc 1 1891 8 discriminator 1 view .LVU1337
 4440 004a 0028     		cmp	r0, #0
 4441 004c 4DD1     		bne	.L316
1893:Core/Src/ov5640.c ****       if (ov5640_write_reg(&pObj->Ctx, OV5640_CCIR656_FE, &tmp, 1) != OV5640_OK)
 4442              		.loc 1 1893 7 is_stmt 1 view .LVU1338
1893:Core/Src/ov5640.c ****       if (ov5640_write_reg(&pObj->Ctx, OV5640_CCIR656_FE, &tmp, 1) != OV5640_OK)
 4443              		.loc 1 1893 23 is_stmt 0 view .LVU1339
 4444 004e EB78     		ldrb	r3, [r5, #3]	@ zero_extendqisi2
1893:Core/Src/ov5640.c ****       if (ov5640_write_reg(&pObj->Ctx, OV5640_CCIR656_FE, &tmp, 1) != OV5640_OK)
 4445              		.loc 1 1893 11 view .LVU1340
 4446 0050 8DF80730 		strb	r3, [sp, #7]
1894:Core/Src/ov5640.c ****       {
 4447              		.loc 1 1894 7 is_stmt 1 view .LVU1341
1894:Core/Src/ov5640.c ****       {
 4448              		.loc 1 1894 11 is_stmt 0 view .LVU1342
 4449 0054 0123     		movs	r3, #1
 4450 0056 0DF10702 		add	r2, sp, #7
 4451 005a 44F23371 		movw	r1, #18227
 4452 005e 2046     		mov	r0, r4
 4453 0060 FFF7FEFF 		bl	ov5640_write_reg
 4454              	.LVL516:
1894:Core/Src/ov5640.c ****       {
 4455              		.loc 1 1894 10 discriminator 1 view .LVU1343
 4456 0064 0028     		cmp	r0, #0
 4457 0066 59D1     		bne	.L321
1898:Core/Src/ov5640.c ****       if (ov5640_write_reg(&pObj->Ctx, OV5640_CCIR656_LS, &tmp, 1) == OV5640_OK)
 4458              		.loc 1 1898 7 is_stmt 1 view .LVU1344
1898:Core/Src/ov5640.c ****       if (ov5640_write_reg(&pObj->Ctx, OV5640_CCIR656_LS, &tmp, 1) == OV5640_OK)
ARM GAS  /tmp/ccy24VEl.s 			page 140


 4459              		.loc 1 1898 23 is_stmt 0 view .LVU1345
 4460 0068 6B78     		ldrb	r3, [r5, #1]	@ zero_extendqisi2
1898:Core/Src/ov5640.c ****       if (ov5640_write_reg(&pObj->Ctx, OV5640_CCIR656_LS, &tmp, 1) == OV5640_OK)
 4461              		.loc 1 1898 11 view .LVU1346
 4462 006a 8DF80730 		strb	r3, [sp, #7]
1899:Core/Src/ov5640.c ****       {
 4463              		.loc 1 1899 7 is_stmt 1 view .LVU1347
1899:Core/Src/ov5640.c ****       {
 4464              		.loc 1 1899 11 is_stmt 0 view .LVU1348
 4465 006e 0123     		movs	r3, #1
 4466 0070 0DF10702 		add	r2, sp, #7
 4467 0074 44F23471 		movw	r1, #18228
 4468 0078 2046     		mov	r0, r4
 4469 007a FFF7FEFF 		bl	ov5640_write_reg
 4470              	.LVL517:
1899:Core/Src/ov5640.c ****       {
 4471              		.loc 1 1899 10 discriminator 1 view .LVU1349
 4472 007e 70BB     		cbnz	r0, .L318
1901:Core/Src/ov5640.c ****         if (ov5640_write_reg(&pObj->Ctx, OV5640_CCIR656_LE, &tmp, 1) == OV5640_OK)
 4473              		.loc 1 1901 9 is_stmt 1 view .LVU1350
1901:Core/Src/ov5640.c ****         if (ov5640_write_reg(&pObj->Ctx, OV5640_CCIR656_LE, &tmp, 1) == OV5640_OK)
 4474              		.loc 1 1901 25 is_stmt 0 view .LVU1351
 4475 0080 AB78     		ldrb	r3, [r5, #2]	@ zero_extendqisi2
1901:Core/Src/ov5640.c ****         if (ov5640_write_reg(&pObj->Ctx, OV5640_CCIR656_LE, &tmp, 1) == OV5640_OK)
 4476              		.loc 1 1901 13 view .LVU1352
 4477 0082 8DF80730 		strb	r3, [sp, #7]
1902:Core/Src/ov5640.c ****         {
 4478              		.loc 1 1902 9 is_stmt 1 view .LVU1353
1902:Core/Src/ov5640.c ****         {
 4479              		.loc 1 1902 13 is_stmt 0 view .LVU1354
 4480 0086 0123     		movs	r3, #1
 4481 0088 0DF10702 		add	r2, sp, #7
 4482 008c 44F23571 		movw	r1, #18229
 4483 0090 2046     		mov	r0, r4
 4484 0092 FFF7FEFF 		bl	ov5640_write_reg
 4485              	.LVL518:
1902:Core/Src/ov5640.c ****         {
 4486              		.loc 1 1902 12 discriminator 1 view .LVU1355
 4487 0096 E0B9     		cbnz	r0, .L319
1905:Core/Src/ov5640.c ****           if (ov5640_write_reg(&pObj->Ctx, OV5640_656_DUMMY_LINE, &tmp, 1) == OV5640_OK)
 4488              		.loc 1 1905 11 is_stmt 1 view .LVU1356
1905:Core/Src/ov5640.c ****           if (ov5640_write_reg(&pObj->Ctx, OV5640_656_DUMMY_LINE, &tmp, 1) == OV5640_OK)
 4489              		.loc 1 1905 15 is_stmt 0 view .LVU1357
 4490 0098 0123     		movs	r3, #1
 4491 009a 8DF80730 		strb	r3, [sp, #7]
1906:Core/Src/ov5640.c ****           {
 4492              		.loc 1 1906 11 is_stmt 1 view .LVU1358
1906:Core/Src/ov5640.c ****           {
 4493              		.loc 1 1906 15 is_stmt 0 view .LVU1359
 4494 009e 0DF10702 		add	r2, sp, #7
 4495 00a2 44F21571 		movw	r1, #18197
 4496 00a6 2046     		mov	r0, r4
 4497 00a8 FFF7FEFF 		bl	ov5640_write_reg
 4498              	.LVL519:
1906:Core/Src/ov5640.c ****           {
 4499              		.loc 1 1906 14 discriminator 1 view .LVU1360
 4500 00ac 58B9     		cbnz	r0, .L320
ARM GAS  /tmp/ccy24VEl.s 			page 141


1908:Core/Src/ov5640.c ****           }
 4501              		.loc 1 1908 13 is_stmt 1 view .LVU1361
 4502              	.LVL520:
1916:Core/Src/ov5640.c ****   if (ret == OV5640_OK)
 4503              		.loc 1 1916 3 view .LVU1362
1916:Core/Src/ov5640.c ****   if (ret == OV5640_OK)
 4504              		.loc 1 1916 7 is_stmt 0 view .LVU1363
 4505 00ae 0223     		movs	r3, #2
 4506 00b0 8DF80730 		strb	r3, [sp, #7]
1917:Core/Src/ov5640.c ****   {
 4507              		.loc 1 1917 3 is_stmt 1 view .LVU1364
1919:Core/Src/ov5640.c ****   }
 4508              		.loc 1 1919 5 view .LVU1365
1919:Core/Src/ov5640.c ****   }
 4509              		.loc 1 1919 11 is_stmt 0 view .LVU1366
 4510 00b4 0123     		movs	r3, #1
 4511 00b6 0DF10702 		add	r2, sp, #7
 4512 00ba 44F20231 		movw	r1, #17154
 4513 00be 2046     		mov	r0, r4
 4514 00c0 FFF7FEFF 		bl	ov5640_write_reg
 4515              	.LVL521:
1919:Core/Src/ov5640.c ****   }
 4516              		.loc 1 1919 11 view .LVU1367
 4517 00c4 B2E7     		b	.L315
 4518              	.LVL522:
 4519              	.L320:
1916:Core/Src/ov5640.c ****   if (ret == OV5640_OK)
 4520              		.loc 1 1916 3 is_stmt 1 view .LVU1368
1916:Core/Src/ov5640.c ****   if (ret == OV5640_OK)
 4521              		.loc 1 1916 7 is_stmt 0 view .LVU1369
 4522 00c6 0223     		movs	r3, #2
 4523 00c8 8DF80730 		strb	r3, [sp, #7]
1917:Core/Src/ov5640.c ****   {
 4524              		.loc 1 1917 3 is_stmt 1 view .LVU1370
1916:Core/Src/ov5640.c ****   if (ret == OV5640_OK)
 4525              		.loc 1 1916 7 is_stmt 0 view .LVU1371
 4526 00cc 4FF0FF30 		mov	r0, #-1
 4527 00d0 AEE7     		b	.L313
 4528              	.L319:
1916:Core/Src/ov5640.c ****   if (ret == OV5640_OK)
 4529              		.loc 1 1916 3 is_stmt 1 view .LVU1372
1916:Core/Src/ov5640.c ****   if (ret == OV5640_OK)
 4530              		.loc 1 1916 7 is_stmt 0 view .LVU1373
 4531 00d2 0223     		movs	r3, #2
 4532 00d4 8DF80730 		strb	r3, [sp, #7]
1917:Core/Src/ov5640.c ****   {
 4533              		.loc 1 1917 3 is_stmt 1 view .LVU1374
1916:Core/Src/ov5640.c ****   if (ret == OV5640_OK)
 4534              		.loc 1 1916 7 is_stmt 0 view .LVU1375
 4535 00d8 4FF0FF30 		mov	r0, #-1
 4536 00dc A8E7     		b	.L313
 4537              	.L318:
1916:Core/Src/ov5640.c ****   if (ret == OV5640_OK)
 4538              		.loc 1 1916 3 is_stmt 1 view .LVU1376
1916:Core/Src/ov5640.c ****   if (ret == OV5640_OK)
 4539              		.loc 1 1916 7 is_stmt 0 view .LVU1377
 4540 00de 0223     		movs	r3, #2
ARM GAS  /tmp/ccy24VEl.s 			page 142


 4541 00e0 8DF80730 		strb	r3, [sp, #7]
1917:Core/Src/ov5640.c ****   {
 4542              		.loc 1 1917 3 is_stmt 1 view .LVU1378
1916:Core/Src/ov5640.c ****   if (ret == OV5640_OK)
 4543              		.loc 1 1916 7 is_stmt 0 view .LVU1379
 4544 00e4 4FF0FF30 		mov	r0, #-1
 4545 00e8 A2E7     		b	.L313
 4546              	.L316:
1916:Core/Src/ov5640.c ****   if (ret == OV5640_OK)
 4547              		.loc 1 1916 3 is_stmt 1 view .LVU1380
1916:Core/Src/ov5640.c ****   if (ret == OV5640_OK)
 4548              		.loc 1 1916 7 is_stmt 0 view .LVU1381
 4549 00ea 0223     		movs	r3, #2
 4550 00ec 8DF80730 		strb	r3, [sp, #7]
1917:Core/Src/ov5640.c ****   {
 4551              		.loc 1 1917 3 is_stmt 1 view .LVU1382
1916:Core/Src/ov5640.c ****   if (ret == OV5640_OK)
 4552              		.loc 1 1916 7 is_stmt 0 view .LVU1383
 4553 00f0 4FF0FF30 		mov	r0, #-1
 4554 00f4 9CE7     		b	.L313
 4555              	.LVL523:
 4556              	.L323:
1923:Core/Src/ov5640.c ****   }
 4557              		.loc 1 1923 5 is_stmt 1 view .LVU1384
1923:Core/Src/ov5640.c ****   }
 4558              		.loc 1 1923 11 is_stmt 0 view .LVU1385
 4559 00f6 0123     		movs	r3, #1
 4560 00f8 0DF10702 		add	r2, sp, #7
 4561 00fc 44F20631 		movw	r1, #17158
 4562 0100 2046     		mov	r0, r4
 4563              	.LVL524:
1923:Core/Src/ov5640.c ****   }
 4564              		.loc 1 1923 11 view .LVU1386
 4565 0102 FFF7FEFF 		bl	ov5640_write_reg
 4566              	.LVL525:
1925:Core/Src/ov5640.c ****   {
 4567              		.loc 1 1925 3 is_stmt 1 view .LVU1387
1925:Core/Src/ov5640.c ****   {
 4568              		.loc 1 1925 6 is_stmt 0 view .LVU1388
 4569 0106 0028     		cmp	r0, #0
 4570 0108 92D1     		bne	.L313
1927:Core/Src/ov5640.c ****   }
 4571              		.loc 1 1927 5 is_stmt 1 view .LVU1389
1927:Core/Src/ov5640.c ****   }
 4572              		.loc 1 1927 11 is_stmt 0 view .LVU1390
 4573 010a 0123     		movs	r3, #1
 4574 010c 0DF10702 		add	r2, sp, #7
 4575 0110 44F20A31 		movw	r1, #17162
 4576 0114 2046     		mov	r0, r4
 4577              	.LVL526:
1927:Core/Src/ov5640.c ****   }
 4578              		.loc 1 1927 11 view .LVU1391
 4579 0116 FFF7FEFF 		bl	ov5640_write_reg
 4580              	.LVL527:
1927:Core/Src/ov5640.c ****   }
 4581              		.loc 1 1927 11 view .LVU1392
 4582 011a 89E7     		b	.L313
ARM GAS  /tmp/ccy24VEl.s 			page 143


 4583              	.LVL528:
 4584              	.L321:
1896:Core/Src/ov5640.c ****       }
 4585              		.loc 1 1896 16 view .LVU1393
 4586 011c 4FF0FF30 		mov	r0, #-1
 4587              	.LVL529:
1896:Core/Src/ov5640.c ****       }
 4588              		.loc 1 1896 16 view .LVU1394
 4589 0120 86E7     		b	.L313
 4590              		.cfi_endproc
 4591              	.LFE126:
 4593              		.section	.text.OV5640_ColorbarModeConfig,"ax",%progbits
 4594              		.align	1
 4595              		.global	OV5640_ColorbarModeConfig
 4596              		.syntax unified
 4597              		.thumb
 4598              		.thumb_func
 4600              	OV5640_ColorbarModeConfig:
 4601              	.LVL530:
 4602              	.LFB127:
1939:Core/Src/ov5640.c ****   int32_t ret;
 4603              		.loc 1 1939 1 is_stmt 1 view -0
 4604              		.cfi_startproc
 4605              		@ args = 0, pretend = 0, frame = 8
 4606              		@ frame_needed = 0, uses_anonymous_args = 0
1939:Core/Src/ov5640.c ****   int32_t ret;
 4607              		.loc 1 1939 1 is_stmt 0 view .LVU1396
 4608 0000 30B5     		push	{r4, r5, lr}
 4609              	.LCFI71:
 4610              		.cfi_def_cfa_offset 12
 4611              		.cfi_offset 4, -12
 4612              		.cfi_offset 5, -8
 4613              		.cfi_offset 14, -4
 4614 0002 83B0     		sub	sp, sp, #12
 4615              	.LCFI72:
 4616              		.cfi_def_cfa_offset 24
1940:Core/Src/ov5640.c ****   uint8_t tmp = 0x40;
 4617              		.loc 1 1940 3 is_stmt 1 view .LVU1397
1941:Core/Src/ov5640.c **** 
 4618              		.loc 1 1941 3 view .LVU1398
1941:Core/Src/ov5640.c **** 
 4619              		.loc 1 1941 11 is_stmt 0 view .LVU1399
 4620 0004 4023     		movs	r3, #64
 4621 0006 8DF80730 		strb	r3, [sp, #7]
1943:Core/Src/ov5640.c ****   {
 4622              		.loc 1 1943 3 is_stmt 1 view .LVU1400
1943:Core/Src/ov5640.c ****   {
 4623              		.loc 1 1943 37 is_stmt 0 view .LVU1401
 4624 000a 4B1E     		subs	r3, r1, #1
1943:Core/Src/ov5640.c ****   {
 4625              		.loc 1 1943 6 view .LVU1402
 4626 000c 012B     		cmp	r3, #1
 4627 000e 1BD9     		bls	.L334
1958:Core/Src/ov5640.c ****     ret = ov5640_write_reg(&pObj->Ctx, OV5640_SDE_CTRL4, &tmp, 1);
 4628              		.loc 1 1958 5 is_stmt 1 view .LVU1403
1958:Core/Src/ov5640.c ****     ret = ov5640_write_reg(&pObj->Ctx, OV5640_SDE_CTRL4, &tmp, 1);
 4629              		.loc 1 1958 9 is_stmt 0 view .LVU1404
ARM GAS  /tmp/ccy24VEl.s 			page 144


 4630 0010 1023     		movs	r3, #16
 4631 0012 8DF80730 		strb	r3, [sp, #7]
1959:Core/Src/ov5640.c ****     if (ret == OV5640_OK)
 4632              		.loc 1 1959 5 is_stmt 1 view .LVU1405
1959:Core/Src/ov5640.c ****     if (ret == OV5640_OK)
 4633              		.loc 1 1959 11 is_stmt 0 view .LVU1406
 4634 0016 00F11804 		add	r4, r0, #24
 4635 001a 0123     		movs	r3, #1
 4636 001c 0DF10702 		add	r2, sp, #7
 4637 0020 45F28451 		movw	r1, #21892
 4638              	.LVL531:
1959:Core/Src/ov5640.c ****     if (ret == OV5640_OK)
 4639              		.loc 1 1959 11 view .LVU1407
 4640 0024 2046     		mov	r0, r4
 4641              	.LVL532:
1959:Core/Src/ov5640.c ****     if (ret == OV5640_OK)
 4642              		.loc 1 1959 11 view .LVU1408
 4643 0026 FFF7FEFF 		bl	ov5640_write_reg
 4644              	.LVL533:
1960:Core/Src/ov5640.c ****     {
 4645              		.loc 1 1960 5 is_stmt 1 view .LVU1409
1960:Core/Src/ov5640.c ****     {
 4646              		.loc 1 1960 8 is_stmt 0 view .LVU1410
 4647 002a 80BB     		cbnz	r0, .L331
1962:Core/Src/ov5640.c ****       ret = ov5640_write_reg(&pObj->Ctx, OV5640_PRE_ISP_TEST_SETTING1, &tmp, 1);
 4648              		.loc 1 1962 7 is_stmt 1 view .LVU1411
1962:Core/Src/ov5640.c ****       ret = ov5640_write_reg(&pObj->Ctx, OV5640_PRE_ISP_TEST_SETTING1, &tmp, 1);
 4649              		.loc 1 1962 11 is_stmt 0 view .LVU1412
 4650 002c 0023     		movs	r3, #0
 4651 002e 8DF80730 		strb	r3, [sp, #7]
1963:Core/Src/ov5640.c ****     }
 4652              		.loc 1 1963 7 is_stmt 1 view .LVU1413
1963:Core/Src/ov5640.c ****     }
 4653              		.loc 1 1963 13 is_stmt 0 view .LVU1414
 4654 0032 0123     		movs	r3, #1
 4655 0034 0DF10702 		add	r2, sp, #7
 4656 0038 45F23D01 		movw	r1, #20541
 4657 003c 2046     		mov	r0, r4
 4658              	.LVL534:
1963:Core/Src/ov5640.c ****     }
 4659              		.loc 1 1963 13 view .LVU1415
 4660 003e FFF7FEFF 		bl	ov5640_write_reg
 4661              	.LVL535:
1965:Core/Src/ov5640.c ****     {
 4662              		.loc 1 1965 5 is_stmt 1 view .LVU1416
1965:Core/Src/ov5640.c ****     {
 4663              		.loc 1 1965 8 is_stmt 0 view .LVU1417
 4664 0042 38BB     		cbnz	r0, .L335
 4665              	.LVL536:
 4666              	.L324:
1972:Core/Src/ov5640.c **** 
 4667              		.loc 1 1972 1 view .LVU1418
 4668 0044 03B0     		add	sp, sp, #12
 4669              	.LCFI73:
 4670              		.cfi_remember_state
 4671              		.cfi_def_cfa_offset 12
 4672              		@ sp needed
ARM GAS  /tmp/ccy24VEl.s 			page 145


 4673 0046 30BD     		pop	{r4, r5, pc}
 4674              	.LVL537:
 4675              	.L334:
 4676              	.LCFI74:
 4677              		.cfi_restore_state
1972:Core/Src/ov5640.c **** 
 4678              		.loc 1 1972 1 view .LVU1419
 4679 0048 0D46     		mov	r5, r1
1945:Core/Src/ov5640.c ****     if (ret == OV5640_OK)
 4680              		.loc 1 1945 5 is_stmt 1 view .LVU1420
1945:Core/Src/ov5640.c ****     if (ret == OV5640_OK)
 4681              		.loc 1 1945 11 is_stmt 0 view .LVU1421
 4682 004a 00F11804 		add	r4, r0, #24
 4683 004e 0123     		movs	r3, #1
 4684 0050 0DF10702 		add	r2, sp, #7
 4685 0054 45F28451 		movw	r1, #21892
 4686              	.LVL538:
1945:Core/Src/ov5640.c ****     if (ret == OV5640_OK)
 4687              		.loc 1 1945 11 view .LVU1422
 4688 0058 2046     		mov	r0, r4
 4689              	.LVL539:
1945:Core/Src/ov5640.c ****     if (ret == OV5640_OK)
 4690              		.loc 1 1945 11 view .LVU1423
 4691 005a FFF7FEFF 		bl	ov5640_write_reg
 4692              	.LVL540:
1946:Core/Src/ov5640.c ****     {
 4693              		.loc 1 1946 5 is_stmt 1 view .LVU1424
1946:Core/Src/ov5640.c ****     {
 4694              		.loc 1 1946 8 is_stmt 0 view .LVU1425
 4695 005e 98B9     		cbnz	r0, .L328
1948:Core/Src/ov5640.c ****       ret = ov5640_write_reg(&pObj->Ctx, OV5640_PRE_ISP_TEST_SETTING1, &tmp, 1);
 4696              		.loc 1 1948 7 is_stmt 1 view .LVU1426
1948:Core/Src/ov5640.c ****       ret = ov5640_write_reg(&pObj->Ctx, OV5640_PRE_ISP_TEST_SETTING1, &tmp, 1);
 4697              		.loc 1 1948 11 is_stmt 0 view .LVU1427
 4698 0060 022D     		cmp	r5, #2
 4699 0062 0FD0     		beq	.L336
1948:Core/Src/ov5640.c ****       ret = ov5640_write_reg(&pObj->Ctx, OV5640_PRE_ISP_TEST_SETTING1, &tmp, 1);
 4700              		.loc 1 1948 11 discriminator 2 view .LVU1428
 4701 0064 8023     		movs	r3, #128
 4702              	.L327:
1948:Core/Src/ov5640.c ****       ret = ov5640_write_reg(&pObj->Ctx, OV5640_PRE_ISP_TEST_SETTING1, &tmp, 1);
 4703              		.loc 1 1948 11 discriminator 4 view .LVU1429
 4704 0066 8DF80730 		strb	r3, [sp, #7]
1949:Core/Src/ov5640.c ****     }
 4705              		.loc 1 1949 7 is_stmt 1 view .LVU1430
1949:Core/Src/ov5640.c ****     }
 4706              		.loc 1 1949 13 is_stmt 0 view .LVU1431
 4707 006a 0123     		movs	r3, #1
 4708 006c 0DF10702 		add	r2, sp, #7
 4709 0070 45F23D01 		movw	r1, #20541
 4710 0074 2046     		mov	r0, r4
 4711              	.LVL541:
1949:Core/Src/ov5640.c ****     }
 4712              		.loc 1 1949 13 view .LVU1432
 4713 0076 FFF7FEFF 		bl	ov5640_write_reg
 4714              	.LVL542:
1951:Core/Src/ov5640.c ****     {
ARM GAS  /tmp/ccy24VEl.s 			page 146


 4715              		.loc 1 1951 5 is_stmt 1 view .LVU1433
1951:Core/Src/ov5640.c ****     {
 4716              		.loc 1 1951 8 is_stmt 0 view .LVU1434
 4717 007a 0028     		cmp	r0, #0
 4718 007c E2D0     		beq	.L324
1953:Core/Src/ov5640.c ****     }
 4719              		.loc 1 1953 11 view .LVU1435
 4720 007e 4FF0FF30 		mov	r0, #-1
 4721              	.LVL543:
1953:Core/Src/ov5640.c ****     }
 4722              		.loc 1 1953 11 view .LVU1436
 4723 0082 DFE7     		b	.L324
 4724              	.LVL544:
 4725              	.L336:
1948:Core/Src/ov5640.c ****       ret = ov5640_write_reg(&pObj->Ctx, OV5640_PRE_ISP_TEST_SETTING1, &tmp, 1);
 4726              		.loc 1 1948 11 discriminator 1 view .LVU1437
 4727 0084 8C23     		movs	r3, #140
 4728 0086 EEE7     		b	.L327
 4729              	.L328:
1953:Core/Src/ov5640.c ****     }
 4730              		.loc 1 1953 11 view .LVU1438
 4731 0088 4FF0FF30 		mov	r0, #-1
 4732              	.LVL545:
1953:Core/Src/ov5640.c ****     }
 4733              		.loc 1 1953 11 view .LVU1439
 4734 008c DAE7     		b	.L324
 4735              	.LVL546:
 4736              	.L331:
1967:Core/Src/ov5640.c ****     }
 4737              		.loc 1 1967 11 view .LVU1440
 4738 008e 4FF0FF30 		mov	r0, #-1
 4739              	.LVL547:
1967:Core/Src/ov5640.c ****     }
 4740              		.loc 1 1967 11 view .LVU1441
 4741 0092 D7E7     		b	.L324
 4742              	.LVL548:
 4743              	.L335:
1967:Core/Src/ov5640.c ****     }
 4744              		.loc 1 1967 11 view .LVU1442
 4745 0094 4FF0FF30 		mov	r0, #-1
 4746              	.LVL549:
1971:Core/Src/ov5640.c **** }
 4747              		.loc 1 1971 3 is_stmt 1 view .LVU1443
1971:Core/Src/ov5640.c **** }
 4748              		.loc 1 1971 10 is_stmt 0 view .LVU1444
 4749 0098 D4E7     		b	.L324
 4750              		.cfi_endproc
 4751              	.LFE127:
 4753              		.section	.text.OV5640_SetPCLK,"ax",%progbits
 4754              		.align	1
 4755              		.global	OV5640_SetPCLK
 4756              		.syntax unified
 4757              		.thumb
 4758              		.thumb_func
 4760              	OV5640_SetPCLK:
 4761              	.LVL550:
 4762              	.LFB128:
ARM GAS  /tmp/ccy24VEl.s 			page 147


1982:Core/Src/ov5640.c ****   int32_t ret;
 4763              		.loc 1 1982 1 is_stmt 1 view -0
 4764              		.cfi_startproc
 4765              		@ args = 0, pretend = 0, frame = 8
 4766              		@ frame_needed = 0, uses_anonymous_args = 0
1982:Core/Src/ov5640.c ****   int32_t ret;
 4767              		.loc 1 1982 1 is_stmt 0 view .LVU1446
 4768 0000 30B5     		push	{r4, r5, lr}
 4769              	.LCFI75:
 4770              		.cfi_def_cfa_offset 12
 4771              		.cfi_offset 4, -12
 4772              		.cfi_offset 5, -8
 4773              		.cfi_offset 14, -4
 4774 0002 83B0     		sub	sp, sp, #12
 4775              	.LCFI76:
 4776              		.cfi_def_cfa_offset 24
1983:Core/Src/ov5640.c ****   uint8_t tmp;
 4777              		.loc 1 1983 3 is_stmt 1 view .LVU1447
1984:Core/Src/ov5640.c **** 
 4778              		.loc 1 1984 3 view .LVU1448
1986:Core/Src/ov5640.c ****   {
 4779              		.loc 1 1986 3 view .LVU1449
 4780 0004 0929     		cmp	r1, #9
 4781 0006 00F29280 		bhi	.L338
 4782 000a DFE801F0 		tbb	[pc, r1]
 4783              	.L340:
 4784 000e 05       		.byte	(.L344-.L340)/2
 4785 000f 24       		.byte	(.L343-.L340)/2
 4786 0010 3F       		.byte	(.L342-.L340)/2
 4787 0011 90       		.byte	(.L338-.L340)/2
 4788 0012 5A       		.byte	(.L341-.L340)/2
 4789 0013 90       		.byte	(.L338-.L340)/2
 4790 0014 90       		.byte	(.L338-.L340)/2
 4791 0015 90       		.byte	(.L338-.L340)/2
 4792 0016 90       		.byte	(.L338-.L340)/2
 4793 0017 75       		.byte	(.L339-.L340)/2
 4794              		.p2align 1
 4795              	.L344:
1989:Core/Src/ov5640.c ****       ret = ov5640_write_reg(&pObj->Ctx, OV5640_SC_PLL_CONTRL2, &tmp, 1);
 4796              		.loc 1 1989 7 view .LVU1450
1989:Core/Src/ov5640.c ****       ret = ov5640_write_reg(&pObj->Ctx, OV5640_SC_PLL_CONTRL2, &tmp, 1);
 4797              		.loc 1 1989 11 is_stmt 0 view .LVU1451
 4798 0018 3823     		movs	r3, #56
 4799 001a 8DF80730 		strb	r3, [sp, #7]
1990:Core/Src/ov5640.c ****       tmp = 0x16;
 4800              		.loc 1 1990 7 is_stmt 1 view .LVU1452
1990:Core/Src/ov5640.c ****       tmp = 0x16;
 4801              		.loc 1 1990 13 is_stmt 0 view .LVU1453
 4802 001e 00F11805 		add	r5, r0, #24
 4803 0022 0123     		movs	r3, #1
 4804 0024 0DF10702 		add	r2, sp, #7
 4805 0028 43F23601 		movw	r1, #12342
 4806              	.LVL551:
1990:Core/Src/ov5640.c ****       tmp = 0x16;
 4807              		.loc 1 1990 13 view .LVU1454
 4808 002c 2846     		mov	r0, r5
 4809              	.LVL552:
ARM GAS  /tmp/ccy24VEl.s 			page 148


1990:Core/Src/ov5640.c ****       tmp = 0x16;
 4810              		.loc 1 1990 13 view .LVU1455
 4811 002e FFF7FEFF 		bl	ov5640_write_reg
 4812              	.LVL553:
1990:Core/Src/ov5640.c ****       tmp = 0x16;
 4813              		.loc 1 1990 13 view .LVU1456
 4814 0032 0446     		mov	r4, r0
 4815              	.LVL554:
1991:Core/Src/ov5640.c ****       ret += ov5640_write_reg(&pObj->Ctx, OV5640_SC_PLL_CONTRL3, &tmp, 1);
 4816              		.loc 1 1991 7 is_stmt 1 view .LVU1457
1991:Core/Src/ov5640.c ****       ret += ov5640_write_reg(&pObj->Ctx, OV5640_SC_PLL_CONTRL3, &tmp, 1);
 4817              		.loc 1 1991 11 is_stmt 0 view .LVU1458
 4818 0034 1623     		movs	r3, #22
 4819 0036 8DF80730 		strb	r3, [sp, #7]
1992:Core/Src/ov5640.c ****       break;
 4820              		.loc 1 1992 7 is_stmt 1 view .LVU1459
1992:Core/Src/ov5640.c ****       break;
 4821              		.loc 1 1992 14 is_stmt 0 view .LVU1460
 4822 003a 0123     		movs	r3, #1
 4823 003c 0DF10702 		add	r2, sp, #7
 4824 0040 43F23701 		movw	r1, #12343
 4825 0044 2846     		mov	r0, r5
 4826              	.LVL555:
1992:Core/Src/ov5640.c ****       break;
 4827              		.loc 1 1992 14 view .LVU1461
 4828 0046 FFF7FEFF 		bl	ov5640_write_reg
 4829              	.LVL556:
1992:Core/Src/ov5640.c ****       break;
 4830              		.loc 1 1992 11 discriminator 1 view .LVU1462
 4831 004a 2044     		add	r0, r0, r4
 4832              	.LVL557:
1993:Core/Src/ov5640.c ****     case OV5640_PCLK_8M:
 4833              		.loc 1 1993 7 is_stmt 1 view .LVU1463
 4834              	.L345:
2027:Core/Src/ov5640.c ****   {
 4835              		.loc 1 2027 3 view .LVU1464
2027:Core/Src/ov5640.c ****   {
 4836              		.loc 1 2027 6 is_stmt 0 view .LVU1465
 4837 004c 0028     		cmp	r0, #0
 4838 004e 40F08980 		bne	.L349
 4839              	.LVL558:
 4840              	.L337:
2033:Core/Src/ov5640.c **** 
 4841              		.loc 1 2033 1 view .LVU1466
 4842 0052 03B0     		add	sp, sp, #12
 4843              	.LCFI77:
 4844              		.cfi_remember_state
 4845              		.cfi_def_cfa_offset 12
 4846              		@ sp needed
 4847 0054 30BD     		pop	{r4, r5, pc}
 4848              	.LVL559:
 4849              	.L343:
 4850              	.LCFI78:
 4851              		.cfi_restore_state
1995:Core/Src/ov5640.c ****       ret = ov5640_write_reg(&pObj->Ctx, OV5640_SC_PLL_CONTRL2, &tmp, 1);
 4852              		.loc 1 1995 7 is_stmt 1 view .LVU1467
1995:Core/Src/ov5640.c ****       ret = ov5640_write_reg(&pObj->Ctx, OV5640_SC_PLL_CONTRL2, &tmp, 1);
ARM GAS  /tmp/ccy24VEl.s 			page 149


 4853              		.loc 1 1995 11 is_stmt 0 view .LVU1468
 4854 0056 4023     		movs	r3, #64
 4855 0058 8DF80730 		strb	r3, [sp, #7]
1996:Core/Src/ov5640.c ****       tmp = 0x16;
 4856              		.loc 1 1996 7 is_stmt 1 view .LVU1469
1996:Core/Src/ov5640.c ****       tmp = 0x16;
 4857              		.loc 1 1996 13 is_stmt 0 view .LVU1470
 4858 005c 00F11805 		add	r5, r0, #24
 4859 0060 0123     		movs	r3, #1
 4860 0062 0DF10702 		add	r2, sp, #7
 4861 0066 43F23601 		movw	r1, #12342
 4862              	.LVL560:
1996:Core/Src/ov5640.c ****       tmp = 0x16;
 4863              		.loc 1 1996 13 view .LVU1471
 4864 006a 2846     		mov	r0, r5
 4865              	.LVL561:
1996:Core/Src/ov5640.c ****       tmp = 0x16;
 4866              		.loc 1 1996 13 view .LVU1472
 4867 006c FFF7FEFF 		bl	ov5640_write_reg
 4868              	.LVL562:
1996:Core/Src/ov5640.c ****       tmp = 0x16;
 4869              		.loc 1 1996 13 view .LVU1473
 4870 0070 0446     		mov	r4, r0
 4871              	.LVL563:
1997:Core/Src/ov5640.c ****       ret += ov5640_write_reg(&pObj->Ctx, OV5640_SC_PLL_CONTRL3, &tmp, 1);
 4872              		.loc 1 1997 7 is_stmt 1 view .LVU1474
1997:Core/Src/ov5640.c ****       ret += ov5640_write_reg(&pObj->Ctx, OV5640_SC_PLL_CONTRL3, &tmp, 1);
 4873              		.loc 1 1997 11 is_stmt 0 view .LVU1475
 4874 0072 1623     		movs	r3, #22
 4875 0074 8DF80730 		strb	r3, [sp, #7]
1998:Core/Src/ov5640.c ****       break;
 4876              		.loc 1 1998 7 is_stmt 1 view .LVU1476
1998:Core/Src/ov5640.c ****       break;
 4877              		.loc 1 1998 14 is_stmt 0 view .LVU1477
 4878 0078 0123     		movs	r3, #1
 4879 007a 0DF10702 		add	r2, sp, #7
 4880 007e 43F23701 		movw	r1, #12343
 4881 0082 2846     		mov	r0, r5
 4882              	.LVL564:
1998:Core/Src/ov5640.c ****       break;
 4883              		.loc 1 1998 14 view .LVU1478
 4884 0084 FFF7FEFF 		bl	ov5640_write_reg
 4885              	.LVL565:
1998:Core/Src/ov5640.c ****       break;
 4886              		.loc 1 1998 11 discriminator 1 view .LVU1479
 4887 0088 2044     		add	r0, r0, r4
 4888              	.LVL566:
1999:Core/Src/ov5640.c ****     case OV5640_PCLK_9M:
 4889              		.loc 1 1999 7 is_stmt 1 view .LVU1480
 4890 008a DFE7     		b	.L345
 4891              	.LVL567:
 4892              	.L342:
2001:Core/Src/ov5640.c ****       ret = ov5640_write_reg(&pObj->Ctx, OV5640_SC_PLL_CONTRL2, &tmp, 1);
 4893              		.loc 1 2001 7 view .LVU1481
2001:Core/Src/ov5640.c ****       ret = ov5640_write_reg(&pObj->Ctx, OV5640_SC_PLL_CONTRL2, &tmp, 1);
 4894              		.loc 1 2001 11 is_stmt 0 view .LVU1482
 4895 008c 6023     		movs	r3, #96
ARM GAS  /tmp/ccy24VEl.s 			page 150


 4896 008e 8DF80730 		strb	r3, [sp, #7]
2002:Core/Src/ov5640.c ****       tmp = 0x18;
 4897              		.loc 1 2002 7 is_stmt 1 view .LVU1483
2002:Core/Src/ov5640.c ****       tmp = 0x18;
 4898              		.loc 1 2002 13 is_stmt 0 view .LVU1484
 4899 0092 00F11805 		add	r5, r0, #24
 4900 0096 0123     		movs	r3, #1
 4901 0098 0DF10702 		add	r2, sp, #7
 4902 009c 43F23601 		movw	r1, #12342
 4903              	.LVL568:
2002:Core/Src/ov5640.c ****       tmp = 0x18;
 4904              		.loc 1 2002 13 view .LVU1485
 4905 00a0 2846     		mov	r0, r5
 4906              	.LVL569:
2002:Core/Src/ov5640.c ****       tmp = 0x18;
 4907              		.loc 1 2002 13 view .LVU1486
 4908 00a2 FFF7FEFF 		bl	ov5640_write_reg
 4909              	.LVL570:
2002:Core/Src/ov5640.c ****       tmp = 0x18;
 4910              		.loc 1 2002 13 view .LVU1487
 4911 00a6 0446     		mov	r4, r0
 4912              	.LVL571:
2003:Core/Src/ov5640.c ****       ret += ov5640_write_reg(&pObj->Ctx, OV5640_SC_PLL_CONTRL3, &tmp, 1);
 4913              		.loc 1 2003 7 is_stmt 1 view .LVU1488
2003:Core/Src/ov5640.c ****       ret += ov5640_write_reg(&pObj->Ctx, OV5640_SC_PLL_CONTRL3, &tmp, 1);
 4914              		.loc 1 2003 11 is_stmt 0 view .LVU1489
 4915 00a8 1823     		movs	r3, #24
 4916 00aa 8DF80730 		strb	r3, [sp, #7]
2004:Core/Src/ov5640.c ****       break;
 4917              		.loc 1 2004 7 is_stmt 1 view .LVU1490
2004:Core/Src/ov5640.c ****       break;
 4918              		.loc 1 2004 14 is_stmt 0 view .LVU1491
 4919 00ae 0123     		movs	r3, #1
 4920 00b0 0DF10702 		add	r2, sp, #7
 4921 00b4 43F23701 		movw	r1, #12343
 4922 00b8 2846     		mov	r0, r5
 4923              	.LVL572:
2004:Core/Src/ov5640.c ****       break;
 4924              		.loc 1 2004 14 view .LVU1492
 4925 00ba FFF7FEFF 		bl	ov5640_write_reg
 4926              	.LVL573:
2004:Core/Src/ov5640.c ****       break;
 4927              		.loc 1 2004 11 discriminator 1 view .LVU1493
 4928 00be 2044     		add	r0, r0, r4
 4929              	.LVL574:
2005:Core/Src/ov5640.c ****     case OV5640_PCLK_12M:
 4930              		.loc 1 2005 7 is_stmt 1 view .LVU1494
 4931 00c0 C4E7     		b	.L345
 4932              	.LVL575:
 4933              	.L341:
2007:Core/Src/ov5640.c ****       ret = ov5640_write_reg(&pObj->Ctx, OV5640_SC_PLL_CONTRL2, &tmp, 1);
 4934              		.loc 1 2007 7 view .LVU1495
2007:Core/Src/ov5640.c ****       ret = ov5640_write_reg(&pObj->Ctx, OV5640_SC_PLL_CONTRL2, &tmp, 1);
 4935              		.loc 1 2007 11 is_stmt 0 view .LVU1496
 4936 00c2 6023     		movs	r3, #96
 4937 00c4 8DF80730 		strb	r3, [sp, #7]
2008:Core/Src/ov5640.c ****       tmp = 0x16;
ARM GAS  /tmp/ccy24VEl.s 			page 151


 4938              		.loc 1 2008 7 is_stmt 1 view .LVU1497
2008:Core/Src/ov5640.c ****       tmp = 0x16;
 4939              		.loc 1 2008 13 is_stmt 0 view .LVU1498
 4940 00c8 00F11805 		add	r5, r0, #24
 4941 00cc 0123     		movs	r3, #1
 4942 00ce 0DF10702 		add	r2, sp, #7
 4943 00d2 43F23601 		movw	r1, #12342
 4944              	.LVL576:
2008:Core/Src/ov5640.c ****       tmp = 0x16;
 4945              		.loc 1 2008 13 view .LVU1499
 4946 00d6 2846     		mov	r0, r5
 4947              	.LVL577:
2008:Core/Src/ov5640.c ****       tmp = 0x16;
 4948              		.loc 1 2008 13 view .LVU1500
 4949 00d8 FFF7FEFF 		bl	ov5640_write_reg
 4950              	.LVL578:
2008:Core/Src/ov5640.c ****       tmp = 0x16;
 4951              		.loc 1 2008 13 view .LVU1501
 4952 00dc 0446     		mov	r4, r0
 4953              	.LVL579:
2009:Core/Src/ov5640.c ****       ret += ov5640_write_reg(&pObj->Ctx, OV5640_SC_PLL_CONTRL3, &tmp, 1);
 4954              		.loc 1 2009 7 is_stmt 1 view .LVU1502
2009:Core/Src/ov5640.c ****       ret += ov5640_write_reg(&pObj->Ctx, OV5640_SC_PLL_CONTRL3, &tmp, 1);
 4955              		.loc 1 2009 11 is_stmt 0 view .LVU1503
 4956 00de 1623     		movs	r3, #22
 4957 00e0 8DF80730 		strb	r3, [sp, #7]
2010:Core/Src/ov5640.c ****       break;
 4958              		.loc 1 2010 7 is_stmt 1 view .LVU1504
2010:Core/Src/ov5640.c ****       break;
 4959              		.loc 1 2010 14 is_stmt 0 view .LVU1505
 4960 00e4 0123     		movs	r3, #1
 4961 00e6 0DF10702 		add	r2, sp, #7
 4962 00ea 43F23701 		movw	r1, #12343
 4963 00ee 2846     		mov	r0, r5
 4964              	.LVL580:
2010:Core/Src/ov5640.c ****       break;
 4965              		.loc 1 2010 14 view .LVU1506
 4966 00f0 FFF7FEFF 		bl	ov5640_write_reg
 4967              	.LVL581:
2010:Core/Src/ov5640.c ****       break;
 4968              		.loc 1 2010 11 discriminator 1 view .LVU1507
 4969 00f4 2044     		add	r0, r0, r4
 4970              	.LVL582:
2011:Core/Src/ov5640.c ****     case OV5640_PCLK_48M:
 4971              		.loc 1 2011 7 is_stmt 1 view .LVU1508
 4972 00f6 A9E7     		b	.L345
 4973              	.LVL583:
 4974              	.L339:
2013:Core/Src/ov5640.c ****       ret = ov5640_write_reg(&pObj->Ctx, OV5640_SC_PLL_CONTRL2, &tmp, 1);
 4975              		.loc 1 2013 7 view .LVU1509
2013:Core/Src/ov5640.c ****       ret = ov5640_write_reg(&pObj->Ctx, OV5640_SC_PLL_CONTRL2, &tmp, 1);
 4976              		.loc 1 2013 11 is_stmt 0 view .LVU1510
 4977 00f8 6023     		movs	r3, #96
 4978 00fa 8DF80730 		strb	r3, [sp, #7]
2014:Core/Src/ov5640.c ****       tmp = 0x03;
 4979              		.loc 1 2014 7 is_stmt 1 view .LVU1511
2014:Core/Src/ov5640.c ****       tmp = 0x03;
ARM GAS  /tmp/ccy24VEl.s 			page 152


 4980              		.loc 1 2014 13 is_stmt 0 view .LVU1512
 4981 00fe 00F11805 		add	r5, r0, #24
 4982 0102 0123     		movs	r3, #1
 4983 0104 0DF10702 		add	r2, sp, #7
 4984 0108 43F23601 		movw	r1, #12342
 4985              	.LVL584:
2014:Core/Src/ov5640.c ****       tmp = 0x03;
 4986              		.loc 1 2014 13 view .LVU1513
 4987 010c 2846     		mov	r0, r5
 4988              	.LVL585:
2014:Core/Src/ov5640.c ****       tmp = 0x03;
 4989              		.loc 1 2014 13 view .LVU1514
 4990 010e FFF7FEFF 		bl	ov5640_write_reg
 4991              	.LVL586:
2014:Core/Src/ov5640.c ****       tmp = 0x03;
 4992              		.loc 1 2014 13 view .LVU1515
 4993 0112 0446     		mov	r4, r0
 4994              	.LVL587:
2015:Core/Src/ov5640.c ****       ret += ov5640_write_reg(&pObj->Ctx, OV5640_SC_PLL_CONTRL3, &tmp, 1);
 4995              		.loc 1 2015 7 is_stmt 1 view .LVU1516
2015:Core/Src/ov5640.c ****       ret += ov5640_write_reg(&pObj->Ctx, OV5640_SC_PLL_CONTRL3, &tmp, 1);
 4996              		.loc 1 2015 11 is_stmt 0 view .LVU1517
 4997 0114 0323     		movs	r3, #3
 4998 0116 8DF80730 		strb	r3, [sp, #7]
2016:Core/Src/ov5640.c ****       break;
 4999              		.loc 1 2016 7 is_stmt 1 view .LVU1518
2016:Core/Src/ov5640.c ****       break;
 5000              		.loc 1 2016 14 is_stmt 0 view .LVU1519
 5001 011a 0123     		movs	r3, #1
 5002 011c 0DF10702 		add	r2, sp, #7
 5003 0120 43F23701 		movw	r1, #12343
 5004 0124 2846     		mov	r0, r5
 5005              	.LVL588:
2016:Core/Src/ov5640.c ****       break;
 5006              		.loc 1 2016 14 view .LVU1520
 5007 0126 FFF7FEFF 		bl	ov5640_write_reg
 5008              	.LVL589:
2016:Core/Src/ov5640.c ****       break;
 5009              		.loc 1 2016 11 discriminator 1 view .LVU1521
 5010 012a 2044     		add	r0, r0, r4
 5011              	.LVL590:
2017:Core/Src/ov5640.c ****     case OV5640_PCLK_24M:
 5012              		.loc 1 2017 7 is_stmt 1 view .LVU1522
 5013 012c 8EE7     		b	.L345
 5014              	.LVL591:
 5015              	.L338:
2020:Core/Src/ov5640.c ****       ret = ov5640_write_reg(&pObj->Ctx, OV5640_SC_PLL_CONTRL2, &tmp, 1);
 5016              		.loc 1 2020 7 view .LVU1523
2020:Core/Src/ov5640.c ****       ret = ov5640_write_reg(&pObj->Ctx, OV5640_SC_PLL_CONTRL2, &tmp, 1);
 5017              		.loc 1 2020 11 is_stmt 0 view .LVU1524
 5018 012e 6023     		movs	r3, #96
 5019 0130 8DF80730 		strb	r3, [sp, #7]
2021:Core/Src/ov5640.c ****       tmp = 0x13;
 5020              		.loc 1 2021 7 is_stmt 1 view .LVU1525
2021:Core/Src/ov5640.c ****       tmp = 0x13;
 5021              		.loc 1 2021 13 is_stmt 0 view .LVU1526
 5022 0134 00F11805 		add	r5, r0, #24
ARM GAS  /tmp/ccy24VEl.s 			page 153


 5023 0138 0123     		movs	r3, #1
 5024 013a 0DF10702 		add	r2, sp, #7
 5025 013e 43F23601 		movw	r1, #12342
 5026              	.LVL592:
2021:Core/Src/ov5640.c ****       tmp = 0x13;
 5027              		.loc 1 2021 13 view .LVU1527
 5028 0142 2846     		mov	r0, r5
 5029              	.LVL593:
2021:Core/Src/ov5640.c ****       tmp = 0x13;
 5030              		.loc 1 2021 13 view .LVU1528
 5031 0144 FFF7FEFF 		bl	ov5640_write_reg
 5032              	.LVL594:
2021:Core/Src/ov5640.c ****       tmp = 0x13;
 5033              		.loc 1 2021 13 view .LVU1529
 5034 0148 0446     		mov	r4, r0
 5035              	.LVL595:
2022:Core/Src/ov5640.c ****       ret += ov5640_write_reg(&pObj->Ctx, OV5640_SC_PLL_CONTRL3, &tmp, 1);
 5036              		.loc 1 2022 7 is_stmt 1 view .LVU1530
2022:Core/Src/ov5640.c ****       ret += ov5640_write_reg(&pObj->Ctx, OV5640_SC_PLL_CONTRL3, &tmp, 1);
 5037              		.loc 1 2022 11 is_stmt 0 view .LVU1531
 5038 014a 1323     		movs	r3, #19
 5039 014c 8DF80730 		strb	r3, [sp, #7]
2023:Core/Src/ov5640.c ****       break;
 5040              		.loc 1 2023 7 is_stmt 1 view .LVU1532
2023:Core/Src/ov5640.c ****       break;
 5041              		.loc 1 2023 14 is_stmt 0 view .LVU1533
 5042 0150 0123     		movs	r3, #1
 5043 0152 0DF10702 		add	r2, sp, #7
 5044 0156 43F23701 		movw	r1, #12343
 5045 015a 2846     		mov	r0, r5
 5046              	.LVL596:
2023:Core/Src/ov5640.c ****       break;
 5047              		.loc 1 2023 14 view .LVU1534
 5048 015c FFF7FEFF 		bl	ov5640_write_reg
 5049              	.LVL597:
2023:Core/Src/ov5640.c ****       break;
 5050              		.loc 1 2023 11 discriminator 1 view .LVU1535
 5051 0160 2044     		add	r0, r0, r4
 5052              	.LVL598:
2024:Core/Src/ov5640.c ****   }
 5053              		.loc 1 2024 7 is_stmt 1 view .LVU1536
 5054 0162 73E7     		b	.L345
 5055              	.LVL599:
 5056              	.L349:
2029:Core/Src/ov5640.c ****   }
 5057              		.loc 1 2029 9 is_stmt 0 view .LVU1537
 5058 0164 4FF0FF30 		mov	r0, #-1
 5059              	.LVL600:
2032:Core/Src/ov5640.c **** }
 5060              		.loc 1 2032 3 is_stmt 1 view .LVU1538
2032:Core/Src/ov5640.c **** }
 5061              		.loc 1 2032 10 is_stmt 0 view .LVU1539
 5062 0168 73E7     		b	.L337
 5063              		.cfi_endproc
 5064              	.LFE128:
 5066              		.section	.text.OV5640_EnableDVPMode,"ax",%progbits
 5067              		.align	1
ARM GAS  /tmp/ccy24VEl.s 			page 154


 5068              		.global	OV5640_EnableDVPMode
 5069              		.syntax unified
 5070              		.thumb
 5071              		.thumb_func
 5073              	OV5640_EnableDVPMode:
 5074              	.LVL601:
 5075              	.LFB129:
2041:Core/Src/ov5640.c ****   uint32_t index;
 5076              		.loc 1 2041 1 is_stmt 1 view -0
 5077              		.cfi_startproc
 5078              		@ args = 0, pretend = 0, frame = 8
 5079              		@ frame_needed = 0, uses_anonymous_args = 0
2041:Core/Src/ov5640.c ****   uint32_t index;
 5080              		.loc 1 2041 1 is_stmt 0 view .LVU1541
 5081 0000 30B5     		push	{r4, r5, lr}
 5082              	.LCFI79:
 5083              		.cfi_def_cfa_offset 12
 5084              		.cfi_offset 4, -12
 5085              		.cfi_offset 5, -8
 5086              		.cfi_offset 14, -4
 5087 0002 83B0     		sub	sp, sp, #12
 5088              	.LCFI80:
 5089              		.cfi_def_cfa_offset 24
 5090 0004 0546     		mov	r5, r0
2042:Core/Src/ov5640.c ****   int32_t ret = OV5640_OK;
 5091              		.loc 1 2042 3 is_stmt 1 view .LVU1542
2043:Core/Src/ov5640.c ****   uint8_t tmp;
 5092              		.loc 1 2043 3 view .LVU1543
 5093              	.LVL602:
2044:Core/Src/ov5640.c **** 
 5094              		.loc 1 2044 3 view .LVU1544
2047:Core/Src/ov5640.c ****   {
 5095              		.loc 1 2047 3 view .LVU1545
2064:Core/Src/ov5640.c ****   {
 5096              		.loc 1 2064 3 view .LVU1546
2064:Core/Src/ov5640.c ****   {
 5097              		.loc 1 2064 12 is_stmt 0 view .LVU1547
 5098 0006 0024     		movs	r4, #0
 5099              	.LVL603:
 5100              	.L351:
2064:Core/Src/ov5640.c ****   {
 5101              		.loc 1 2064 22 is_stmt 1 discriminator 1 view .LVU1548
 5102 0008 092C     		cmp	r4, #9
 5103 000a 11D8     		bhi	.L356
2066:Core/Src/ov5640.c ****     if(ov5640_write_reg(&pObj->Ctx, regs[index][0], &tmp, 1) != OV5640_OK)
 5104              		.loc 1 2066 5 view .LVU1549
2066:Core/Src/ov5640.c ****     if(ov5640_write_reg(&pObj->Ctx, regs[index][0], &tmp, 1) != OV5640_OK)
 5105              		.loc 1 2066 31 is_stmt 0 view .LVU1550
 5106 000c 0B49     		ldr	r1, .L357
 5107 000e 01EB8403 		add	r3, r1, r4, lsl #2
2066:Core/Src/ov5640.c ****     if(ov5640_write_reg(&pObj->Ctx, regs[index][0], &tmp, 1) != OV5640_OK)
 5108              		.loc 1 2066 11 view .LVU1551
 5109 0012 9B78     		ldrb	r3, [r3, #2]	@ zero_extendqisi2
2066:Core/Src/ov5640.c ****     if(ov5640_write_reg(&pObj->Ctx, regs[index][0], &tmp, 1) != OV5640_OK)
 5110              		.loc 1 2066 9 view .LVU1552
 5111 0014 8DF80730 		strb	r3, [sp, #7]
2067:Core/Src/ov5640.c ****     {
ARM GAS  /tmp/ccy24VEl.s 			page 155


 5112              		.loc 1 2067 5 is_stmt 1 view .LVU1553
2067:Core/Src/ov5640.c ****     {
 5113              		.loc 1 2067 8 is_stmt 0 view .LVU1554
 5114 0018 0123     		movs	r3, #1
 5115 001a 0DF10702 		add	r2, sp, #7
 5116 001e 31F82410 		ldrh	r1, [r1, r4, lsl #2]
 5117 0022 05F11800 		add	r0, r5, #24
 5118 0026 FFF7FEFF 		bl	ov5640_write_reg
 5119              	.LVL604:
2067:Core/Src/ov5640.c ****     {
 5120              		.loc 1 2067 7 discriminator 1 view .LVU1555
 5121 002a 20B9     		cbnz	r0, .L354
2064:Core/Src/ov5640.c ****   {
 5122              		.loc 1 2064 49 is_stmt 1 discriminator 2 view .LVU1556
 5123 002c 0134     		adds	r4, r4, #1
 5124              	.LVL605:
2064:Core/Src/ov5640.c ****   {
 5125              		.loc 1 2064 49 is_stmt 0 discriminator 2 view .LVU1557
 5126 002e EBE7     		b	.L351
 5127              	.L356:
2043:Core/Src/ov5640.c ****   uint8_t tmp;
 5128              		.loc 1 2043 11 view .LVU1558
 5129 0030 0020     		movs	r0, #0
 5130              	.LVL606:
 5131              	.L350:
2075:Core/Src/ov5640.c **** 
 5132              		.loc 1 2075 1 view .LVU1559
 5133 0032 03B0     		add	sp, sp, #12
 5134              	.LCFI81:
 5135              		.cfi_remember_state
 5136              		.cfi_def_cfa_offset 12
 5137              		@ sp needed
 5138 0034 30BD     		pop	{r4, r5, pc}
 5139              	.LVL607:
 5140              	.L354:
 5141              	.LCFI82:
 5142              		.cfi_restore_state
2069:Core/Src/ov5640.c ****       break;
 5143              		.loc 1 2069 11 view .LVU1560
 5144 0036 4FF0FF30 		mov	r0, #-1
 5145              	.LVL608:
2074:Core/Src/ov5640.c **** }
 5146              		.loc 1 2074 3 is_stmt 1 view .LVU1561
2074:Core/Src/ov5640.c **** }
 5147              		.loc 1 2074 10 is_stmt 0 view .LVU1562
 5148 003a FAE7     		b	.L350
 5149              	.L358:
 5150              		.align	2
 5151              	.L357:
 5152 003c 00000000 		.word	regs.1
 5153              		.cfi_endproc
 5154              	.LFE129:
 5156              		.section	.text.OV5640_EnableMIPIMode,"ax",%progbits
 5157              		.align	1
 5158              		.global	OV5640_EnableMIPIMode
 5159              		.syntax unified
 5160              		.thumb
ARM GAS  /tmp/ccy24VEl.s 			page 156


 5161              		.thumb_func
 5163              	OV5640_EnableMIPIMode:
 5164              	.LVL609:
 5165              	.LFB130:
2083:Core/Src/ov5640.c ****   int32_t ret = OV5640_OK;
 5166              		.loc 1 2083 1 is_stmt 1 view -0
 5167              		.cfi_startproc
 5168              		@ args = 0, pretend = 0, frame = 8
 5169              		@ frame_needed = 0, uses_anonymous_args = 0
2083:Core/Src/ov5640.c ****   int32_t ret = OV5640_OK;
 5170              		.loc 1 2083 1 is_stmt 0 view .LVU1564
 5171 0000 30B5     		push	{r4, r5, lr}
 5172              	.LCFI83:
 5173              		.cfi_def_cfa_offset 12
 5174              		.cfi_offset 4, -12
 5175              		.cfi_offset 5, -8
 5176              		.cfi_offset 14, -4
 5177 0002 83B0     		sub	sp, sp, #12
 5178              	.LCFI84:
 5179              		.cfi_def_cfa_offset 24
 5180 0004 0546     		mov	r5, r0
2084:Core/Src/ov5640.c ****   uint8_t tmp;
 5181              		.loc 1 2084 3 is_stmt 1 view .LVU1565
 5182              	.LVL610:
2085:Core/Src/ov5640.c ****   uint32_t index;
 5183              		.loc 1 2085 3 view .LVU1566
2086:Core/Src/ov5640.c **** 
 5184              		.loc 1 2086 3 view .LVU1567
2088:Core/Src/ov5640.c ****   {
 5185              		.loc 1 2088 3 view .LVU1568
2109:Core/Src/ov5640.c ****   {
 5186              		.loc 1 2109 3 view .LVU1569
2109:Core/Src/ov5640.c ****   {
 5187              		.loc 1 2109 12 is_stmt 0 view .LVU1570
 5188 0006 0024     		movs	r4, #0
 5189              	.LVL611:
 5190              	.L360:
2109:Core/Src/ov5640.c ****   {
 5191              		.loc 1 2109 22 is_stmt 1 discriminator 1 view .LVU1571
 5192 0008 0D2C     		cmp	r4, #13
 5193 000a 11D8     		bhi	.L365
2111:Core/Src/ov5640.c ****     if(ov5640_write_reg(&pObj->Ctx, regs[index][0], &tmp, 1) != OV5640_OK)
 5194              		.loc 1 2111 5 view .LVU1572
2111:Core/Src/ov5640.c ****     if(ov5640_write_reg(&pObj->Ctx, regs[index][0], &tmp, 1) != OV5640_OK)
 5195              		.loc 1 2111 31 is_stmt 0 view .LVU1573
 5196 000c 0B49     		ldr	r1, .L366
 5197 000e 01EB8403 		add	r3, r1, r4, lsl #2
2111:Core/Src/ov5640.c ****     if(ov5640_write_reg(&pObj->Ctx, regs[index][0], &tmp, 1) != OV5640_OK)
 5198              		.loc 1 2111 11 view .LVU1574
 5199 0012 9B78     		ldrb	r3, [r3, #2]	@ zero_extendqisi2
2111:Core/Src/ov5640.c ****     if(ov5640_write_reg(&pObj->Ctx, regs[index][0], &tmp, 1) != OV5640_OK)
 5200              		.loc 1 2111 9 view .LVU1575
 5201 0014 8DF80730 		strb	r3, [sp, #7]
2112:Core/Src/ov5640.c ****     {
 5202              		.loc 1 2112 5 is_stmt 1 view .LVU1576
2112:Core/Src/ov5640.c ****     {
 5203              		.loc 1 2112 8 is_stmt 0 view .LVU1577
ARM GAS  /tmp/ccy24VEl.s 			page 157


 5204 0018 0123     		movs	r3, #1
 5205 001a 0DF10702 		add	r2, sp, #7
 5206 001e 31F82410 		ldrh	r1, [r1, r4, lsl #2]
 5207 0022 05F11800 		add	r0, r5, #24
 5208 0026 FFF7FEFF 		bl	ov5640_write_reg
 5209              	.LVL612:
2112:Core/Src/ov5640.c ****     {
 5210              		.loc 1 2112 7 discriminator 1 view .LVU1578
 5211 002a 20B9     		cbnz	r0, .L363
2109:Core/Src/ov5640.c ****   {
 5212              		.loc 1 2109 49 is_stmt 1 discriminator 2 view .LVU1579
 5213 002c 0134     		adds	r4, r4, #1
 5214              	.LVL613:
2109:Core/Src/ov5640.c ****   {
 5215              		.loc 1 2109 49 is_stmt 0 discriminator 2 view .LVU1580
 5216 002e EBE7     		b	.L360
 5217              	.L365:
2084:Core/Src/ov5640.c ****   uint8_t tmp;
 5218              		.loc 1 2084 11 view .LVU1581
 5219 0030 0020     		movs	r0, #0
 5220              	.LVL614:
 5221              	.L359:
2120:Core/Src/ov5640.c **** 
 5222              		.loc 1 2120 1 view .LVU1582
 5223 0032 03B0     		add	sp, sp, #12
 5224              	.LCFI85:
 5225              		.cfi_remember_state
 5226              		.cfi_def_cfa_offset 12
 5227              		@ sp needed
 5228 0034 30BD     		pop	{r4, r5, pc}
 5229              	.LVL615:
 5230              	.L363:
 5231              	.LCFI86:
 5232              		.cfi_restore_state
2114:Core/Src/ov5640.c ****       break;
 5233              		.loc 1 2114 11 view .LVU1583
 5234 0036 4FF0FF30 		mov	r0, #-1
 5235              	.LVL616:
2119:Core/Src/ov5640.c **** }
 5236              		.loc 1 2119 3 is_stmt 1 view .LVU1584
2119:Core/Src/ov5640.c **** }
 5237              		.loc 1 2119 10 is_stmt 0 view .LVU1585
 5238 003a FAE7     		b	.L359
 5239              	.L367:
 5240              		.align	2
 5241              	.L366:
 5242 003c 00000000 		.word	regs.0
 5243              		.cfi_endproc
 5244              	.LFE130:
 5246              		.section	.text.OV5640_SetMIPIVirtualChannel,"ax",%progbits
 5247              		.align	1
 5248              		.global	OV5640_SetMIPIVirtualChannel
 5249              		.syntax unified
 5250              		.thumb
 5251              		.thumb_func
 5253              	OV5640_SetMIPIVirtualChannel:
 5254              	.LVL617:
ARM GAS  /tmp/ccy24VEl.s 			page 158


 5255              	.LFB131:
2129:Core/Src/ov5640.c ****   int32_t ret = OV5640_OK;
 5256              		.loc 1 2129 1 is_stmt 1 view -0
 5257              		.cfi_startproc
 5258              		@ args = 0, pretend = 0, frame = 8
 5259              		@ frame_needed = 0, uses_anonymous_args = 0
2129:Core/Src/ov5640.c ****   int32_t ret = OV5640_OK;
 5260              		.loc 1 2129 1 is_stmt 0 view .LVU1587
 5261 0000 30B5     		push	{r4, r5, lr}
 5262              	.LCFI87:
 5263              		.cfi_def_cfa_offset 12
 5264              		.cfi_offset 4, -12
 5265              		.cfi_offset 5, -8
 5266              		.cfi_offset 14, -4
 5267 0002 83B0     		sub	sp, sp, #12
 5268              	.LCFI88:
 5269              		.cfi_def_cfa_offset 24
 5270 0004 0C46     		mov	r4, r1
2130:Core/Src/ov5640.c ****   uint8_t tmp;
 5271              		.loc 1 2130 3 is_stmt 1 view .LVU1588
 5272              	.LVL618:
2131:Core/Src/ov5640.c **** 
 5273              		.loc 1 2131 3 view .LVU1589
2133:Core/Src/ov5640.c ****   {
 5274              		.loc 1 2133 3 view .LVU1590
2133:Core/Src/ov5640.c ****   {
 5275              		.loc 1 2133 7 is_stmt 0 view .LVU1591
 5276 0006 00F11805 		add	r5, r0, #24
 5277 000a 0123     		movs	r3, #1
 5278 000c 0DF10702 		add	r2, sp, #7
 5279 0010 44F61401 		movw	r1, #18452
 5280              	.LVL619:
2133:Core/Src/ov5640.c ****   {
 5281              		.loc 1 2133 7 view .LVU1592
 5282 0014 2846     		mov	r0, r5
 5283              	.LVL620:
2133:Core/Src/ov5640.c ****   {
 5284              		.loc 1 2133 7 view .LVU1593
 5285 0016 FFF7FEFF 		bl	ov5640_read_reg
 5286              	.LVL621:
2133:Core/Src/ov5640.c ****   {
 5287              		.loc 1 2133 6 discriminator 1 view .LVU1594
 5288 001a A8B9     		cbnz	r0, .L370
2139:Core/Src/ov5640.c ****     tmp |= (vchannel << 6);
 5289              		.loc 1 2139 5 is_stmt 1 view .LVU1595
2139:Core/Src/ov5640.c ****     tmp |= (vchannel << 6);
 5290              		.loc 1 2139 9 is_stmt 0 view .LVU1596
 5291 001c 9DF80730 		ldrb	r3, [sp, #7]	@ zero_extendqisi2
 5292 0020 03F03F03 		and	r3, r3, #63
 5293 0024 8DF80730 		strb	r3, [sp, #7]
2140:Core/Src/ov5640.c ****     if (ov5640_write_reg(&pObj->Ctx, 0x4814, &tmp, 1) != OV5640_OK)
 5294              		.loc 1 2140 5 is_stmt 1 view .LVU1597
2140:Core/Src/ov5640.c ****     if (ov5640_write_reg(&pObj->Ctx, 0x4814, &tmp, 1) != OV5640_OK)
 5295              		.loc 1 2140 22 is_stmt 0 view .LVU1598
 5296 0028 A101     		lsls	r1, r4, #6
 5297 002a C9B2     		uxtb	r1, r1
2140:Core/Src/ov5640.c ****     if (ov5640_write_reg(&pObj->Ctx, 0x4814, &tmp, 1) != OV5640_OK)
ARM GAS  /tmp/ccy24VEl.s 			page 159


 5298              		.loc 1 2140 9 view .LVU1599
 5299 002c 0B43     		orrs	r3, r3, r1
 5300 002e 8DF80730 		strb	r3, [sp, #7]
2141:Core/Src/ov5640.c ****     {
 5301              		.loc 1 2141 5 is_stmt 1 view .LVU1600
2141:Core/Src/ov5640.c ****     {
 5302              		.loc 1 2141 9 is_stmt 0 view .LVU1601
 5303 0032 0123     		movs	r3, #1
 5304 0034 0DF10702 		add	r2, sp, #7
 5305 0038 44F61401 		movw	r1, #18452
 5306 003c 2846     		mov	r0, r5
 5307 003e FFF7FEFF 		bl	ov5640_write_reg
 5308              	.LVL622:
2141:Core/Src/ov5640.c ****     {
 5309              		.loc 1 2141 8 discriminator 1 view .LVU1602
 5310 0042 20B9     		cbnz	r0, .L373
 5311              	.LVL623:
 5312              	.L368:
2148:Core/Src/ov5640.c **** 
 5313              		.loc 1 2148 1 view .LVU1603
 5314 0044 03B0     		add	sp, sp, #12
 5315              	.LCFI89:
 5316              		.cfi_remember_state
 5317              		.cfi_def_cfa_offset 12
 5318              		@ sp needed
 5319 0046 30BD     		pop	{r4, r5, pc}
 5320              	.LVL624:
 5321              	.L370:
 5322              	.LCFI90:
 5323              		.cfi_restore_state
2135:Core/Src/ov5640.c ****   }
 5324              		.loc 1 2135 9 view .LVU1604
 5325 0048 4FF0FF30 		mov	r0, #-1
 5326 004c FAE7     		b	.L368
 5327              	.L373:
2143:Core/Src/ov5640.c ****     }
 5328              		.loc 1 2143 11 view .LVU1605
 5329 004e 4FF0FF30 		mov	r0, #-1
 5330              	.LVL625:
2147:Core/Src/ov5640.c **** }
 5331              		.loc 1 2147 3 is_stmt 1 view .LVU1606
2147:Core/Src/ov5640.c **** }
 5332              		.loc 1 2147 10 is_stmt 0 view .LVU1607
 5333 0052 F7E7     		b	.L368
 5334              		.cfi_endproc
 5335              	.LFE131:
 5337              		.section	.text.OV5640_Init,"ax",%progbits
 5338              		.align	1
 5339              		.global	OV5640_Init
 5340              		.syntax unified
 5341              		.thumb
 5342              		.thumb_func
 5344              	OV5640_Init:
 5345              	.LVL626:
 5346              	.LFB107:
 133:Core/Src/ov5640.c ****   uint32_t index;
 5347              		.loc 1 133 1 is_stmt 1 view -0
ARM GAS  /tmp/ccy24VEl.s 			page 160


 5348              		.cfi_startproc
 5349              		@ args = 0, pretend = 0, frame = 8
 5350              		@ frame_needed = 0, uses_anonymous_args = 0
 133:Core/Src/ov5640.c ****   uint32_t index;
 5351              		.loc 1 133 1 is_stmt 0 view .LVU1609
 5352 0000 2DE9F041 		push	{r4, r5, r6, r7, r8, lr}
 5353              	.LCFI91:
 5354              		.cfi_def_cfa_offset 24
 5355              		.cfi_offset 4, -24
 5356              		.cfi_offset 5, -20
 5357              		.cfi_offset 6, -16
 5358              		.cfi_offset 7, -12
 5359              		.cfi_offset 8, -8
 5360              		.cfi_offset 14, -4
 5361 0004 82B0     		sub	sp, sp, #8
 5362              	.LCFI92:
 5363              		.cfi_def_cfa_offset 32
 134:Core/Src/ov5640.c ****   int32_t ret = OV5640_OK;
 5364              		.loc 1 134 3 is_stmt 1 view .LVU1610
 135:Core/Src/ov5640.c **** 
 5365              		.loc 1 135 3 view .LVU1611
 5366              	.LVL627:
 138:Core/Src/ov5640.c ****   {
 5367              		.loc 1 138 3 view .LVU1612
 388:Core/Src/ov5640.c **** 
 5368              		.loc 1 388 3 view .LVU1613
 390:Core/Src/ov5640.c ****   {
 5369              		.loc 1 390 3 view .LVU1614
 390:Core/Src/ov5640.c ****   {
 5370              		.loc 1 390 11 is_stmt 0 view .LVU1615
 5371 0006 90F82430 		ldrb	r3, [r0, #36]	@ zero_extendqisi2
 390:Core/Src/ov5640.c ****   {
 5372              		.loc 1 390 6 view .LVU1616
 5373 000a 002B     		cmp	r3, #0
 5374 000c 5DD1     		bne	.L382
 5375 000e 0646     		mov	r6, r0
 5376 0010 8846     		mov	r8, r1
 5377 0012 1746     		mov	r7, r2
 393:Core/Src/ov5640.c ****         ((PixelFormat != OV5640_RGB565) && (PixelFormat != OV5640_YUV422) &&
 5378              		.loc 1 393 5 is_stmt 1 view .LVU1617
 393:Core/Src/ov5640.c ****         ((PixelFormat != OV5640_RGB565) && (PixelFormat != OV5640_YUV422) &&
 5379              		.loc 1 393 8 is_stmt 0 view .LVU1618
 5380 0014 0429     		cmp	r1, #4
 5381 0016 5DD8     		bhi	.L383
 393:Core/Src/ov5640.c ****         ((PixelFormat != OV5640_RGB565) && (PixelFormat != OV5640_YUV422) &&
 5382              		.loc 1 393 40 discriminator 1 view .LVU1619
 5383 0018 002A     		cmp	r2, #0
 5384 001a 18BF     		it	ne
 5385 001c 022A     		cmpne	r2, #2
 5386 001e 23D0     		beq	.L384
 395:Core/Src/ov5640.c ****          (PixelFormat != OV5640_JPEG)))
 5387              		.loc 1 395 57 view .LVU1620
 5388 0020 D31F     		subs	r3, r2, #7
 5389 0022 18BF     		it	ne
 5390 0024 0123     		movne	r3, #1
 395:Core/Src/ov5640.c ****          (PixelFormat != OV5640_JPEG)))
 5391              		.loc 1 395 41 view .LVU1621
ARM GAS  /tmp/ccy24VEl.s 			page 161


 5392 0026 012A     		cmp	r2, #1
 5393 0028 21D0     		beq	.L385
 5394 002a 03B3     		cbz	r3, .L385
 395:Core/Src/ov5640.c ****          (PixelFormat != OV5640_JPEG)))
 5395              		.loc 1 395 71 discriminator 1 view .LVU1622
 5396 002c 082A     		cmp	r2, #8
 5397 002e 54D1     		bne	.L386
 5398 0030 0025     		movs	r5, #0
 5399 0032 2C46     		mov	r4, r5
 5400 0034 00E0     		b	.L378
 5401              	.LVL628:
 5402              	.L377:
 403:Core/Src/ov5640.c ****       {
 5403              		.loc 1 403 67 is_stmt 1 discriminator 2 view .LVU1623
 5404 0036 0134     		adds	r4, r4, #1
 5405              	.LVL629:
 5406              	.L378:
 403:Core/Src/ov5640.c ****       {
 5407              		.loc 1 403 29 discriminator 1 view .LVU1624
 5408 0038 F52C     		cmp	r4, #245
 5409 003a 1BD8     		bhi	.L395
 405:Core/Src/ov5640.c ****         {
 5410              		.loc 1 405 9 view .LVU1625
 405:Core/Src/ov5640.c ****         {
 5411              		.loc 1 405 12 is_stmt 0 view .LVU1626
 5412 003c 002D     		cmp	r5, #0
 5413 003e FAD1     		bne	.L377
 407:Core/Src/ov5640.c **** 
 5414              		.loc 1 407 11 is_stmt 1 view .LVU1627
 407:Core/Src/ov5640.c **** 
 5415              		.loc 1 407 46 is_stmt 0 view .LVU1628
 5416 0040 2F49     		ldr	r1, .L397
 5417 0042 01EB8403 		add	r3, r1, r4, lsl #2
 407:Core/Src/ov5640.c **** 
 5418              		.loc 1 407 17 view .LVU1629
 5419 0046 9B78     		ldrb	r3, [r3, #2]	@ zero_extendqisi2
 407:Core/Src/ov5640.c **** 
 5420              		.loc 1 407 15 view .LVU1630
 5421 0048 8DF80730 		strb	r3, [sp, #7]
 409:Core/Src/ov5640.c ****           {
 5422              		.loc 1 409 11 is_stmt 1 view .LVU1631
 409:Core/Src/ov5640.c ****           {
 5423              		.loc 1 409 15 is_stmt 0 view .LVU1632
 5424 004c 0123     		movs	r3, #1
 5425 004e 0DF10702 		add	r2, sp, #7
 5426 0052 31F82410 		ldrh	r1, [r1, r4, lsl #2]
 5427 0056 06F11800 		add	r0, r6, #24
 5428 005a FFF7FEFF 		bl	ov5640_write_reg
 5429              	.LVL630:
 409:Core/Src/ov5640.c ****           {
 5430              		.loc 1 409 14 discriminator 1 view .LVU1633
 5431 005e 0028     		cmp	r0, #0
 5432 0060 E9D0     		beq	.L377
 411:Core/Src/ov5640.c ****           }
 5433              		.loc 1 411 17 view .LVU1634
 5434 0062 4FF0FF35 		mov	r5, #-1
 5435              	.LVL631:
ARM GAS  /tmp/ccy24VEl.s 			page 162


 411:Core/Src/ov5640.c ****           }
 5436              		.loc 1 411 17 view .LVU1635
 5437 0066 E6E7     		b	.L377
 5438              	.LVL632:
 5439              	.L384:
 411:Core/Src/ov5640.c ****           }
 5440              		.loc 1 411 17 view .LVU1636
 5441 0068 0025     		movs	r5, #0
 5442 006a 2C46     		mov	r4, r5
 5443 006c E4E7     		b	.L378
 5444              	.L385:
 5445 006e 0025     		movs	r5, #0
 5446 0070 2C46     		mov	r4, r5
 5447 0072 E1E7     		b	.L378
 5448              	.LVL633:
 5449              	.L395:
 416:Core/Src/ov5640.c ****       {
 5450              		.loc 1 416 7 is_stmt 1 view .LVU1637
 416:Core/Src/ov5640.c ****       {
 5451              		.loc 1 416 9 is_stmt 0 view .LVU1638
 5452 0074 55BB     		cbnz	r5, .L374
 419:Core/Src/ov5640.c ****         {
 5453              		.loc 1 419 9 is_stmt 1 view .LVU1639
 419:Core/Src/ov5640.c ****         {
 5454              		.loc 1 419 16 is_stmt 0 view .LVU1640
 5455 0076 96F82530 		ldrb	r3, [r6, #37]	@ zero_extendqisi2
 419:Core/Src/ov5640.c ****         {
 5456              		.loc 1 419 11 view .LVU1641
 5457 007a 012B     		cmp	r3, #1
 5458 007c 18D0     		beq	.L396
 433:Core/Src/ov5640.c ****           {
 5459              		.loc 1 433 11 is_stmt 1 view .LVU1642
 433:Core/Src/ov5640.c ****           {
 5460              		.loc 1 433 14 is_stmt 0 view .LVU1643
 5461 007e 3046     		mov	r0, r6
 5462 0080 FFF7FEFF 		bl	OV5640_EnableDVPMode
 5463              	.LVL634:
 433:Core/Src/ov5640.c ****           {
 5464              		.loc 1 433 13 discriminator 1 view .LVU1644
 5465 0084 78BB     		cbnz	r0, .L390
 5466              	.L381:
 5467              	.LVL635:
 448:Core/Src/ov5640.c ****         {
 5468              		.loc 1 448 9 is_stmt 1 view .LVU1645
 448:Core/Src/ov5640.c ****         {
 5469              		.loc 1 448 13 is_stmt 0 view .LVU1646
 5470 0086 4146     		mov	r1, r8
 5471 0088 3046     		mov	r0, r6
 5472 008a FFF7FEFF 		bl	OV5640_SetResolution
 5473              	.LVL636:
 448:Core/Src/ov5640.c ****         {
 5474              		.loc 1 448 12 discriminator 1 view .LVU1647
 5475 008e 68BB     		cbnz	r0, .L391
 452:Core/Src/ov5640.c ****         {
 5476              		.loc 1 452 14 is_stmt 1 view .LVU1648
 452:Core/Src/ov5640.c ****         {
 5477              		.loc 1 452 18 is_stmt 0 view .LVU1649
ARM GAS  /tmp/ccy24VEl.s 			page 163


 5478 0090 3946     		mov	r1, r7
 5479 0092 3046     		mov	r0, r6
 5480 0094 FFF7FEFF 		bl	OV5640_SetPixelFormat
 5481              	.LVL637:
 452:Core/Src/ov5640.c ****         {
 5482              		.loc 1 452 17 discriminator 1 view .LVU1650
 5483 0098 58BB     		cbnz	r0, .L392
 456:Core/Src/ov5640.c ****                                       OV5640_POLARITY_VSYNC_HIGH) != OV5640_OK)
 5484              		.loc 1 456 14 is_stmt 1 view .LVU1651
 456:Core/Src/ov5640.c ****                                       OV5640_POLARITY_VSYNC_HIGH) != OV5640_OK)
 5485              		.loc 1 456 18 is_stmt 0 view .LVU1652
 5486 009a 0023     		movs	r3, #0
 5487 009c 0122     		movs	r2, #1
 5488 009e 1146     		mov	r1, r2
 5489 00a0 3046     		mov	r0, r6
 5490 00a2 FFF7FEFF 		bl	OV5640_SetPolarities
 5491              	.LVL638:
 456:Core/Src/ov5640.c ****                                       OV5640_POLARITY_VSYNC_HIGH) != OV5640_OK)
 5492              		.loc 1 456 17 discriminator 1 view .LVU1653
 5493 00a6 38BB     		cbnz	r0, .L393
 463:Core/Src/ov5640.c ****         }
 5494              		.loc 1 463 11 is_stmt 1 view .LVU1654
 463:Core/Src/ov5640.c ****         }
 5495              		.loc 1 463 31 is_stmt 0 view .LVU1655
 5496 00a8 0123     		movs	r3, #1
 5497 00aa 86F82430 		strb	r3, [r6, #36]
 5498 00ae 0DE0     		b	.L374
 5499              	.LVL639:
 5500              	.L396:
 421:Core/Src/ov5640.c ****           {
 5501              		.loc 1 421 11 is_stmt 1 view .LVU1656
 421:Core/Src/ov5640.c ****           {
 5502              		.loc 1 421 14 is_stmt 0 view .LVU1657
 5503 00b0 3046     		mov	r0, r6
 5504 00b2 FFF7FEFF 		bl	OV5640_EnableMIPIMode
 5505              	.LVL640:
 421:Core/Src/ov5640.c ****           {
 5506              		.loc 1 421 13 discriminator 1 view .LVU1658
 5507 00b6 98B9     		cbnz	r0, .L388
 425:Core/Src/ov5640.c ****           {
 5508              		.loc 1 425 16 is_stmt 1 view .LVU1659
 425:Core/Src/ov5640.c ****           {
 5509              		.loc 1 425 19 is_stmt 0 view .LVU1660
 5510 00b8 B16A     		ldr	r1, [r6, #40]
 5511 00ba 3046     		mov	r0, r6
 5512 00bc FFF7FEFF 		bl	OV5640_SetMIPIVirtualChannel
 5513              	.LVL641:
 425:Core/Src/ov5640.c ****           {
 5514              		.loc 1 425 18 discriminator 1 view .LVU1661
 5515 00c0 0028     		cmp	r0, #0
 5516 00c2 E0D0     		beq	.L381
 427:Core/Src/ov5640.c ****           }
 5517              		.loc 1 427 17 view .LVU1662
 5518 00c4 4FF0FF35 		mov	r5, #-1
 5519              	.LVL642:
 427:Core/Src/ov5640.c ****           }
 5520              		.loc 1 427 17 view .LVU1663
ARM GAS  /tmp/ccy24VEl.s 			page 164


 5521 00c8 00E0     		b	.L374
 5522              	.LVL643:
 5523              	.L382:
 135:Core/Src/ov5640.c **** 
 5524              		.loc 1 135 11 view .LVU1664
 5525 00ca 0025     		movs	r5, #0
 5526              	.LVL644:
 5527              	.L374:
 470:Core/Src/ov5640.c **** 
 5528              		.loc 1 470 1 view .LVU1665
 5529 00cc 2846     		mov	r0, r5
 5530 00ce 02B0     		add	sp, sp, #8
 5531              	.LCFI93:
 5532              		.cfi_remember_state
 5533              		.cfi_def_cfa_offset 24
 5534              		@ sp needed
 5535 00d0 BDE8F081 		pop	{r4, r5, r6, r7, r8, pc}
 5536              	.LVL645:
 5537              	.L383:
 5538              	.LCFI94:
 5539              		.cfi_restore_state
 398:Core/Src/ov5640.c ****     }
 5540              		.loc 1 398 11 view .LVU1666
 5541 00d4 4FF0FF35 		mov	r5, #-1
 5542 00d8 F8E7     		b	.L374
 5543              	.L386:
 5544 00da 4FF0FF35 		mov	r5, #-1
 5545 00de F5E7     		b	.L374
 5546              	.LVL646:
 5547              	.L388:
 423:Core/Src/ov5640.c ****           }
 5548              		.loc 1 423 17 view .LVU1667
 5549 00e0 4FF0FF35 		mov	r5, #-1
 5550              	.LVL647:
 423:Core/Src/ov5640.c ****           }
 5551              		.loc 1 423 17 view .LVU1668
 5552 00e4 F2E7     		b	.L374
 5553              	.LVL648:
 5554              	.L390:
 435:Core/Src/ov5640.c ****           }
 5555              		.loc 1 435 17 view .LVU1669
 5556 00e6 4FF0FF35 		mov	r5, #-1
 5557              	.LVL649:
 435:Core/Src/ov5640.c ****           }
 5558              		.loc 1 435 17 view .LVU1670
 5559 00ea EFE7     		b	.L374
 5560              	.LVL650:
 5561              	.L391:
 450:Core/Src/ov5640.c ****         }/* Set specific parameters for each pixel format */
 5562              		.loc 1 450 15 view .LVU1671
 5563 00ec 4FF0FF35 		mov	r5, #-1
 5564 00f0 ECE7     		b	.L374
 5565              	.L392:
 454:Core/Src/ov5640.c ****         }/* Set PixelClock, Href and VSync Polarity */
 5566              		.loc 1 454 15 view .LVU1672
 5567 00f2 4FF0FF35 		mov	r5, #-1
 5568 00f6 E9E7     		b	.L374
ARM GAS  /tmp/ccy24VEl.s 			page 165


 5569              	.L393:
 459:Core/Src/ov5640.c ****         }
 5570              		.loc 1 459 15 view .LVU1673
 5571 00f8 4FF0FF35 		mov	r5, #-1
 5572              	.LVL651:
 469:Core/Src/ov5640.c **** }
 5573              		.loc 1 469 3 is_stmt 1 view .LVU1674
 469:Core/Src/ov5640.c **** }
 5574              		.loc 1 469 10 is_stmt 0 view .LVU1675
 5575 00fc E6E7     		b	.L374
 5576              	.L398:
 5577 00fe 00BF     		.align	2
 5578              	.L397:
 5579 0100 00000000 		.word	OV5640_Common.17
 5580              		.cfi_endproc
 5581              	.LFE107:
 5583              		.section	.text.OV5640_Start,"ax",%progbits
 5584              		.align	1
 5585              		.global	OV5640_Start
 5586              		.syntax unified
 5587              		.thumb
 5588              		.thumb_func
 5590              	OV5640_Start:
 5591              	.LVL652:
 5592              	.LFB132:
2156:Core/Src/ov5640.c ****   uint8_t tmp;
 5593              		.loc 1 2156 1 is_stmt 1 view -0
 5594              		.cfi_startproc
 5595              		@ args = 0, pretend = 0, frame = 8
 5596              		@ frame_needed = 0, uses_anonymous_args = 0
2156:Core/Src/ov5640.c ****   uint8_t tmp;
 5597              		.loc 1 2156 1 is_stmt 0 view .LVU1677
 5598 0000 00B5     		push	{lr}
 5599              	.LCFI95:
 5600              		.cfi_def_cfa_offset 4
 5601              		.cfi_offset 14, -4
 5602 0002 83B0     		sub	sp, sp, #12
 5603              	.LCFI96:
 5604              		.cfi_def_cfa_offset 16
2157:Core/Src/ov5640.c **** 
 5605              		.loc 1 2157 3 is_stmt 1 view .LVU1678
2159:Core/Src/ov5640.c ****   return ov5640_write_reg(&pObj->Ctx, OV5640_SYSTEM_CTROL0, &tmp, 1);
 5606              		.loc 1 2159 3 view .LVU1679
2159:Core/Src/ov5640.c ****   return ov5640_write_reg(&pObj->Ctx, OV5640_SYSTEM_CTROL0, &tmp, 1);
 5607              		.loc 1 2159 7 is_stmt 0 view .LVU1680
 5608 0004 0223     		movs	r3, #2
 5609 0006 8DF80730 		strb	r3, [sp, #7]
2160:Core/Src/ov5640.c **** }
 5610              		.loc 1 2160 3 is_stmt 1 view .LVU1681
2160:Core/Src/ov5640.c **** }
 5611              		.loc 1 2160 10 is_stmt 0 view .LVU1682
 5612 000a 0123     		movs	r3, #1
 5613 000c 0DF10702 		add	r2, sp, #7
 5614 0010 43F20801 		movw	r1, #12296
 5615 0014 1830     		adds	r0, r0, #24
 5616              	.LVL653:
2160:Core/Src/ov5640.c **** }
ARM GAS  /tmp/ccy24VEl.s 			page 166


 5617              		.loc 1 2160 10 view .LVU1683
 5618 0016 FFF7FEFF 		bl	ov5640_write_reg
 5619              	.LVL654:
2161:Core/Src/ov5640.c **** 
 5620              		.loc 1 2161 1 view .LVU1684
 5621 001a 03B0     		add	sp, sp, #12
 5622              	.LCFI97:
 5623              		.cfi_def_cfa_offset 4
 5624              		@ sp needed
 5625 001c 5DF804FB 		ldr	pc, [sp], #4
 5626              		.cfi_endproc
 5627              	.LFE132:
 5629              		.section	.text.OV5640_Stop,"ax",%progbits
 5630              		.align	1
 5631              		.global	OV5640_Stop
 5632              		.syntax unified
 5633              		.thumb
 5634              		.thumb_func
 5636              	OV5640_Stop:
 5637              	.LVL655:
 5638              	.LFB133:
2169:Core/Src/ov5640.c ****   uint8_t tmp;
 5639              		.loc 1 2169 1 is_stmt 1 view -0
 5640              		.cfi_startproc
 5641              		@ args = 0, pretend = 0, frame = 8
 5642              		@ frame_needed = 0, uses_anonymous_args = 0
2169:Core/Src/ov5640.c ****   uint8_t tmp;
 5643              		.loc 1 2169 1 is_stmt 0 view .LVU1686
 5644 0000 00B5     		push	{lr}
 5645              	.LCFI98:
 5646              		.cfi_def_cfa_offset 4
 5647              		.cfi_offset 14, -4
 5648 0002 83B0     		sub	sp, sp, #12
 5649              	.LCFI99:
 5650              		.cfi_def_cfa_offset 16
2170:Core/Src/ov5640.c **** 
 5651              		.loc 1 2170 3 is_stmt 1 view .LVU1687
2172:Core/Src/ov5640.c ****   return ov5640_write_reg(&pObj->Ctx, OV5640_SYSTEM_CTROL0, &tmp, 1);
 5652              		.loc 1 2172 3 view .LVU1688
2172:Core/Src/ov5640.c ****   return ov5640_write_reg(&pObj->Ctx, OV5640_SYSTEM_CTROL0, &tmp, 1);
 5653              		.loc 1 2172 7 is_stmt 0 view .LVU1689
 5654 0004 4223     		movs	r3, #66
 5655 0006 8DF80730 		strb	r3, [sp, #7]
2173:Core/Src/ov5640.c **** 
 5656              		.loc 1 2173 3 is_stmt 1 view .LVU1690
2173:Core/Src/ov5640.c **** 
 5657              		.loc 1 2173 10 is_stmt 0 view .LVU1691
 5658 000a 0123     		movs	r3, #1
 5659 000c 0DF10702 		add	r2, sp, #7
 5660 0010 43F20801 		movw	r1, #12296
 5661 0014 1830     		adds	r0, r0, #24
 5662              	.LVL656:
2173:Core/Src/ov5640.c **** 
 5663              		.loc 1 2173 10 view .LVU1692
 5664 0016 FFF7FEFF 		bl	ov5640_write_reg
 5665              	.LVL657:
2175:Core/Src/ov5640.c **** 
ARM GAS  /tmp/ccy24VEl.s 			page 167


 5666              		.loc 1 2175 1 view .LVU1693
 5667 001a 03B0     		add	sp, sp, #12
 5668              	.LCFI100:
 5669              		.cfi_def_cfa_offset 4
 5670              		@ sp needed
 5671 001c 5DF804FB 		ldr	pc, [sp], #4
 5672              		.cfi_endproc
 5673              	.LFE133:
 5675              		.section	.rodata.regs.0,"a"
 5676              		.align	2
 5679              	regs.0:
 5680 0000 1730     		.short	12311
 5681 0002 0000     		.short	0
 5682 0004 1830     		.short	12312
 5683 0006 0000     		.short	0
 5684 0008 2E30     		.short	12334
 5685 000a 0800     		.short	8
 5686 000c 3748     		.short	18487
 5687 000e 2300     		.short	35
 5688 0010 3430     		.short	12340
 5689 0012 1800     		.short	24
 5690 0014 3530     		.short	12341
 5691 0016 1200     		.short	18
 5692 0018 3630     		.short	12342
 5693 001a 1C00     		.short	28
 5694 001c 3730     		.short	12343
 5695 001e 1300     		.short	19
 5696 0020 0831     		.short	12552
 5697 0022 0100     		.short	1
 5698 0024 1448     		.short	18452
 5699 0026 2A00     		.short	42
 5700 0028 0048     		.short	18432
 5701 002a 2400     		.short	36
 5702 002c 1930     		.short	12313
 5703 002e 7000     		.short	112
 5704 0030 0E30     		.short	12302
 5705 0032 4500     		.short	69
 5706 0034 0242     		.short	16898
 5707 0036 0000     		.short	0
 5708              		.section	.rodata.regs.1,"a"
 5709              		.align	2
 5712              	regs.1:
 5713 0000 1730     		.short	12311
 5714 0002 FF00     		.short	255
 5715 0004 1830     		.short	12312
 5716 0006 F300     		.short	243
 5717 0008 2E30     		.short	12334
 5718 000a 0000     		.short	0
 5719 000c 1C47     		.short	18204
 5720 000e 5000     		.short	80
 5721 0010 0E30     		.short	12302
 5722 0012 5800     		.short	88
 5723 0014 3430     		.short	12340
 5724 0016 1800     		.short	24
 5725 0018 3530     		.short	12341
 5726 001a 4100     		.short	65
 5727 001c 3630     		.short	12342
ARM GAS  /tmp/ccy24VEl.s 			page 168


 5728 001e 6000     		.short	96
 5729 0020 3730     		.short	12343
 5730 0022 1300     		.short	19
 5731 0024 0831     		.short	12552
 5732 0026 0100     		.short	1
 5733              		.section	.rodata.OV5640_LightModeAuto.2,"a"
 5734              		.align	2
 5737              	OV5640_LightModeAuto.2:
 5738 0000 0634     		.short	13318
 5739 0002 0000     		.short	0
 5740 0004 0034     		.short	13312
 5741 0006 0400     		.short	4
 5742 0008 0134     		.short	13313
 5743 000a 0000     		.short	0
 5744 000c 0234     		.short	13314
 5745 000e 0400     		.short	4
 5746 0010 0334     		.short	13315
 5747 0012 0000     		.short	0
 5748 0014 0434     		.short	13316
 5749 0016 0400     		.short	4
 5750 0018 0534     		.short	13317
 5751 001a 0000     		.short	0
 5752              		.section	.rodata.OV5640_LightModeHome.3,"a"
 5753              		.align	2
 5756              	OV5640_LightModeHome.3:
 5757 0000 0634     		.short	13318
 5758 0002 0100     		.short	1
 5759 0004 0034     		.short	13312
 5760 0006 0400     		.short	4
 5761 0008 0134     		.short	13313
 5762 000a 1000     		.short	16
 5763 000c 0234     		.short	13314
 5764 000e 0400     		.short	4
 5765 0010 0334     		.short	13315
 5766 0012 0000     		.short	0
 5767 0014 0434     		.short	13316
 5768 0016 0800     		.short	8
 5769 0018 0534     		.short	13317
 5770 001a B600     		.short	182
 5771              		.section	.rodata.OV5640_LightModeCloudy.4,"a"
 5772              		.align	2
 5775              	OV5640_LightModeCloudy.4:
 5776 0000 0634     		.short	13318
 5777 0002 0100     		.short	1
 5778 0004 0034     		.short	13312
 5779 0006 0600     		.short	6
 5780 0008 0134     		.short	13313
 5781 000a 4800     		.short	72
 5782 000c 0234     		.short	13314
 5783 000e 0400     		.short	4
 5784 0010 0334     		.short	13315
 5785 0012 0000     		.short	0
 5786 0014 0434     		.short	13316
 5787 0016 0400     		.short	4
 5788 0018 0534     		.short	13317
 5789 001a D300     		.short	211
 5790              		.section	.rodata.OV5640_LightModeOffice.5,"a"
ARM GAS  /tmp/ccy24VEl.s 			page 169


 5791              		.align	2
 5794              	OV5640_LightModeOffice.5:
 5795 0000 0634     		.short	13318
 5796 0002 0100     		.short	1
 5797 0004 0034     		.short	13312
 5798 0006 0500     		.short	5
 5799 0008 0134     		.short	13313
 5800 000a 4800     		.short	72
 5801 000c 0234     		.short	13314
 5802 000e 0400     		.short	4
 5803 0010 0334     		.short	13315
 5804 0012 0000     		.short	0
 5805 0014 0434     		.short	13316
 5806 0016 0700     		.short	7
 5807 0018 0534     		.short	13317
 5808 001a CF00     		.short	207
 5809              		.section	.rodata.OV5640_LightModeSunny.6,"a"
 5810              		.align	2
 5813              	OV5640_LightModeSunny.6:
 5814 0000 0634     		.short	13318
 5815 0002 0100     		.short	1
 5816 0004 0034     		.short	13312
 5817 0006 0600     		.short	6
 5818 0008 0134     		.short	13313
 5819 000a 1C00     		.short	28
 5820 000c 0234     		.short	13314
 5821 000e 0400     		.short	4
 5822 0010 0334     		.short	13315
 5823 0012 0000     		.short	0
 5824 0014 0434     		.short	13316
 5825 0016 0400     		.short	4
 5826 0018 0534     		.short	13317
 5827 001a F300     		.short	243
 5828              		.section	.rodata.OV5640_WVGA.7,"a"
 5829              		.align	2
 5832              	OV5640_WVGA.7:
 5833 0000 0838     		.short	14344
 5834 0002 0300     		.short	3
 5835 0004 0938     		.short	14345
 5836 0006 2000     		.short	32
 5837 0008 0A38     		.short	14346
 5838 000a 0100     		.short	1
 5839 000c 0B38     		.short	14347
 5840 000e E000     		.short	224
 5841              		.section	.rodata.OV5640_VGA.8,"a"
 5842              		.align	2
 5845              	OV5640_VGA.8:
 5846 0000 0838     		.short	14344
 5847 0002 0200     		.short	2
 5848 0004 0938     		.short	14345
 5849 0006 8000     		.short	128
 5850 0008 0A38     		.short	14346
 5851 000a 0100     		.short	1
 5852 000c 0B38     		.short	14347
 5853 000e E000     		.short	224
 5854              		.section	.rodata.OV5640_480x272.9,"a"
 5855              		.align	2
ARM GAS  /tmp/ccy24VEl.s 			page 170


 5858              	OV5640_480x272.9:
 5859 0000 0838     		.short	14344
 5860 0002 0100     		.short	1
 5861 0004 0938     		.short	14345
 5862 0006 E000     		.short	224
 5863 0008 0A38     		.short	14346
 5864 000a 0100     		.short	1
 5865 000c 0B38     		.short	14347
 5866 000e 1000     		.short	16
 5867              		.section	.rodata.OV5640_QVGA.10,"a"
 5868              		.align	2
 5871              	OV5640_QVGA.10:
 5872 0000 0838     		.short	14344
 5873 0002 0100     		.short	1
 5874 0004 0938     		.short	14345
 5875 0006 4000     		.short	64
 5876 0008 0A38     		.short	14346
 5877 000a 0000     		.short	0
 5878 000c 0B38     		.short	14347
 5879 000e F000     		.short	240
 5880              		.section	.rodata.OV5640_QQVGA.11,"a"
 5881              		.align	2
 5884              	OV5640_QQVGA.11:
 5885 0000 0838     		.short	14344
 5886 0002 0000     		.short	0
 5887 0004 0938     		.short	14345
 5888 0006 A000     		.short	160
 5889 0008 0A38     		.short	14346
 5890 000a 0000     		.short	0
 5891 000c 0B38     		.short	14347
 5892 000e 7800     		.short	120
 5893              		.section	.rodata.OV5640_PF_RGB565.12,"a"
 5894              		.align	2
 5897              	OV5640_PF_RGB565.12:
 5898 0000 0043     		.short	17152
 5899 0002 6F00     		.short	111
 5900 0004 1F50     		.short	20511
 5901 0006 0100     		.short	1
 5902              		.section	.rodata.OV5640_PF_JPEG.13,"a"
 5903              		.align	2
 5906              	OV5640_PF_JPEG.13:
 5907 0000 0043     		.short	17152
 5908 0002 3000     		.short	48
 5909 0004 1F50     		.short	20511
 5910 0006 0000     		.short	0
 5911              		.section	.rodata.OV5640_PF_Y8.14,"a"
 5912              		.align	2
 5915              	OV5640_PF_Y8.14:
 5916 0000 0043     		.short	17152
 5917 0002 1000     		.short	16
 5918 0004 1F50     		.short	20511
 5919 0006 0000     		.short	0
 5920              		.section	.rodata.OV5640_PF_RGB888.15,"a"
 5921              		.align	2
 5924              	OV5640_PF_RGB888.15:
 5925 0000 0043     		.short	17152
 5926 0002 2300     		.short	35
ARM GAS  /tmp/ccy24VEl.s 			page 171


 5927 0004 1F50     		.short	20511
 5928 0006 0100     		.short	1
 5929              		.section	.rodata.OV5640_PF_YUV422.16,"a"
 5930              		.align	2
 5933              	OV5640_PF_YUV422.16:
 5934 0000 0043     		.short	17152
 5935 0002 3000     		.short	48
 5936 0004 1F50     		.short	20511
 5937 0006 0000     		.short	0
 5938              		.section	.rodata.OV5640_Common.17,"a"
 5939              		.align	2
 5942              	OV5640_Common.17:
 5943 0000 0331     		.short	12547
 5944 0002 1100     		.short	17
 5945 0004 0830     		.short	12296
 5946 0006 8200     		.short	130
 5947 0008 0331     		.short	12547
 5948 000a 0300     		.short	3
 5949 000c 3036     		.short	13872
 5950 000e 3600     		.short	54
 5951 0010 3136     		.short	13873
 5952 0012 0E00     		.short	14
 5953 0014 3236     		.short	13874
 5954 0016 E200     		.short	226
 5955 0018 3336     		.short	13875
 5956 001a 1200     		.short	18
 5957 001c 2136     		.short	13857
 5958 001e E000     		.short	224
 5959 0020 0437     		.short	14084
 5960 0022 A000     		.short	160
 5961 0024 0337     		.short	14083
 5962 0026 5A00     		.short	90
 5963 0028 1537     		.short	14101
 5964 002a 7800     		.short	120
 5965 002c 1737     		.short	14103
 5966 002e 0100     		.short	1
 5967 0030 0B37     		.short	14091
 5968 0032 6000     		.short	96
 5969 0034 0537     		.short	14085
 5970 0036 1A00     		.short	26
 5971 0038 0539     		.short	14597
 5972 003a 0200     		.short	2
 5973 003c 0639     		.short	14598
 5974 003e 1000     		.short	16
 5975 0040 0139     		.short	14593
 5976 0042 0A00     		.short	10
 5977 0044 3137     		.short	14129
 5978 0046 1200     		.short	18
 5979 0048 0036     		.short	13824
 5980 004a 0800     		.short	8
 5981 004c 0136     		.short	13825
 5982 004e 3300     		.short	51
 5983 0050 2D30     		.short	12333
 5984 0052 6000     		.short	96
 5985 0054 2036     		.short	13856
 5986 0056 5200     		.short	82
 5987 0058 1B37     		.short	14107
ARM GAS  /tmp/ccy24VEl.s 			page 172


 5988 005a 2000     		.short	32
 5989 005c 1C47     		.short	18204
 5990 005e 5000     		.short	80
 5991 0060 133A     		.short	14867
 5992 0062 4300     		.short	67
 5993 0064 183A     		.short	14872
 5994 0066 0000     		.short	0
 5995 0068 193A     		.short	14873
 5996 006a F800     		.short	248
 5997 006c 3536     		.short	13877
 5998 006e 1300     		.short	19
 5999 0070 3636     		.short	13878
 6000 0072 0300     		.short	3
 6001 0074 3436     		.short	13876
 6002 0076 4000     		.short	64
 6003 0078 2236     		.short	13858
 6004 007a 0100     		.short	1
 6005 007c 013C     		.short	15361
 6006 007e 3400     		.short	52
 6007 0080 043C     		.short	15364
 6008 0082 2800     		.short	40
 6009 0084 053C     		.short	15365
 6010 0086 9800     		.short	152
 6011 0088 063C     		.short	15366
 6012 008a 0000     		.short	0
 6013 008c 073C     		.short	15367
 6014 008e 0000     		.short	0
 6015 0090 083C     		.short	15368
 6016 0092 0100     		.short	1
 6017 0094 093C     		.short	15369
 6018 0096 2C00     		.short	44
 6019 0098 0A3C     		.short	15370
 6020 009a 9C00     		.short	156
 6021 009c 0B3C     		.short	15371
 6022 009e 4000     		.short	64
 6023 00a0 2038     		.short	14368
 6024 00a2 0600     		.short	6
 6025 00a4 2138     		.short	14369
 6026 00a6 0000     		.short	0
 6027 00a8 1438     		.short	14356
 6028 00aa 3100     		.short	49
 6029 00ac 1538     		.short	14357
 6030 00ae 3100     		.short	49
 6031 00b0 0038     		.short	14336
 6032 00b2 0000     		.short	0
 6033 00b4 0138     		.short	14337
 6034 00b6 0000     		.short	0
 6035 00b8 0238     		.short	14338
 6036 00ba 0000     		.short	0
 6037 00bc 0338     		.short	14339
 6038 00be 0400     		.short	4
 6039 00c0 0438     		.short	14340
 6040 00c2 0A00     		.short	10
 6041 00c4 0538     		.short	14341
 6042 00c6 3F00     		.short	63
 6043 00c8 0638     		.short	14342
 6044 00ca 0700     		.short	7
ARM GAS  /tmp/ccy24VEl.s 			page 173


 6045 00cc 0738     		.short	14343
 6046 00ce 9B00     		.short	155
 6047 00d0 0838     		.short	14344
 6048 00d2 0300     		.short	3
 6049 00d4 0938     		.short	14345
 6050 00d6 2000     		.short	32
 6051 00d8 0A38     		.short	14346
 6052 00da 0200     		.short	2
 6053 00dc 0B38     		.short	14347
 6054 00de 5800     		.short	88
 6055 00e0 0C38     		.short	14348
 6056 00e2 0700     		.short	7
 6057 00e4 0D38     		.short	14349
 6058 00e6 9000     		.short	144
 6059 00e8 0E38     		.short	14350
 6060 00ea 0400     		.short	4
 6061 00ec 0F38     		.short	14351
 6062 00ee 4000     		.short	64
 6063 00f0 1038     		.short	14352
 6064 00f2 0000     		.short	0
 6065 00f4 1138     		.short	14353
 6066 00f6 1000     		.short	16
 6067 00f8 1238     		.short	14354
 6068 00fa 0000     		.short	0
 6069 00fc 1338     		.short	14355
 6070 00fe 0600     		.short	6
 6071 0100 1836     		.short	13848
 6072 0102 0000     		.short	0
 6073 0104 1236     		.short	13842
 6074 0106 2900     		.short	41
 6075 0108 0837     		.short	14088
 6076 010a 6400     		.short	100
 6077 010c 0937     		.short	14089
 6078 010e 5200     		.short	82
 6079 0110 0C37     		.short	14092
 6080 0112 0300     		.short	3
 6081 0114 023A     		.short	14850
 6082 0116 0300     		.short	3
 6083 0118 033A     		.short	14851
 6084 011a D800     		.short	216
 6085 011c 083A     		.short	14856
 6086 011e 0100     		.short	1
 6087 0120 093A     		.short	14857
 6088 0122 2700     		.short	39
 6089 0124 0A3A     		.short	14858
 6090 0126 0000     		.short	0
 6091 0128 0B3A     		.short	14859
 6092 012a F600     		.short	246
 6093 012c 0E3A     		.short	14862
 6094 012e 0300     		.short	3
 6095 0130 0D3A     		.short	14861
 6096 0132 0400     		.short	4
 6097 0134 143A     		.short	14868
 6098 0136 0300     		.short	3
 6099 0138 153A     		.short	14869
 6100 013a D800     		.short	216
 6101 013c 0140     		.short	16385
ARM GAS  /tmp/ccy24VEl.s 			page 174


 6102 013e 0200     		.short	2
 6103 0140 0440     		.short	16388
 6104 0142 0200     		.short	2
 6105 0144 0030     		.short	12288
 6106 0146 0000     		.short	0
 6107 0148 0230     		.short	12290
 6108 014a 1C00     		.short	28
 6109 014c 0430     		.short	12292
 6110 014e FF00     		.short	255
 6111 0150 0630     		.short	12294
 6112 0152 C300     		.short	195
 6113 0154 0E30     		.short	12302
 6114 0156 5800     		.short	88
 6115 0158 2E30     		.short	12334
 6116 015a 0000     		.short	0
 6117 015c 4047     		.short	18240
 6118 015e 2200     		.short	34
 6119 0160 0043     		.short	17152
 6120 0162 6F00     		.short	111
 6121 0164 1F50     		.short	20511
 6122 0166 0100     		.short	1
 6123 0168 1347     		.short	18195
 6124 016a 0300     		.short	3
 6125 016c 0744     		.short	17415
 6126 016e 0400     		.short	4
 6127 0170 0E44     		.short	17422
 6128 0172 0000     		.short	0
 6129 0174 0B46     		.short	17931
 6130 0176 3500     		.short	53
 6131 0178 0C46     		.short	17932
 6132 017a 2300     		.short	35
 6133 017c 3748     		.short	18487
 6134 017e 2200     		.short	34
 6135 0180 2438     		.short	14372
 6136 0182 0200     		.short	2
 6137 0184 0050     		.short	20480
 6138 0186 A700     		.short	167
 6139 0188 0150     		.short	20481
 6140 018a A300     		.short	163
 6141 018c 8051     		.short	20864
 6142 018e FF00     		.short	255
 6143 0190 8151     		.short	20865
 6144 0192 F200     		.short	242
 6145 0194 8251     		.short	20866
 6146 0196 0000     		.short	0
 6147 0198 8351     		.short	20867
 6148 019a 1400     		.short	20
 6149 019c 8451     		.short	20868
 6150 019e 2500     		.short	37
 6151 01a0 8551     		.short	20869
 6152 01a2 2400     		.short	36
 6153 01a4 8651     		.short	20870
 6154 01a6 0900     		.short	9
 6155 01a8 8751     		.short	20871
 6156 01aa 0900     		.short	9
 6157 01ac 8851     		.short	20872
 6158 01ae 0900     		.short	9
ARM GAS  /tmp/ccy24VEl.s 			page 175


 6159 01b0 8951     		.short	20873
 6160 01b2 7500     		.short	117
 6161 01b4 8A51     		.short	20874
 6162 01b6 5400     		.short	84
 6163 01b8 8B51     		.short	20875
 6164 01ba E000     		.short	224
 6165 01bc 8C51     		.short	20876
 6166 01be B200     		.short	178
 6167 01c0 8D51     		.short	20877
 6168 01c2 4200     		.short	66
 6169 01c4 8E51     		.short	20878
 6170 01c6 3D00     		.short	61
 6171 01c8 8F51     		.short	20879
 6172 01ca 5600     		.short	86
 6173 01cc 9051     		.short	20880
 6174 01ce 4600     		.short	70
 6175 01d0 9151     		.short	20881
 6176 01d2 F800     		.short	248
 6177 01d4 9251     		.short	20882
 6178 01d6 0400     		.short	4
 6179 01d8 9351     		.short	20883
 6180 01da 7000     		.short	112
 6181 01dc 9451     		.short	20884
 6182 01de F000     		.short	240
 6183 01e0 9551     		.short	20885
 6184 01e2 F000     		.short	240
 6185 01e4 9651     		.short	20886
 6186 01e6 0300     		.short	3
 6187 01e8 9751     		.short	20887
 6188 01ea 0100     		.short	1
 6189 01ec 9851     		.short	20888
 6190 01ee 0400     		.short	4
 6191 01f0 9951     		.short	20889
 6192 01f2 1200     		.short	18
 6193 01f4 9A51     		.short	20890
 6194 01f6 0400     		.short	4
 6195 01f8 9B51     		.short	20891
 6196 01fa 0000     		.short	0
 6197 01fc 9C51     		.short	20892
 6198 01fe 0600     		.short	6
 6199 0200 9D51     		.short	20893
 6200 0202 8200     		.short	130
 6201 0204 9E51     		.short	20894
 6202 0206 3800     		.short	56
 6203 0208 8153     		.short	21377
 6204 020a 1E00     		.short	30
 6205 020c 8253     		.short	21378
 6206 020e 5B00     		.short	91
 6207 0210 8353     		.short	21379
 6208 0212 0800     		.short	8
 6209 0214 8453     		.short	21380
 6210 0216 0A00     		.short	10
 6211 0218 8553     		.short	21381
 6212 021a 7E00     		.short	126
 6213 021c 8653     		.short	21382
 6214 021e 8800     		.short	136
 6215 0220 8753     		.short	21383
ARM GAS  /tmp/ccy24VEl.s 			page 176


 6216 0222 7C00     		.short	124
 6217 0224 8853     		.short	21384
 6218 0226 6C00     		.short	108
 6219 0228 8953     		.short	21385
 6220 022a 1000     		.short	16
 6221 022c 8A53     		.short	21386
 6222 022e 0100     		.short	1
 6223 0230 8B53     		.short	21387
 6224 0232 9800     		.short	152
 6225 0234 0053     		.short	21248
 6226 0236 0800     		.short	8
 6227 0238 0153     		.short	21249
 6228 023a 3000     		.short	48
 6229 023c 0253     		.short	21250
 6230 023e 1000     		.short	16
 6231 0240 0353     		.short	21251
 6232 0242 0000     		.short	0
 6233 0244 0453     		.short	21252
 6234 0246 0800     		.short	8
 6235 0248 0553     		.short	21253
 6236 024a 3000     		.short	48
 6237 024c 0653     		.short	21254
 6238 024e 0800     		.short	8
 6239 0250 0753     		.short	21255
 6240 0252 1600     		.short	22
 6241 0254 0853     		.short	21256
 6242 0256 0800     		.short	8
 6243 0258 0953     		.short	21257
 6244 025a 3000     		.short	48
 6245 025c 0A53     		.short	21258
 6246 025e 0400     		.short	4
 6247 0260 0B53     		.short	21259
 6248 0262 0600     		.short	6
 6249 0264 8054     		.short	21632
 6250 0266 0100     		.short	1
 6251 0268 8154     		.short	21633
 6252 026a 0800     		.short	8
 6253 026c 8254     		.short	21634
 6254 026e 1400     		.short	20
 6255 0270 8354     		.short	21635
 6256 0272 2800     		.short	40
 6257 0274 8454     		.short	21636
 6258 0276 5100     		.short	81
 6259 0278 8554     		.short	21637
 6260 027a 6500     		.short	101
 6261 027c 8654     		.short	21638
 6262 027e 7100     		.short	113
 6263 0280 8754     		.short	21639
 6264 0282 7D00     		.short	125
 6265 0284 8854     		.short	21640
 6266 0286 8700     		.short	135
 6267 0288 8954     		.short	21641
 6268 028a 9100     		.short	145
 6269 028c 8A54     		.short	21642
 6270 028e 9A00     		.short	154
 6271 0290 8B54     		.short	21643
 6272 0292 AA00     		.short	170
ARM GAS  /tmp/ccy24VEl.s 			page 177


 6273 0294 8C54     		.short	21644
 6274 0296 B800     		.short	184
 6275 0298 8D54     		.short	21645
 6276 029a CD00     		.short	205
 6277 029c 8E54     		.short	21646
 6278 029e DD00     		.short	221
 6279 02a0 8F54     		.short	21647
 6280 02a2 EA00     		.short	234
 6281 02a4 9054     		.short	21648
 6282 02a6 1D00     		.short	29
 6283 02a8 8055     		.short	21888
 6284 02aa 0200     		.short	2
 6285 02ac 8355     		.short	21891
 6286 02ae 4000     		.short	64
 6287 02b0 8455     		.short	21892
 6288 02b2 1000     		.short	16
 6289 02b4 8955     		.short	21897
 6290 02b6 1000     		.short	16
 6291 02b8 8A55     		.short	21898
 6292 02ba 0000     		.short	0
 6293 02bc 8B55     		.short	21899
 6294 02be F800     		.short	248
 6295 02c0 0058     		.short	22528
 6296 02c2 2300     		.short	35
 6297 02c4 0158     		.short	22529
 6298 02c6 1400     		.short	20
 6299 02c8 0258     		.short	22530
 6300 02ca 0F00     		.short	15
 6301 02cc 0358     		.short	22531
 6302 02ce 0F00     		.short	15
 6303 02d0 0458     		.short	22532
 6304 02d2 1200     		.short	18
 6305 02d4 0558     		.short	22533
 6306 02d6 2600     		.short	38
 6307 02d8 0658     		.short	22534
 6308 02da 0C00     		.short	12
 6309 02dc 0758     		.short	22535
 6310 02de 0800     		.short	8
 6311 02e0 0858     		.short	22536
 6312 02e2 0500     		.short	5
 6313 02e4 0958     		.short	22537
 6314 02e6 0500     		.short	5
 6315 02e8 0A58     		.short	22538
 6316 02ea 0800     		.short	8
 6317 02ec 0B58     		.short	22539
 6318 02ee 0D00     		.short	13
 6319 02f0 0C58     		.short	22540
 6320 02f2 0800     		.short	8
 6321 02f4 0D58     		.short	22541
 6322 02f6 0300     		.short	3
 6323 02f8 0E58     		.short	22542
 6324 02fa 0000     		.short	0
 6325 02fc 0F58     		.short	22543
 6326 02fe 0000     		.short	0
 6327 0300 1058     		.short	22544
 6328 0302 0300     		.short	3
 6329 0304 1158     		.short	22545
ARM GAS  /tmp/ccy24VEl.s 			page 178


 6330 0306 0900     		.short	9
 6331 0308 1258     		.short	22546
 6332 030a 0700     		.short	7
 6333 030c 1358     		.short	22547
 6334 030e 0300     		.short	3
 6335 0310 1458     		.short	22548
 6336 0312 0000     		.short	0
 6337 0314 1558     		.short	22549
 6338 0316 0100     		.short	1
 6339 0318 1658     		.short	22550
 6340 031a 0300     		.short	3
 6341 031c 1758     		.short	22551
 6342 031e 0800     		.short	8
 6343 0320 1858     		.short	22552
 6344 0322 0D00     		.short	13
 6345 0324 1958     		.short	22553
 6346 0326 0800     		.short	8
 6347 0328 1A58     		.short	22554
 6348 032a 0500     		.short	5
 6349 032c 1B58     		.short	22555
 6350 032e 0600     		.short	6
 6351 0330 1C58     		.short	22556
 6352 0332 0800     		.short	8
 6353 0334 1D58     		.short	22557
 6354 0336 0E00     		.short	14
 6355 0338 1E58     		.short	22558
 6356 033a 2900     		.short	41
 6357 033c 1F58     		.short	22559
 6358 033e 1700     		.short	23
 6359 0340 2058     		.short	22560
 6360 0342 1100     		.short	17
 6361 0344 2158     		.short	22561
 6362 0346 1100     		.short	17
 6363 0348 2258     		.short	22562
 6364 034a 1500     		.short	21
 6365 034c 2358     		.short	22563
 6366 034e 2800     		.short	40
 6367 0350 2458     		.short	22564
 6368 0352 4600     		.short	70
 6369 0354 2558     		.short	22565
 6370 0356 2600     		.short	38
 6371 0358 2658     		.short	22566
 6372 035a 0800     		.short	8
 6373 035c 2758     		.short	22567
 6374 035e 2600     		.short	38
 6375 0360 2858     		.short	22568
 6376 0362 6400     		.short	100
 6377 0364 2958     		.short	22569
 6378 0366 2600     		.short	38
 6379 0368 2A58     		.short	22570
 6380 036a 2400     		.short	36
 6381 036c 2B58     		.short	22571
 6382 036e 2200     		.short	34
 6383 0370 2C58     		.short	22572
 6384 0372 2400     		.short	36
 6385 0374 2D58     		.short	22573
 6386 0376 2400     		.short	36
ARM GAS  /tmp/ccy24VEl.s 			page 179


 6387 0378 2E58     		.short	22574
 6388 037a 0600     		.short	6
 6389 037c 2F58     		.short	22575
 6390 037e 2200     		.short	34
 6391 0380 3058     		.short	22576
 6392 0382 4000     		.short	64
 6393 0384 3158     		.short	22577
 6394 0386 4200     		.short	66
 6395 0388 3258     		.short	22578
 6396 038a 2400     		.short	36
 6397 038c 3358     		.short	22579
 6398 038e 2600     		.short	38
 6399 0390 3458     		.short	22580
 6400 0392 2400     		.short	36
 6401 0394 3558     		.short	22581
 6402 0396 2200     		.short	34
 6403 0398 3658     		.short	22582
 6404 039a 2200     		.short	34
 6405 039c 3758     		.short	22583
 6406 039e 2600     		.short	38
 6407 03a0 3858     		.short	22584
 6408 03a2 4400     		.short	68
 6409 03a4 3958     		.short	22585
 6410 03a6 2400     		.short	36
 6411 03a8 3A58     		.short	22586
 6412 03aa 2600     		.short	38
 6413 03ac 3B58     		.short	22587
 6414 03ae 2800     		.short	40
 6415 03b0 3C58     		.short	22588
 6416 03b2 4200     		.short	66
 6417 03b4 3D58     		.short	22589
 6418 03b6 CE00     		.short	206
 6419 03b8 2550     		.short	20517
 6420 03ba 0000     		.short	0
 6421 03bc 0F3A     		.short	14863
 6422 03be 3000     		.short	48
 6423 03c0 103A     		.short	14864
 6424 03c2 2800     		.short	40
 6425 03c4 1B3A     		.short	14875
 6426 03c6 3000     		.short	48
 6427 03c8 1E3A     		.short	14878
 6428 03ca 2600     		.short	38
 6429 03cc 113A     		.short	14865
 6430 03ce 6000     		.short	96
 6431 03d0 1F3A     		.short	14879
 6432 03d2 1400     		.short	20
 6433 03d4 0830     		.short	12296
 6434 03d6 0200     		.short	2
 6435              		.global	OV5640_CAMERA_Driver
 6436              		.section	.data.OV5640_CAMERA_Driver,"aw"
 6437              		.align	2
 6440              	OV5640_CAMERA_Driver:
 6441 0000 00000000 		.word	OV5640_Init
 6442 0004 00000000 		.word	OV5640_DeInit
 6443 0008 00000000 		.word	OV5640_ReadID
 6444 000c 00000000 		.word	OV5640_GetCapabilities
 6445 0010 00000000 		.word	OV5640_SetLightMode
ARM GAS  /tmp/ccy24VEl.s 			page 180


 6446 0014 00000000 		.word	OV5640_SetColorEffect
 6447 0018 00000000 		.word	OV5640_SetBrightness
 6448 001c 00000000 		.word	OV5640_SetSaturation
 6449 0020 00000000 		.word	OV5640_SetContrast
 6450 0024 00000000 		.word	OV5640_SetHueDegree
 6451 0028 00000000 		.word	OV5640_MirrorFlipConfig
 6452 002c 00000000 		.word	OV5640_ZoomConfig
 6453 0030 00000000 		.word	OV5640_SetResolution
 6454 0034 00000000 		.word	OV5640_GetResolution
 6455 0038 00000000 		.word	OV5640_SetPixelFormat
 6456 003c 00000000 		.word	OV5640_GetPixelFormat
 6457 0040 00000000 		.word	OV5640_NightModeConfig
 6458              		.section	.rodata
 6459              		.align	2
 6460              		.set	.LANCHOR0,. + 0
 6461              	.LC0:
 6462 0000 40302010 		.ascii	"@0 \020\000\020 0@"
 6462      00102030 
 6462      40
 6463 0009 000000   		.space	3
 6464              	.LC1:
 6465 000c 00102030 		.ascii	"\000\020 0\200p`P@"
 6465      80706050 
 6465      40
 6466 0015 000000   		.space	3
 6467              	.LC3:
 6468 0018 806F4000 		.ascii	"\200o@\000@o\200o@\000@o"
 6468      406F806F 
 6468      4000406F 
 6469              	.LC4:
 6470 0024 00406F80 		.ascii	"\000@o\200o@\000@o\200o@"
 6470      6F400040 
 6470      6F806F40 
 6471              		.text
 6472              	.Letext0:
 6473              		.file 2 "/usr/lib/gcc/arm-none-eabi/13.2.1/include/stdint.h"
 6474              		.file 3 "Core/Inc/ov5640_reg.h"
 6475              		.file 4 "Core/Inc/ov5640.h"
ARM GAS  /tmp/ccy24VEl.s 			page 181


DEFINED SYMBOLS
                            *ABS*:00000000 ov5640.c
     /tmp/ccy24VEl.s:20     .text.OV5640_DeInit:00000000 $t
     /tmp/ccy24VEl.s:26     .text.OV5640_DeInit:00000000 OV5640_DeInit
     /tmp/ccy24VEl.s:58     .text.OV5640_GetPixelFormat:00000000 $t
     /tmp/ccy24VEl.s:64     .text.OV5640_GetPixelFormat:00000000 OV5640_GetPixelFormat
     /tmp/ccy24VEl.s:84     .text.OV5640_GetCapabilities:00000000 $t
     /tmp/ccy24VEl.s:90     .text.OV5640_GetCapabilities:00000000 OV5640_GetCapabilities
     /tmp/ccy24VEl.s:152    .text.OV5640_Delay:00000000 $t
     /tmp/ccy24VEl.s:157    .text.OV5640_Delay:00000000 OV5640_Delay
     /tmp/ccy24VEl.s:207    .text.OV5640_ReadRegWrap:00000000 $t
     /tmp/ccy24VEl.s:212    .text.OV5640_ReadRegWrap:00000000 OV5640_ReadRegWrap
     /tmp/ccy24VEl.s:242    .text.OV5640_WriteRegWrap:00000000 $t
     /tmp/ccy24VEl.s:247    .text.OV5640_WriteRegWrap:00000000 OV5640_WriteRegWrap
     /tmp/ccy24VEl.s:277    .text.OV5640_SetResolution:00000000 $t
     /tmp/ccy24VEl.s:283    .text.OV5640_SetResolution:00000000 OV5640_SetResolution
     /tmp/ccy24VEl.s:321    .text.OV5640_SetResolution:00000018 $d
     /tmp/ccy24VEl.s:567    .text.OV5640_SetResolution:00000148 $d
     /tmp/ccy24VEl.s:5884   .rodata.OV5640_QQVGA.11:00000000 OV5640_QQVGA.11
     /tmp/ccy24VEl.s:5871   .rodata.OV5640_QVGA.10:00000000 OV5640_QVGA.10
     /tmp/ccy24VEl.s:5858   .rodata.OV5640_480x272.9:00000000 OV5640_480x272.9
     /tmp/ccy24VEl.s:5845   .rodata.OV5640_VGA.8:00000000 OV5640_VGA.8
     /tmp/ccy24VEl.s:5832   .rodata.OV5640_WVGA.7:00000000 OV5640_WVGA.7
     /tmp/ccy24VEl.s:576    .text.OV5640_SetLightMode:00000000 $t
     /tmp/ccy24VEl.s:582    .text.OV5640_SetLightMode:00000000 OV5640_SetLightMode
     /tmp/ccy24VEl.s:711    .text.OV5640_SetLightMode:0000008a $d
     /tmp/ccy24VEl.s:720    .text.OV5640_SetLightMode:00000092 $t
     /tmp/ccy24VEl.s:943    .text.OV5640_SetLightMode:000001a4 $d
     /tmp/ccy24VEl.s:5813   .rodata.OV5640_LightModeSunny.6:00000000 OV5640_LightModeSunny.6
     /tmp/ccy24VEl.s:5794   .rodata.OV5640_LightModeOffice.5:00000000 OV5640_LightModeOffice.5
     /tmp/ccy24VEl.s:5775   .rodata.OV5640_LightModeCloudy.4:00000000 OV5640_LightModeCloudy.4
     /tmp/ccy24VEl.s:5756   .rodata.OV5640_LightModeHome.3:00000000 OV5640_LightModeHome.3
     /tmp/ccy24VEl.s:5737   .rodata.OV5640_LightModeAuto.2:00000000 OV5640_LightModeAuto.2
     /tmp/ccy24VEl.s:952    .text.OV5640_SetColorEffect:00000000 $t
     /tmp/ccy24VEl.s:958    .text.OV5640_SetColorEffect:00000000 OV5640_SetColorEffect
     /tmp/ccy24VEl.s:984    .text.OV5640_SetColorEffect:00000010 $d
     /tmp/ccy24VEl.s:1016   .text.OV5640_SetColorEffect:00000050 $t
     /tmp/ccy24VEl.s:1642   .text.OV5640_SetBrightness:00000000 $t
     /tmp/ccy24VEl.s:1648   .text.OV5640_SetBrightness:00000000 OV5640_SetBrightness
     /tmp/ccy24VEl.s:1809   .text.OV5640_SetBrightness:000000b4 $d
     /tmp/ccy24VEl.s:1814   .text.OV5640_SetSaturation:00000000 $t
     /tmp/ccy24VEl.s:1820   .text.OV5640_SetSaturation:00000000 OV5640_SetSaturation
     /tmp/ccy24VEl.s:1985   .text.OV5640_SetSaturation:000000b4 $d
     /tmp/ccy24VEl.s:1990   .rodata.OV5640_SetContrast.str1.4:00000000 $d
     /tmp/ccy24VEl.s:1994   .text.OV5640_SetContrast:00000000 $t
     /tmp/ccy24VEl.s:2000   .text.OV5640_SetContrast:00000000 OV5640_SetContrast
     /tmp/ccy24VEl.s:2165   .text.OV5640_SetContrast:000000b4 $d
     /tmp/ccy24VEl.s:2170   .rodata.OV5640_SetHueDegree.str1.4:00000000 $d
     /tmp/ccy24VEl.s:2174   .text.OV5640_SetHueDegree:00000000 $t
     /tmp/ccy24VEl.s:2180   .text.OV5640_SetHueDegree:00000000 OV5640_SetHueDegree
     /tmp/ccy24VEl.s:2374   .text.OV5640_SetHueDegree:000000e8 $d
     /tmp/ccy24VEl.s:2380   .text.OV5640_SetPixelFormat:00000000 $t
     /tmp/ccy24VEl.s:2386   .text.OV5640_SetPixelFormat:00000000 OV5640_SetPixelFormat
     /tmp/ccy24VEl.s:2441   .text.OV5640_SetPixelFormat:0000002e $d
     /tmp/ccy24VEl.s:2450   .text.OV5640_SetPixelFormat:00000036 $t
     /tmp/ccy24VEl.s:2849   .text.OV5640_SetPixelFormat:00000244 $d
     /tmp/ccy24VEl.s:5933   .rodata.OV5640_PF_YUV422.16:00000000 OV5640_PF_YUV422.16
ARM GAS  /tmp/ccy24VEl.s 			page 182


     /tmp/ccy24VEl.s:5924   .rodata.OV5640_PF_RGB888.15:00000000 OV5640_PF_RGB888.15
     /tmp/ccy24VEl.s:5915   .rodata.OV5640_PF_Y8.14:00000000 OV5640_PF_Y8.14
     /tmp/ccy24VEl.s:5906   .rodata.OV5640_PF_JPEG.13:00000000 OV5640_PF_JPEG.13
     /tmp/ccy24VEl.s:5897   .rodata.OV5640_PF_RGB565.12:00000000 OV5640_PF_RGB565.12
     /tmp/ccy24VEl.s:2858   .text.OV5640_GetResolution:00000000 $t
     /tmp/ccy24VEl.s:2864   .text.OV5640_GetResolution:00000000 OV5640_GetResolution
     /tmp/ccy24VEl.s:3095   .text.OV5640_ZoomConfig:00000000 $t
     /tmp/ccy24VEl.s:3101   .text.OV5640_ZoomConfig:00000000 OV5640_ZoomConfig
     /tmp/ccy24VEl.s:3242   .text.OV5640_ReadID:00000000 $t
     /tmp/ccy24VEl.s:3248   .text.OV5640_ReadID:00000000 OV5640_ReadID
     /tmp/ccy24VEl.s:3362   .text.OV5640_MirrorFlipConfig:00000000 $t
     /tmp/ccy24VEl.s:3368   .text.OV5640_MirrorFlipConfig:00000000 OV5640_MirrorFlipConfig
     /tmp/ccy24VEl.s:3605   .text.OV5640_NightModeConfig:00000000 $t
     /tmp/ccy24VEl.s:3611   .text.OV5640_NightModeConfig:00000000 OV5640_NightModeConfig
     /tmp/ccy24VEl.s:4012   .text.OV5640_RegisterBusIO:00000000 $t
     /tmp/ccy24VEl.s:4018   .text.OV5640_RegisterBusIO:00000000 OV5640_RegisterBusIO
     /tmp/ccy24VEl.s:4115   .text.OV5640_RegisterBusIO:0000003c $d
     /tmp/ccy24VEl.s:4121   .text.OV5640_SetPolarities:00000000 $t
     /tmp/ccy24VEl.s:4127   .text.OV5640_SetPolarities:00000000 OV5640_SetPolarities
     /tmp/ccy24VEl.s:4233   .text.OV5640_GetPolarities:00000000 $t
     /tmp/ccy24VEl.s:4239   .text.OV5640_GetPolarities:00000000 OV5640_GetPolarities
     /tmp/ccy24VEl.s:4354   .text.OV5640_EmbeddedSynchroConfig:00000000 $t
     /tmp/ccy24VEl.s:4360   .text.OV5640_EmbeddedSynchroConfig:00000000 OV5640_EmbeddedSynchroConfig
     /tmp/ccy24VEl.s:4594   .text.OV5640_ColorbarModeConfig:00000000 $t
     /tmp/ccy24VEl.s:4600   .text.OV5640_ColorbarModeConfig:00000000 OV5640_ColorbarModeConfig
     /tmp/ccy24VEl.s:4754   .text.OV5640_SetPCLK:00000000 $t
     /tmp/ccy24VEl.s:4760   .text.OV5640_SetPCLK:00000000 OV5640_SetPCLK
     /tmp/ccy24VEl.s:4784   .text.OV5640_SetPCLK:0000000e $d
     /tmp/ccy24VEl.s:4794   .text.OV5640_SetPCLK:00000018 $t
     /tmp/ccy24VEl.s:5067   .text.OV5640_EnableDVPMode:00000000 $t
     /tmp/ccy24VEl.s:5073   .text.OV5640_EnableDVPMode:00000000 OV5640_EnableDVPMode
     /tmp/ccy24VEl.s:5152   .text.OV5640_EnableDVPMode:0000003c $d
     /tmp/ccy24VEl.s:5712   .rodata.regs.1:00000000 regs.1
     /tmp/ccy24VEl.s:5157   .text.OV5640_EnableMIPIMode:00000000 $t
     /tmp/ccy24VEl.s:5163   .text.OV5640_EnableMIPIMode:00000000 OV5640_EnableMIPIMode
     /tmp/ccy24VEl.s:5242   .text.OV5640_EnableMIPIMode:0000003c $d
     /tmp/ccy24VEl.s:5679   .rodata.regs.0:00000000 regs.0
     /tmp/ccy24VEl.s:5247   .text.OV5640_SetMIPIVirtualChannel:00000000 $t
     /tmp/ccy24VEl.s:5253   .text.OV5640_SetMIPIVirtualChannel:00000000 OV5640_SetMIPIVirtualChannel
     /tmp/ccy24VEl.s:5338   .text.OV5640_Init:00000000 $t
     /tmp/ccy24VEl.s:5344   .text.OV5640_Init:00000000 OV5640_Init
     /tmp/ccy24VEl.s:5579   .text.OV5640_Init:00000100 $d
     /tmp/ccy24VEl.s:5942   .rodata.OV5640_Common.17:00000000 OV5640_Common.17
     /tmp/ccy24VEl.s:5584   .text.OV5640_Start:00000000 $t
     /tmp/ccy24VEl.s:5590   .text.OV5640_Start:00000000 OV5640_Start
     /tmp/ccy24VEl.s:5630   .text.OV5640_Stop:00000000 $t
     /tmp/ccy24VEl.s:5636   .text.OV5640_Stop:00000000 OV5640_Stop
     /tmp/ccy24VEl.s:5676   .rodata.regs.0:00000000 $d
     /tmp/ccy24VEl.s:5709   .rodata.regs.1:00000000 $d
     /tmp/ccy24VEl.s:5734   .rodata.OV5640_LightModeAuto.2:00000000 $d
     /tmp/ccy24VEl.s:5753   .rodata.OV5640_LightModeHome.3:00000000 $d
     /tmp/ccy24VEl.s:5772   .rodata.OV5640_LightModeCloudy.4:00000000 $d
     /tmp/ccy24VEl.s:5791   .rodata.OV5640_LightModeOffice.5:00000000 $d
     /tmp/ccy24VEl.s:5810   .rodata.OV5640_LightModeSunny.6:00000000 $d
     /tmp/ccy24VEl.s:5829   .rodata.OV5640_WVGA.7:00000000 $d
     /tmp/ccy24VEl.s:5842   .rodata.OV5640_VGA.8:00000000 $d
     /tmp/ccy24VEl.s:5855   .rodata.OV5640_480x272.9:00000000 $d
ARM GAS  /tmp/ccy24VEl.s 			page 183


     /tmp/ccy24VEl.s:5868   .rodata.OV5640_QVGA.10:00000000 $d
     /tmp/ccy24VEl.s:5881   .rodata.OV5640_QQVGA.11:00000000 $d
     /tmp/ccy24VEl.s:5894   .rodata.OV5640_PF_RGB565.12:00000000 $d
     /tmp/ccy24VEl.s:5903   .rodata.OV5640_PF_JPEG.13:00000000 $d
     /tmp/ccy24VEl.s:5912   .rodata.OV5640_PF_Y8.14:00000000 $d
     /tmp/ccy24VEl.s:5921   .rodata.OV5640_PF_RGB888.15:00000000 $d
     /tmp/ccy24VEl.s:5930   .rodata.OV5640_PF_YUV422.16:00000000 $d
     /tmp/ccy24VEl.s:5939   .rodata.OV5640_Common.17:00000000 $d
     /tmp/ccy24VEl.s:6440   .data.OV5640_CAMERA_Driver:00000000 OV5640_CAMERA_Driver
     /tmp/ccy24VEl.s:6437   .data.OV5640_CAMERA_Driver:00000000 $d
     /tmp/ccy24VEl.s:6459   .rodata:00000000 $d
     /tmp/ccy24VEl.s:327    .text.OV5640_SetResolution:0000001d $d
     /tmp/ccy24VEl.s:327    .text.OV5640_SetResolution:0000001e $t

UNDEFINED SYMBOLS
ov5640_write_reg
ov5640_read_reg
