ARM GAS  /tmp/ccuwOubA.s 			page 1


   1              		.cpu cortex-m7
   2              		.arch armv7e-m
   3              		.fpu fpv5-d16
   4              		.eabi_attribute 28, 1
   5              		.eabi_attribute 20, 1
   6              		.eabi_attribute 21, 1
   7              		.eabi_attribute 23, 3
   8              		.eabi_attribute 24, 1
   9              		.eabi_attribute 25, 1
  10              		.eabi_attribute 26, 1
  11              		.eabi_attribute 30, 1
  12              		.eabi_attribute 34, 1
  13              		.eabi_attribute 18, 4
  14              		.file	"stm32h7xx_hal_flash.c"
  15              		.text
  16              	.Ltext0:
  17              		.cfi_sections	.debug_frame
  18              		.file 1 "Drivers/STM32H7xx_HAL_Driver/Src/stm32h7xx_hal_flash.c"
  19              		.section	.text.HAL_FLASH_EndOfOperationCallback,"ax",%progbits
  20              		.align	1
  21              		.weak	HAL_FLASH_EndOfOperationCallback
  22              		.syntax unified
  23              		.thumb
  24              		.thumb_func
  26              	HAL_FLASH_EndOfOperationCallback:
  27              	.LVL0:
  28              	.LFB149:
   1:Drivers/STM32H7xx_HAL_Driver/Src/stm32h7xx_hal_flash.c **** /**
   2:Drivers/STM32H7xx_HAL_Driver/Src/stm32h7xx_hal_flash.c ****   ******************************************************************************
   3:Drivers/STM32H7xx_HAL_Driver/Src/stm32h7xx_hal_flash.c ****   * @file    stm32h7xx_hal_flash.c
   4:Drivers/STM32H7xx_HAL_Driver/Src/stm32h7xx_hal_flash.c ****   * @author  MCD Application Team
   5:Drivers/STM32H7xx_HAL_Driver/Src/stm32h7xx_hal_flash.c ****   * @brief   FLASH HAL module driver.
   6:Drivers/STM32H7xx_HAL_Driver/Src/stm32h7xx_hal_flash.c ****   *          This file provides firmware functions to manage the following
   7:Drivers/STM32H7xx_HAL_Driver/Src/stm32h7xx_hal_flash.c ****   *          functionalities of the internal FLASH memory:
   8:Drivers/STM32H7xx_HAL_Driver/Src/stm32h7xx_hal_flash.c ****   *           + Program operations functions
   9:Drivers/STM32H7xx_HAL_Driver/Src/stm32h7xx_hal_flash.c ****   *           + Memory Control functions
  10:Drivers/STM32H7xx_HAL_Driver/Src/stm32h7xx_hal_flash.c ****   *           + Peripheral Errors functions
  11:Drivers/STM32H7xx_HAL_Driver/Src/stm32h7xx_hal_flash.c ****   *
  12:Drivers/STM32H7xx_HAL_Driver/Src/stm32h7xx_hal_flash.c ****  @verbatim
  13:Drivers/STM32H7xx_HAL_Driver/Src/stm32h7xx_hal_flash.c ****   ==============================================================================
  14:Drivers/STM32H7xx_HAL_Driver/Src/stm32h7xx_hal_flash.c ****                         ##### FLASH peripheral features #####
  15:Drivers/STM32H7xx_HAL_Driver/Src/stm32h7xx_hal_flash.c ****   ==============================================================================
  16:Drivers/STM32H7xx_HAL_Driver/Src/stm32h7xx_hal_flash.c **** 
  17:Drivers/STM32H7xx_HAL_Driver/Src/stm32h7xx_hal_flash.c ****   [..] The Flash memory interface manages CPU AXI I-Code and D-Code accesses
  18:Drivers/STM32H7xx_HAL_Driver/Src/stm32h7xx_hal_flash.c ****        to the Flash memory. It implements the erase and program Flash memory operations
  19:Drivers/STM32H7xx_HAL_Driver/Src/stm32h7xx_hal_flash.c ****        and the read and write protection mechanisms.
  20:Drivers/STM32H7xx_HAL_Driver/Src/stm32h7xx_hal_flash.c **** 
  21:Drivers/STM32H7xx_HAL_Driver/Src/stm32h7xx_hal_flash.c ****   [..] The FLASH main features are:
  22:Drivers/STM32H7xx_HAL_Driver/Src/stm32h7xx_hal_flash.c ****       (+) Flash memory read operations
  23:Drivers/STM32H7xx_HAL_Driver/Src/stm32h7xx_hal_flash.c ****       (+) Flash memory program/erase operations
  24:Drivers/STM32H7xx_HAL_Driver/Src/stm32h7xx_hal_flash.c ****       (+) Read / write protections
  25:Drivers/STM32H7xx_HAL_Driver/Src/stm32h7xx_hal_flash.c ****       (+) Option bytes programming
  26:Drivers/STM32H7xx_HAL_Driver/Src/stm32h7xx_hal_flash.c ****       (+) Error code correction (ECC) : Data in flash are 266-bits word
  27:Drivers/STM32H7xx_HAL_Driver/Src/stm32h7xx_hal_flash.c ****           (10 bits added per flash word)
  28:Drivers/STM32H7xx_HAL_Driver/Src/stm32h7xx_hal_flash.c **** 
  29:Drivers/STM32H7xx_HAL_Driver/Src/stm32h7xx_hal_flash.c ****                         ##### How to use this driver #####
  30:Drivers/STM32H7xx_HAL_Driver/Src/stm32h7xx_hal_flash.c ****  ==============================================================================
ARM GAS  /tmp/ccuwOubA.s 			page 2


  31:Drivers/STM32H7xx_HAL_Driver/Src/stm32h7xx_hal_flash.c ****     [..]
  32:Drivers/STM32H7xx_HAL_Driver/Src/stm32h7xx_hal_flash.c ****       This driver provides functions and macros to configure and program the FLASH
  33:Drivers/STM32H7xx_HAL_Driver/Src/stm32h7xx_hal_flash.c ****       memory of all STM32H7xx devices.
  34:Drivers/STM32H7xx_HAL_Driver/Src/stm32h7xx_hal_flash.c **** 
  35:Drivers/STM32H7xx_HAL_Driver/Src/stm32h7xx_hal_flash.c ****       (#) FLASH Memory IO Programming functions:
  36:Drivers/STM32H7xx_HAL_Driver/Src/stm32h7xx_hal_flash.c ****            (++) Lock and Unlock the FLASH interface using HAL_FLASH_Unlock() and
  37:Drivers/STM32H7xx_HAL_Driver/Src/stm32h7xx_hal_flash.c ****                 HAL_FLASH_Lock() functions
  38:Drivers/STM32H7xx_HAL_Driver/Src/stm32h7xx_hal_flash.c ****            (++) Program functions: 256-bit word only
  39:Drivers/STM32H7xx_HAL_Driver/Src/stm32h7xx_hal_flash.c ****            (++) There Two modes of programming :
  40:Drivers/STM32H7xx_HAL_Driver/Src/stm32h7xx_hal_flash.c ****             (+++) Polling mode using HAL_FLASH_Program() function
  41:Drivers/STM32H7xx_HAL_Driver/Src/stm32h7xx_hal_flash.c ****             (+++) Interrupt mode using HAL_FLASH_Program_IT() function
  42:Drivers/STM32H7xx_HAL_Driver/Src/stm32h7xx_hal_flash.c **** 
  43:Drivers/STM32H7xx_HAL_Driver/Src/stm32h7xx_hal_flash.c ****       (#) Interrupts and flags management functions :
  44:Drivers/STM32H7xx_HAL_Driver/Src/stm32h7xx_hal_flash.c ****            (++) Handle FLASH interrupts by calling HAL_FLASH_IRQHandler()
  45:Drivers/STM32H7xx_HAL_Driver/Src/stm32h7xx_hal_flash.c ****            (++) Callback functions are called when the flash operations are finished :
  46:Drivers/STM32H7xx_HAL_Driver/Src/stm32h7xx_hal_flash.c ****                 HAL_FLASH_EndOfOperationCallback() when everything is ok, otherwise
  47:Drivers/STM32H7xx_HAL_Driver/Src/stm32h7xx_hal_flash.c ****                 HAL_FLASH_OperationErrorCallback()
  48:Drivers/STM32H7xx_HAL_Driver/Src/stm32h7xx_hal_flash.c ****            (++) Get error flag status by calling HAL_FLASH_GetError()
  49:Drivers/STM32H7xx_HAL_Driver/Src/stm32h7xx_hal_flash.c **** 
  50:Drivers/STM32H7xx_HAL_Driver/Src/stm32h7xx_hal_flash.c ****       (#) Option bytes management functions :
  51:Drivers/STM32H7xx_HAL_Driver/Src/stm32h7xx_hal_flash.c ****            (++) Lock and Unlock the option bytes using HAL_FLASH_OB_Unlock() and
  52:Drivers/STM32H7xx_HAL_Driver/Src/stm32h7xx_hal_flash.c ****                 HAL_FLASH_OB_Lock() functions
  53:Drivers/STM32H7xx_HAL_Driver/Src/stm32h7xx_hal_flash.c ****            (++) Launch the reload of the option bytes using HAL_FLASH_OB_Launch() function.
  54:Drivers/STM32H7xx_HAL_Driver/Src/stm32h7xx_hal_flash.c ****                 In this case, a reset is generated
  55:Drivers/STM32H7xx_HAL_Driver/Src/stm32h7xx_hal_flash.c ****     [..]
  56:Drivers/STM32H7xx_HAL_Driver/Src/stm32h7xx_hal_flash.c ****       In addition to these functions, this driver includes a set of macros allowing
  57:Drivers/STM32H7xx_HAL_Driver/Src/stm32h7xx_hal_flash.c ****       to handle the following operations:
  58:Drivers/STM32H7xx_HAL_Driver/Src/stm32h7xx_hal_flash.c ****        (+) Set the latency
  59:Drivers/STM32H7xx_HAL_Driver/Src/stm32h7xx_hal_flash.c ****        (+) Enable/Disable the FLASH interrupts
  60:Drivers/STM32H7xx_HAL_Driver/Src/stm32h7xx_hal_flash.c ****        (+) Monitor the FLASH flags status
  61:Drivers/STM32H7xx_HAL_Driver/Src/stm32h7xx_hal_flash.c ****      [..]
  62:Drivers/STM32H7xx_HAL_Driver/Src/stm32h7xx_hal_flash.c ****     (@) For any Flash memory program operation (erase or program), the CPU clock frequency
  63:Drivers/STM32H7xx_HAL_Driver/Src/stm32h7xx_hal_flash.c ****         (HCLK) must be at least 1MHz.
  64:Drivers/STM32H7xx_HAL_Driver/Src/stm32h7xx_hal_flash.c ****     (@) The contents of the Flash memory are not guaranteed if a device reset occurs during
  65:Drivers/STM32H7xx_HAL_Driver/Src/stm32h7xx_hal_flash.c ****         a Flash memory operation.
  66:Drivers/STM32H7xx_HAL_Driver/Src/stm32h7xx_hal_flash.c ****     (@) The application can simultaneously request a read and a write operation through each AXI
  67:Drivers/STM32H7xx_HAL_Driver/Src/stm32h7xx_hal_flash.c ****         interface.
  68:Drivers/STM32H7xx_HAL_Driver/Src/stm32h7xx_hal_flash.c ****         As the Flash memory is divided into two independent banks, the embedded Flash
  69:Drivers/STM32H7xx_HAL_Driver/Src/stm32h7xx_hal_flash.c ****         memory interface can drive different operations at the same time on each bank. For
  70:Drivers/STM32H7xx_HAL_Driver/Src/stm32h7xx_hal_flash.c ****         example a read, write or erase operation can be executed on bank 1 while another read,
  71:Drivers/STM32H7xx_HAL_Driver/Src/stm32h7xx_hal_flash.c ****         write or erase operation is executed on bank 2.
  72:Drivers/STM32H7xx_HAL_Driver/Src/stm32h7xx_hal_flash.c **** 
  73:Drivers/STM32H7xx_HAL_Driver/Src/stm32h7xx_hal_flash.c ****  @endverbatim
  74:Drivers/STM32H7xx_HAL_Driver/Src/stm32h7xx_hal_flash.c ****   ******************************************************************************
  75:Drivers/STM32H7xx_HAL_Driver/Src/stm32h7xx_hal_flash.c ****   * @attention
  76:Drivers/STM32H7xx_HAL_Driver/Src/stm32h7xx_hal_flash.c ****   *
  77:Drivers/STM32H7xx_HAL_Driver/Src/stm32h7xx_hal_flash.c ****   * Copyright (c) 2017 STMicroelectronics.
  78:Drivers/STM32H7xx_HAL_Driver/Src/stm32h7xx_hal_flash.c ****   * All rights reserved.
  79:Drivers/STM32H7xx_HAL_Driver/Src/stm32h7xx_hal_flash.c ****   *
  80:Drivers/STM32H7xx_HAL_Driver/Src/stm32h7xx_hal_flash.c ****   * This software is licensed under terms that can be found in the LICENSE file in
  81:Drivers/STM32H7xx_HAL_Driver/Src/stm32h7xx_hal_flash.c ****   * the root directory of this software component.
  82:Drivers/STM32H7xx_HAL_Driver/Src/stm32h7xx_hal_flash.c ****   * If no LICENSE file comes with this software, it is provided AS-IS.
  83:Drivers/STM32H7xx_HAL_Driver/Src/stm32h7xx_hal_flash.c ****   ******************************************************************************
  84:Drivers/STM32H7xx_HAL_Driver/Src/stm32h7xx_hal_flash.c ****   */
  85:Drivers/STM32H7xx_HAL_Driver/Src/stm32h7xx_hal_flash.c **** 
  86:Drivers/STM32H7xx_HAL_Driver/Src/stm32h7xx_hal_flash.c **** /* Includes ------------------------------------------------------------------*/
  87:Drivers/STM32H7xx_HAL_Driver/Src/stm32h7xx_hal_flash.c **** #include "stm32h7xx_hal.h"
ARM GAS  /tmp/ccuwOubA.s 			page 3


  88:Drivers/STM32H7xx_HAL_Driver/Src/stm32h7xx_hal_flash.c **** 
  89:Drivers/STM32H7xx_HAL_Driver/Src/stm32h7xx_hal_flash.c **** /** @addtogroup STM32H7xx_HAL_Driver
  90:Drivers/STM32H7xx_HAL_Driver/Src/stm32h7xx_hal_flash.c ****   * @{
  91:Drivers/STM32H7xx_HAL_Driver/Src/stm32h7xx_hal_flash.c ****   */
  92:Drivers/STM32H7xx_HAL_Driver/Src/stm32h7xx_hal_flash.c **** 
  93:Drivers/STM32H7xx_HAL_Driver/Src/stm32h7xx_hal_flash.c **** /** @defgroup FLASH FLASH
  94:Drivers/STM32H7xx_HAL_Driver/Src/stm32h7xx_hal_flash.c ****   * @brief FLASH HAL module driver
  95:Drivers/STM32H7xx_HAL_Driver/Src/stm32h7xx_hal_flash.c ****   * @{
  96:Drivers/STM32H7xx_HAL_Driver/Src/stm32h7xx_hal_flash.c ****   */
  97:Drivers/STM32H7xx_HAL_Driver/Src/stm32h7xx_hal_flash.c **** 
  98:Drivers/STM32H7xx_HAL_Driver/Src/stm32h7xx_hal_flash.c **** #ifdef HAL_FLASH_MODULE_ENABLED
  99:Drivers/STM32H7xx_HAL_Driver/Src/stm32h7xx_hal_flash.c **** 
 100:Drivers/STM32H7xx_HAL_Driver/Src/stm32h7xx_hal_flash.c **** /* Private typedef -----------------------------------------------------------*/
 101:Drivers/STM32H7xx_HAL_Driver/Src/stm32h7xx_hal_flash.c **** /* Private define ------------------------------------------------------------*/
 102:Drivers/STM32H7xx_HAL_Driver/Src/stm32h7xx_hal_flash.c **** /** @addtogroup FLASH_Private_Constants
 103:Drivers/STM32H7xx_HAL_Driver/Src/stm32h7xx_hal_flash.c ****   * @{
 104:Drivers/STM32H7xx_HAL_Driver/Src/stm32h7xx_hal_flash.c ****   */
 105:Drivers/STM32H7xx_HAL_Driver/Src/stm32h7xx_hal_flash.c **** #define FLASH_TIMEOUT_VALUE              50000U /* 50 s */
 106:Drivers/STM32H7xx_HAL_Driver/Src/stm32h7xx_hal_flash.c **** /**
 107:Drivers/STM32H7xx_HAL_Driver/Src/stm32h7xx_hal_flash.c ****   * @}
 108:Drivers/STM32H7xx_HAL_Driver/Src/stm32h7xx_hal_flash.c ****   */
 109:Drivers/STM32H7xx_HAL_Driver/Src/stm32h7xx_hal_flash.c **** /* Private macro -------------------------------------------------------------*/
 110:Drivers/STM32H7xx_HAL_Driver/Src/stm32h7xx_hal_flash.c **** /* Private variables ---------------------------------------------------------*/
 111:Drivers/STM32H7xx_HAL_Driver/Src/stm32h7xx_hal_flash.c **** /** @addtogroup FLASH_Private_Variables
 112:Drivers/STM32H7xx_HAL_Driver/Src/stm32h7xx_hal_flash.c ****   * @{
 113:Drivers/STM32H7xx_HAL_Driver/Src/stm32h7xx_hal_flash.c ****   */
 114:Drivers/STM32H7xx_HAL_Driver/Src/stm32h7xx_hal_flash.c **** FLASH_ProcessTypeDef pFlash  = {.ProcedureOnGoing = FLASH_PROC_NONE,
 115:Drivers/STM32H7xx_HAL_Driver/Src/stm32h7xx_hal_flash.c ****                                 .NbSectorsToErase = 0U,
 116:Drivers/STM32H7xx_HAL_Driver/Src/stm32h7xx_hal_flash.c ****                                 .VoltageForErase= 0U,
 117:Drivers/STM32H7xx_HAL_Driver/Src/stm32h7xx_hal_flash.c ****                                 .Sector = 0U,
 118:Drivers/STM32H7xx_HAL_Driver/Src/stm32h7xx_hal_flash.c ****                                 .Address = 0U,
 119:Drivers/STM32H7xx_HAL_Driver/Src/stm32h7xx_hal_flash.c ****                                 .Lock = HAL_UNLOCKED,
 120:Drivers/STM32H7xx_HAL_Driver/Src/stm32h7xx_hal_flash.c ****                                 .ErrorCode = HAL_FLASH_ERROR_NONE};
 121:Drivers/STM32H7xx_HAL_Driver/Src/stm32h7xx_hal_flash.c **** /**
 122:Drivers/STM32H7xx_HAL_Driver/Src/stm32h7xx_hal_flash.c ****   * @}
 123:Drivers/STM32H7xx_HAL_Driver/Src/stm32h7xx_hal_flash.c ****   */
 124:Drivers/STM32H7xx_HAL_Driver/Src/stm32h7xx_hal_flash.c **** /* Private function prototypes -----------------------------------------------*/
 125:Drivers/STM32H7xx_HAL_Driver/Src/stm32h7xx_hal_flash.c **** /* Exported functions ---------------------------------------------------------*/
 126:Drivers/STM32H7xx_HAL_Driver/Src/stm32h7xx_hal_flash.c **** 
 127:Drivers/STM32H7xx_HAL_Driver/Src/stm32h7xx_hal_flash.c **** /** @defgroup FLASH_Exported_Functions FLASH Exported functions
 128:Drivers/STM32H7xx_HAL_Driver/Src/stm32h7xx_hal_flash.c ****   * @{
 129:Drivers/STM32H7xx_HAL_Driver/Src/stm32h7xx_hal_flash.c ****   */
 130:Drivers/STM32H7xx_HAL_Driver/Src/stm32h7xx_hal_flash.c **** 
 131:Drivers/STM32H7xx_HAL_Driver/Src/stm32h7xx_hal_flash.c **** /** @defgroup FLASH_Exported_Functions_Group1 Programming operation functions
 132:Drivers/STM32H7xx_HAL_Driver/Src/stm32h7xx_hal_flash.c ****   *  @brief   Programming operation functions
 133:Drivers/STM32H7xx_HAL_Driver/Src/stm32h7xx_hal_flash.c ****   *
 134:Drivers/STM32H7xx_HAL_Driver/Src/stm32h7xx_hal_flash.c **** @verbatim
 135:Drivers/STM32H7xx_HAL_Driver/Src/stm32h7xx_hal_flash.c ****  ===============================================================================
 136:Drivers/STM32H7xx_HAL_Driver/Src/stm32h7xx_hal_flash.c ****                   ##### Programming operation functions #####
 137:Drivers/STM32H7xx_HAL_Driver/Src/stm32h7xx_hal_flash.c ****  ===============================================================================
 138:Drivers/STM32H7xx_HAL_Driver/Src/stm32h7xx_hal_flash.c ****     [..]
 139:Drivers/STM32H7xx_HAL_Driver/Src/stm32h7xx_hal_flash.c ****     This subsection provides a set of functions allowing to manage the FLASH
 140:Drivers/STM32H7xx_HAL_Driver/Src/stm32h7xx_hal_flash.c ****     program operations.
 141:Drivers/STM32H7xx_HAL_Driver/Src/stm32h7xx_hal_flash.c **** 
 142:Drivers/STM32H7xx_HAL_Driver/Src/stm32h7xx_hal_flash.c **** @endverbatim
 143:Drivers/STM32H7xx_HAL_Driver/Src/stm32h7xx_hal_flash.c ****   * @{
 144:Drivers/STM32H7xx_HAL_Driver/Src/stm32h7xx_hal_flash.c ****   */
ARM GAS  /tmp/ccuwOubA.s 			page 4


 145:Drivers/STM32H7xx_HAL_Driver/Src/stm32h7xx_hal_flash.c **** 
 146:Drivers/STM32H7xx_HAL_Driver/Src/stm32h7xx_hal_flash.c **** /**
 147:Drivers/STM32H7xx_HAL_Driver/Src/stm32h7xx_hal_flash.c ****   * @brief  Program a flash word at a specified address
 148:Drivers/STM32H7xx_HAL_Driver/Src/stm32h7xx_hal_flash.c ****   * @param  TypeProgram Indicate the way to program at a specified address.
 149:Drivers/STM32H7xx_HAL_Driver/Src/stm32h7xx_hal_flash.c ****   *         This parameter can be a value of @ref FLASH_Type_Program
 150:Drivers/STM32H7xx_HAL_Driver/Src/stm32h7xx_hal_flash.c ****   * @param  FlashAddress specifies the address to be programmed.
 151:Drivers/STM32H7xx_HAL_Driver/Src/stm32h7xx_hal_flash.c ****   *         This parameter shall be aligned to the Flash word:
 152:Drivers/STM32H7xx_HAL_Driver/Src/stm32h7xx_hal_flash.c ****   *          - 256 bits for STM32H74x/5X devices (8x 32bits words)
 153:Drivers/STM32H7xx_HAL_Driver/Src/stm32h7xx_hal_flash.c ****   *          - 128 bits for STM32H7Ax/BX devices (4x 32bits words)
 154:Drivers/STM32H7xx_HAL_Driver/Src/stm32h7xx_hal_flash.c ****   *          - 256 bits for STM32H72x/3X devices (8x 32bits words)
 155:Drivers/STM32H7xx_HAL_Driver/Src/stm32h7xx_hal_flash.c ****   * @param  DataAddress specifies the address of data to be programmed.
 156:Drivers/STM32H7xx_HAL_Driver/Src/stm32h7xx_hal_flash.c ****   *         This parameter shall be 32-bit aligned
 157:Drivers/STM32H7xx_HAL_Driver/Src/stm32h7xx_hal_flash.c ****   *
 158:Drivers/STM32H7xx_HAL_Driver/Src/stm32h7xx_hal_flash.c ****   * @retval HAL_StatusTypeDef HAL Status
 159:Drivers/STM32H7xx_HAL_Driver/Src/stm32h7xx_hal_flash.c ****   */
 160:Drivers/STM32H7xx_HAL_Driver/Src/stm32h7xx_hal_flash.c **** HAL_StatusTypeDef HAL_FLASH_Program(uint32_t TypeProgram, uint32_t FlashAddress, uint32_t DataAddre
 161:Drivers/STM32H7xx_HAL_Driver/Src/stm32h7xx_hal_flash.c **** {
 162:Drivers/STM32H7xx_HAL_Driver/Src/stm32h7xx_hal_flash.c ****   HAL_StatusTypeDef status;
 163:Drivers/STM32H7xx_HAL_Driver/Src/stm32h7xx_hal_flash.c ****   __IO uint32_t *dest_addr = (__IO uint32_t *)FlashAddress;
 164:Drivers/STM32H7xx_HAL_Driver/Src/stm32h7xx_hal_flash.c ****   __IO uint32_t *src_addr = (__IO uint32_t*)DataAddress;
 165:Drivers/STM32H7xx_HAL_Driver/Src/stm32h7xx_hal_flash.c ****   uint32_t bank;
 166:Drivers/STM32H7xx_HAL_Driver/Src/stm32h7xx_hal_flash.c ****   uint8_t row_index = FLASH_NB_32BITWORD_IN_FLASHWORD;
 167:Drivers/STM32H7xx_HAL_Driver/Src/stm32h7xx_hal_flash.c **** 
 168:Drivers/STM32H7xx_HAL_Driver/Src/stm32h7xx_hal_flash.c ****   /* Check the parameters */
 169:Drivers/STM32H7xx_HAL_Driver/Src/stm32h7xx_hal_flash.c ****   assert_param(IS_FLASH_TYPEPROGRAM(TypeProgram));
 170:Drivers/STM32H7xx_HAL_Driver/Src/stm32h7xx_hal_flash.c ****   assert_param(IS_FLASH_PROGRAM_ADDRESS(FlashAddress));
 171:Drivers/STM32H7xx_HAL_Driver/Src/stm32h7xx_hal_flash.c **** 
 172:Drivers/STM32H7xx_HAL_Driver/Src/stm32h7xx_hal_flash.c ****   /* Process Locked */
 173:Drivers/STM32H7xx_HAL_Driver/Src/stm32h7xx_hal_flash.c ****   __HAL_LOCK(&pFlash);
 174:Drivers/STM32H7xx_HAL_Driver/Src/stm32h7xx_hal_flash.c **** 
 175:Drivers/STM32H7xx_HAL_Driver/Src/stm32h7xx_hal_flash.c **** #if defined (FLASH_OPTCR_PG_OTP)
 176:Drivers/STM32H7xx_HAL_Driver/Src/stm32h7xx_hal_flash.c ****   if((IS_FLASH_PROGRAM_ADDRESS_BANK1(FlashAddress)) || (IS_FLASH_PROGRAM_ADDRESS_OTP(FlashAddress))
 177:Drivers/STM32H7xx_HAL_Driver/Src/stm32h7xx_hal_flash.c **** #else
 178:Drivers/STM32H7xx_HAL_Driver/Src/stm32h7xx_hal_flash.c ****   if(IS_FLASH_PROGRAM_ADDRESS_BANK1(FlashAddress))
 179:Drivers/STM32H7xx_HAL_Driver/Src/stm32h7xx_hal_flash.c **** #endif /* FLASH_OPTCR_PG_OTP */
 180:Drivers/STM32H7xx_HAL_Driver/Src/stm32h7xx_hal_flash.c ****   {
 181:Drivers/STM32H7xx_HAL_Driver/Src/stm32h7xx_hal_flash.c ****     bank = FLASH_BANK_1;
 182:Drivers/STM32H7xx_HAL_Driver/Src/stm32h7xx_hal_flash.c ****     /* Prevent unused argument(s) compilation warning */
 183:Drivers/STM32H7xx_HAL_Driver/Src/stm32h7xx_hal_flash.c ****     UNUSED(TypeProgram);
 184:Drivers/STM32H7xx_HAL_Driver/Src/stm32h7xx_hal_flash.c ****   }
 185:Drivers/STM32H7xx_HAL_Driver/Src/stm32h7xx_hal_flash.c **** #if defined (DUAL_BANK)
 186:Drivers/STM32H7xx_HAL_Driver/Src/stm32h7xx_hal_flash.c ****   else if(IS_FLASH_PROGRAM_ADDRESS_BANK2(FlashAddress))
 187:Drivers/STM32H7xx_HAL_Driver/Src/stm32h7xx_hal_flash.c ****   {
 188:Drivers/STM32H7xx_HAL_Driver/Src/stm32h7xx_hal_flash.c ****     bank = FLASH_BANK_2;
 189:Drivers/STM32H7xx_HAL_Driver/Src/stm32h7xx_hal_flash.c ****   }
 190:Drivers/STM32H7xx_HAL_Driver/Src/stm32h7xx_hal_flash.c **** #endif /* DUAL_BANK */
 191:Drivers/STM32H7xx_HAL_Driver/Src/stm32h7xx_hal_flash.c ****   else
 192:Drivers/STM32H7xx_HAL_Driver/Src/stm32h7xx_hal_flash.c ****   {
 193:Drivers/STM32H7xx_HAL_Driver/Src/stm32h7xx_hal_flash.c ****     return HAL_ERROR;
 194:Drivers/STM32H7xx_HAL_Driver/Src/stm32h7xx_hal_flash.c ****   }
 195:Drivers/STM32H7xx_HAL_Driver/Src/stm32h7xx_hal_flash.c **** 
 196:Drivers/STM32H7xx_HAL_Driver/Src/stm32h7xx_hal_flash.c ****   /* Reset error code */
 197:Drivers/STM32H7xx_HAL_Driver/Src/stm32h7xx_hal_flash.c ****   pFlash.ErrorCode = HAL_FLASH_ERROR_NONE;
 198:Drivers/STM32H7xx_HAL_Driver/Src/stm32h7xx_hal_flash.c **** 
 199:Drivers/STM32H7xx_HAL_Driver/Src/stm32h7xx_hal_flash.c ****   /* Wait for last operation to be completed */
 200:Drivers/STM32H7xx_HAL_Driver/Src/stm32h7xx_hal_flash.c ****   status = FLASH_WaitForLastOperation((uint32_t)FLASH_TIMEOUT_VALUE, bank);
 201:Drivers/STM32H7xx_HAL_Driver/Src/stm32h7xx_hal_flash.c **** 
ARM GAS  /tmp/ccuwOubA.s 			page 5


 202:Drivers/STM32H7xx_HAL_Driver/Src/stm32h7xx_hal_flash.c ****   if(status == HAL_OK)
 203:Drivers/STM32H7xx_HAL_Driver/Src/stm32h7xx_hal_flash.c ****   {
 204:Drivers/STM32H7xx_HAL_Driver/Src/stm32h7xx_hal_flash.c **** #if defined (DUAL_BANK)
 205:Drivers/STM32H7xx_HAL_Driver/Src/stm32h7xx_hal_flash.c ****     if(bank == FLASH_BANK_1)
 206:Drivers/STM32H7xx_HAL_Driver/Src/stm32h7xx_hal_flash.c ****     {
 207:Drivers/STM32H7xx_HAL_Driver/Src/stm32h7xx_hal_flash.c **** #if defined (FLASH_OPTCR_PG_OTP)
 208:Drivers/STM32H7xx_HAL_Driver/Src/stm32h7xx_hal_flash.c ****       if (TypeProgram == FLASH_TYPEPROGRAM_OTPWORD)
 209:Drivers/STM32H7xx_HAL_Driver/Src/stm32h7xx_hal_flash.c ****       {
 210:Drivers/STM32H7xx_HAL_Driver/Src/stm32h7xx_hal_flash.c ****         /* Set OTP_PG bit */
 211:Drivers/STM32H7xx_HAL_Driver/Src/stm32h7xx_hal_flash.c ****         SET_BIT(FLASH->OPTCR, FLASH_OPTCR_PG_OTP);
 212:Drivers/STM32H7xx_HAL_Driver/Src/stm32h7xx_hal_flash.c ****       }
 213:Drivers/STM32H7xx_HAL_Driver/Src/stm32h7xx_hal_flash.c ****       else
 214:Drivers/STM32H7xx_HAL_Driver/Src/stm32h7xx_hal_flash.c **** #endif /* FLASH_OPTCR_PG_OTP */
 215:Drivers/STM32H7xx_HAL_Driver/Src/stm32h7xx_hal_flash.c ****       {
 216:Drivers/STM32H7xx_HAL_Driver/Src/stm32h7xx_hal_flash.c ****         /* Set PG bit */
 217:Drivers/STM32H7xx_HAL_Driver/Src/stm32h7xx_hal_flash.c ****         SET_BIT(FLASH->CR1, FLASH_CR_PG);
 218:Drivers/STM32H7xx_HAL_Driver/Src/stm32h7xx_hal_flash.c ****       }
 219:Drivers/STM32H7xx_HAL_Driver/Src/stm32h7xx_hal_flash.c ****     }
 220:Drivers/STM32H7xx_HAL_Driver/Src/stm32h7xx_hal_flash.c ****     else
 221:Drivers/STM32H7xx_HAL_Driver/Src/stm32h7xx_hal_flash.c ****     {
 222:Drivers/STM32H7xx_HAL_Driver/Src/stm32h7xx_hal_flash.c ****       /* Set PG bit */
 223:Drivers/STM32H7xx_HAL_Driver/Src/stm32h7xx_hal_flash.c ****       SET_BIT(FLASH->CR2, FLASH_CR_PG);
 224:Drivers/STM32H7xx_HAL_Driver/Src/stm32h7xx_hal_flash.c ****     }
 225:Drivers/STM32H7xx_HAL_Driver/Src/stm32h7xx_hal_flash.c **** #else /* Single Bank */
 226:Drivers/STM32H7xx_HAL_Driver/Src/stm32h7xx_hal_flash.c **** #if defined (FLASH_OPTCR_PG_OTP)
 227:Drivers/STM32H7xx_HAL_Driver/Src/stm32h7xx_hal_flash.c ****       if (TypeProgram == FLASH_TYPEPROGRAM_OTPWORD)
 228:Drivers/STM32H7xx_HAL_Driver/Src/stm32h7xx_hal_flash.c ****       {
 229:Drivers/STM32H7xx_HAL_Driver/Src/stm32h7xx_hal_flash.c ****         /* Set OTP_PG bit */
 230:Drivers/STM32H7xx_HAL_Driver/Src/stm32h7xx_hal_flash.c ****         SET_BIT(FLASH->OPTCR, FLASH_OPTCR_PG_OTP);
 231:Drivers/STM32H7xx_HAL_Driver/Src/stm32h7xx_hal_flash.c ****       }
 232:Drivers/STM32H7xx_HAL_Driver/Src/stm32h7xx_hal_flash.c ****       else
 233:Drivers/STM32H7xx_HAL_Driver/Src/stm32h7xx_hal_flash.c **** #endif /* FLASH_OPTCR_PG_OTP */
 234:Drivers/STM32H7xx_HAL_Driver/Src/stm32h7xx_hal_flash.c ****       {
 235:Drivers/STM32H7xx_HAL_Driver/Src/stm32h7xx_hal_flash.c ****         /* Set PG bit */
 236:Drivers/STM32H7xx_HAL_Driver/Src/stm32h7xx_hal_flash.c ****         SET_BIT(FLASH->CR1, FLASH_CR_PG);
 237:Drivers/STM32H7xx_HAL_Driver/Src/stm32h7xx_hal_flash.c ****       }
 238:Drivers/STM32H7xx_HAL_Driver/Src/stm32h7xx_hal_flash.c **** #endif /* DUAL_BANK */
 239:Drivers/STM32H7xx_HAL_Driver/Src/stm32h7xx_hal_flash.c **** 
 240:Drivers/STM32H7xx_HAL_Driver/Src/stm32h7xx_hal_flash.c ****     __ISB();
 241:Drivers/STM32H7xx_HAL_Driver/Src/stm32h7xx_hal_flash.c ****     __DSB();
 242:Drivers/STM32H7xx_HAL_Driver/Src/stm32h7xx_hal_flash.c **** 
 243:Drivers/STM32H7xx_HAL_Driver/Src/stm32h7xx_hal_flash.c **** #if defined (FLASH_OPTCR_PG_OTP)
 244:Drivers/STM32H7xx_HAL_Driver/Src/stm32h7xx_hal_flash.c ****     if (TypeProgram == FLASH_TYPEPROGRAM_OTPWORD)
 245:Drivers/STM32H7xx_HAL_Driver/Src/stm32h7xx_hal_flash.c ****     {
 246:Drivers/STM32H7xx_HAL_Driver/Src/stm32h7xx_hal_flash.c ****       /* Program an OTP word (16 bits) */
 247:Drivers/STM32H7xx_HAL_Driver/Src/stm32h7xx_hal_flash.c ****       *(__IO uint16_t *)FlashAddress = *(__IO uint16_t*)DataAddress;
 248:Drivers/STM32H7xx_HAL_Driver/Src/stm32h7xx_hal_flash.c ****     }
 249:Drivers/STM32H7xx_HAL_Driver/Src/stm32h7xx_hal_flash.c ****     else
 250:Drivers/STM32H7xx_HAL_Driver/Src/stm32h7xx_hal_flash.c **** #endif /* FLASH_OPTCR_PG_OTP */
 251:Drivers/STM32H7xx_HAL_Driver/Src/stm32h7xx_hal_flash.c ****     {
 252:Drivers/STM32H7xx_HAL_Driver/Src/stm32h7xx_hal_flash.c ****       /* Program the flash word */
 253:Drivers/STM32H7xx_HAL_Driver/Src/stm32h7xx_hal_flash.c ****       do
 254:Drivers/STM32H7xx_HAL_Driver/Src/stm32h7xx_hal_flash.c ****       {
 255:Drivers/STM32H7xx_HAL_Driver/Src/stm32h7xx_hal_flash.c ****         *dest_addr = *src_addr;
 256:Drivers/STM32H7xx_HAL_Driver/Src/stm32h7xx_hal_flash.c ****         dest_addr++;
 257:Drivers/STM32H7xx_HAL_Driver/Src/stm32h7xx_hal_flash.c ****         src_addr++;
 258:Drivers/STM32H7xx_HAL_Driver/Src/stm32h7xx_hal_flash.c ****         row_index--;
ARM GAS  /tmp/ccuwOubA.s 			page 6


 259:Drivers/STM32H7xx_HAL_Driver/Src/stm32h7xx_hal_flash.c ****      } while (row_index != 0U);
 260:Drivers/STM32H7xx_HAL_Driver/Src/stm32h7xx_hal_flash.c ****     }
 261:Drivers/STM32H7xx_HAL_Driver/Src/stm32h7xx_hal_flash.c **** 
 262:Drivers/STM32H7xx_HAL_Driver/Src/stm32h7xx_hal_flash.c ****     __ISB();
 263:Drivers/STM32H7xx_HAL_Driver/Src/stm32h7xx_hal_flash.c ****     __DSB();
 264:Drivers/STM32H7xx_HAL_Driver/Src/stm32h7xx_hal_flash.c **** 
 265:Drivers/STM32H7xx_HAL_Driver/Src/stm32h7xx_hal_flash.c ****     /* Wait for last operation to be completed */
 266:Drivers/STM32H7xx_HAL_Driver/Src/stm32h7xx_hal_flash.c ****     status = FLASH_WaitForLastOperation((uint32_t)FLASH_TIMEOUT_VALUE, bank);
 267:Drivers/STM32H7xx_HAL_Driver/Src/stm32h7xx_hal_flash.c **** 
 268:Drivers/STM32H7xx_HAL_Driver/Src/stm32h7xx_hal_flash.c **** #if defined (DUAL_BANK)
 269:Drivers/STM32H7xx_HAL_Driver/Src/stm32h7xx_hal_flash.c **** #if defined (FLASH_OPTCR_PG_OTP)
 270:Drivers/STM32H7xx_HAL_Driver/Src/stm32h7xx_hal_flash.c ****     if (TypeProgram == FLASH_TYPEPROGRAM_OTPWORD)
 271:Drivers/STM32H7xx_HAL_Driver/Src/stm32h7xx_hal_flash.c ****     {
 272:Drivers/STM32H7xx_HAL_Driver/Src/stm32h7xx_hal_flash.c ****       /* If the program operation is completed, disable the OTP_PG */
 273:Drivers/STM32H7xx_HAL_Driver/Src/stm32h7xx_hal_flash.c ****       CLEAR_BIT(FLASH->OPTCR, FLASH_OPTCR_PG_OTP);
 274:Drivers/STM32H7xx_HAL_Driver/Src/stm32h7xx_hal_flash.c ****     }
 275:Drivers/STM32H7xx_HAL_Driver/Src/stm32h7xx_hal_flash.c ****     else
 276:Drivers/STM32H7xx_HAL_Driver/Src/stm32h7xx_hal_flash.c **** #endif /* FLASH_OPTCR_PG_OTP */
 277:Drivers/STM32H7xx_HAL_Driver/Src/stm32h7xx_hal_flash.c ****     {
 278:Drivers/STM32H7xx_HAL_Driver/Src/stm32h7xx_hal_flash.c ****       if(bank == FLASH_BANK_1)
 279:Drivers/STM32H7xx_HAL_Driver/Src/stm32h7xx_hal_flash.c ****       {
 280:Drivers/STM32H7xx_HAL_Driver/Src/stm32h7xx_hal_flash.c ****         /* If the program operation is completed, disable the PG */
 281:Drivers/STM32H7xx_HAL_Driver/Src/stm32h7xx_hal_flash.c ****         CLEAR_BIT(FLASH->CR1, FLASH_CR_PG);
 282:Drivers/STM32H7xx_HAL_Driver/Src/stm32h7xx_hal_flash.c ****       }
 283:Drivers/STM32H7xx_HAL_Driver/Src/stm32h7xx_hal_flash.c ****       else
 284:Drivers/STM32H7xx_HAL_Driver/Src/stm32h7xx_hal_flash.c ****       {
 285:Drivers/STM32H7xx_HAL_Driver/Src/stm32h7xx_hal_flash.c ****         /* If the program operation is completed, disable the PG */
 286:Drivers/STM32H7xx_HAL_Driver/Src/stm32h7xx_hal_flash.c ****         CLEAR_BIT(FLASH->CR2, FLASH_CR_PG);
 287:Drivers/STM32H7xx_HAL_Driver/Src/stm32h7xx_hal_flash.c ****       }
 288:Drivers/STM32H7xx_HAL_Driver/Src/stm32h7xx_hal_flash.c ****     }
 289:Drivers/STM32H7xx_HAL_Driver/Src/stm32h7xx_hal_flash.c **** #else /* Single Bank */
 290:Drivers/STM32H7xx_HAL_Driver/Src/stm32h7xx_hal_flash.c **** #if defined (FLASH_OPTCR_PG_OTP)
 291:Drivers/STM32H7xx_HAL_Driver/Src/stm32h7xx_hal_flash.c ****     if (TypeProgram == FLASH_TYPEPROGRAM_OTPWORD)
 292:Drivers/STM32H7xx_HAL_Driver/Src/stm32h7xx_hal_flash.c ****     {
 293:Drivers/STM32H7xx_HAL_Driver/Src/stm32h7xx_hal_flash.c ****       /* If the program operation is completed, disable the OTP_PG */
 294:Drivers/STM32H7xx_HAL_Driver/Src/stm32h7xx_hal_flash.c ****       CLEAR_BIT(FLASH->OPTCR, FLASH_OPTCR_PG_OTP);
 295:Drivers/STM32H7xx_HAL_Driver/Src/stm32h7xx_hal_flash.c ****     }
 296:Drivers/STM32H7xx_HAL_Driver/Src/stm32h7xx_hal_flash.c ****     else
 297:Drivers/STM32H7xx_HAL_Driver/Src/stm32h7xx_hal_flash.c **** #endif /* FLASH_OPTCR_PG_OTP */
 298:Drivers/STM32H7xx_HAL_Driver/Src/stm32h7xx_hal_flash.c ****     {
 299:Drivers/STM32H7xx_HAL_Driver/Src/stm32h7xx_hal_flash.c ****       /* If the program operation is completed, disable the PG */
 300:Drivers/STM32H7xx_HAL_Driver/Src/stm32h7xx_hal_flash.c ****       CLEAR_BIT(FLASH->CR1, FLASH_CR_PG);
 301:Drivers/STM32H7xx_HAL_Driver/Src/stm32h7xx_hal_flash.c ****     }
 302:Drivers/STM32H7xx_HAL_Driver/Src/stm32h7xx_hal_flash.c **** #endif /* DUAL_BANK */
 303:Drivers/STM32H7xx_HAL_Driver/Src/stm32h7xx_hal_flash.c ****   }
 304:Drivers/STM32H7xx_HAL_Driver/Src/stm32h7xx_hal_flash.c **** 
 305:Drivers/STM32H7xx_HAL_Driver/Src/stm32h7xx_hal_flash.c ****   /* Process Unlocked */
 306:Drivers/STM32H7xx_HAL_Driver/Src/stm32h7xx_hal_flash.c ****   __HAL_UNLOCK(&pFlash);
 307:Drivers/STM32H7xx_HAL_Driver/Src/stm32h7xx_hal_flash.c **** 
 308:Drivers/STM32H7xx_HAL_Driver/Src/stm32h7xx_hal_flash.c ****   return status;
 309:Drivers/STM32H7xx_HAL_Driver/Src/stm32h7xx_hal_flash.c **** }
 310:Drivers/STM32H7xx_HAL_Driver/Src/stm32h7xx_hal_flash.c **** 
 311:Drivers/STM32H7xx_HAL_Driver/Src/stm32h7xx_hal_flash.c **** /**
 312:Drivers/STM32H7xx_HAL_Driver/Src/stm32h7xx_hal_flash.c ****   * @brief  Program a flash word at a specified address with interrupt enabled.
 313:Drivers/STM32H7xx_HAL_Driver/Src/stm32h7xx_hal_flash.c ****   * @param  TypeProgram Indicate the way to program at a specified address.
 314:Drivers/STM32H7xx_HAL_Driver/Src/stm32h7xx_hal_flash.c ****   *                      This parameter can be a value of @ref FLASH_Type_Program
 315:Drivers/STM32H7xx_HAL_Driver/Src/stm32h7xx_hal_flash.c ****   * @param  FlashAddress specifies the address to be programmed.
ARM GAS  /tmp/ccuwOubA.s 			page 7


 316:Drivers/STM32H7xx_HAL_Driver/Src/stm32h7xx_hal_flash.c ****   *         This parameter shall be aligned to the Flash word:
 317:Drivers/STM32H7xx_HAL_Driver/Src/stm32h7xx_hal_flash.c ****   *          - 256 bits for STM32H74x/5X devices (8x 32bits words)
 318:Drivers/STM32H7xx_HAL_Driver/Src/stm32h7xx_hal_flash.c ****   *          - 128 bits for STM32H7Ax/BX devices (4x 32bits words)
 319:Drivers/STM32H7xx_HAL_Driver/Src/stm32h7xx_hal_flash.c ****   *          - 256 bits for STM32H72x/3X devices (8x 32bits words)
 320:Drivers/STM32H7xx_HAL_Driver/Src/stm32h7xx_hal_flash.c ****   * @param  DataAddress specifies the address of data to be programmed.
 321:Drivers/STM32H7xx_HAL_Driver/Src/stm32h7xx_hal_flash.c ****   *         This parameter shall be 32-bit aligned
 322:Drivers/STM32H7xx_HAL_Driver/Src/stm32h7xx_hal_flash.c ****   *
 323:Drivers/STM32H7xx_HAL_Driver/Src/stm32h7xx_hal_flash.c ****   * @retval HAL Status
 324:Drivers/STM32H7xx_HAL_Driver/Src/stm32h7xx_hal_flash.c ****   */
 325:Drivers/STM32H7xx_HAL_Driver/Src/stm32h7xx_hal_flash.c **** HAL_StatusTypeDef HAL_FLASH_Program_IT(uint32_t TypeProgram, uint32_t FlashAddress, uint32_t DataAd
 326:Drivers/STM32H7xx_HAL_Driver/Src/stm32h7xx_hal_flash.c **** {
 327:Drivers/STM32H7xx_HAL_Driver/Src/stm32h7xx_hal_flash.c ****   HAL_StatusTypeDef status;
 328:Drivers/STM32H7xx_HAL_Driver/Src/stm32h7xx_hal_flash.c ****   __IO uint32_t *dest_addr = (__IO uint32_t*)FlashAddress;
 329:Drivers/STM32H7xx_HAL_Driver/Src/stm32h7xx_hal_flash.c ****   __IO uint32_t *src_addr = (__IO uint32_t*)DataAddress;
 330:Drivers/STM32H7xx_HAL_Driver/Src/stm32h7xx_hal_flash.c ****   uint32_t bank;
 331:Drivers/STM32H7xx_HAL_Driver/Src/stm32h7xx_hal_flash.c ****   uint8_t row_index = FLASH_NB_32BITWORD_IN_FLASHWORD;
 332:Drivers/STM32H7xx_HAL_Driver/Src/stm32h7xx_hal_flash.c **** 
 333:Drivers/STM32H7xx_HAL_Driver/Src/stm32h7xx_hal_flash.c ****   /* Check the parameters */
 334:Drivers/STM32H7xx_HAL_Driver/Src/stm32h7xx_hal_flash.c ****   assert_param(IS_FLASH_TYPEPROGRAM(TypeProgram));
 335:Drivers/STM32H7xx_HAL_Driver/Src/stm32h7xx_hal_flash.c ****   assert_param(IS_FLASH_PROGRAM_ADDRESS(FlashAddress));
 336:Drivers/STM32H7xx_HAL_Driver/Src/stm32h7xx_hal_flash.c **** 
 337:Drivers/STM32H7xx_HAL_Driver/Src/stm32h7xx_hal_flash.c ****   /* Process Locked */
 338:Drivers/STM32H7xx_HAL_Driver/Src/stm32h7xx_hal_flash.c ****   __HAL_LOCK(&pFlash);
 339:Drivers/STM32H7xx_HAL_Driver/Src/stm32h7xx_hal_flash.c **** 
 340:Drivers/STM32H7xx_HAL_Driver/Src/stm32h7xx_hal_flash.c ****   /* Reset error code */
 341:Drivers/STM32H7xx_HAL_Driver/Src/stm32h7xx_hal_flash.c ****   pFlash.ErrorCode = HAL_FLASH_ERROR_NONE;
 342:Drivers/STM32H7xx_HAL_Driver/Src/stm32h7xx_hal_flash.c **** 
 343:Drivers/STM32H7xx_HAL_Driver/Src/stm32h7xx_hal_flash.c **** #if defined (FLASH_OPTCR_PG_OTP)
 344:Drivers/STM32H7xx_HAL_Driver/Src/stm32h7xx_hal_flash.c ****   if((IS_FLASH_PROGRAM_ADDRESS_BANK1(FlashAddress)) || (IS_FLASH_PROGRAM_ADDRESS_OTP(FlashAddress))
 345:Drivers/STM32H7xx_HAL_Driver/Src/stm32h7xx_hal_flash.c **** #else
 346:Drivers/STM32H7xx_HAL_Driver/Src/stm32h7xx_hal_flash.c ****   if(IS_FLASH_PROGRAM_ADDRESS_BANK1(FlashAddress))
 347:Drivers/STM32H7xx_HAL_Driver/Src/stm32h7xx_hal_flash.c **** #endif /* FLASH_OPTCR_PG_OTP */
 348:Drivers/STM32H7xx_HAL_Driver/Src/stm32h7xx_hal_flash.c ****   {
 349:Drivers/STM32H7xx_HAL_Driver/Src/stm32h7xx_hal_flash.c ****     bank = FLASH_BANK_1;
 350:Drivers/STM32H7xx_HAL_Driver/Src/stm32h7xx_hal_flash.c ****     /* Prevent unused argument(s) compilation warning */
 351:Drivers/STM32H7xx_HAL_Driver/Src/stm32h7xx_hal_flash.c ****     UNUSED(TypeProgram);
 352:Drivers/STM32H7xx_HAL_Driver/Src/stm32h7xx_hal_flash.c ****   }
 353:Drivers/STM32H7xx_HAL_Driver/Src/stm32h7xx_hal_flash.c **** #if defined (DUAL_BANK)
 354:Drivers/STM32H7xx_HAL_Driver/Src/stm32h7xx_hal_flash.c ****   else if(IS_FLASH_PROGRAM_ADDRESS_BANK2(FlashAddress))
 355:Drivers/STM32H7xx_HAL_Driver/Src/stm32h7xx_hal_flash.c ****   {
 356:Drivers/STM32H7xx_HAL_Driver/Src/stm32h7xx_hal_flash.c ****     bank = FLASH_BANK_2;
 357:Drivers/STM32H7xx_HAL_Driver/Src/stm32h7xx_hal_flash.c ****   }
 358:Drivers/STM32H7xx_HAL_Driver/Src/stm32h7xx_hal_flash.c **** #endif /* DUAL_BANK */
 359:Drivers/STM32H7xx_HAL_Driver/Src/stm32h7xx_hal_flash.c ****   else
 360:Drivers/STM32H7xx_HAL_Driver/Src/stm32h7xx_hal_flash.c ****   {
 361:Drivers/STM32H7xx_HAL_Driver/Src/stm32h7xx_hal_flash.c ****     return HAL_ERROR;
 362:Drivers/STM32H7xx_HAL_Driver/Src/stm32h7xx_hal_flash.c ****   }
 363:Drivers/STM32H7xx_HAL_Driver/Src/stm32h7xx_hal_flash.c **** 
 364:Drivers/STM32H7xx_HAL_Driver/Src/stm32h7xx_hal_flash.c ****   /* Wait for last operation to be completed */
 365:Drivers/STM32H7xx_HAL_Driver/Src/stm32h7xx_hal_flash.c ****   status = FLASH_WaitForLastOperation((uint32_t)FLASH_TIMEOUT_VALUE, bank);
 366:Drivers/STM32H7xx_HAL_Driver/Src/stm32h7xx_hal_flash.c **** 
 367:Drivers/STM32H7xx_HAL_Driver/Src/stm32h7xx_hal_flash.c ****   if (status != HAL_OK)
 368:Drivers/STM32H7xx_HAL_Driver/Src/stm32h7xx_hal_flash.c ****   {
 369:Drivers/STM32H7xx_HAL_Driver/Src/stm32h7xx_hal_flash.c ****     /* Process Unlocked */
 370:Drivers/STM32H7xx_HAL_Driver/Src/stm32h7xx_hal_flash.c ****     __HAL_UNLOCK(&pFlash);
 371:Drivers/STM32H7xx_HAL_Driver/Src/stm32h7xx_hal_flash.c ****   }
 372:Drivers/STM32H7xx_HAL_Driver/Src/stm32h7xx_hal_flash.c ****   else
ARM GAS  /tmp/ccuwOubA.s 			page 8


 373:Drivers/STM32H7xx_HAL_Driver/Src/stm32h7xx_hal_flash.c ****   {
 374:Drivers/STM32H7xx_HAL_Driver/Src/stm32h7xx_hal_flash.c ****     pFlash.Address = FlashAddress;
 375:Drivers/STM32H7xx_HAL_Driver/Src/stm32h7xx_hal_flash.c **** 
 376:Drivers/STM32H7xx_HAL_Driver/Src/stm32h7xx_hal_flash.c **** #if defined (DUAL_BANK)
 377:Drivers/STM32H7xx_HAL_Driver/Src/stm32h7xx_hal_flash.c ****     if(bank == FLASH_BANK_1)
 378:Drivers/STM32H7xx_HAL_Driver/Src/stm32h7xx_hal_flash.c ****     {
 379:Drivers/STM32H7xx_HAL_Driver/Src/stm32h7xx_hal_flash.c ****       /* Set internal variables used by the IRQ handler */
 380:Drivers/STM32H7xx_HAL_Driver/Src/stm32h7xx_hal_flash.c ****       pFlash.ProcedureOnGoing = FLASH_PROC_PROGRAM_BANK1;
 381:Drivers/STM32H7xx_HAL_Driver/Src/stm32h7xx_hal_flash.c **** 
 382:Drivers/STM32H7xx_HAL_Driver/Src/stm32h7xx_hal_flash.c **** #if defined (FLASH_OPTCR_PG_OTP)
 383:Drivers/STM32H7xx_HAL_Driver/Src/stm32h7xx_hal_flash.c ****       if (TypeProgram == FLASH_TYPEPROGRAM_OTPWORD)
 384:Drivers/STM32H7xx_HAL_Driver/Src/stm32h7xx_hal_flash.c ****       {
 385:Drivers/STM32H7xx_HAL_Driver/Src/stm32h7xx_hal_flash.c ****         /* Set OTP_PG bit */
 386:Drivers/STM32H7xx_HAL_Driver/Src/stm32h7xx_hal_flash.c ****         SET_BIT(FLASH->OPTCR, FLASH_OPTCR_PG_OTP);
 387:Drivers/STM32H7xx_HAL_Driver/Src/stm32h7xx_hal_flash.c ****       }
 388:Drivers/STM32H7xx_HAL_Driver/Src/stm32h7xx_hal_flash.c ****       else
 389:Drivers/STM32H7xx_HAL_Driver/Src/stm32h7xx_hal_flash.c **** #endif /* FLASH_OPTCR_PG_OTP */
 390:Drivers/STM32H7xx_HAL_Driver/Src/stm32h7xx_hal_flash.c ****       {
 391:Drivers/STM32H7xx_HAL_Driver/Src/stm32h7xx_hal_flash.c ****         /* Set PG bit */
 392:Drivers/STM32H7xx_HAL_Driver/Src/stm32h7xx_hal_flash.c ****         SET_BIT(FLASH->CR1, FLASH_CR_PG);
 393:Drivers/STM32H7xx_HAL_Driver/Src/stm32h7xx_hal_flash.c ****       }
 394:Drivers/STM32H7xx_HAL_Driver/Src/stm32h7xx_hal_flash.c **** 
 395:Drivers/STM32H7xx_HAL_Driver/Src/stm32h7xx_hal_flash.c ****       /* Enable End of Operation and Error interrupts for Bank 1 */
 396:Drivers/STM32H7xx_HAL_Driver/Src/stm32h7xx_hal_flash.c **** #if defined (FLASH_CR_OPERRIE)
 397:Drivers/STM32H7xx_HAL_Driver/Src/stm32h7xx_hal_flash.c ****       __HAL_FLASH_ENABLE_IT_BANK1(FLASH_IT_EOP_BANK1     | FLASH_IT_WRPERR_BANK1 | FLASH_IT_PGSERR_
 398:Drivers/STM32H7xx_HAL_Driver/Src/stm32h7xx_hal_flash.c ****                                   FLASH_IT_STRBERR_BANK1 | FLASH_IT_INCERR_BANK1 | FLASH_IT_OPERR_B
 399:Drivers/STM32H7xx_HAL_Driver/Src/stm32h7xx_hal_flash.c **** #else
 400:Drivers/STM32H7xx_HAL_Driver/Src/stm32h7xx_hal_flash.c ****       __HAL_FLASH_ENABLE_IT_BANK1(FLASH_IT_EOP_BANK1     | FLASH_IT_WRPERR_BANK1 | FLASH_IT_PGSERR_
 401:Drivers/STM32H7xx_HAL_Driver/Src/stm32h7xx_hal_flash.c ****                                   FLASH_IT_STRBERR_BANK1 | FLASH_IT_INCERR_BANK1);
 402:Drivers/STM32H7xx_HAL_Driver/Src/stm32h7xx_hal_flash.c **** #endif /* FLASH_CR_OPERRIE */
 403:Drivers/STM32H7xx_HAL_Driver/Src/stm32h7xx_hal_flash.c ****     }
 404:Drivers/STM32H7xx_HAL_Driver/Src/stm32h7xx_hal_flash.c ****     else
 405:Drivers/STM32H7xx_HAL_Driver/Src/stm32h7xx_hal_flash.c ****     {
 406:Drivers/STM32H7xx_HAL_Driver/Src/stm32h7xx_hal_flash.c ****       /* Set internal variables used by the IRQ handler */
 407:Drivers/STM32H7xx_HAL_Driver/Src/stm32h7xx_hal_flash.c ****       pFlash.ProcedureOnGoing = FLASH_PROC_PROGRAM_BANK2;
 408:Drivers/STM32H7xx_HAL_Driver/Src/stm32h7xx_hal_flash.c **** 
 409:Drivers/STM32H7xx_HAL_Driver/Src/stm32h7xx_hal_flash.c ****       /* Set PG bit */
 410:Drivers/STM32H7xx_HAL_Driver/Src/stm32h7xx_hal_flash.c ****       SET_BIT(FLASH->CR2, FLASH_CR_PG);
 411:Drivers/STM32H7xx_HAL_Driver/Src/stm32h7xx_hal_flash.c **** 
 412:Drivers/STM32H7xx_HAL_Driver/Src/stm32h7xx_hal_flash.c ****       /* Enable End of Operation and Error interrupts for Bank2 */
 413:Drivers/STM32H7xx_HAL_Driver/Src/stm32h7xx_hal_flash.c **** #if defined (FLASH_CR_OPERRIE)
 414:Drivers/STM32H7xx_HAL_Driver/Src/stm32h7xx_hal_flash.c ****       __HAL_FLASH_ENABLE_IT_BANK2(FLASH_IT_EOP_BANK2     | FLASH_IT_WRPERR_BANK2 | FLASH_IT_PGSERR_
 415:Drivers/STM32H7xx_HAL_Driver/Src/stm32h7xx_hal_flash.c ****                                   FLASH_IT_STRBERR_BANK2 | FLASH_IT_INCERR_BANK2 | FLASH_IT_OPERR_B
 416:Drivers/STM32H7xx_HAL_Driver/Src/stm32h7xx_hal_flash.c **** #else
 417:Drivers/STM32H7xx_HAL_Driver/Src/stm32h7xx_hal_flash.c ****       __HAL_FLASH_ENABLE_IT_BANK2(FLASH_IT_EOP_BANK2     | FLASH_IT_WRPERR_BANK2 | FLASH_IT_PGSERR_
 418:Drivers/STM32H7xx_HAL_Driver/Src/stm32h7xx_hal_flash.c ****                                   FLASH_IT_STRBERR_BANK2 | FLASH_IT_INCERR_BANK2);
 419:Drivers/STM32H7xx_HAL_Driver/Src/stm32h7xx_hal_flash.c **** #endif /* FLASH_CR_OPERRIE */
 420:Drivers/STM32H7xx_HAL_Driver/Src/stm32h7xx_hal_flash.c ****     }
 421:Drivers/STM32H7xx_HAL_Driver/Src/stm32h7xx_hal_flash.c **** #else /* Single Bank */
 422:Drivers/STM32H7xx_HAL_Driver/Src/stm32h7xx_hal_flash.c ****     /* Set internal variables used by the IRQ handler */
 423:Drivers/STM32H7xx_HAL_Driver/Src/stm32h7xx_hal_flash.c ****     pFlash.ProcedureOnGoing = FLASH_PROC_PROGRAM_BANK1;
 424:Drivers/STM32H7xx_HAL_Driver/Src/stm32h7xx_hal_flash.c **** 
 425:Drivers/STM32H7xx_HAL_Driver/Src/stm32h7xx_hal_flash.c **** #if defined (FLASH_OPTCR_PG_OTP)
 426:Drivers/STM32H7xx_HAL_Driver/Src/stm32h7xx_hal_flash.c ****     if (TypeProgram == FLASH_TYPEPROGRAM_OTPWORD)
 427:Drivers/STM32H7xx_HAL_Driver/Src/stm32h7xx_hal_flash.c ****     {
 428:Drivers/STM32H7xx_HAL_Driver/Src/stm32h7xx_hal_flash.c ****       /* Set OTP_PG bit */
 429:Drivers/STM32H7xx_HAL_Driver/Src/stm32h7xx_hal_flash.c ****       SET_BIT(FLASH->OPTCR, FLASH_OPTCR_PG_OTP);
ARM GAS  /tmp/ccuwOubA.s 			page 9


 430:Drivers/STM32H7xx_HAL_Driver/Src/stm32h7xx_hal_flash.c ****     }
 431:Drivers/STM32H7xx_HAL_Driver/Src/stm32h7xx_hal_flash.c ****     else
 432:Drivers/STM32H7xx_HAL_Driver/Src/stm32h7xx_hal_flash.c **** #endif /* FLASH_OPTCR_PG_OTP */
 433:Drivers/STM32H7xx_HAL_Driver/Src/stm32h7xx_hal_flash.c ****     {
 434:Drivers/STM32H7xx_HAL_Driver/Src/stm32h7xx_hal_flash.c ****       /* Set PG bit */
 435:Drivers/STM32H7xx_HAL_Driver/Src/stm32h7xx_hal_flash.c ****       SET_BIT(FLASH->CR1, FLASH_CR_PG);
 436:Drivers/STM32H7xx_HAL_Driver/Src/stm32h7xx_hal_flash.c ****     }
 437:Drivers/STM32H7xx_HAL_Driver/Src/stm32h7xx_hal_flash.c **** 
 438:Drivers/STM32H7xx_HAL_Driver/Src/stm32h7xx_hal_flash.c ****       /* Enable End of Operation and Error interrupts for Bank 1 */
 439:Drivers/STM32H7xx_HAL_Driver/Src/stm32h7xx_hal_flash.c **** #if defined (FLASH_CR_OPERRIE)
 440:Drivers/STM32H7xx_HAL_Driver/Src/stm32h7xx_hal_flash.c ****       __HAL_FLASH_ENABLE_IT_BANK1(FLASH_IT_EOP_BANK1     | FLASH_IT_WRPERR_BANK1 | FLASH_IT_PGSERR_
 441:Drivers/STM32H7xx_HAL_Driver/Src/stm32h7xx_hal_flash.c ****                                   FLASH_IT_STRBERR_BANK1 | FLASH_IT_INCERR_BANK1 | FLASH_IT_OPERR_B
 442:Drivers/STM32H7xx_HAL_Driver/Src/stm32h7xx_hal_flash.c **** #else
 443:Drivers/STM32H7xx_HAL_Driver/Src/stm32h7xx_hal_flash.c ****       __HAL_FLASH_ENABLE_IT_BANK1(FLASH_IT_EOP_BANK1     | FLASH_IT_WRPERR_BANK1 | FLASH_IT_PGSERR_
 444:Drivers/STM32H7xx_HAL_Driver/Src/stm32h7xx_hal_flash.c ****                                   FLASH_IT_STRBERR_BANK1 | FLASH_IT_INCERR_BANK1);
 445:Drivers/STM32H7xx_HAL_Driver/Src/stm32h7xx_hal_flash.c **** #endif /* FLASH_CR_OPERRIE */
 446:Drivers/STM32H7xx_HAL_Driver/Src/stm32h7xx_hal_flash.c **** #endif /* DUAL_BANK */
 447:Drivers/STM32H7xx_HAL_Driver/Src/stm32h7xx_hal_flash.c **** 
 448:Drivers/STM32H7xx_HAL_Driver/Src/stm32h7xx_hal_flash.c ****     __ISB();
 449:Drivers/STM32H7xx_HAL_Driver/Src/stm32h7xx_hal_flash.c ****     __DSB();
 450:Drivers/STM32H7xx_HAL_Driver/Src/stm32h7xx_hal_flash.c **** 
 451:Drivers/STM32H7xx_HAL_Driver/Src/stm32h7xx_hal_flash.c **** #if defined (FLASH_OPTCR_PG_OTP)
 452:Drivers/STM32H7xx_HAL_Driver/Src/stm32h7xx_hal_flash.c ****     if (TypeProgram == FLASH_TYPEPROGRAM_OTPWORD)
 453:Drivers/STM32H7xx_HAL_Driver/Src/stm32h7xx_hal_flash.c ****     {
 454:Drivers/STM32H7xx_HAL_Driver/Src/stm32h7xx_hal_flash.c ****       /* Program an OTP word (16 bits) */
 455:Drivers/STM32H7xx_HAL_Driver/Src/stm32h7xx_hal_flash.c ****       *(__IO uint16_t *)FlashAddress = *(__IO uint16_t*)DataAddress;
 456:Drivers/STM32H7xx_HAL_Driver/Src/stm32h7xx_hal_flash.c ****     }
 457:Drivers/STM32H7xx_HAL_Driver/Src/stm32h7xx_hal_flash.c ****     else
 458:Drivers/STM32H7xx_HAL_Driver/Src/stm32h7xx_hal_flash.c **** #endif /* FLASH_OPTCR_PG_OTP */
 459:Drivers/STM32H7xx_HAL_Driver/Src/stm32h7xx_hal_flash.c ****     {
 460:Drivers/STM32H7xx_HAL_Driver/Src/stm32h7xx_hal_flash.c ****       /* Program the flash word */
 461:Drivers/STM32H7xx_HAL_Driver/Src/stm32h7xx_hal_flash.c ****       do
 462:Drivers/STM32H7xx_HAL_Driver/Src/stm32h7xx_hal_flash.c ****       {
 463:Drivers/STM32H7xx_HAL_Driver/Src/stm32h7xx_hal_flash.c ****         *dest_addr = *src_addr;
 464:Drivers/STM32H7xx_HAL_Driver/Src/stm32h7xx_hal_flash.c ****         dest_addr++;
 465:Drivers/STM32H7xx_HAL_Driver/Src/stm32h7xx_hal_flash.c ****         src_addr++;
 466:Drivers/STM32H7xx_HAL_Driver/Src/stm32h7xx_hal_flash.c ****         row_index--;
 467:Drivers/STM32H7xx_HAL_Driver/Src/stm32h7xx_hal_flash.c ****       } while (row_index != 0U);
 468:Drivers/STM32H7xx_HAL_Driver/Src/stm32h7xx_hal_flash.c ****     }
 469:Drivers/STM32H7xx_HAL_Driver/Src/stm32h7xx_hal_flash.c **** 
 470:Drivers/STM32H7xx_HAL_Driver/Src/stm32h7xx_hal_flash.c ****     __ISB();
 471:Drivers/STM32H7xx_HAL_Driver/Src/stm32h7xx_hal_flash.c ****     __DSB();
 472:Drivers/STM32H7xx_HAL_Driver/Src/stm32h7xx_hal_flash.c ****   }
 473:Drivers/STM32H7xx_HAL_Driver/Src/stm32h7xx_hal_flash.c **** 
 474:Drivers/STM32H7xx_HAL_Driver/Src/stm32h7xx_hal_flash.c ****   return status;
 475:Drivers/STM32H7xx_HAL_Driver/Src/stm32h7xx_hal_flash.c **** }
 476:Drivers/STM32H7xx_HAL_Driver/Src/stm32h7xx_hal_flash.c **** 
 477:Drivers/STM32H7xx_HAL_Driver/Src/stm32h7xx_hal_flash.c **** /**
 478:Drivers/STM32H7xx_HAL_Driver/Src/stm32h7xx_hal_flash.c ****   * @brief This function handles FLASH interrupt request.
 479:Drivers/STM32H7xx_HAL_Driver/Src/stm32h7xx_hal_flash.c ****   * @retval None
 480:Drivers/STM32H7xx_HAL_Driver/Src/stm32h7xx_hal_flash.c ****   */
 481:Drivers/STM32H7xx_HAL_Driver/Src/stm32h7xx_hal_flash.c **** void HAL_FLASH_IRQHandler(void)
 482:Drivers/STM32H7xx_HAL_Driver/Src/stm32h7xx_hal_flash.c **** {
 483:Drivers/STM32H7xx_HAL_Driver/Src/stm32h7xx_hal_flash.c ****   uint32_t temp;
 484:Drivers/STM32H7xx_HAL_Driver/Src/stm32h7xx_hal_flash.c ****   uint32_t errorflag;
 485:Drivers/STM32H7xx_HAL_Driver/Src/stm32h7xx_hal_flash.c ****   FLASH_ProcedureTypeDef procedure;
 486:Drivers/STM32H7xx_HAL_Driver/Src/stm32h7xx_hal_flash.c **** 
ARM GAS  /tmp/ccuwOubA.s 			page 10


 487:Drivers/STM32H7xx_HAL_Driver/Src/stm32h7xx_hal_flash.c ****   /* Check FLASH Bank1 End of Operation flag  */
 488:Drivers/STM32H7xx_HAL_Driver/Src/stm32h7xx_hal_flash.c ****   if(__HAL_FLASH_GET_FLAG_BANK1(FLASH_SR_EOP) != RESET)
 489:Drivers/STM32H7xx_HAL_Driver/Src/stm32h7xx_hal_flash.c ****   {
 490:Drivers/STM32H7xx_HAL_Driver/Src/stm32h7xx_hal_flash.c ****     if(pFlash.ProcedureOnGoing == FLASH_PROC_SECTERASE_BANK1)
 491:Drivers/STM32H7xx_HAL_Driver/Src/stm32h7xx_hal_flash.c ****     {
 492:Drivers/STM32H7xx_HAL_Driver/Src/stm32h7xx_hal_flash.c ****       /* Nb of sector to erased can be decreased */
 493:Drivers/STM32H7xx_HAL_Driver/Src/stm32h7xx_hal_flash.c ****       pFlash.NbSectorsToErase--;
 494:Drivers/STM32H7xx_HAL_Driver/Src/stm32h7xx_hal_flash.c **** 
 495:Drivers/STM32H7xx_HAL_Driver/Src/stm32h7xx_hal_flash.c ****       /* Check if there are still sectors to erase */
 496:Drivers/STM32H7xx_HAL_Driver/Src/stm32h7xx_hal_flash.c ****       if(pFlash.NbSectorsToErase != 0U)
 497:Drivers/STM32H7xx_HAL_Driver/Src/stm32h7xx_hal_flash.c ****       {
 498:Drivers/STM32H7xx_HAL_Driver/Src/stm32h7xx_hal_flash.c ****         /* Indicate user which sector has been erased */
 499:Drivers/STM32H7xx_HAL_Driver/Src/stm32h7xx_hal_flash.c ****         HAL_FLASH_EndOfOperationCallback(pFlash.Sector);
 500:Drivers/STM32H7xx_HAL_Driver/Src/stm32h7xx_hal_flash.c **** 
 501:Drivers/STM32H7xx_HAL_Driver/Src/stm32h7xx_hal_flash.c ****         /* Clear bank 1 End of Operation pending bit */
 502:Drivers/STM32H7xx_HAL_Driver/Src/stm32h7xx_hal_flash.c ****         __HAL_FLASH_CLEAR_FLAG_BANK1(FLASH_FLAG_EOP_BANK1);
 503:Drivers/STM32H7xx_HAL_Driver/Src/stm32h7xx_hal_flash.c **** 
 504:Drivers/STM32H7xx_HAL_Driver/Src/stm32h7xx_hal_flash.c ****         /* Increment sector number */
 505:Drivers/STM32H7xx_HAL_Driver/Src/stm32h7xx_hal_flash.c ****         pFlash.Sector++;
 506:Drivers/STM32H7xx_HAL_Driver/Src/stm32h7xx_hal_flash.c ****         temp = pFlash.Sector;
 507:Drivers/STM32H7xx_HAL_Driver/Src/stm32h7xx_hal_flash.c ****         FLASH_Erase_Sector(temp, FLASH_BANK_1, pFlash.VoltageForErase);
 508:Drivers/STM32H7xx_HAL_Driver/Src/stm32h7xx_hal_flash.c ****       }
 509:Drivers/STM32H7xx_HAL_Driver/Src/stm32h7xx_hal_flash.c ****       else
 510:Drivers/STM32H7xx_HAL_Driver/Src/stm32h7xx_hal_flash.c ****       {
 511:Drivers/STM32H7xx_HAL_Driver/Src/stm32h7xx_hal_flash.c ****         /* No more sectors to Erase, user callback can be called */
 512:Drivers/STM32H7xx_HAL_Driver/Src/stm32h7xx_hal_flash.c ****         /* Reset Sector and stop Erase sectors procedure */
 513:Drivers/STM32H7xx_HAL_Driver/Src/stm32h7xx_hal_flash.c ****         pFlash.Sector = 0xFFFFFFFFU;
 514:Drivers/STM32H7xx_HAL_Driver/Src/stm32h7xx_hal_flash.c ****         pFlash.ProcedureOnGoing = FLASH_PROC_NONE;
 515:Drivers/STM32H7xx_HAL_Driver/Src/stm32h7xx_hal_flash.c **** 
 516:Drivers/STM32H7xx_HAL_Driver/Src/stm32h7xx_hal_flash.c ****         /* FLASH EOP interrupt user callback */
 517:Drivers/STM32H7xx_HAL_Driver/Src/stm32h7xx_hal_flash.c ****         HAL_FLASH_EndOfOperationCallback(pFlash.Sector);
 518:Drivers/STM32H7xx_HAL_Driver/Src/stm32h7xx_hal_flash.c **** 
 519:Drivers/STM32H7xx_HAL_Driver/Src/stm32h7xx_hal_flash.c ****         /* Clear FLASH End of Operation pending bit */
 520:Drivers/STM32H7xx_HAL_Driver/Src/stm32h7xx_hal_flash.c ****         __HAL_FLASH_CLEAR_FLAG_BANK1(FLASH_FLAG_EOP_BANK1);
 521:Drivers/STM32H7xx_HAL_Driver/Src/stm32h7xx_hal_flash.c ****       }
 522:Drivers/STM32H7xx_HAL_Driver/Src/stm32h7xx_hal_flash.c ****     }
 523:Drivers/STM32H7xx_HAL_Driver/Src/stm32h7xx_hal_flash.c ****     else
 524:Drivers/STM32H7xx_HAL_Driver/Src/stm32h7xx_hal_flash.c ****     {
 525:Drivers/STM32H7xx_HAL_Driver/Src/stm32h7xx_hal_flash.c ****       procedure = pFlash.ProcedureOnGoing;
 526:Drivers/STM32H7xx_HAL_Driver/Src/stm32h7xx_hal_flash.c **** 
 527:Drivers/STM32H7xx_HAL_Driver/Src/stm32h7xx_hal_flash.c ****       if((procedure == FLASH_PROC_MASSERASE_BANK1) || (procedure == FLASH_PROC_ALLBANK_MASSERASE))
 528:Drivers/STM32H7xx_HAL_Driver/Src/stm32h7xx_hal_flash.c ****       {
 529:Drivers/STM32H7xx_HAL_Driver/Src/stm32h7xx_hal_flash.c ****         /* MassErase ended. Return the selected bank */
 530:Drivers/STM32H7xx_HAL_Driver/Src/stm32h7xx_hal_flash.c ****         /* FLASH EOP interrupt user callback */
 531:Drivers/STM32H7xx_HAL_Driver/Src/stm32h7xx_hal_flash.c ****         HAL_FLASH_EndOfOperationCallback(FLASH_BANK_1);
 532:Drivers/STM32H7xx_HAL_Driver/Src/stm32h7xx_hal_flash.c ****       }
 533:Drivers/STM32H7xx_HAL_Driver/Src/stm32h7xx_hal_flash.c ****       else if(procedure == FLASH_PROC_PROGRAM_BANK1)
 534:Drivers/STM32H7xx_HAL_Driver/Src/stm32h7xx_hal_flash.c ****       {
 535:Drivers/STM32H7xx_HAL_Driver/Src/stm32h7xx_hal_flash.c ****         /* Program ended. Return the selected address */
 536:Drivers/STM32H7xx_HAL_Driver/Src/stm32h7xx_hal_flash.c ****         /* FLASH EOP interrupt user callback */
 537:Drivers/STM32H7xx_HAL_Driver/Src/stm32h7xx_hal_flash.c ****         HAL_FLASH_EndOfOperationCallback(pFlash.Address);
 538:Drivers/STM32H7xx_HAL_Driver/Src/stm32h7xx_hal_flash.c ****       }
 539:Drivers/STM32H7xx_HAL_Driver/Src/stm32h7xx_hal_flash.c ****       else
 540:Drivers/STM32H7xx_HAL_Driver/Src/stm32h7xx_hal_flash.c ****       {
 541:Drivers/STM32H7xx_HAL_Driver/Src/stm32h7xx_hal_flash.c ****         /* Nothing to do */
 542:Drivers/STM32H7xx_HAL_Driver/Src/stm32h7xx_hal_flash.c ****       }
 543:Drivers/STM32H7xx_HAL_Driver/Src/stm32h7xx_hal_flash.c **** 
ARM GAS  /tmp/ccuwOubA.s 			page 11


 544:Drivers/STM32H7xx_HAL_Driver/Src/stm32h7xx_hal_flash.c ****       if((procedure != FLASH_PROC_SECTERASE_BANK2) && \
 545:Drivers/STM32H7xx_HAL_Driver/Src/stm32h7xx_hal_flash.c ****          (procedure != FLASH_PROC_MASSERASE_BANK2) && \
 546:Drivers/STM32H7xx_HAL_Driver/Src/stm32h7xx_hal_flash.c ****          (procedure != FLASH_PROC_PROGRAM_BANK2))
 547:Drivers/STM32H7xx_HAL_Driver/Src/stm32h7xx_hal_flash.c ****       {
 548:Drivers/STM32H7xx_HAL_Driver/Src/stm32h7xx_hal_flash.c ****         pFlash.ProcedureOnGoing = FLASH_PROC_NONE;
 549:Drivers/STM32H7xx_HAL_Driver/Src/stm32h7xx_hal_flash.c ****         /* Clear FLASH End of Operation pending bit */
 550:Drivers/STM32H7xx_HAL_Driver/Src/stm32h7xx_hal_flash.c ****         __HAL_FLASH_CLEAR_FLAG_BANK1(FLASH_FLAG_EOP_BANK1);
 551:Drivers/STM32H7xx_HAL_Driver/Src/stm32h7xx_hal_flash.c ****       }
 552:Drivers/STM32H7xx_HAL_Driver/Src/stm32h7xx_hal_flash.c ****     }
 553:Drivers/STM32H7xx_HAL_Driver/Src/stm32h7xx_hal_flash.c ****   }
 554:Drivers/STM32H7xx_HAL_Driver/Src/stm32h7xx_hal_flash.c **** 
 555:Drivers/STM32H7xx_HAL_Driver/Src/stm32h7xx_hal_flash.c **** #if defined (DUAL_BANK)
 556:Drivers/STM32H7xx_HAL_Driver/Src/stm32h7xx_hal_flash.c ****  /* Check FLASH Bank2 End of Operation flag  */
 557:Drivers/STM32H7xx_HAL_Driver/Src/stm32h7xx_hal_flash.c ****   if(__HAL_FLASH_GET_FLAG_BANK2(FLASH_SR_EOP) != RESET)
 558:Drivers/STM32H7xx_HAL_Driver/Src/stm32h7xx_hal_flash.c ****   {
 559:Drivers/STM32H7xx_HAL_Driver/Src/stm32h7xx_hal_flash.c ****     if(pFlash.ProcedureOnGoing == FLASH_PROC_SECTERASE_BANK2)
 560:Drivers/STM32H7xx_HAL_Driver/Src/stm32h7xx_hal_flash.c ****     {
 561:Drivers/STM32H7xx_HAL_Driver/Src/stm32h7xx_hal_flash.c ****       /*Nb of sector to erased can be decreased*/
 562:Drivers/STM32H7xx_HAL_Driver/Src/stm32h7xx_hal_flash.c ****       pFlash.NbSectorsToErase--;
 563:Drivers/STM32H7xx_HAL_Driver/Src/stm32h7xx_hal_flash.c **** 
 564:Drivers/STM32H7xx_HAL_Driver/Src/stm32h7xx_hal_flash.c ****       /* Check if there are still sectors to erase*/
 565:Drivers/STM32H7xx_HAL_Driver/Src/stm32h7xx_hal_flash.c ****       if(pFlash.NbSectorsToErase != 0U)
 566:Drivers/STM32H7xx_HAL_Driver/Src/stm32h7xx_hal_flash.c ****       {
 567:Drivers/STM32H7xx_HAL_Driver/Src/stm32h7xx_hal_flash.c ****         /*Indicate user which sector has been erased*/
 568:Drivers/STM32H7xx_HAL_Driver/Src/stm32h7xx_hal_flash.c ****         HAL_FLASH_EndOfOperationCallback(pFlash.Sector);
 569:Drivers/STM32H7xx_HAL_Driver/Src/stm32h7xx_hal_flash.c **** 
 570:Drivers/STM32H7xx_HAL_Driver/Src/stm32h7xx_hal_flash.c ****         /* Clear bank 2 End of Operation pending bit */
 571:Drivers/STM32H7xx_HAL_Driver/Src/stm32h7xx_hal_flash.c ****         __HAL_FLASH_CLEAR_FLAG_BANK2(FLASH_FLAG_EOP_BANK2);
 572:Drivers/STM32H7xx_HAL_Driver/Src/stm32h7xx_hal_flash.c **** 
 573:Drivers/STM32H7xx_HAL_Driver/Src/stm32h7xx_hal_flash.c ****         /*Increment sector number*/
 574:Drivers/STM32H7xx_HAL_Driver/Src/stm32h7xx_hal_flash.c ****         pFlash.Sector++;
 575:Drivers/STM32H7xx_HAL_Driver/Src/stm32h7xx_hal_flash.c ****         temp = pFlash.Sector;
 576:Drivers/STM32H7xx_HAL_Driver/Src/stm32h7xx_hal_flash.c ****         FLASH_Erase_Sector(temp, FLASH_BANK_2, pFlash.VoltageForErase);
 577:Drivers/STM32H7xx_HAL_Driver/Src/stm32h7xx_hal_flash.c ****       }
 578:Drivers/STM32H7xx_HAL_Driver/Src/stm32h7xx_hal_flash.c ****       else
 579:Drivers/STM32H7xx_HAL_Driver/Src/stm32h7xx_hal_flash.c ****       {
 580:Drivers/STM32H7xx_HAL_Driver/Src/stm32h7xx_hal_flash.c ****         /* No more sectors to Erase, user callback can be called */
 581:Drivers/STM32H7xx_HAL_Driver/Src/stm32h7xx_hal_flash.c ****         /* Reset Sector and stop Erase sectors procedure */
 582:Drivers/STM32H7xx_HAL_Driver/Src/stm32h7xx_hal_flash.c ****         pFlash.Sector = 0xFFFFFFFFU;
 583:Drivers/STM32H7xx_HAL_Driver/Src/stm32h7xx_hal_flash.c ****         pFlash.ProcedureOnGoing = FLASH_PROC_NONE;
 584:Drivers/STM32H7xx_HAL_Driver/Src/stm32h7xx_hal_flash.c **** 
 585:Drivers/STM32H7xx_HAL_Driver/Src/stm32h7xx_hal_flash.c ****         /* FLASH EOP interrupt user callback */
 586:Drivers/STM32H7xx_HAL_Driver/Src/stm32h7xx_hal_flash.c ****         HAL_FLASH_EndOfOperationCallback(pFlash.Sector);
 587:Drivers/STM32H7xx_HAL_Driver/Src/stm32h7xx_hal_flash.c **** 
 588:Drivers/STM32H7xx_HAL_Driver/Src/stm32h7xx_hal_flash.c ****         /* Clear FLASH End of Operation pending bit */
 589:Drivers/STM32H7xx_HAL_Driver/Src/stm32h7xx_hal_flash.c ****         __HAL_FLASH_CLEAR_FLAG_BANK2(FLASH_FLAG_EOP_BANK2);
 590:Drivers/STM32H7xx_HAL_Driver/Src/stm32h7xx_hal_flash.c ****       }
 591:Drivers/STM32H7xx_HAL_Driver/Src/stm32h7xx_hal_flash.c ****     }
 592:Drivers/STM32H7xx_HAL_Driver/Src/stm32h7xx_hal_flash.c ****     else
 593:Drivers/STM32H7xx_HAL_Driver/Src/stm32h7xx_hal_flash.c ****     {
 594:Drivers/STM32H7xx_HAL_Driver/Src/stm32h7xx_hal_flash.c ****       procedure = pFlash.ProcedureOnGoing;
 595:Drivers/STM32H7xx_HAL_Driver/Src/stm32h7xx_hal_flash.c **** 
 596:Drivers/STM32H7xx_HAL_Driver/Src/stm32h7xx_hal_flash.c ****       if((procedure == FLASH_PROC_MASSERASE_BANK2) || (procedure == FLASH_PROC_ALLBANK_MASSERASE))
 597:Drivers/STM32H7xx_HAL_Driver/Src/stm32h7xx_hal_flash.c ****       {
 598:Drivers/STM32H7xx_HAL_Driver/Src/stm32h7xx_hal_flash.c ****         /*MassErase ended. Return the selected bank*/
 599:Drivers/STM32H7xx_HAL_Driver/Src/stm32h7xx_hal_flash.c ****         /* FLASH EOP interrupt user callback */
 600:Drivers/STM32H7xx_HAL_Driver/Src/stm32h7xx_hal_flash.c ****         HAL_FLASH_EndOfOperationCallback(FLASH_BANK_2);
ARM GAS  /tmp/ccuwOubA.s 			page 12


 601:Drivers/STM32H7xx_HAL_Driver/Src/stm32h7xx_hal_flash.c ****       }
 602:Drivers/STM32H7xx_HAL_Driver/Src/stm32h7xx_hal_flash.c ****       else if(procedure == FLASH_PROC_PROGRAM_BANK2)
 603:Drivers/STM32H7xx_HAL_Driver/Src/stm32h7xx_hal_flash.c ****       {
 604:Drivers/STM32H7xx_HAL_Driver/Src/stm32h7xx_hal_flash.c ****         /* Program ended. Return the selected address */
 605:Drivers/STM32H7xx_HAL_Driver/Src/stm32h7xx_hal_flash.c ****         /* FLASH EOP interrupt user callback */
 606:Drivers/STM32H7xx_HAL_Driver/Src/stm32h7xx_hal_flash.c ****         HAL_FLASH_EndOfOperationCallback(pFlash.Address);
 607:Drivers/STM32H7xx_HAL_Driver/Src/stm32h7xx_hal_flash.c ****       }
 608:Drivers/STM32H7xx_HAL_Driver/Src/stm32h7xx_hal_flash.c ****       else
 609:Drivers/STM32H7xx_HAL_Driver/Src/stm32h7xx_hal_flash.c ****       {
 610:Drivers/STM32H7xx_HAL_Driver/Src/stm32h7xx_hal_flash.c ****         /* Nothing to do */
 611:Drivers/STM32H7xx_HAL_Driver/Src/stm32h7xx_hal_flash.c ****       }
 612:Drivers/STM32H7xx_HAL_Driver/Src/stm32h7xx_hal_flash.c **** 
 613:Drivers/STM32H7xx_HAL_Driver/Src/stm32h7xx_hal_flash.c ****       if((procedure != FLASH_PROC_SECTERASE_BANK1) && \
 614:Drivers/STM32H7xx_HAL_Driver/Src/stm32h7xx_hal_flash.c ****          (procedure != FLASH_PROC_MASSERASE_BANK1) && \
 615:Drivers/STM32H7xx_HAL_Driver/Src/stm32h7xx_hal_flash.c ****          (procedure != FLASH_PROC_PROGRAM_BANK1))
 616:Drivers/STM32H7xx_HAL_Driver/Src/stm32h7xx_hal_flash.c ****       {
 617:Drivers/STM32H7xx_HAL_Driver/Src/stm32h7xx_hal_flash.c ****         pFlash.ProcedureOnGoing = FLASH_PROC_NONE;
 618:Drivers/STM32H7xx_HAL_Driver/Src/stm32h7xx_hal_flash.c ****         /* Clear FLASH End of Operation pending bit */
 619:Drivers/STM32H7xx_HAL_Driver/Src/stm32h7xx_hal_flash.c ****         __HAL_FLASH_CLEAR_FLAG_BANK2(FLASH_FLAG_EOP_BANK2);
 620:Drivers/STM32H7xx_HAL_Driver/Src/stm32h7xx_hal_flash.c ****       }
 621:Drivers/STM32H7xx_HAL_Driver/Src/stm32h7xx_hal_flash.c ****     }
 622:Drivers/STM32H7xx_HAL_Driver/Src/stm32h7xx_hal_flash.c ****   }
 623:Drivers/STM32H7xx_HAL_Driver/Src/stm32h7xx_hal_flash.c **** #endif /* DUAL_BANK */
 624:Drivers/STM32H7xx_HAL_Driver/Src/stm32h7xx_hal_flash.c **** 
 625:Drivers/STM32H7xx_HAL_Driver/Src/stm32h7xx_hal_flash.c ****   /* Check FLASH Bank1 operation error flags */
 626:Drivers/STM32H7xx_HAL_Driver/Src/stm32h7xx_hal_flash.c **** #if defined (FLASH_SR_OPERR)
 627:Drivers/STM32H7xx_HAL_Driver/Src/stm32h7xx_hal_flash.c ****   errorflag = FLASH->SR1 & (FLASH_FLAG_WRPERR_BANK1 | FLASH_FLAG_PGSERR_BANK1 | FLASH_FLAG_STRBERR_
 628:Drivers/STM32H7xx_HAL_Driver/Src/stm32h7xx_hal_flash.c ****                             FLASH_FLAG_INCERR_BANK1 | FLASH_FLAG_OPERR_BANK1);
 629:Drivers/STM32H7xx_HAL_Driver/Src/stm32h7xx_hal_flash.c **** #else
 630:Drivers/STM32H7xx_HAL_Driver/Src/stm32h7xx_hal_flash.c ****   errorflag = FLASH->SR1 & (FLASH_FLAG_WRPERR_BANK1 | FLASH_FLAG_PGSERR_BANK1 | FLASH_FLAG_STRBERR_
 631:Drivers/STM32H7xx_HAL_Driver/Src/stm32h7xx_hal_flash.c ****                             FLASH_FLAG_INCERR_BANK1);
 632:Drivers/STM32H7xx_HAL_Driver/Src/stm32h7xx_hal_flash.c **** #endif /* FLASH_SR_OPERR */
 633:Drivers/STM32H7xx_HAL_Driver/Src/stm32h7xx_hal_flash.c **** 
 634:Drivers/STM32H7xx_HAL_Driver/Src/stm32h7xx_hal_flash.c ****   if(errorflag != 0U)
 635:Drivers/STM32H7xx_HAL_Driver/Src/stm32h7xx_hal_flash.c ****   {
 636:Drivers/STM32H7xx_HAL_Driver/Src/stm32h7xx_hal_flash.c ****     /* Save the error code */
 637:Drivers/STM32H7xx_HAL_Driver/Src/stm32h7xx_hal_flash.c ****     pFlash.ErrorCode |= errorflag;
 638:Drivers/STM32H7xx_HAL_Driver/Src/stm32h7xx_hal_flash.c **** 
 639:Drivers/STM32H7xx_HAL_Driver/Src/stm32h7xx_hal_flash.c ****     /* Clear error programming flags */
 640:Drivers/STM32H7xx_HAL_Driver/Src/stm32h7xx_hal_flash.c ****     __HAL_FLASH_CLEAR_FLAG_BANK1(errorflag);
 641:Drivers/STM32H7xx_HAL_Driver/Src/stm32h7xx_hal_flash.c **** 
 642:Drivers/STM32H7xx_HAL_Driver/Src/stm32h7xx_hal_flash.c ****     procedure = pFlash.ProcedureOnGoing;
 643:Drivers/STM32H7xx_HAL_Driver/Src/stm32h7xx_hal_flash.c **** 
 644:Drivers/STM32H7xx_HAL_Driver/Src/stm32h7xx_hal_flash.c ****     if(procedure == FLASH_PROC_SECTERASE_BANK1)
 645:Drivers/STM32H7xx_HAL_Driver/Src/stm32h7xx_hal_flash.c ****     {
 646:Drivers/STM32H7xx_HAL_Driver/Src/stm32h7xx_hal_flash.c ****       /* Return the faulty sector */
 647:Drivers/STM32H7xx_HAL_Driver/Src/stm32h7xx_hal_flash.c ****       temp = pFlash.Sector;
 648:Drivers/STM32H7xx_HAL_Driver/Src/stm32h7xx_hal_flash.c ****       pFlash.Sector = 0xFFFFFFFFU;
 649:Drivers/STM32H7xx_HAL_Driver/Src/stm32h7xx_hal_flash.c ****     }
 650:Drivers/STM32H7xx_HAL_Driver/Src/stm32h7xx_hal_flash.c ****     else if((procedure == FLASH_PROC_MASSERASE_BANK1) || (procedure == FLASH_PROC_ALLBANK_MASSERASE
 651:Drivers/STM32H7xx_HAL_Driver/Src/stm32h7xx_hal_flash.c ****     {
 652:Drivers/STM32H7xx_HAL_Driver/Src/stm32h7xx_hal_flash.c ****       /* Return the faulty bank */
 653:Drivers/STM32H7xx_HAL_Driver/Src/stm32h7xx_hal_flash.c ****       temp = FLASH_BANK_1;
 654:Drivers/STM32H7xx_HAL_Driver/Src/stm32h7xx_hal_flash.c ****     }
 655:Drivers/STM32H7xx_HAL_Driver/Src/stm32h7xx_hal_flash.c ****     else
 656:Drivers/STM32H7xx_HAL_Driver/Src/stm32h7xx_hal_flash.c ****     {
 657:Drivers/STM32H7xx_HAL_Driver/Src/stm32h7xx_hal_flash.c ****       /* Return the faulty address */
ARM GAS  /tmp/ccuwOubA.s 			page 13


 658:Drivers/STM32H7xx_HAL_Driver/Src/stm32h7xx_hal_flash.c ****       temp = pFlash.Address;
 659:Drivers/STM32H7xx_HAL_Driver/Src/stm32h7xx_hal_flash.c ****     }
 660:Drivers/STM32H7xx_HAL_Driver/Src/stm32h7xx_hal_flash.c **** 
 661:Drivers/STM32H7xx_HAL_Driver/Src/stm32h7xx_hal_flash.c ****     /* Stop the procedure ongoing*/
 662:Drivers/STM32H7xx_HAL_Driver/Src/stm32h7xx_hal_flash.c ****     pFlash.ProcedureOnGoing = FLASH_PROC_NONE;
 663:Drivers/STM32H7xx_HAL_Driver/Src/stm32h7xx_hal_flash.c **** 
 664:Drivers/STM32H7xx_HAL_Driver/Src/stm32h7xx_hal_flash.c ****     /* FLASH error interrupt user callback */
 665:Drivers/STM32H7xx_HAL_Driver/Src/stm32h7xx_hal_flash.c ****     HAL_FLASH_OperationErrorCallback(temp);
 666:Drivers/STM32H7xx_HAL_Driver/Src/stm32h7xx_hal_flash.c ****   }
 667:Drivers/STM32H7xx_HAL_Driver/Src/stm32h7xx_hal_flash.c **** 
 668:Drivers/STM32H7xx_HAL_Driver/Src/stm32h7xx_hal_flash.c **** #if (USE_FLASH_ECC == 1U)
 669:Drivers/STM32H7xx_HAL_Driver/Src/stm32h7xx_hal_flash.c ****   /* Check FLASH Bank1 ECC single correction error flag */
 670:Drivers/STM32H7xx_HAL_Driver/Src/stm32h7xx_hal_flash.c ****   errorflag = FLASH->SR1 & FLASH_FLAG_SNECCERR_BANK1;
 671:Drivers/STM32H7xx_HAL_Driver/Src/stm32h7xx_hal_flash.c **** 
 672:Drivers/STM32H7xx_HAL_Driver/Src/stm32h7xx_hal_flash.c ****   if(errorflag != 0U)
 673:Drivers/STM32H7xx_HAL_Driver/Src/stm32h7xx_hal_flash.c ****   {
 674:Drivers/STM32H7xx_HAL_Driver/Src/stm32h7xx_hal_flash.c ****     /* Save the error code */
 675:Drivers/STM32H7xx_HAL_Driver/Src/stm32h7xx_hal_flash.c ****     pFlash.ErrorCode |= errorflag;
 676:Drivers/STM32H7xx_HAL_Driver/Src/stm32h7xx_hal_flash.c **** 
 677:Drivers/STM32H7xx_HAL_Driver/Src/stm32h7xx_hal_flash.c ****     /* Call User callback */
 678:Drivers/STM32H7xx_HAL_Driver/Src/stm32h7xx_hal_flash.c ****     HAL_FLASHEx_EccCorrectionCallback();
 679:Drivers/STM32H7xx_HAL_Driver/Src/stm32h7xx_hal_flash.c **** 
 680:Drivers/STM32H7xx_HAL_Driver/Src/stm32h7xx_hal_flash.c ****     /* Clear FLASH Bank1 ECC single correction error flag in order to allow new ECC error record */
 681:Drivers/STM32H7xx_HAL_Driver/Src/stm32h7xx_hal_flash.c ****     __HAL_FLASH_CLEAR_FLAG_BANK1(errorflag);
 682:Drivers/STM32H7xx_HAL_Driver/Src/stm32h7xx_hal_flash.c ****   }
 683:Drivers/STM32H7xx_HAL_Driver/Src/stm32h7xx_hal_flash.c **** 
 684:Drivers/STM32H7xx_HAL_Driver/Src/stm32h7xx_hal_flash.c ****   /* Check FLASH Bank1 ECC double detection error flag */
 685:Drivers/STM32H7xx_HAL_Driver/Src/stm32h7xx_hal_flash.c ****   errorflag = FLASH->SR1 & FLASH_FLAG_DBECCERR_BANK1;
 686:Drivers/STM32H7xx_HAL_Driver/Src/stm32h7xx_hal_flash.c **** 
 687:Drivers/STM32H7xx_HAL_Driver/Src/stm32h7xx_hal_flash.c ****   if(errorflag != 0U)
 688:Drivers/STM32H7xx_HAL_Driver/Src/stm32h7xx_hal_flash.c ****   {
 689:Drivers/STM32H7xx_HAL_Driver/Src/stm32h7xx_hal_flash.c ****     /* Save the error code */
 690:Drivers/STM32H7xx_HAL_Driver/Src/stm32h7xx_hal_flash.c ****     pFlash.ErrorCode |= errorflag;
 691:Drivers/STM32H7xx_HAL_Driver/Src/stm32h7xx_hal_flash.c **** 
 692:Drivers/STM32H7xx_HAL_Driver/Src/stm32h7xx_hal_flash.c ****     /* Call User callback */
 693:Drivers/STM32H7xx_HAL_Driver/Src/stm32h7xx_hal_flash.c ****     HAL_FLASHEx_EccDetectionCallback();
 694:Drivers/STM32H7xx_HAL_Driver/Src/stm32h7xx_hal_flash.c **** 
 695:Drivers/STM32H7xx_HAL_Driver/Src/stm32h7xx_hal_flash.c ****     /* Clear FLASH Bank1 ECC double detection error flag in order to allow new ECC error record */
 696:Drivers/STM32H7xx_HAL_Driver/Src/stm32h7xx_hal_flash.c ****     __HAL_FLASH_CLEAR_FLAG_BANK1(errorflag);
 697:Drivers/STM32H7xx_HAL_Driver/Src/stm32h7xx_hal_flash.c ****   }
 698:Drivers/STM32H7xx_HAL_Driver/Src/stm32h7xx_hal_flash.c **** #endif /* USE_FLASH_ECC */
 699:Drivers/STM32H7xx_HAL_Driver/Src/stm32h7xx_hal_flash.c **** 
 700:Drivers/STM32H7xx_HAL_Driver/Src/stm32h7xx_hal_flash.c **** #if defined (DUAL_BANK)
 701:Drivers/STM32H7xx_HAL_Driver/Src/stm32h7xx_hal_flash.c ****   /* Check FLASH Bank2 operation error flags */
 702:Drivers/STM32H7xx_HAL_Driver/Src/stm32h7xx_hal_flash.c **** #if defined (FLASH_SR_OPERR)
 703:Drivers/STM32H7xx_HAL_Driver/Src/stm32h7xx_hal_flash.c ****   errorflag = FLASH->SR2 & ((FLASH_FLAG_WRPERR_BANK2 | FLASH_FLAG_PGSERR_BANK2 | FLASH_FLAG_STRBERR
 704:Drivers/STM32H7xx_HAL_Driver/Src/stm32h7xx_hal_flash.c ****                              FLASH_FLAG_INCERR_BANK2 | FLASH_FLAG_OPERR_BANK2) & 0x7FFFFFFFU);
 705:Drivers/STM32H7xx_HAL_Driver/Src/stm32h7xx_hal_flash.c **** #else
 706:Drivers/STM32H7xx_HAL_Driver/Src/stm32h7xx_hal_flash.c ****   errorflag = FLASH->SR2 & ((FLASH_FLAG_WRPERR_BANK2 | FLASH_FLAG_PGSERR_BANK2 | FLASH_FLAG_STRBERR
 707:Drivers/STM32H7xx_HAL_Driver/Src/stm32h7xx_hal_flash.c ****                              FLASH_FLAG_INCERR_BANK2) & 0x7FFFFFFFU);
 708:Drivers/STM32H7xx_HAL_Driver/Src/stm32h7xx_hal_flash.c **** #endif /* FLASH_SR_OPERR */
 709:Drivers/STM32H7xx_HAL_Driver/Src/stm32h7xx_hal_flash.c **** 
 710:Drivers/STM32H7xx_HAL_Driver/Src/stm32h7xx_hal_flash.c ****   if(errorflag != 0U)
 711:Drivers/STM32H7xx_HAL_Driver/Src/stm32h7xx_hal_flash.c ****   {
 712:Drivers/STM32H7xx_HAL_Driver/Src/stm32h7xx_hal_flash.c ****     /* Save the error code */
 713:Drivers/STM32H7xx_HAL_Driver/Src/stm32h7xx_hal_flash.c ****     pFlash.ErrorCode |= (errorflag | 0x80000000U);
 714:Drivers/STM32H7xx_HAL_Driver/Src/stm32h7xx_hal_flash.c **** 
ARM GAS  /tmp/ccuwOubA.s 			page 14


 715:Drivers/STM32H7xx_HAL_Driver/Src/stm32h7xx_hal_flash.c ****     /* Clear error programming flags */
 716:Drivers/STM32H7xx_HAL_Driver/Src/stm32h7xx_hal_flash.c ****     __HAL_FLASH_CLEAR_FLAG_BANK2(errorflag);
 717:Drivers/STM32H7xx_HAL_Driver/Src/stm32h7xx_hal_flash.c **** 
 718:Drivers/STM32H7xx_HAL_Driver/Src/stm32h7xx_hal_flash.c ****     procedure = pFlash.ProcedureOnGoing;
 719:Drivers/STM32H7xx_HAL_Driver/Src/stm32h7xx_hal_flash.c **** 
 720:Drivers/STM32H7xx_HAL_Driver/Src/stm32h7xx_hal_flash.c ****     if(procedure== FLASH_PROC_SECTERASE_BANK2)
 721:Drivers/STM32H7xx_HAL_Driver/Src/stm32h7xx_hal_flash.c ****     {
 722:Drivers/STM32H7xx_HAL_Driver/Src/stm32h7xx_hal_flash.c ****       /*return the faulty sector*/
 723:Drivers/STM32H7xx_HAL_Driver/Src/stm32h7xx_hal_flash.c ****       temp = pFlash.Sector;
 724:Drivers/STM32H7xx_HAL_Driver/Src/stm32h7xx_hal_flash.c ****       pFlash.Sector = 0xFFFFFFFFU;
 725:Drivers/STM32H7xx_HAL_Driver/Src/stm32h7xx_hal_flash.c ****     }
 726:Drivers/STM32H7xx_HAL_Driver/Src/stm32h7xx_hal_flash.c ****     else if((procedure == FLASH_PROC_MASSERASE_BANK2) || (procedure == FLASH_PROC_ALLBANK_MASSERASE
 727:Drivers/STM32H7xx_HAL_Driver/Src/stm32h7xx_hal_flash.c ****     {
 728:Drivers/STM32H7xx_HAL_Driver/Src/stm32h7xx_hal_flash.c ****       /*return the faulty bank*/
 729:Drivers/STM32H7xx_HAL_Driver/Src/stm32h7xx_hal_flash.c ****       temp = FLASH_BANK_2;
 730:Drivers/STM32H7xx_HAL_Driver/Src/stm32h7xx_hal_flash.c ****     }
 731:Drivers/STM32H7xx_HAL_Driver/Src/stm32h7xx_hal_flash.c ****     else
 732:Drivers/STM32H7xx_HAL_Driver/Src/stm32h7xx_hal_flash.c ****     {
 733:Drivers/STM32H7xx_HAL_Driver/Src/stm32h7xx_hal_flash.c ****       /*return the faulty address*/
 734:Drivers/STM32H7xx_HAL_Driver/Src/stm32h7xx_hal_flash.c ****       temp = pFlash.Address;
 735:Drivers/STM32H7xx_HAL_Driver/Src/stm32h7xx_hal_flash.c ****     }
 736:Drivers/STM32H7xx_HAL_Driver/Src/stm32h7xx_hal_flash.c **** 
 737:Drivers/STM32H7xx_HAL_Driver/Src/stm32h7xx_hal_flash.c ****     /*Stop the procedure ongoing*/
 738:Drivers/STM32H7xx_HAL_Driver/Src/stm32h7xx_hal_flash.c ****     pFlash.ProcedureOnGoing = FLASH_PROC_NONE;
 739:Drivers/STM32H7xx_HAL_Driver/Src/stm32h7xx_hal_flash.c **** 
 740:Drivers/STM32H7xx_HAL_Driver/Src/stm32h7xx_hal_flash.c ****     /* FLASH error interrupt user callback */
 741:Drivers/STM32H7xx_HAL_Driver/Src/stm32h7xx_hal_flash.c ****     HAL_FLASH_OperationErrorCallback(temp);
 742:Drivers/STM32H7xx_HAL_Driver/Src/stm32h7xx_hal_flash.c ****   }
 743:Drivers/STM32H7xx_HAL_Driver/Src/stm32h7xx_hal_flash.c **** 
 744:Drivers/STM32H7xx_HAL_Driver/Src/stm32h7xx_hal_flash.c **** #if (USE_FLASH_ECC == 1U)
 745:Drivers/STM32H7xx_HAL_Driver/Src/stm32h7xx_hal_flash.c ****   /* Check FLASH Bank2 ECC single correction error flag */
 746:Drivers/STM32H7xx_HAL_Driver/Src/stm32h7xx_hal_flash.c ****   errorflag = FLASH->SR2 & FLASH_FLAG_SNECCERR_BANK2;
 747:Drivers/STM32H7xx_HAL_Driver/Src/stm32h7xx_hal_flash.c **** 
 748:Drivers/STM32H7xx_HAL_Driver/Src/stm32h7xx_hal_flash.c ****   if(errorflag != 0U)
 749:Drivers/STM32H7xx_HAL_Driver/Src/stm32h7xx_hal_flash.c ****   {
 750:Drivers/STM32H7xx_HAL_Driver/Src/stm32h7xx_hal_flash.c ****     /* Save the error code */
 751:Drivers/STM32H7xx_HAL_Driver/Src/stm32h7xx_hal_flash.c ****     pFlash.ErrorCode |= (errorflag | 0x80000000U);
 752:Drivers/STM32H7xx_HAL_Driver/Src/stm32h7xx_hal_flash.c **** 
 753:Drivers/STM32H7xx_HAL_Driver/Src/stm32h7xx_hal_flash.c ****     /* Call User callback */
 754:Drivers/STM32H7xx_HAL_Driver/Src/stm32h7xx_hal_flash.c ****     HAL_FLASHEx_EccCorrectionCallback();
 755:Drivers/STM32H7xx_HAL_Driver/Src/stm32h7xx_hal_flash.c **** 
 756:Drivers/STM32H7xx_HAL_Driver/Src/stm32h7xx_hal_flash.c ****     /* Clear FLASH Bank2 ECC single correction error flag in order to allow new ECC error record */
 757:Drivers/STM32H7xx_HAL_Driver/Src/stm32h7xx_hal_flash.c ****     __HAL_FLASH_CLEAR_FLAG_BANK2(errorflag);
 758:Drivers/STM32H7xx_HAL_Driver/Src/stm32h7xx_hal_flash.c ****   }
 759:Drivers/STM32H7xx_HAL_Driver/Src/stm32h7xx_hal_flash.c **** 
 760:Drivers/STM32H7xx_HAL_Driver/Src/stm32h7xx_hal_flash.c ****   /* Check FLASH Bank2 ECC double detection error flag */
 761:Drivers/STM32H7xx_HAL_Driver/Src/stm32h7xx_hal_flash.c ****   errorflag = FLASH->SR2 & FLASH_FLAG_DBECCERR_BANK2;
 762:Drivers/STM32H7xx_HAL_Driver/Src/stm32h7xx_hal_flash.c **** 
 763:Drivers/STM32H7xx_HAL_Driver/Src/stm32h7xx_hal_flash.c ****   if(errorflag != 0U)
 764:Drivers/STM32H7xx_HAL_Driver/Src/stm32h7xx_hal_flash.c ****   {
 765:Drivers/STM32H7xx_HAL_Driver/Src/stm32h7xx_hal_flash.c ****     /* Save the error code */
 766:Drivers/STM32H7xx_HAL_Driver/Src/stm32h7xx_hal_flash.c ****     pFlash.ErrorCode |= (errorflag | 0x80000000U);
 767:Drivers/STM32H7xx_HAL_Driver/Src/stm32h7xx_hal_flash.c **** 
 768:Drivers/STM32H7xx_HAL_Driver/Src/stm32h7xx_hal_flash.c ****     /* Call User callback */
 769:Drivers/STM32H7xx_HAL_Driver/Src/stm32h7xx_hal_flash.c ****     HAL_FLASHEx_EccDetectionCallback();
 770:Drivers/STM32H7xx_HAL_Driver/Src/stm32h7xx_hal_flash.c **** 
 771:Drivers/STM32H7xx_HAL_Driver/Src/stm32h7xx_hal_flash.c ****     /* Clear FLASH Bank2 ECC double detection error flag in order to allow new ECC error record */
ARM GAS  /tmp/ccuwOubA.s 			page 15


 772:Drivers/STM32H7xx_HAL_Driver/Src/stm32h7xx_hal_flash.c ****     __HAL_FLASH_CLEAR_FLAG_BANK2(errorflag);
 773:Drivers/STM32H7xx_HAL_Driver/Src/stm32h7xx_hal_flash.c ****   }
 774:Drivers/STM32H7xx_HAL_Driver/Src/stm32h7xx_hal_flash.c **** 
 775:Drivers/STM32H7xx_HAL_Driver/Src/stm32h7xx_hal_flash.c **** #endif /* USE_FLASH_ECC */
 776:Drivers/STM32H7xx_HAL_Driver/Src/stm32h7xx_hal_flash.c **** #endif /* DUAL_BANK */
 777:Drivers/STM32H7xx_HAL_Driver/Src/stm32h7xx_hal_flash.c **** 
 778:Drivers/STM32H7xx_HAL_Driver/Src/stm32h7xx_hal_flash.c ****   if(pFlash.ProcedureOnGoing == FLASH_PROC_NONE)
 779:Drivers/STM32H7xx_HAL_Driver/Src/stm32h7xx_hal_flash.c ****   {
 780:Drivers/STM32H7xx_HAL_Driver/Src/stm32h7xx_hal_flash.c **** #if defined (FLASH_CR_OPERRIE)
 781:Drivers/STM32H7xx_HAL_Driver/Src/stm32h7xx_hal_flash.c ****     /* Disable Bank1 Operation and Error source interrupt */
 782:Drivers/STM32H7xx_HAL_Driver/Src/stm32h7xx_hal_flash.c ****     __HAL_FLASH_DISABLE_IT_BANK1(FLASH_IT_EOP_BANK1    | FLASH_IT_WRPERR_BANK1 | FLASH_IT_PGSERR_BA
 783:Drivers/STM32H7xx_HAL_Driver/Src/stm32h7xx_hal_flash.c ****                                  FLASH_IT_STRBERR_BANK1 | FLASH_IT_INCERR_BANK1 | FLASH_IT_OPERR_BA
 784:Drivers/STM32H7xx_HAL_Driver/Src/stm32h7xx_hal_flash.c **** 
 785:Drivers/STM32H7xx_HAL_Driver/Src/stm32h7xx_hal_flash.c **** #if defined (DUAL_BANK)
 786:Drivers/STM32H7xx_HAL_Driver/Src/stm32h7xx_hal_flash.c ****     /* Disable Bank2 Operation and Error source interrupt */
 787:Drivers/STM32H7xx_HAL_Driver/Src/stm32h7xx_hal_flash.c ****     __HAL_FLASH_DISABLE_IT_BANK2(FLASH_IT_EOP_BANK2    | FLASH_IT_WRPERR_BANK2 | FLASH_IT_PGSERR_BA
 788:Drivers/STM32H7xx_HAL_Driver/Src/stm32h7xx_hal_flash.c ****                                  FLASH_IT_STRBERR_BANK2 | FLASH_IT_INCERR_BANK2 | FLASH_IT_OPERR_BA
 789:Drivers/STM32H7xx_HAL_Driver/Src/stm32h7xx_hal_flash.c **** #endif /* DUAL_BANK */
 790:Drivers/STM32H7xx_HAL_Driver/Src/stm32h7xx_hal_flash.c **** #else
 791:Drivers/STM32H7xx_HAL_Driver/Src/stm32h7xx_hal_flash.c ****     /* Disable Bank1 Operation and Error source interrupt */
 792:Drivers/STM32H7xx_HAL_Driver/Src/stm32h7xx_hal_flash.c ****     __HAL_FLASH_DISABLE_IT_BANK1(FLASH_IT_EOP_BANK1    | FLASH_IT_WRPERR_BANK1 | FLASH_IT_PGSERR_BA
 793:Drivers/STM32H7xx_HAL_Driver/Src/stm32h7xx_hal_flash.c ****                                  FLASH_IT_STRBERR_BANK1 | FLASH_IT_INCERR_BANK1);
 794:Drivers/STM32H7xx_HAL_Driver/Src/stm32h7xx_hal_flash.c **** 
 795:Drivers/STM32H7xx_HAL_Driver/Src/stm32h7xx_hal_flash.c **** #if defined (DUAL_BANK)
 796:Drivers/STM32H7xx_HAL_Driver/Src/stm32h7xx_hal_flash.c ****     /* Disable Bank2 Operation and Error source interrupt */
 797:Drivers/STM32H7xx_HAL_Driver/Src/stm32h7xx_hal_flash.c ****     __HAL_FLASH_DISABLE_IT_BANK2(FLASH_IT_EOP_BANK2    | FLASH_IT_WRPERR_BANK2 | FLASH_IT_PGSERR_BA
 798:Drivers/STM32H7xx_HAL_Driver/Src/stm32h7xx_hal_flash.c ****                                  FLASH_IT_STRBERR_BANK2 | FLASH_IT_INCERR_BANK2);
 799:Drivers/STM32H7xx_HAL_Driver/Src/stm32h7xx_hal_flash.c **** #endif /* DUAL_BANK */
 800:Drivers/STM32H7xx_HAL_Driver/Src/stm32h7xx_hal_flash.c **** #endif /* FLASH_CR_OPERRIE */
 801:Drivers/STM32H7xx_HAL_Driver/Src/stm32h7xx_hal_flash.c **** 
 802:Drivers/STM32H7xx_HAL_Driver/Src/stm32h7xx_hal_flash.c ****     /* Process Unlocked */
 803:Drivers/STM32H7xx_HAL_Driver/Src/stm32h7xx_hal_flash.c ****     __HAL_UNLOCK(&pFlash);
 804:Drivers/STM32H7xx_HAL_Driver/Src/stm32h7xx_hal_flash.c ****   }
 805:Drivers/STM32H7xx_HAL_Driver/Src/stm32h7xx_hal_flash.c **** }
 806:Drivers/STM32H7xx_HAL_Driver/Src/stm32h7xx_hal_flash.c **** 
 807:Drivers/STM32H7xx_HAL_Driver/Src/stm32h7xx_hal_flash.c **** /**
 808:Drivers/STM32H7xx_HAL_Driver/Src/stm32h7xx_hal_flash.c ****   * @brief  FLASH end of operation interrupt callback
 809:Drivers/STM32H7xx_HAL_Driver/Src/stm32h7xx_hal_flash.c ****   * @param  ReturnValue The value saved in this parameter depends on the ongoing procedure
 810:Drivers/STM32H7xx_HAL_Driver/Src/stm32h7xx_hal_flash.c ****   *                  Mass Erase: Bank number which has been requested to erase
 811:Drivers/STM32H7xx_HAL_Driver/Src/stm32h7xx_hal_flash.c ****   *                  Sectors Erase: Sector which has been erased
 812:Drivers/STM32H7xx_HAL_Driver/Src/stm32h7xx_hal_flash.c ****   *                    (if 0xFFFFFFFF, it means that all the selected sectors have been erased)
 813:Drivers/STM32H7xx_HAL_Driver/Src/stm32h7xx_hal_flash.c ****   *                  Program: Address which was selected for data program
 814:Drivers/STM32H7xx_HAL_Driver/Src/stm32h7xx_hal_flash.c ****   * @retval None
 815:Drivers/STM32H7xx_HAL_Driver/Src/stm32h7xx_hal_flash.c ****   */
 816:Drivers/STM32H7xx_HAL_Driver/Src/stm32h7xx_hal_flash.c **** __weak void HAL_FLASH_EndOfOperationCallback(uint32_t ReturnValue)
 817:Drivers/STM32H7xx_HAL_Driver/Src/stm32h7xx_hal_flash.c **** {
  29              		.loc 1 817 1 view -0
  30              		.cfi_startproc
  31              		@ args = 0, pretend = 0, frame = 0
  32              		@ frame_needed = 0, uses_anonymous_args = 0
  33              		@ link register save eliminated.
 818:Drivers/STM32H7xx_HAL_Driver/Src/stm32h7xx_hal_flash.c ****   /* Prevent unused argument(s) compilation warning */
 819:Drivers/STM32H7xx_HAL_Driver/Src/stm32h7xx_hal_flash.c ****   UNUSED(ReturnValue);
  34              		.loc 1 819 3 view .LVU1
 820:Drivers/STM32H7xx_HAL_Driver/Src/stm32h7xx_hal_flash.c **** 
 821:Drivers/STM32H7xx_HAL_Driver/Src/stm32h7xx_hal_flash.c ****   /* NOTE : This function Should not be modified, when the callback is needed,
 822:Drivers/STM32H7xx_HAL_Driver/Src/stm32h7xx_hal_flash.c ****             the HAL_FLASH_EndOfOperationCallback could be implemented in the user file
ARM GAS  /tmp/ccuwOubA.s 			page 16


 823:Drivers/STM32H7xx_HAL_Driver/Src/stm32h7xx_hal_flash.c ****    */
 824:Drivers/STM32H7xx_HAL_Driver/Src/stm32h7xx_hal_flash.c **** }
  35              		.loc 1 824 1 is_stmt 0 view .LVU2
  36 0000 7047     		bx	lr
  37              		.cfi_endproc
  38              	.LFE149:
  40              		.section	.text.HAL_FLASH_OperationErrorCallback,"ax",%progbits
  41              		.align	1
  42              		.weak	HAL_FLASH_OperationErrorCallback
  43              		.syntax unified
  44              		.thumb
  45              		.thumb_func
  47              	HAL_FLASH_OperationErrorCallback:
  48              	.LVL1:
  49              	.LFB150:
 825:Drivers/STM32H7xx_HAL_Driver/Src/stm32h7xx_hal_flash.c **** 
 826:Drivers/STM32H7xx_HAL_Driver/Src/stm32h7xx_hal_flash.c **** /**
 827:Drivers/STM32H7xx_HAL_Driver/Src/stm32h7xx_hal_flash.c ****   * @brief  FLASH operation error interrupt callback
 828:Drivers/STM32H7xx_HAL_Driver/Src/stm32h7xx_hal_flash.c ****   * @param  ReturnValue The value saved in this parameter depends on the ongoing procedure
 829:Drivers/STM32H7xx_HAL_Driver/Src/stm32h7xx_hal_flash.c ****   *                 Mass Erase: Bank number which has been requested to erase
 830:Drivers/STM32H7xx_HAL_Driver/Src/stm32h7xx_hal_flash.c ****   *                 Sectors Erase: Sector number which returned an error
 831:Drivers/STM32H7xx_HAL_Driver/Src/stm32h7xx_hal_flash.c ****   *                 Program: Address which was selected for data program
 832:Drivers/STM32H7xx_HAL_Driver/Src/stm32h7xx_hal_flash.c ****   * @retval None
 833:Drivers/STM32H7xx_HAL_Driver/Src/stm32h7xx_hal_flash.c ****   */
 834:Drivers/STM32H7xx_HAL_Driver/Src/stm32h7xx_hal_flash.c **** __weak void HAL_FLASH_OperationErrorCallback(uint32_t ReturnValue)
 835:Drivers/STM32H7xx_HAL_Driver/Src/stm32h7xx_hal_flash.c **** {
  50              		.loc 1 835 1 is_stmt 1 view -0
  51              		.cfi_startproc
  52              		@ args = 0, pretend = 0, frame = 0
  53              		@ frame_needed = 0, uses_anonymous_args = 0
  54              		@ link register save eliminated.
 836:Drivers/STM32H7xx_HAL_Driver/Src/stm32h7xx_hal_flash.c ****   /* Prevent unused argument(s) compilation warning */
 837:Drivers/STM32H7xx_HAL_Driver/Src/stm32h7xx_hal_flash.c ****   UNUSED(ReturnValue);
  55              		.loc 1 837 3 view .LVU4
 838:Drivers/STM32H7xx_HAL_Driver/Src/stm32h7xx_hal_flash.c **** 
 839:Drivers/STM32H7xx_HAL_Driver/Src/stm32h7xx_hal_flash.c ****   /* NOTE : This function Should not be modified, when the callback is needed,
 840:Drivers/STM32H7xx_HAL_Driver/Src/stm32h7xx_hal_flash.c ****             the HAL_FLASH_OperationErrorCallback could be implemented in the user file
 841:Drivers/STM32H7xx_HAL_Driver/Src/stm32h7xx_hal_flash.c ****    */
 842:Drivers/STM32H7xx_HAL_Driver/Src/stm32h7xx_hal_flash.c **** }
  56              		.loc 1 842 1 is_stmt 0 view .LVU5
  57 0000 7047     		bx	lr
  58              		.cfi_endproc
  59              	.LFE150:
  61              		.section	.text.HAL_FLASH_IRQHandler,"ax",%progbits
  62              		.align	1
  63              		.global	HAL_FLASH_IRQHandler
  64              		.syntax unified
  65              		.thumb
  66              		.thumb_func
  68              	HAL_FLASH_IRQHandler:
  69              	.LFB148:
 482:Drivers/STM32H7xx_HAL_Driver/Src/stm32h7xx_hal_flash.c ****   uint32_t temp;
  70              		.loc 1 482 1 is_stmt 1 view -0
  71              		.cfi_startproc
  72              		@ args = 0, pretend = 0, frame = 0
  73              		@ frame_needed = 0, uses_anonymous_args = 0
  74 0000 10B5     		push	{r4, lr}
ARM GAS  /tmp/ccuwOubA.s 			page 17


  75              	.LCFI0:
  76              		.cfi_def_cfa_offset 8
  77              		.cfi_offset 4, -8
  78              		.cfi_offset 14, -4
 483:Drivers/STM32H7xx_HAL_Driver/Src/stm32h7xx_hal_flash.c ****   uint32_t errorflag;
  79              		.loc 1 483 3 view .LVU7
 484:Drivers/STM32H7xx_HAL_Driver/Src/stm32h7xx_hal_flash.c ****   FLASH_ProcedureTypeDef procedure;
  80              		.loc 1 484 3 view .LVU8
 485:Drivers/STM32H7xx_HAL_Driver/Src/stm32h7xx_hal_flash.c **** 
  81              		.loc 1 485 3 view .LVU9
 488:Drivers/STM32H7xx_HAL_Driver/Src/stm32h7xx_hal_flash.c ****   {
  82              		.loc 1 488 3 view .LVU10
 488:Drivers/STM32H7xx_HAL_Driver/Src/stm32h7xx_hal_flash.c ****   {
  83              		.loc 1 488 6 is_stmt 0 view .LVU11
  84 0002 7B4B     		ldr	r3, .L32
  85 0004 1B69     		ldr	r3, [r3, #16]
 488:Drivers/STM32H7xx_HAL_Driver/Src/stm32h7xx_hal_flash.c ****   {
  86              		.loc 1 488 5 view .LVU12
  87 0006 13F4803F 		tst	r3, #65536
  88 000a 18D0     		beq	.L4
 490:Drivers/STM32H7xx_HAL_Driver/Src/stm32h7xx_hal_flash.c ****     {
  89              		.loc 1 490 5 is_stmt 1 view .LVU13
 490:Drivers/STM32H7xx_HAL_Driver/Src/stm32h7xx_hal_flash.c ****     {
  90              		.loc 1 490 14 is_stmt 0 view .LVU14
  91 000c 794B     		ldr	r3, .L32+4
  92 000e 1B78     		ldrb	r3, [r3]	@ zero_extendqisi2
  93 0010 DBB2     		uxtb	r3, r3
 490:Drivers/STM32H7xx_HAL_Driver/Src/stm32h7xx_hal_flash.c ****     {
  94              		.loc 1 490 7 view .LVU15
  95 0012 012B     		cmp	r3, #1
  96 0014 4AD0     		beq	.L24
 525:Drivers/STM32H7xx_HAL_Driver/Src/stm32h7xx_hal_flash.c **** 
  97              		.loc 1 525 7 is_stmt 1 view .LVU16
 525:Drivers/STM32H7xx_HAL_Driver/Src/stm32h7xx_hal_flash.c **** 
  98              		.loc 1 525 17 is_stmt 0 view .LVU17
  99 0016 774B     		ldr	r3, .L32+4
 100 0018 1C78     		ldrb	r4, [r3]	@ zero_extendqisi2
 101 001a E4B2     		uxtb	r4, r4
 102              	.LVL2:
 527:Drivers/STM32H7xx_HAL_Driver/Src/stm32h7xx_hal_flash.c ****       {
 103              		.loc 1 527 7 is_stmt 1 view .LVU18
 527:Drivers/STM32H7xx_HAL_Driver/Src/stm32h7xx_hal_flash.c ****       {
 104              		.loc 1 527 9 is_stmt 0 view .LVU19
 105 001c 072C     		cmp	r4, #7
 106 001e 18BF     		it	ne
 107 0020 022C     		cmpne	r4, #2
 108 0022 68D0     		beq	.L25
 533:Drivers/STM32H7xx_HAL_Driver/Src/stm32h7xx_hal_flash.c ****       {
 109              		.loc 1 533 12 is_stmt 1 view .LVU20
 533:Drivers/STM32H7xx_HAL_Driver/Src/stm32h7xx_hal_flash.c ****       {
 110              		.loc 1 533 14 is_stmt 0 view .LVU21
 111 0024 032C     		cmp	r4, #3
 112 0026 6AD0     		beq	.L26
 113              	.L8:
 542:Drivers/STM32H7xx_HAL_Driver/Src/stm32h7xx_hal_flash.c **** 
 114              		.loc 1 542 7 is_stmt 1 view .LVU22
 544:Drivers/STM32H7xx_HAL_Driver/Src/stm32h7xx_hal_flash.c ****          (procedure != FLASH_PROC_MASSERASE_BANK2) && \
ARM GAS  /tmp/ccuwOubA.s 			page 18


 115              		.loc 1 544 7 view .LVU23
 545:Drivers/STM32H7xx_HAL_Driver/Src/stm32h7xx_hal_flash.c ****          (procedure != FLASH_PROC_PROGRAM_BANK2))
 116              		.loc 1 545 52 is_stmt 0 view .LVU24
 117 0028 043C     		subs	r4, r4, #4
 118              	.LVL3:
 545:Drivers/STM32H7xx_HAL_Driver/Src/stm32h7xx_hal_flash.c ****          (procedure != FLASH_PROC_PROGRAM_BANK2))
 119              		.loc 1 545 52 view .LVU25
 120 002a E4B2     		uxtb	r4, r4
 121              	.LVL4:
 544:Drivers/STM32H7xx_HAL_Driver/Src/stm32h7xx_hal_flash.c ****          (procedure != FLASH_PROC_MASSERASE_BANK2) && \
 122              		.loc 1 544 9 view .LVU26
 123 002c 022C     		cmp	r4, #2
 124 002e 06D9     		bls	.L4
 548:Drivers/STM32H7xx_HAL_Driver/Src/stm32h7xx_hal_flash.c ****         /* Clear FLASH End of Operation pending bit */
 125              		.loc 1 548 9 is_stmt 1 view .LVU27
 548:Drivers/STM32H7xx_HAL_Driver/Src/stm32h7xx_hal_flash.c ****         /* Clear FLASH End of Operation pending bit */
 126              		.loc 1 548 33 is_stmt 0 view .LVU28
 127 0030 704B     		ldr	r3, .L32+4
 128 0032 0022     		movs	r2, #0
 129 0034 1A70     		strb	r2, [r3]
 550:Drivers/STM32H7xx_HAL_Driver/Src/stm32h7xx_hal_flash.c ****       }
 130              		.loc 1 550 9 is_stmt 1 view .LVU29
 131 0036 6E4B     		ldr	r3, .L32
 132 0038 4FF48032 		mov	r2, #65536
 133 003c 5A61     		str	r2, [r3, #20]
 134              	.LVL5:
 135              	.L4:
 557:Drivers/STM32H7xx_HAL_Driver/Src/stm32h7xx_hal_flash.c ****   {
 136              		.loc 1 557 3 view .LVU30
 557:Drivers/STM32H7xx_HAL_Driver/Src/stm32h7xx_hal_flash.c ****   {
 137              		.loc 1 557 6 is_stmt 0 view .LVU31
 138 003e 6C4B     		ldr	r3, .L32
 139 0040 D3F81031 		ldr	r3, [r3, #272]
 557:Drivers/STM32H7xx_HAL_Driver/Src/stm32h7xx_hal_flash.c ****   {
 140              		.loc 1 557 5 view .LVU32
 141 0044 13F4803F 		tst	r3, #65536
 142 0048 19D0     		beq	.L9
 559:Drivers/STM32H7xx_HAL_Driver/Src/stm32h7xx_hal_flash.c ****     {
 143              		.loc 1 559 5 is_stmt 1 view .LVU33
 559:Drivers/STM32H7xx_HAL_Driver/Src/stm32h7xx_hal_flash.c ****     {
 144              		.loc 1 559 14 is_stmt 0 view .LVU34
 145 004a 6A4B     		ldr	r3, .L32+4
 146 004c 1B78     		ldrb	r3, [r3]	@ zero_extendqisi2
 147 004e DBB2     		uxtb	r3, r3
 559:Drivers/STM32H7xx_HAL_Driver/Src/stm32h7xx_hal_flash.c ****     {
 148              		.loc 1 559 7 view .LVU35
 149 0050 042B     		cmp	r3, #4
 150 0052 59D0     		beq	.L27
 594:Drivers/STM32H7xx_HAL_Driver/Src/stm32h7xx_hal_flash.c **** 
 151              		.loc 1 594 7 is_stmt 1 view .LVU36
 594:Drivers/STM32H7xx_HAL_Driver/Src/stm32h7xx_hal_flash.c **** 
 152              		.loc 1 594 17 is_stmt 0 view .LVU37
 153 0054 674B     		ldr	r3, .L32+4
 154 0056 1C78     		ldrb	r4, [r3]	@ zero_extendqisi2
 155 0058 E4B2     		uxtb	r4, r4
 156              	.LVL6:
 596:Drivers/STM32H7xx_HAL_Driver/Src/stm32h7xx_hal_flash.c ****       {
ARM GAS  /tmp/ccuwOubA.s 			page 19


 157              		.loc 1 596 7 is_stmt 1 view .LVU38
 596:Drivers/STM32H7xx_HAL_Driver/Src/stm32h7xx_hal_flash.c ****       {
 158              		.loc 1 596 9 is_stmt 0 view .LVU39
 159 005a 072C     		cmp	r4, #7
 160 005c 18BF     		it	ne
 161 005e 052C     		cmpne	r4, #5
 162 0060 79D0     		beq	.L28
 602:Drivers/STM32H7xx_HAL_Driver/Src/stm32h7xx_hal_flash.c ****       {
 163              		.loc 1 602 12 is_stmt 1 view .LVU40
 602:Drivers/STM32H7xx_HAL_Driver/Src/stm32h7xx_hal_flash.c ****       {
 164              		.loc 1 602 14 is_stmt 0 view .LVU41
 165 0062 062C     		cmp	r4, #6
 166 0064 7BD0     		beq	.L29
 167              	.L13:
 611:Drivers/STM32H7xx_HAL_Driver/Src/stm32h7xx_hal_flash.c **** 
 168              		.loc 1 611 7 is_stmt 1 view .LVU42
 613:Drivers/STM32H7xx_HAL_Driver/Src/stm32h7xx_hal_flash.c ****          (procedure != FLASH_PROC_MASSERASE_BANK1) && \
 169              		.loc 1 613 7 view .LVU43
 614:Drivers/STM32H7xx_HAL_Driver/Src/stm32h7xx_hal_flash.c ****          (procedure != FLASH_PROC_PROGRAM_BANK1))
 170              		.loc 1 614 52 is_stmt 0 view .LVU44
 171 0066 013C     		subs	r4, r4, #1
 172              	.LVL7:
 614:Drivers/STM32H7xx_HAL_Driver/Src/stm32h7xx_hal_flash.c ****          (procedure != FLASH_PROC_PROGRAM_BANK1))
 173              		.loc 1 614 52 view .LVU45
 174 0068 E4B2     		uxtb	r4, r4
 175              	.LVL8:
 613:Drivers/STM32H7xx_HAL_Driver/Src/stm32h7xx_hal_flash.c ****          (procedure != FLASH_PROC_MASSERASE_BANK1) && \
 176              		.loc 1 613 9 view .LVU46
 177 006a 022C     		cmp	r4, #2
 178 006c 07D9     		bls	.L9
 617:Drivers/STM32H7xx_HAL_Driver/Src/stm32h7xx_hal_flash.c ****         /* Clear FLASH End of Operation pending bit */
 179              		.loc 1 617 9 is_stmt 1 view .LVU47
 617:Drivers/STM32H7xx_HAL_Driver/Src/stm32h7xx_hal_flash.c ****         /* Clear FLASH End of Operation pending bit */
 180              		.loc 1 617 33 is_stmt 0 view .LVU48
 181 006e 614B     		ldr	r3, .L32+4
 182 0070 0022     		movs	r2, #0
 183 0072 1A70     		strb	r2, [r3]
 619:Drivers/STM32H7xx_HAL_Driver/Src/stm32h7xx_hal_flash.c ****       }
 184              		.loc 1 619 9 is_stmt 1 view .LVU49
 185 0074 5E4B     		ldr	r3, .L32
 186 0076 4FF48032 		mov	r2, #65536
 187 007a C3F81421 		str	r2, [r3, #276]
 188              	.LVL9:
 189              	.L9:
 627:Drivers/STM32H7xx_HAL_Driver/Src/stm32h7xx_hal_flash.c ****                             FLASH_FLAG_INCERR_BANK1 | FLASH_FLAG_OPERR_BANK1);
 190              		.loc 1 627 3 view .LVU50
 627:Drivers/STM32H7xx_HAL_Driver/Src/stm32h7xx_hal_flash.c ****                             FLASH_FLAG_INCERR_BANK1 | FLASH_FLAG_OPERR_BANK1);
 191              		.loc 1 627 20 is_stmt 0 view .LVU51
 192 007e 5C4B     		ldr	r3, .L32
 193 0080 1B69     		ldr	r3, [r3, #16]
 194              	.LVL10:
 634:Drivers/STM32H7xx_HAL_Driver/Src/stm32h7xx_hal_flash.c ****   {
 195              		.loc 1 634 3 is_stmt 1 view .LVU52
 634:Drivers/STM32H7xx_HAL_Driver/Src/stm32h7xx_hal_flash.c ****   {
 196              		.loc 1 634 5 is_stmt 0 view .LVU53
 197 0082 13F4DC03 		ands	r3, r3, #7208960
 198              	.LVL11:
ARM GAS  /tmp/ccuwOubA.s 			page 20


 634:Drivers/STM32H7xx_HAL_Driver/Src/stm32h7xx_hal_flash.c ****   {
 199              		.loc 1 634 5 view .LVU54
 200 0086 79D0     		beq	.L14
 637:Drivers/STM32H7xx_HAL_Driver/Src/stm32h7xx_hal_flash.c **** 
 201              		.loc 1 637 5 is_stmt 1 view .LVU55
 637:Drivers/STM32H7xx_HAL_Driver/Src/stm32h7xx_hal_flash.c **** 
 202              		.loc 1 637 11 is_stmt 0 view .LVU56
 203 0088 5A4A     		ldr	r2, .L32+4
 204 008a 9169     		ldr	r1, [r2, #24]
 637:Drivers/STM32H7xx_HAL_Driver/Src/stm32h7xx_hal_flash.c **** 
 205              		.loc 1 637 22 view .LVU57
 206 008c 1943     		orrs	r1, r1, r3
 207 008e 9161     		str	r1, [r2, #24]
 640:Drivers/STM32H7xx_HAL_Driver/Src/stm32h7xx_hal_flash.c **** 
 208              		.loc 1 640 5 is_stmt 1 view .LVU58
 209 0090 5749     		ldr	r1, .L32
 210 0092 4B61     		str	r3, [r1, #20]
 642:Drivers/STM32H7xx_HAL_Driver/Src/stm32h7xx_hal_flash.c **** 
 211              		.loc 1 642 5 view .LVU59
 642:Drivers/STM32H7xx_HAL_Driver/Src/stm32h7xx_hal_flash.c **** 
 212              		.loc 1 642 15 is_stmt 0 view .LVU60
 213 0094 1378     		ldrb	r3, [r2]	@ zero_extendqisi2
 214              	.LVL12:
 642:Drivers/STM32H7xx_HAL_Driver/Src/stm32h7xx_hal_flash.c **** 
 215              		.loc 1 642 15 view .LVU61
 216 0096 DBB2     		uxtb	r3, r3
 217              	.LVL13:
 644:Drivers/STM32H7xx_HAL_Driver/Src/stm32h7xx_hal_flash.c ****     {
 218              		.loc 1 644 5 is_stmt 1 view .LVU62
 644:Drivers/STM32H7xx_HAL_Driver/Src/stm32h7xx_hal_flash.c ****     {
 219              		.loc 1 644 7 is_stmt 0 view .LVU63
 220 0098 012B     		cmp	r3, #1
 221 009a 65D0     		beq	.L30
 650:Drivers/STM32H7xx_HAL_Driver/Src/stm32h7xx_hal_flash.c ****     {
 222              		.loc 1 650 10 is_stmt 1 view .LVU64
 650:Drivers/STM32H7xx_HAL_Driver/Src/stm32h7xx_hal_flash.c ****     {
 223              		.loc 1 650 12 is_stmt 0 view .LVU65
 224 009c 072B     		cmp	r3, #7
 225 009e 18BF     		it	ne
 226 00a0 022B     		cmpne	r3, #2
 227 00a2 00F08580 		beq	.L21
 658:Drivers/STM32H7xx_HAL_Driver/Src/stm32h7xx_hal_flash.c ****     }
 228              		.loc 1 658 7 is_stmt 1 view .LVU66
 658:Drivers/STM32H7xx_HAL_Driver/Src/stm32h7xx_hal_flash.c ****     }
 229              		.loc 1 658 12 is_stmt 0 view .LVU67
 230 00a6 534B     		ldr	r3, .L32+4
 231              	.LVL14:
 658:Drivers/STM32H7xx_HAL_Driver/Src/stm32h7xx_hal_flash.c ****     }
 232              		.loc 1 658 12 view .LVU68
 233 00a8 1869     		ldr	r0, [r3, #16]
 234              	.LVL15:
 658:Drivers/STM32H7xx_HAL_Driver/Src/stm32h7xx_hal_flash.c ****     }
 235              		.loc 1 658 12 view .LVU69
 236 00aa 62E0     		b	.L16
 237              	.LVL16:
 238              	.L24:
 493:Drivers/STM32H7xx_HAL_Driver/Src/stm32h7xx_hal_flash.c **** 
ARM GAS  /tmp/ccuwOubA.s 			page 21


 239              		.loc 1 493 7 is_stmt 1 view .LVU70
 493:Drivers/STM32H7xx_HAL_Driver/Src/stm32h7xx_hal_flash.c **** 
 240              		.loc 1 493 13 is_stmt 0 view .LVU71
 241 00ac 514B     		ldr	r3, .L32+4
 242 00ae 5A68     		ldr	r2, [r3, #4]
 493:Drivers/STM32H7xx_HAL_Driver/Src/stm32h7xx_hal_flash.c **** 
 243              		.loc 1 493 30 view .LVU72
 244 00b0 013A     		subs	r2, r2, #1
 245 00b2 5A60     		str	r2, [r3, #4]
 496:Drivers/STM32H7xx_HAL_Driver/Src/stm32h7xx_hal_flash.c ****       {
 246              		.loc 1 496 7 is_stmt 1 view .LVU73
 496:Drivers/STM32H7xx_HAL_Driver/Src/stm32h7xx_hal_flash.c ****       {
 247              		.loc 1 496 16 is_stmt 0 view .LVU74
 248 00b4 5B68     		ldr	r3, [r3, #4]
 496:Drivers/STM32H7xx_HAL_Driver/Src/stm32h7xx_hal_flash.c ****       {
 249              		.loc 1 496 9 view .LVU75
 250 00b6 83B1     		cbz	r3, .L6
 499:Drivers/STM32H7xx_HAL_Driver/Src/stm32h7xx_hal_flash.c **** 
 251              		.loc 1 499 9 is_stmt 1 view .LVU76
 499:Drivers/STM32H7xx_HAL_Driver/Src/stm32h7xx_hal_flash.c **** 
 252              		.loc 1 499 48 is_stmt 0 view .LVU77
 253 00b8 4E4C     		ldr	r4, .L32+4
 254 00ba E068     		ldr	r0, [r4, #12]
 499:Drivers/STM32H7xx_HAL_Driver/Src/stm32h7xx_hal_flash.c **** 
 255              		.loc 1 499 9 view .LVU78
 256 00bc FFF7FEFF 		bl	HAL_FLASH_EndOfOperationCallback
 257              	.LVL17:
 502:Drivers/STM32H7xx_HAL_Driver/Src/stm32h7xx_hal_flash.c **** 
 258              		.loc 1 502 9 is_stmt 1 view .LVU79
 259 00c0 4B4B     		ldr	r3, .L32
 260 00c2 4FF48032 		mov	r2, #65536
 261 00c6 5A61     		str	r2, [r3, #20]
 505:Drivers/STM32H7xx_HAL_Driver/Src/stm32h7xx_hal_flash.c ****         temp = pFlash.Sector;
 262              		.loc 1 505 9 view .LVU80
 505:Drivers/STM32H7xx_HAL_Driver/Src/stm32h7xx_hal_flash.c ****         temp = pFlash.Sector;
 263              		.loc 1 505 15 is_stmt 0 view .LVU81
 264 00c8 E368     		ldr	r3, [r4, #12]
 505:Drivers/STM32H7xx_HAL_Driver/Src/stm32h7xx_hal_flash.c ****         temp = pFlash.Sector;
 265              		.loc 1 505 22 view .LVU82
 266 00ca 0133     		adds	r3, r3, #1
 267 00cc E360     		str	r3, [r4, #12]
 506:Drivers/STM32H7xx_HAL_Driver/Src/stm32h7xx_hal_flash.c ****         FLASH_Erase_Sector(temp, FLASH_BANK_1, pFlash.VoltageForErase);
 268              		.loc 1 506 9 is_stmt 1 view .LVU83
 506:Drivers/STM32H7xx_HAL_Driver/Src/stm32h7xx_hal_flash.c ****         FLASH_Erase_Sector(temp, FLASH_BANK_1, pFlash.VoltageForErase);
 269              		.loc 1 506 14 is_stmt 0 view .LVU84
 270 00ce E068     		ldr	r0, [r4, #12]
 271              	.LVL18:
 507:Drivers/STM32H7xx_HAL_Driver/Src/stm32h7xx_hal_flash.c ****       }
 272              		.loc 1 507 9 is_stmt 1 view .LVU85
 507:Drivers/STM32H7xx_HAL_Driver/Src/stm32h7xx_hal_flash.c ****       }
 273              		.loc 1 507 54 is_stmt 0 view .LVU86
 274 00d0 A268     		ldr	r2, [r4, #8]
 507:Drivers/STM32H7xx_HAL_Driver/Src/stm32h7xx_hal_flash.c ****       }
 275              		.loc 1 507 9 view .LVU87
 276 00d2 0121     		movs	r1, #1
 277 00d4 FFF7FEFF 		bl	FLASH_Erase_Sector
 278              	.LVL19:
ARM GAS  /tmp/ccuwOubA.s 			page 22


 507:Drivers/STM32H7xx_HAL_Driver/Src/stm32h7xx_hal_flash.c ****       }
 279              		.loc 1 507 9 view .LVU88
 280 00d8 B1E7     		b	.L4
 281              	.LVL20:
 282              	.L6:
 513:Drivers/STM32H7xx_HAL_Driver/Src/stm32h7xx_hal_flash.c ****         pFlash.ProcedureOnGoing = FLASH_PROC_NONE;
 283              		.loc 1 513 9 is_stmt 1 view .LVU89
 513:Drivers/STM32H7xx_HAL_Driver/Src/stm32h7xx_hal_flash.c ****         pFlash.ProcedureOnGoing = FLASH_PROC_NONE;
 284              		.loc 1 513 23 is_stmt 0 view .LVU90
 285 00da 464B     		ldr	r3, .L32+4
 286 00dc 4FF0FF32 		mov	r2, #-1
 287 00e0 DA60     		str	r2, [r3, #12]
 514:Drivers/STM32H7xx_HAL_Driver/Src/stm32h7xx_hal_flash.c **** 
 288              		.loc 1 514 9 is_stmt 1 view .LVU91
 514:Drivers/STM32H7xx_HAL_Driver/Src/stm32h7xx_hal_flash.c **** 
 289              		.loc 1 514 33 is_stmt 0 view .LVU92
 290 00e2 0022     		movs	r2, #0
 291 00e4 1A70     		strb	r2, [r3]
 517:Drivers/STM32H7xx_HAL_Driver/Src/stm32h7xx_hal_flash.c **** 
 292              		.loc 1 517 9 is_stmt 1 view .LVU93
 517:Drivers/STM32H7xx_HAL_Driver/Src/stm32h7xx_hal_flash.c **** 
 293              		.loc 1 517 48 is_stmt 0 view .LVU94
 294 00e6 D868     		ldr	r0, [r3, #12]
 517:Drivers/STM32H7xx_HAL_Driver/Src/stm32h7xx_hal_flash.c **** 
 295              		.loc 1 517 9 view .LVU95
 296 00e8 FFF7FEFF 		bl	HAL_FLASH_EndOfOperationCallback
 297              	.LVL21:
 520:Drivers/STM32H7xx_HAL_Driver/Src/stm32h7xx_hal_flash.c ****       }
 298              		.loc 1 520 9 is_stmt 1 view .LVU96
 299 00ec 404B     		ldr	r3, .L32
 300 00ee 4FF48032 		mov	r2, #65536
 301 00f2 5A61     		str	r2, [r3, #20]
 302 00f4 A3E7     		b	.L4
 303              	.LVL22:
 304              	.L25:
 531:Drivers/STM32H7xx_HAL_Driver/Src/stm32h7xx_hal_flash.c ****       }
 305              		.loc 1 531 9 view .LVU97
 306 00f6 0120     		movs	r0, #1
 307 00f8 FFF7FEFF 		bl	HAL_FLASH_EndOfOperationCallback
 308              	.LVL23:
 309 00fc 94E7     		b	.L8
 310              	.L26:
 537:Drivers/STM32H7xx_HAL_Driver/Src/stm32h7xx_hal_flash.c ****       }
 311              		.loc 1 537 9 view .LVU98
 537:Drivers/STM32H7xx_HAL_Driver/Src/stm32h7xx_hal_flash.c ****       }
 312              		.loc 1 537 48 is_stmt 0 view .LVU99
 313 00fe 3D4B     		ldr	r3, .L32+4
 314 0100 1869     		ldr	r0, [r3, #16]
 537:Drivers/STM32H7xx_HAL_Driver/Src/stm32h7xx_hal_flash.c ****       }
 315              		.loc 1 537 9 view .LVU100
 316 0102 FFF7FEFF 		bl	HAL_FLASH_EndOfOperationCallback
 317              	.LVL24:
 318 0106 8FE7     		b	.L8
 319              	.LVL25:
 320              	.L27:
 562:Drivers/STM32H7xx_HAL_Driver/Src/stm32h7xx_hal_flash.c **** 
 321              		.loc 1 562 7 is_stmt 1 view .LVU101
ARM GAS  /tmp/ccuwOubA.s 			page 23


 562:Drivers/STM32H7xx_HAL_Driver/Src/stm32h7xx_hal_flash.c **** 
 322              		.loc 1 562 13 is_stmt 0 view .LVU102
 323 0108 3A4B     		ldr	r3, .L32+4
 324 010a 5A68     		ldr	r2, [r3, #4]
 562:Drivers/STM32H7xx_HAL_Driver/Src/stm32h7xx_hal_flash.c **** 
 325              		.loc 1 562 30 view .LVU103
 326 010c 013A     		subs	r2, r2, #1
 327 010e 5A60     		str	r2, [r3, #4]
 565:Drivers/STM32H7xx_HAL_Driver/Src/stm32h7xx_hal_flash.c ****       {
 328              		.loc 1 565 7 is_stmt 1 view .LVU104
 565:Drivers/STM32H7xx_HAL_Driver/Src/stm32h7xx_hal_flash.c ****       {
 329              		.loc 1 565 16 is_stmt 0 view .LVU105
 330 0110 5B68     		ldr	r3, [r3, #4]
 565:Drivers/STM32H7xx_HAL_Driver/Src/stm32h7xx_hal_flash.c ****       {
 331              		.loc 1 565 9 view .LVU106
 332 0112 8BB1     		cbz	r3, .L11
 568:Drivers/STM32H7xx_HAL_Driver/Src/stm32h7xx_hal_flash.c **** 
 333              		.loc 1 568 9 is_stmt 1 view .LVU107
 568:Drivers/STM32H7xx_HAL_Driver/Src/stm32h7xx_hal_flash.c **** 
 334              		.loc 1 568 48 is_stmt 0 view .LVU108
 335 0114 374C     		ldr	r4, .L32+4
 336 0116 E068     		ldr	r0, [r4, #12]
 568:Drivers/STM32H7xx_HAL_Driver/Src/stm32h7xx_hal_flash.c **** 
 337              		.loc 1 568 9 view .LVU109
 338 0118 FFF7FEFF 		bl	HAL_FLASH_EndOfOperationCallback
 339              	.LVL26:
 571:Drivers/STM32H7xx_HAL_Driver/Src/stm32h7xx_hal_flash.c **** 
 340              		.loc 1 571 9 is_stmt 1 view .LVU110
 341 011c 344B     		ldr	r3, .L32
 342 011e 4FF48032 		mov	r2, #65536
 343 0122 C3F81421 		str	r2, [r3, #276]
 574:Drivers/STM32H7xx_HAL_Driver/Src/stm32h7xx_hal_flash.c ****         temp = pFlash.Sector;
 344              		.loc 1 574 9 view .LVU111
 574:Drivers/STM32H7xx_HAL_Driver/Src/stm32h7xx_hal_flash.c ****         temp = pFlash.Sector;
 345              		.loc 1 574 15 is_stmt 0 view .LVU112
 346 0126 E368     		ldr	r3, [r4, #12]
 574:Drivers/STM32H7xx_HAL_Driver/Src/stm32h7xx_hal_flash.c ****         temp = pFlash.Sector;
 347              		.loc 1 574 22 view .LVU113
 348 0128 0133     		adds	r3, r3, #1
 349 012a E360     		str	r3, [r4, #12]
 575:Drivers/STM32H7xx_HAL_Driver/Src/stm32h7xx_hal_flash.c ****         FLASH_Erase_Sector(temp, FLASH_BANK_2, pFlash.VoltageForErase);
 350              		.loc 1 575 9 is_stmt 1 view .LVU114
 575:Drivers/STM32H7xx_HAL_Driver/Src/stm32h7xx_hal_flash.c ****         FLASH_Erase_Sector(temp, FLASH_BANK_2, pFlash.VoltageForErase);
 351              		.loc 1 575 14 is_stmt 0 view .LVU115
 352 012c E068     		ldr	r0, [r4, #12]
 353              	.LVL27:
 576:Drivers/STM32H7xx_HAL_Driver/Src/stm32h7xx_hal_flash.c ****       }
 354              		.loc 1 576 9 is_stmt 1 view .LVU116
 576:Drivers/STM32H7xx_HAL_Driver/Src/stm32h7xx_hal_flash.c ****       }
 355              		.loc 1 576 54 is_stmt 0 view .LVU117
 356 012e A268     		ldr	r2, [r4, #8]
 576:Drivers/STM32H7xx_HAL_Driver/Src/stm32h7xx_hal_flash.c ****       }
 357              		.loc 1 576 9 view .LVU118
 358 0130 0221     		movs	r1, #2
 359 0132 FFF7FEFF 		bl	FLASH_Erase_Sector
 360              	.LVL28:
 576:Drivers/STM32H7xx_HAL_Driver/Src/stm32h7xx_hal_flash.c ****       }
ARM GAS  /tmp/ccuwOubA.s 			page 24


 361              		.loc 1 576 9 view .LVU119
 362 0136 A2E7     		b	.L9
 363              	.LVL29:
 364              	.L11:
 582:Drivers/STM32H7xx_HAL_Driver/Src/stm32h7xx_hal_flash.c ****         pFlash.ProcedureOnGoing = FLASH_PROC_NONE;
 365              		.loc 1 582 9 is_stmt 1 view .LVU120
 582:Drivers/STM32H7xx_HAL_Driver/Src/stm32h7xx_hal_flash.c ****         pFlash.ProcedureOnGoing = FLASH_PROC_NONE;
 366              		.loc 1 582 23 is_stmt 0 view .LVU121
 367 0138 2E4B     		ldr	r3, .L32+4
 368 013a 4FF0FF32 		mov	r2, #-1
 369 013e DA60     		str	r2, [r3, #12]
 583:Drivers/STM32H7xx_HAL_Driver/Src/stm32h7xx_hal_flash.c **** 
 370              		.loc 1 583 9 is_stmt 1 view .LVU122
 583:Drivers/STM32H7xx_HAL_Driver/Src/stm32h7xx_hal_flash.c **** 
 371              		.loc 1 583 33 is_stmt 0 view .LVU123
 372 0140 0022     		movs	r2, #0
 373 0142 1A70     		strb	r2, [r3]
 586:Drivers/STM32H7xx_HAL_Driver/Src/stm32h7xx_hal_flash.c **** 
 374              		.loc 1 586 9 is_stmt 1 view .LVU124
 586:Drivers/STM32H7xx_HAL_Driver/Src/stm32h7xx_hal_flash.c **** 
 375              		.loc 1 586 48 is_stmt 0 view .LVU125
 376 0144 D868     		ldr	r0, [r3, #12]
 586:Drivers/STM32H7xx_HAL_Driver/Src/stm32h7xx_hal_flash.c **** 
 377              		.loc 1 586 9 view .LVU126
 378 0146 FFF7FEFF 		bl	HAL_FLASH_EndOfOperationCallback
 379              	.LVL30:
 589:Drivers/STM32H7xx_HAL_Driver/Src/stm32h7xx_hal_flash.c ****       }
 380              		.loc 1 589 9 is_stmt 1 view .LVU127
 381 014a 294B     		ldr	r3, .L32
 382 014c 4FF48032 		mov	r2, #65536
 383 0150 C3F81421 		str	r2, [r3, #276]
 384 0154 93E7     		b	.L9
 385              	.LVL31:
 386              	.L28:
 600:Drivers/STM32H7xx_HAL_Driver/Src/stm32h7xx_hal_flash.c ****       }
 387              		.loc 1 600 9 view .LVU128
 388 0156 0220     		movs	r0, #2
 389 0158 FFF7FEFF 		bl	HAL_FLASH_EndOfOperationCallback
 390              	.LVL32:
 391 015c 83E7     		b	.L13
 392              	.L29:
 606:Drivers/STM32H7xx_HAL_Driver/Src/stm32h7xx_hal_flash.c ****       }
 393              		.loc 1 606 9 view .LVU129
 606:Drivers/STM32H7xx_HAL_Driver/Src/stm32h7xx_hal_flash.c ****       }
 394              		.loc 1 606 48 is_stmt 0 view .LVU130
 395 015e 254B     		ldr	r3, .L32+4
 396 0160 1869     		ldr	r0, [r3, #16]
 606:Drivers/STM32H7xx_HAL_Driver/Src/stm32h7xx_hal_flash.c ****       }
 397              		.loc 1 606 9 view .LVU131
 398 0162 FFF7FEFF 		bl	HAL_FLASH_EndOfOperationCallback
 399              	.LVL33:
 400 0166 7EE7     		b	.L13
 401              	.LVL34:
 402              	.L30:
 647:Drivers/STM32H7xx_HAL_Driver/Src/stm32h7xx_hal_flash.c ****       pFlash.Sector = 0xFFFFFFFFU;
 403              		.loc 1 647 7 is_stmt 1 view .LVU132
 647:Drivers/STM32H7xx_HAL_Driver/Src/stm32h7xx_hal_flash.c ****       pFlash.Sector = 0xFFFFFFFFU;
ARM GAS  /tmp/ccuwOubA.s 			page 25


 404              		.loc 1 647 12 is_stmt 0 view .LVU133
 405 0168 1346     		mov	r3, r2
 406              	.LVL35:
 647:Drivers/STM32H7xx_HAL_Driver/Src/stm32h7xx_hal_flash.c ****       pFlash.Sector = 0xFFFFFFFFU;
 407              		.loc 1 647 12 view .LVU134
 408 016a D068     		ldr	r0, [r2, #12]
 409              	.LVL36:
 648:Drivers/STM32H7xx_HAL_Driver/Src/stm32h7xx_hal_flash.c ****     }
 410              		.loc 1 648 7 is_stmt 1 view .LVU135
 648:Drivers/STM32H7xx_HAL_Driver/Src/stm32h7xx_hal_flash.c ****     }
 411              		.loc 1 648 21 is_stmt 0 view .LVU136
 412 016c 4FF0FF32 		mov	r2, #-1
 648:Drivers/STM32H7xx_HAL_Driver/Src/stm32h7xx_hal_flash.c ****     }
 413              		.loc 1 648 21 view .LVU137
 414 0170 DA60     		str	r2, [r3, #12]
 415              	.LVL37:
 416              	.L16:
 662:Drivers/STM32H7xx_HAL_Driver/Src/stm32h7xx_hal_flash.c **** 
 417              		.loc 1 662 5 is_stmt 1 view .LVU138
 662:Drivers/STM32H7xx_HAL_Driver/Src/stm32h7xx_hal_flash.c **** 
 418              		.loc 1 662 29 is_stmt 0 view .LVU139
 419 0172 204B     		ldr	r3, .L32+4
 662:Drivers/STM32H7xx_HAL_Driver/Src/stm32h7xx_hal_flash.c **** 
 420              		.loc 1 662 29 view .LVU140
 421 0174 0022     		movs	r2, #0
 422 0176 1A70     		strb	r2, [r3]
 423              	.LVL38:
 665:Drivers/STM32H7xx_HAL_Driver/Src/stm32h7xx_hal_flash.c ****   }
 424              		.loc 1 665 5 is_stmt 1 view .LVU141
 425 0178 FFF7FEFF 		bl	HAL_FLASH_OperationErrorCallback
 426              	.LVL39:
 427              	.L14:
 703:Drivers/STM32H7xx_HAL_Driver/Src/stm32h7xx_hal_flash.c ****                              FLASH_FLAG_INCERR_BANK2 | FLASH_FLAG_OPERR_BANK2) & 0x7FFFFFFFU);
 428              		.loc 1 703 3 view .LVU142
 703:Drivers/STM32H7xx_HAL_Driver/Src/stm32h7xx_hal_flash.c ****                              FLASH_FLAG_INCERR_BANK2 | FLASH_FLAG_OPERR_BANK2) & 0x7FFFFFFFU);
 429              		.loc 1 703 20 is_stmt 0 view .LVU143
 430 017c 1C4B     		ldr	r3, .L32
 431 017e D3F81031 		ldr	r3, [r3, #272]
 432              	.LVL40:
 710:Drivers/STM32H7xx_HAL_Driver/Src/stm32h7xx_hal_flash.c ****   {
 433              		.loc 1 710 3 is_stmt 1 view .LVU144
 710:Drivers/STM32H7xx_HAL_Driver/Src/stm32h7xx_hal_flash.c ****   {
 434              		.loc 1 710 5 is_stmt 0 view .LVU145
 435 0182 13F4DC03 		ands	r3, r3, #7208960
 436              	.LVL41:
 710:Drivers/STM32H7xx_HAL_Driver/Src/stm32h7xx_hal_flash.c ****   {
 437              		.loc 1 710 5 view .LVU146
 438 0186 1ED0     		beq	.L17
 713:Drivers/STM32H7xx_HAL_Driver/Src/stm32h7xx_hal_flash.c **** 
 439              		.loc 1 713 5 is_stmt 1 view .LVU147
 713:Drivers/STM32H7xx_HAL_Driver/Src/stm32h7xx_hal_flash.c **** 
 440              		.loc 1 713 11 is_stmt 0 view .LVU148
 441 0188 1A49     		ldr	r1, .L32+4
 442 018a 8A69     		ldr	r2, [r1, #24]
 713:Drivers/STM32H7xx_HAL_Driver/Src/stm32h7xx_hal_flash.c **** 
 443              		.loc 1 713 22 view .LVU149
 444 018c 1A43     		orrs	r2, r2, r3
ARM GAS  /tmp/ccuwOubA.s 			page 26


 445 018e 42F00042 		orr	r2, r2, #-2147483648
 446 0192 8A61     		str	r2, [r1, #24]
 716:Drivers/STM32H7xx_HAL_Driver/Src/stm32h7xx_hal_flash.c **** 
 447              		.loc 1 716 5 is_stmt 1 view .LVU150
 448 0194 164A     		ldr	r2, .L32
 449 0196 C2F81431 		str	r3, [r2, #276]
 718:Drivers/STM32H7xx_HAL_Driver/Src/stm32h7xx_hal_flash.c **** 
 450              		.loc 1 718 5 view .LVU151
 718:Drivers/STM32H7xx_HAL_Driver/Src/stm32h7xx_hal_flash.c **** 
 451              		.loc 1 718 15 is_stmt 0 view .LVU152
 452 019a 0B78     		ldrb	r3, [r1]	@ zero_extendqisi2
 453              	.LVL42:
 718:Drivers/STM32H7xx_HAL_Driver/Src/stm32h7xx_hal_flash.c **** 
 454              		.loc 1 718 15 view .LVU153
 455 019c DBB2     		uxtb	r3, r3
 456              	.LVL43:
 720:Drivers/STM32H7xx_HAL_Driver/Src/stm32h7xx_hal_flash.c ****     {
 457              		.loc 1 720 5 is_stmt 1 view .LVU154
 720:Drivers/STM32H7xx_HAL_Driver/Src/stm32h7xx_hal_flash.c ****     {
 458              		.loc 1 720 7 is_stmt 0 view .LVU155
 459 019e 042B     		cmp	r3, #4
 460 01a0 08D0     		beq	.L31
 726:Drivers/STM32H7xx_HAL_Driver/Src/stm32h7xx_hal_flash.c ****     {
 461              		.loc 1 726 10 is_stmt 1 view .LVU156
 726:Drivers/STM32H7xx_HAL_Driver/Src/stm32h7xx_hal_flash.c ****     {
 462              		.loc 1 726 12 is_stmt 0 view .LVU157
 463 01a2 072B     		cmp	r3, #7
 464 01a4 18BF     		it	ne
 465 01a6 052B     		cmpne	r3, #5
 466 01a8 1FD0     		beq	.L22
 734:Drivers/STM32H7xx_HAL_Driver/Src/stm32h7xx_hal_flash.c ****     }
 467              		.loc 1 734 7 is_stmt 1 view .LVU158
 734:Drivers/STM32H7xx_HAL_Driver/Src/stm32h7xx_hal_flash.c ****     }
 468              		.loc 1 734 12 is_stmt 0 view .LVU159
 469 01aa 124B     		ldr	r3, .L32+4
 470              	.LVL44:
 734:Drivers/STM32H7xx_HAL_Driver/Src/stm32h7xx_hal_flash.c ****     }
 471              		.loc 1 734 12 view .LVU160
 472 01ac 1869     		ldr	r0, [r3, #16]
 473              	.LVL45:
 734:Drivers/STM32H7xx_HAL_Driver/Src/stm32h7xx_hal_flash.c ****     }
 474              		.loc 1 734 12 view .LVU161
 475 01ae 05E0     		b	.L19
 476              	.LVL46:
 477              	.L21:
 653:Drivers/STM32H7xx_HAL_Driver/Src/stm32h7xx_hal_flash.c ****     }
 478              		.loc 1 653 12 view .LVU162
 479 01b0 0120     		movs	r0, #1
 480 01b2 DEE7     		b	.L16
 481              	.LVL47:
 482              	.L31:
 723:Drivers/STM32H7xx_HAL_Driver/Src/stm32h7xx_hal_flash.c ****       pFlash.Sector = 0xFFFFFFFFU;
 483              		.loc 1 723 7 is_stmt 1 view .LVU163
 723:Drivers/STM32H7xx_HAL_Driver/Src/stm32h7xx_hal_flash.c ****       pFlash.Sector = 0xFFFFFFFFU;
 484              		.loc 1 723 12 is_stmt 0 view .LVU164
 485 01b4 C868     		ldr	r0, [r1, #12]
 486              	.LVL48:
ARM GAS  /tmp/ccuwOubA.s 			page 27


 724:Drivers/STM32H7xx_HAL_Driver/Src/stm32h7xx_hal_flash.c ****     }
 487              		.loc 1 724 7 is_stmt 1 view .LVU165
 724:Drivers/STM32H7xx_HAL_Driver/Src/stm32h7xx_hal_flash.c ****     }
 488              		.loc 1 724 21 is_stmt 0 view .LVU166
 489 01b6 4FF0FF32 		mov	r2, #-1
 490              	.LVL49:
 724:Drivers/STM32H7xx_HAL_Driver/Src/stm32h7xx_hal_flash.c ****     }
 491              		.loc 1 724 21 view .LVU167
 492 01ba CA60     		str	r2, [r1, #12]
 493              	.LVL50:
 494              	.L19:
 738:Drivers/STM32H7xx_HAL_Driver/Src/stm32h7xx_hal_flash.c **** 
 495              		.loc 1 738 5 is_stmt 1 view .LVU168
 738:Drivers/STM32H7xx_HAL_Driver/Src/stm32h7xx_hal_flash.c **** 
 496              		.loc 1 738 29 is_stmt 0 view .LVU169
 497 01bc 0D4B     		ldr	r3, .L32+4
 498 01be 0022     		movs	r2, #0
 499 01c0 1A70     		strb	r2, [r3]
 500              	.LVL51:
 741:Drivers/STM32H7xx_HAL_Driver/Src/stm32h7xx_hal_flash.c ****   }
 501              		.loc 1 741 5 is_stmt 1 view .LVU170
 502 01c2 FFF7FEFF 		bl	HAL_FLASH_OperationErrorCallback
 503              	.LVL52:
 504              	.L17:
 778:Drivers/STM32H7xx_HAL_Driver/Src/stm32h7xx_hal_flash.c ****   {
 505              		.loc 1 778 3 view .LVU171
 778:Drivers/STM32H7xx_HAL_Driver/Src/stm32h7xx_hal_flash.c ****   {
 506              		.loc 1 778 12 is_stmt 0 view .LVU172
 507 01c6 0B4B     		ldr	r3, .L32+4
 508 01c8 1B78     		ldrb	r3, [r3]	@ zero_extendqisi2
 778:Drivers/STM32H7xx_HAL_Driver/Src/stm32h7xx_hal_flash.c ****   {
 509              		.loc 1 778 5 view .LVU173
 510 01ca 6BB9     		cbnz	r3, .L3
 782:Drivers/STM32H7xx_HAL_Driver/Src/stm32h7xx_hal_flash.c ****                                  FLASH_IT_STRBERR_BANK1 | FLASH_IT_INCERR_BANK1 | FLASH_IT_OPERR_BA
 511              		.loc 1 782 5 is_stmt 1 view .LVU174
 512 01cc 084B     		ldr	r3, .L32
 513 01ce DA68     		ldr	r2, [r3, #12]
 514 01d0 22F4DE02 		bic	r2, r2, #7274496
 515 01d4 DA60     		str	r2, [r3, #12]
 787:Drivers/STM32H7xx_HAL_Driver/Src/stm32h7xx_hal_flash.c ****                                  FLASH_IT_STRBERR_BANK2 | FLASH_IT_INCERR_BANK2 | FLASH_IT_OPERR_BA
 516              		.loc 1 787 5 view .LVU175
 517 01d6 D3F80C21 		ldr	r2, [r3, #268]
 518 01da 22F4DE02 		bic	r2, r2, #7274496
 519 01de C3F80C21 		str	r2, [r3, #268]
 803:Drivers/STM32H7xx_HAL_Driver/Src/stm32h7xx_hal_flash.c ****   }
 520              		.loc 1 803 5 view .LVU176
 803:Drivers/STM32H7xx_HAL_Driver/Src/stm32h7xx_hal_flash.c ****   }
 521              		.loc 1 803 5 view .LVU177
 522 01e2 044B     		ldr	r3, .L32+4
 523 01e4 0022     		movs	r2, #0
 524 01e6 1A75     		strb	r2, [r3, #20]
 803:Drivers/STM32H7xx_HAL_Driver/Src/stm32h7xx_hal_flash.c ****   }
 525              		.loc 1 803 5 discriminator 1 view .LVU178
 526              	.L3:
 805:Drivers/STM32H7xx_HAL_Driver/Src/stm32h7xx_hal_flash.c **** 
 527              		.loc 1 805 1 is_stmt 0 view .LVU179
 528 01e8 10BD     		pop	{r4, pc}
ARM GAS  /tmp/ccuwOubA.s 			page 28


 529              	.LVL53:
 530              	.L22:
 729:Drivers/STM32H7xx_HAL_Driver/Src/stm32h7xx_hal_flash.c ****     }
 531              		.loc 1 729 12 view .LVU180
 532 01ea 0220     		movs	r0, #2
 533 01ec E6E7     		b	.L19
 534              	.L33:
 535 01ee 00BF     		.align	2
 536              	.L32:
 537 01f0 00200052 		.word	1375739904
 538 01f4 00000000 		.word	pFlash
 539              		.cfi_endproc
 540              	.LFE148:
 542              		.section	.text.HAL_FLASH_Unlock,"ax",%progbits
 543              		.align	1
 544              		.global	HAL_FLASH_Unlock
 545              		.syntax unified
 546              		.thumb
 547              		.thumb_func
 549              	HAL_FLASH_Unlock:
 550              	.LFB151:
 843:Drivers/STM32H7xx_HAL_Driver/Src/stm32h7xx_hal_flash.c **** 
 844:Drivers/STM32H7xx_HAL_Driver/Src/stm32h7xx_hal_flash.c **** /**
 845:Drivers/STM32H7xx_HAL_Driver/Src/stm32h7xx_hal_flash.c ****   * @}
 846:Drivers/STM32H7xx_HAL_Driver/Src/stm32h7xx_hal_flash.c ****   */
 847:Drivers/STM32H7xx_HAL_Driver/Src/stm32h7xx_hal_flash.c **** 
 848:Drivers/STM32H7xx_HAL_Driver/Src/stm32h7xx_hal_flash.c **** /** @defgroup FLASH_Exported_Functions_Group2 Peripheral Control functions
 849:Drivers/STM32H7xx_HAL_Driver/Src/stm32h7xx_hal_flash.c ****   *  @brief   Management functions
 850:Drivers/STM32H7xx_HAL_Driver/Src/stm32h7xx_hal_flash.c ****   *
 851:Drivers/STM32H7xx_HAL_Driver/Src/stm32h7xx_hal_flash.c **** @verbatim
 852:Drivers/STM32H7xx_HAL_Driver/Src/stm32h7xx_hal_flash.c ****  ===============================================================================
 853:Drivers/STM32H7xx_HAL_Driver/Src/stm32h7xx_hal_flash.c ****                       ##### Peripheral Control functions #####
 854:Drivers/STM32H7xx_HAL_Driver/Src/stm32h7xx_hal_flash.c ****  ===============================================================================
 855:Drivers/STM32H7xx_HAL_Driver/Src/stm32h7xx_hal_flash.c ****     [..]
 856:Drivers/STM32H7xx_HAL_Driver/Src/stm32h7xx_hal_flash.c ****     This subsection provides a set of functions allowing to control the FLASH
 857:Drivers/STM32H7xx_HAL_Driver/Src/stm32h7xx_hal_flash.c ****     memory operations.
 858:Drivers/STM32H7xx_HAL_Driver/Src/stm32h7xx_hal_flash.c **** 
 859:Drivers/STM32H7xx_HAL_Driver/Src/stm32h7xx_hal_flash.c **** @endverbatim
 860:Drivers/STM32H7xx_HAL_Driver/Src/stm32h7xx_hal_flash.c ****   * @{
 861:Drivers/STM32H7xx_HAL_Driver/Src/stm32h7xx_hal_flash.c ****   */
 862:Drivers/STM32H7xx_HAL_Driver/Src/stm32h7xx_hal_flash.c **** 
 863:Drivers/STM32H7xx_HAL_Driver/Src/stm32h7xx_hal_flash.c **** /**
 864:Drivers/STM32H7xx_HAL_Driver/Src/stm32h7xx_hal_flash.c ****   * @brief  Unlock the FLASH control registers access
 865:Drivers/STM32H7xx_HAL_Driver/Src/stm32h7xx_hal_flash.c ****   * @retval HAL Status
 866:Drivers/STM32H7xx_HAL_Driver/Src/stm32h7xx_hal_flash.c ****   */
 867:Drivers/STM32H7xx_HAL_Driver/Src/stm32h7xx_hal_flash.c **** HAL_StatusTypeDef HAL_FLASH_Unlock(void)
 868:Drivers/STM32H7xx_HAL_Driver/Src/stm32h7xx_hal_flash.c **** {
 551              		.loc 1 868 1 is_stmt 1 view -0
 552              		.cfi_startproc
 553              		@ args = 0, pretend = 0, frame = 0
 554              		@ frame_needed = 0, uses_anonymous_args = 0
 555              		@ link register save eliminated.
 869:Drivers/STM32H7xx_HAL_Driver/Src/stm32h7xx_hal_flash.c ****   if(READ_BIT(FLASH->CR1, FLASH_CR_LOCK) != 0U)
 556              		.loc 1 869 3 view .LVU182
 557              		.loc 1 869 6 is_stmt 0 view .LVU183
 558 0000 144B     		ldr	r3, .L40
 559 0002 DB68     		ldr	r3, [r3, #12]
ARM GAS  /tmp/ccuwOubA.s 			page 29


 560              		.loc 1 869 5 view .LVU184
 561 0004 13F0010F 		tst	r3, #1
 562 0008 09D0     		beq	.L35
 870:Drivers/STM32H7xx_HAL_Driver/Src/stm32h7xx_hal_flash.c ****   {
 871:Drivers/STM32H7xx_HAL_Driver/Src/stm32h7xx_hal_flash.c ****     /* Authorize the FLASH Bank1 Registers access */
 872:Drivers/STM32H7xx_HAL_Driver/Src/stm32h7xx_hal_flash.c ****     WRITE_REG(FLASH->KEYR1, FLASH_KEY1);
 563              		.loc 1 872 5 is_stmt 1 view .LVU185
 564 000a 124B     		ldr	r3, .L40
 565 000c 124A     		ldr	r2, .L40+4
 566 000e 5A60     		str	r2, [r3, #4]
 873:Drivers/STM32H7xx_HAL_Driver/Src/stm32h7xx_hal_flash.c ****     WRITE_REG(FLASH->KEYR1, FLASH_KEY2);
 567              		.loc 1 873 5 view .LVU186
 568 0010 02F18832 		add	r2, r2, #-2004318072
 569 0014 5A60     		str	r2, [r3, #4]
 874:Drivers/STM32H7xx_HAL_Driver/Src/stm32h7xx_hal_flash.c **** 
 875:Drivers/STM32H7xx_HAL_Driver/Src/stm32h7xx_hal_flash.c ****     /* Verify Flash Bank1 is unlocked */
 876:Drivers/STM32H7xx_HAL_Driver/Src/stm32h7xx_hal_flash.c ****     if (READ_BIT(FLASH->CR1, FLASH_CR_LOCK) != 0U)
 570              		.loc 1 876 5 view .LVU187
 571              		.loc 1 876 9 is_stmt 0 view .LVU188
 572 0016 DB68     		ldr	r3, [r3, #12]
 573              		.loc 1 876 8 view .LVU189
 574 0018 13F0010F 		tst	r3, #1
 575 001c 14D1     		bne	.L37
 576              	.L35:
 877:Drivers/STM32H7xx_HAL_Driver/Src/stm32h7xx_hal_flash.c ****     {
 878:Drivers/STM32H7xx_HAL_Driver/Src/stm32h7xx_hal_flash.c ****       return HAL_ERROR;
 879:Drivers/STM32H7xx_HAL_Driver/Src/stm32h7xx_hal_flash.c ****     }
 880:Drivers/STM32H7xx_HAL_Driver/Src/stm32h7xx_hal_flash.c ****   }
 881:Drivers/STM32H7xx_HAL_Driver/Src/stm32h7xx_hal_flash.c **** 
 882:Drivers/STM32H7xx_HAL_Driver/Src/stm32h7xx_hal_flash.c **** #if defined (DUAL_BANK)
 883:Drivers/STM32H7xx_HAL_Driver/Src/stm32h7xx_hal_flash.c ****   if(READ_BIT(FLASH->CR2, FLASH_CR_LOCK) != 0U)
 577              		.loc 1 883 3 is_stmt 1 view .LVU190
 578              		.loc 1 883 6 is_stmt 0 view .LVU191
 579 001e 0D4B     		ldr	r3, .L40
 580 0020 D3F80C31 		ldr	r3, [r3, #268]
 581              		.loc 1 883 5 view .LVU192
 582 0024 13F0010F 		tst	r3, #1
 583 0028 10D0     		beq	.L38
 884:Drivers/STM32H7xx_HAL_Driver/Src/stm32h7xx_hal_flash.c ****   {
 885:Drivers/STM32H7xx_HAL_Driver/Src/stm32h7xx_hal_flash.c ****     /* Authorize the FLASH Bank2 Registers access */
 886:Drivers/STM32H7xx_HAL_Driver/Src/stm32h7xx_hal_flash.c ****     WRITE_REG(FLASH->KEYR2, FLASH_KEY1);
 584              		.loc 1 886 5 is_stmt 1 view .LVU193
 585 002a 0A4B     		ldr	r3, .L40
 586 002c 0A4A     		ldr	r2, .L40+4
 587 002e C3F80421 		str	r2, [r3, #260]
 887:Drivers/STM32H7xx_HAL_Driver/Src/stm32h7xx_hal_flash.c ****     WRITE_REG(FLASH->KEYR2, FLASH_KEY2);
 588              		.loc 1 887 5 view .LVU194
 589 0032 02F18832 		add	r2, r2, #-2004318072
 590 0036 C3F80421 		str	r2, [r3, #260]
 888:Drivers/STM32H7xx_HAL_Driver/Src/stm32h7xx_hal_flash.c **** 
 889:Drivers/STM32H7xx_HAL_Driver/Src/stm32h7xx_hal_flash.c ****     /* Verify Flash Bank2 is unlocked */
 890:Drivers/STM32H7xx_HAL_Driver/Src/stm32h7xx_hal_flash.c ****     if (READ_BIT(FLASH->CR2, FLASH_CR_LOCK) != 0U)
 591              		.loc 1 890 5 view .LVU195
 592              		.loc 1 890 9 is_stmt 0 view .LVU196
 593 003a D3F80C31 		ldr	r3, [r3, #268]
 594              		.loc 1 890 8 view .LVU197
 595 003e 13F0010F 		tst	r3, #1
ARM GAS  /tmp/ccuwOubA.s 			page 30


 596 0042 05D1     		bne	.L39
 891:Drivers/STM32H7xx_HAL_Driver/Src/stm32h7xx_hal_flash.c ****     {
 892:Drivers/STM32H7xx_HAL_Driver/Src/stm32h7xx_hal_flash.c ****       return HAL_ERROR;
 893:Drivers/STM32H7xx_HAL_Driver/Src/stm32h7xx_hal_flash.c ****     }
 894:Drivers/STM32H7xx_HAL_Driver/Src/stm32h7xx_hal_flash.c ****   }
 895:Drivers/STM32H7xx_HAL_Driver/Src/stm32h7xx_hal_flash.c **** #endif /* DUAL_BANK */
 896:Drivers/STM32H7xx_HAL_Driver/Src/stm32h7xx_hal_flash.c **** 
 897:Drivers/STM32H7xx_HAL_Driver/Src/stm32h7xx_hal_flash.c ****   return HAL_OK;
 597              		.loc 1 897 10 view .LVU198
 598 0044 0020     		movs	r0, #0
 599 0046 7047     		bx	lr
 600              	.L37:
 878:Drivers/STM32H7xx_HAL_Driver/Src/stm32h7xx_hal_flash.c ****     }
 601              		.loc 1 878 14 view .LVU199
 602 0048 0120     		movs	r0, #1
 603 004a 7047     		bx	lr
 604              	.L38:
 605              		.loc 1 897 10 view .LVU200
 606 004c 0020     		movs	r0, #0
 607 004e 7047     		bx	lr
 608              	.L39:
 892:Drivers/STM32H7xx_HAL_Driver/Src/stm32h7xx_hal_flash.c ****     }
 609              		.loc 1 892 14 view .LVU201
 610 0050 0120     		movs	r0, #1
 898:Drivers/STM32H7xx_HAL_Driver/Src/stm32h7xx_hal_flash.c **** }
 611              		.loc 1 898 1 view .LVU202
 612 0052 7047     		bx	lr
 613              	.L41:
 614              		.align	2
 615              	.L40:
 616 0054 00200052 		.word	1375739904
 617 0058 23016745 		.word	1164378403
 618              		.cfi_endproc
 619              	.LFE151:
 621              		.section	.text.HAL_FLASH_Lock,"ax",%progbits
 622              		.align	1
 623              		.global	HAL_FLASH_Lock
 624              		.syntax unified
 625              		.thumb
 626              		.thumb_func
 628              	HAL_FLASH_Lock:
 629              	.LFB152:
 899:Drivers/STM32H7xx_HAL_Driver/Src/stm32h7xx_hal_flash.c **** 
 900:Drivers/STM32H7xx_HAL_Driver/Src/stm32h7xx_hal_flash.c **** /**
 901:Drivers/STM32H7xx_HAL_Driver/Src/stm32h7xx_hal_flash.c ****   * @brief  Locks the FLASH control registers access
 902:Drivers/STM32H7xx_HAL_Driver/Src/stm32h7xx_hal_flash.c ****   * @retval HAL Status
 903:Drivers/STM32H7xx_HAL_Driver/Src/stm32h7xx_hal_flash.c ****   */
 904:Drivers/STM32H7xx_HAL_Driver/Src/stm32h7xx_hal_flash.c **** HAL_StatusTypeDef HAL_FLASH_Lock(void)
 905:Drivers/STM32H7xx_HAL_Driver/Src/stm32h7xx_hal_flash.c **** {
 630              		.loc 1 905 1 is_stmt 1 view -0
 631              		.cfi_startproc
 632              		@ args = 0, pretend = 0, frame = 0
 633              		@ frame_needed = 0, uses_anonymous_args = 0
 634              		@ link register save eliminated.
 906:Drivers/STM32H7xx_HAL_Driver/Src/stm32h7xx_hal_flash.c ****   /* Set the LOCK Bit to lock the FLASH Bank1 Control Register access */
 907:Drivers/STM32H7xx_HAL_Driver/Src/stm32h7xx_hal_flash.c ****   SET_BIT(FLASH->CR1, FLASH_CR_LOCK);
 635              		.loc 1 907 3 view .LVU204
ARM GAS  /tmp/ccuwOubA.s 			page 31


 636 0000 0D4B     		ldr	r3, .L46
 637 0002 DA68     		ldr	r2, [r3, #12]
 638 0004 42F00102 		orr	r2, r2, #1
 639 0008 DA60     		str	r2, [r3, #12]
 908:Drivers/STM32H7xx_HAL_Driver/Src/stm32h7xx_hal_flash.c **** 
 909:Drivers/STM32H7xx_HAL_Driver/Src/stm32h7xx_hal_flash.c ****   /* Verify Flash Bank1 is locked */
 910:Drivers/STM32H7xx_HAL_Driver/Src/stm32h7xx_hal_flash.c ****   if (READ_BIT(FLASH->CR1, FLASH_CR_LOCK) == 0U)
 640              		.loc 1 910 3 view .LVU205
 641              		.loc 1 910 7 is_stmt 0 view .LVU206
 642 000a DB68     		ldr	r3, [r3, #12]
 643              		.loc 1 910 6 view .LVU207
 644 000c 13F0010F 		tst	r3, #1
 645 0010 0DD0     		beq	.L44
 911:Drivers/STM32H7xx_HAL_Driver/Src/stm32h7xx_hal_flash.c ****   {
 912:Drivers/STM32H7xx_HAL_Driver/Src/stm32h7xx_hal_flash.c ****     return HAL_ERROR;
 913:Drivers/STM32H7xx_HAL_Driver/Src/stm32h7xx_hal_flash.c ****   }
 914:Drivers/STM32H7xx_HAL_Driver/Src/stm32h7xx_hal_flash.c **** 
 915:Drivers/STM32H7xx_HAL_Driver/Src/stm32h7xx_hal_flash.c **** #if defined (DUAL_BANK)
 916:Drivers/STM32H7xx_HAL_Driver/Src/stm32h7xx_hal_flash.c ****   /* Set the LOCK Bit to lock the FLASH Bank2 Control Register access */
 917:Drivers/STM32H7xx_HAL_Driver/Src/stm32h7xx_hal_flash.c ****   SET_BIT(FLASH->CR2, FLASH_CR_LOCK);
 646              		.loc 1 917 3 is_stmt 1 view .LVU208
 647 0012 094B     		ldr	r3, .L46
 648 0014 D3F80C21 		ldr	r2, [r3, #268]
 649 0018 42F00102 		orr	r2, r2, #1
 650 001c C3F80C21 		str	r2, [r3, #268]
 918:Drivers/STM32H7xx_HAL_Driver/Src/stm32h7xx_hal_flash.c **** 
 919:Drivers/STM32H7xx_HAL_Driver/Src/stm32h7xx_hal_flash.c ****   /* Verify Flash Bank2 is locked */
 920:Drivers/STM32H7xx_HAL_Driver/Src/stm32h7xx_hal_flash.c ****   if (READ_BIT(FLASH->CR2, FLASH_CR_LOCK) == 0U)
 651              		.loc 1 920 3 view .LVU209
 652              		.loc 1 920 7 is_stmt 0 view .LVU210
 653 0020 D3F80C31 		ldr	r3, [r3, #268]
 654              		.loc 1 920 6 view .LVU211
 655 0024 13F0010F 		tst	r3, #1
 656 0028 03D0     		beq	.L45
 921:Drivers/STM32H7xx_HAL_Driver/Src/stm32h7xx_hal_flash.c ****   {
 922:Drivers/STM32H7xx_HAL_Driver/Src/stm32h7xx_hal_flash.c ****     return HAL_ERROR;
 923:Drivers/STM32H7xx_HAL_Driver/Src/stm32h7xx_hal_flash.c ****   }
 924:Drivers/STM32H7xx_HAL_Driver/Src/stm32h7xx_hal_flash.c **** #endif /* DUAL_BANK */
 925:Drivers/STM32H7xx_HAL_Driver/Src/stm32h7xx_hal_flash.c **** 
 926:Drivers/STM32H7xx_HAL_Driver/Src/stm32h7xx_hal_flash.c ****   return HAL_OK;
 657              		.loc 1 926 10 view .LVU212
 658 002a 0020     		movs	r0, #0
 659 002c 7047     		bx	lr
 660              	.L44:
 912:Drivers/STM32H7xx_HAL_Driver/Src/stm32h7xx_hal_flash.c ****   }
 661              		.loc 1 912 12 view .LVU213
 662 002e 0120     		movs	r0, #1
 663 0030 7047     		bx	lr
 664              	.L45:
 922:Drivers/STM32H7xx_HAL_Driver/Src/stm32h7xx_hal_flash.c ****   }
 665              		.loc 1 922 12 view .LVU214
 666 0032 0120     		movs	r0, #1
 927:Drivers/STM32H7xx_HAL_Driver/Src/stm32h7xx_hal_flash.c **** }
 667              		.loc 1 927 1 view .LVU215
 668 0034 7047     		bx	lr
 669              	.L47:
 670 0036 00BF     		.align	2
ARM GAS  /tmp/ccuwOubA.s 			page 32


 671              	.L46:
 672 0038 00200052 		.word	1375739904
 673              		.cfi_endproc
 674              	.LFE152:
 676              		.section	.text.HAL_FLASH_OB_Unlock,"ax",%progbits
 677              		.align	1
 678              		.global	HAL_FLASH_OB_Unlock
 679              		.syntax unified
 680              		.thumb
 681              		.thumb_func
 683              	HAL_FLASH_OB_Unlock:
 684              	.LFB153:
 928:Drivers/STM32H7xx_HAL_Driver/Src/stm32h7xx_hal_flash.c **** 
 929:Drivers/STM32H7xx_HAL_Driver/Src/stm32h7xx_hal_flash.c **** /**
 930:Drivers/STM32H7xx_HAL_Driver/Src/stm32h7xx_hal_flash.c ****   * @brief  Unlock the FLASH Option Control Registers access.
 931:Drivers/STM32H7xx_HAL_Driver/Src/stm32h7xx_hal_flash.c ****   * @retval HAL Status
 932:Drivers/STM32H7xx_HAL_Driver/Src/stm32h7xx_hal_flash.c ****   */
 933:Drivers/STM32H7xx_HAL_Driver/Src/stm32h7xx_hal_flash.c **** HAL_StatusTypeDef HAL_FLASH_OB_Unlock(void)
 934:Drivers/STM32H7xx_HAL_Driver/Src/stm32h7xx_hal_flash.c **** {
 685              		.loc 1 934 1 is_stmt 1 view -0
 686              		.cfi_startproc
 687              		@ args = 0, pretend = 0, frame = 0
 688              		@ frame_needed = 0, uses_anonymous_args = 0
 689              		@ link register save eliminated.
 935:Drivers/STM32H7xx_HAL_Driver/Src/stm32h7xx_hal_flash.c ****   if(READ_BIT(FLASH->OPTCR, FLASH_OPTCR_OPTLOCK) != 0U)
 690              		.loc 1 935 3 view .LVU217
 691              		.loc 1 935 6 is_stmt 0 view .LVU218
 692 0000 0A4B     		ldr	r3, .L52
 693 0002 9B69     		ldr	r3, [r3, #24]
 694              		.loc 1 935 5 view .LVU219
 695 0004 13F0010F 		tst	r3, #1
 696 0008 0BD0     		beq	.L50
 936:Drivers/STM32H7xx_HAL_Driver/Src/stm32h7xx_hal_flash.c ****   {
 937:Drivers/STM32H7xx_HAL_Driver/Src/stm32h7xx_hal_flash.c ****     /* Authorizes the Option Byte registers programming */
 938:Drivers/STM32H7xx_HAL_Driver/Src/stm32h7xx_hal_flash.c ****     WRITE_REG(FLASH->OPTKEYR, FLASH_OPT_KEY1);
 697              		.loc 1 938 5 is_stmt 1 view .LVU220
 698 000a 084B     		ldr	r3, .L52
 699 000c 084A     		ldr	r2, .L52+4
 700 000e 9A60     		str	r2, [r3, #8]
 939:Drivers/STM32H7xx_HAL_Driver/Src/stm32h7xx_hal_flash.c ****     WRITE_REG(FLASH->OPTKEYR, FLASH_OPT_KEY2);
 701              		.loc 1 939 5 view .LVU221
 702 0010 02F14432 		add	r2, r2, #1145324612
 703 0014 9A60     		str	r2, [r3, #8]
 940:Drivers/STM32H7xx_HAL_Driver/Src/stm32h7xx_hal_flash.c **** 
 941:Drivers/STM32H7xx_HAL_Driver/Src/stm32h7xx_hal_flash.c ****     /* Verify that the Option Bytes are unlocked */
 942:Drivers/STM32H7xx_HAL_Driver/Src/stm32h7xx_hal_flash.c ****     if (READ_BIT(FLASH->OPTCR, FLASH_OPTCR_OPTLOCK) != 0U)
 704              		.loc 1 942 5 view .LVU222
 705              		.loc 1 942 9 is_stmt 0 view .LVU223
 706 0016 9B69     		ldr	r3, [r3, #24]
 707              		.loc 1 942 8 view .LVU224
 708 0018 13F0010F 		tst	r3, #1
 709 001c 03D1     		bne	.L51
 943:Drivers/STM32H7xx_HAL_Driver/Src/stm32h7xx_hal_flash.c ****     {
 944:Drivers/STM32H7xx_HAL_Driver/Src/stm32h7xx_hal_flash.c ****       return HAL_ERROR;
 945:Drivers/STM32H7xx_HAL_Driver/Src/stm32h7xx_hal_flash.c ****     }
 946:Drivers/STM32H7xx_HAL_Driver/Src/stm32h7xx_hal_flash.c ****   }
 947:Drivers/STM32H7xx_HAL_Driver/Src/stm32h7xx_hal_flash.c **** 
ARM GAS  /tmp/ccuwOubA.s 			page 33


 948:Drivers/STM32H7xx_HAL_Driver/Src/stm32h7xx_hal_flash.c ****   return HAL_OK;
 710              		.loc 1 948 10 view .LVU225
 711 001e 0020     		movs	r0, #0
 712 0020 7047     		bx	lr
 713              	.L50:
 714 0022 0020     		movs	r0, #0
 715 0024 7047     		bx	lr
 716              	.L51:
 944:Drivers/STM32H7xx_HAL_Driver/Src/stm32h7xx_hal_flash.c ****     }
 717              		.loc 1 944 14 view .LVU226
 718 0026 0120     		movs	r0, #1
 949:Drivers/STM32H7xx_HAL_Driver/Src/stm32h7xx_hal_flash.c **** }
 719              		.loc 1 949 1 view .LVU227
 720 0028 7047     		bx	lr
 721              	.L53:
 722 002a 00BF     		.align	2
 723              	.L52:
 724 002c 00200052 		.word	1375739904
 725 0030 3B2A1908 		.word	135866939
 726              		.cfi_endproc
 727              	.LFE153:
 729              		.section	.text.HAL_FLASH_OB_Lock,"ax",%progbits
 730              		.align	1
 731              		.global	HAL_FLASH_OB_Lock
 732              		.syntax unified
 733              		.thumb
 734              		.thumb_func
 736              	HAL_FLASH_OB_Lock:
 737              	.LFB154:
 950:Drivers/STM32H7xx_HAL_Driver/Src/stm32h7xx_hal_flash.c **** 
 951:Drivers/STM32H7xx_HAL_Driver/Src/stm32h7xx_hal_flash.c **** /**
 952:Drivers/STM32H7xx_HAL_Driver/Src/stm32h7xx_hal_flash.c ****   * @brief  Lock the FLASH Option Control Registers access.
 953:Drivers/STM32H7xx_HAL_Driver/Src/stm32h7xx_hal_flash.c ****   * @retval HAL Status
 954:Drivers/STM32H7xx_HAL_Driver/Src/stm32h7xx_hal_flash.c ****   */
 955:Drivers/STM32H7xx_HAL_Driver/Src/stm32h7xx_hal_flash.c **** HAL_StatusTypeDef HAL_FLASH_OB_Lock(void)
 956:Drivers/STM32H7xx_HAL_Driver/Src/stm32h7xx_hal_flash.c **** {
 738              		.loc 1 956 1 is_stmt 1 view -0
 739              		.cfi_startproc
 740              		@ args = 0, pretend = 0, frame = 0
 741              		@ frame_needed = 0, uses_anonymous_args = 0
 742              		@ link register save eliminated.
 957:Drivers/STM32H7xx_HAL_Driver/Src/stm32h7xx_hal_flash.c ****   /* Set the OPTLOCK Bit to lock the FLASH Option Byte Registers access */
 958:Drivers/STM32H7xx_HAL_Driver/Src/stm32h7xx_hal_flash.c ****   SET_BIT(FLASH->OPTCR, FLASH_OPTCR_OPTLOCK);
 743              		.loc 1 958 3 view .LVU229
 744 0000 064B     		ldr	r3, .L57
 745 0002 9A69     		ldr	r2, [r3, #24]
 746 0004 42F00102 		orr	r2, r2, #1
 747 0008 9A61     		str	r2, [r3, #24]
 959:Drivers/STM32H7xx_HAL_Driver/Src/stm32h7xx_hal_flash.c **** 
 960:Drivers/STM32H7xx_HAL_Driver/Src/stm32h7xx_hal_flash.c ****   /* Verify that the Option Bytes are locked */
 961:Drivers/STM32H7xx_HAL_Driver/Src/stm32h7xx_hal_flash.c ****   if (READ_BIT(FLASH->OPTCR, FLASH_OPTCR_OPTLOCK) == 0U)
 748              		.loc 1 961 3 view .LVU230
 749              		.loc 1 961 7 is_stmt 0 view .LVU231
 750 000a 9B69     		ldr	r3, [r3, #24]
 751              		.loc 1 961 6 view .LVU232
 752 000c 13F0010F 		tst	r3, #1
 753 0010 01D0     		beq	.L56
ARM GAS  /tmp/ccuwOubA.s 			page 34


 962:Drivers/STM32H7xx_HAL_Driver/Src/stm32h7xx_hal_flash.c ****   {
 963:Drivers/STM32H7xx_HAL_Driver/Src/stm32h7xx_hal_flash.c ****     return HAL_ERROR;
 964:Drivers/STM32H7xx_HAL_Driver/Src/stm32h7xx_hal_flash.c ****   }
 965:Drivers/STM32H7xx_HAL_Driver/Src/stm32h7xx_hal_flash.c **** 
 966:Drivers/STM32H7xx_HAL_Driver/Src/stm32h7xx_hal_flash.c ****   return HAL_OK;
 754              		.loc 1 966 10 view .LVU233
 755 0012 0020     		movs	r0, #0
 756 0014 7047     		bx	lr
 757              	.L56:
 963:Drivers/STM32H7xx_HAL_Driver/Src/stm32h7xx_hal_flash.c ****   }
 758              		.loc 1 963 12 view .LVU234
 759 0016 0120     		movs	r0, #1
 967:Drivers/STM32H7xx_HAL_Driver/Src/stm32h7xx_hal_flash.c **** }
 760              		.loc 1 967 1 view .LVU235
 761 0018 7047     		bx	lr
 762              	.L58:
 763 001a 00BF     		.align	2
 764              	.L57:
 765 001c 00200052 		.word	1375739904
 766              		.cfi_endproc
 767              	.LFE154:
 769              		.section	.text.HAL_FLASH_GetError,"ax",%progbits
 770              		.align	1
 771              		.global	HAL_FLASH_GetError
 772              		.syntax unified
 773              		.thumb
 774              		.thumb_func
 776              	HAL_FLASH_GetError:
 777              	.LFB156:
 968:Drivers/STM32H7xx_HAL_Driver/Src/stm32h7xx_hal_flash.c **** 
 969:Drivers/STM32H7xx_HAL_Driver/Src/stm32h7xx_hal_flash.c **** /**
 970:Drivers/STM32H7xx_HAL_Driver/Src/stm32h7xx_hal_flash.c ****   * @brief  Launch the option bytes loading.
 971:Drivers/STM32H7xx_HAL_Driver/Src/stm32h7xx_hal_flash.c ****   * @retval HAL Status
 972:Drivers/STM32H7xx_HAL_Driver/Src/stm32h7xx_hal_flash.c ****   */
 973:Drivers/STM32H7xx_HAL_Driver/Src/stm32h7xx_hal_flash.c **** HAL_StatusTypeDef HAL_FLASH_OB_Launch(void)
 974:Drivers/STM32H7xx_HAL_Driver/Src/stm32h7xx_hal_flash.c **** {
 975:Drivers/STM32H7xx_HAL_Driver/Src/stm32h7xx_hal_flash.c ****   HAL_StatusTypeDef status;
 976:Drivers/STM32H7xx_HAL_Driver/Src/stm32h7xx_hal_flash.c **** 
 977:Drivers/STM32H7xx_HAL_Driver/Src/stm32h7xx_hal_flash.c ****   /* Wait for CRC computation to be completed */
 978:Drivers/STM32H7xx_HAL_Driver/Src/stm32h7xx_hal_flash.c ****   if (FLASH_CRC_WaitForLastOperation((uint32_t)FLASH_TIMEOUT_VALUE, FLASH_BANK_1) != HAL_OK)
 979:Drivers/STM32H7xx_HAL_Driver/Src/stm32h7xx_hal_flash.c ****   {
 980:Drivers/STM32H7xx_HAL_Driver/Src/stm32h7xx_hal_flash.c ****     status = HAL_ERROR;
 981:Drivers/STM32H7xx_HAL_Driver/Src/stm32h7xx_hal_flash.c ****   }
 982:Drivers/STM32H7xx_HAL_Driver/Src/stm32h7xx_hal_flash.c **** #if defined (DUAL_BANK)
 983:Drivers/STM32H7xx_HAL_Driver/Src/stm32h7xx_hal_flash.c ****   else if (FLASH_CRC_WaitForLastOperation((uint32_t)FLASH_TIMEOUT_VALUE, FLASH_BANK_2) != HAL_OK)
 984:Drivers/STM32H7xx_HAL_Driver/Src/stm32h7xx_hal_flash.c ****   {
 985:Drivers/STM32H7xx_HAL_Driver/Src/stm32h7xx_hal_flash.c ****     status = HAL_ERROR;
 986:Drivers/STM32H7xx_HAL_Driver/Src/stm32h7xx_hal_flash.c ****   }
 987:Drivers/STM32H7xx_HAL_Driver/Src/stm32h7xx_hal_flash.c **** #endif /* DUAL_BANK */
 988:Drivers/STM32H7xx_HAL_Driver/Src/stm32h7xx_hal_flash.c ****   else
 989:Drivers/STM32H7xx_HAL_Driver/Src/stm32h7xx_hal_flash.c ****   {
 990:Drivers/STM32H7xx_HAL_Driver/Src/stm32h7xx_hal_flash.c ****     status = HAL_OK;
 991:Drivers/STM32H7xx_HAL_Driver/Src/stm32h7xx_hal_flash.c ****   }
 992:Drivers/STM32H7xx_HAL_Driver/Src/stm32h7xx_hal_flash.c **** 
 993:Drivers/STM32H7xx_HAL_Driver/Src/stm32h7xx_hal_flash.c ****   if (status == HAL_OK)
 994:Drivers/STM32H7xx_HAL_Driver/Src/stm32h7xx_hal_flash.c ****   {
 995:Drivers/STM32H7xx_HAL_Driver/Src/stm32h7xx_hal_flash.c ****     /* Set OPTSTRT Bit */
ARM GAS  /tmp/ccuwOubA.s 			page 35


 996:Drivers/STM32H7xx_HAL_Driver/Src/stm32h7xx_hal_flash.c ****     SET_BIT(FLASH->OPTCR, FLASH_OPTCR_OPTSTART);
 997:Drivers/STM32H7xx_HAL_Driver/Src/stm32h7xx_hal_flash.c **** 
 998:Drivers/STM32H7xx_HAL_Driver/Src/stm32h7xx_hal_flash.c ****     /* Wait for OB change operation to be completed */
 999:Drivers/STM32H7xx_HAL_Driver/Src/stm32h7xx_hal_flash.c ****     status = FLASH_OB_WaitForLastOperation((uint32_t)FLASH_TIMEOUT_VALUE);
1000:Drivers/STM32H7xx_HAL_Driver/Src/stm32h7xx_hal_flash.c ****   }
1001:Drivers/STM32H7xx_HAL_Driver/Src/stm32h7xx_hal_flash.c **** 
1002:Drivers/STM32H7xx_HAL_Driver/Src/stm32h7xx_hal_flash.c ****   return status;
1003:Drivers/STM32H7xx_HAL_Driver/Src/stm32h7xx_hal_flash.c **** }
1004:Drivers/STM32H7xx_HAL_Driver/Src/stm32h7xx_hal_flash.c **** 
1005:Drivers/STM32H7xx_HAL_Driver/Src/stm32h7xx_hal_flash.c **** /**
1006:Drivers/STM32H7xx_HAL_Driver/Src/stm32h7xx_hal_flash.c ****   * @}
1007:Drivers/STM32H7xx_HAL_Driver/Src/stm32h7xx_hal_flash.c ****   */
1008:Drivers/STM32H7xx_HAL_Driver/Src/stm32h7xx_hal_flash.c **** 
1009:Drivers/STM32H7xx_HAL_Driver/Src/stm32h7xx_hal_flash.c **** /** @defgroup FLASH_Exported_Functions_Group3 Peripheral State and Errors functions
1010:Drivers/STM32H7xx_HAL_Driver/Src/stm32h7xx_hal_flash.c ****   *  @brief   Peripheral Errors functions
1011:Drivers/STM32H7xx_HAL_Driver/Src/stm32h7xx_hal_flash.c ****   *
1012:Drivers/STM32H7xx_HAL_Driver/Src/stm32h7xx_hal_flash.c **** @verbatim
1013:Drivers/STM32H7xx_HAL_Driver/Src/stm32h7xx_hal_flash.c ****  ===============================================================================
1014:Drivers/STM32H7xx_HAL_Driver/Src/stm32h7xx_hal_flash.c ****                 ##### Peripheral Errors functions #####
1015:Drivers/STM32H7xx_HAL_Driver/Src/stm32h7xx_hal_flash.c ****  ===============================================================================
1016:Drivers/STM32H7xx_HAL_Driver/Src/stm32h7xx_hal_flash.c ****     [..]
1017:Drivers/STM32H7xx_HAL_Driver/Src/stm32h7xx_hal_flash.c ****     This subsection permits to get in run-time Errors of the FLASH peripheral.
1018:Drivers/STM32H7xx_HAL_Driver/Src/stm32h7xx_hal_flash.c **** 
1019:Drivers/STM32H7xx_HAL_Driver/Src/stm32h7xx_hal_flash.c **** @endverbatim
1020:Drivers/STM32H7xx_HAL_Driver/Src/stm32h7xx_hal_flash.c ****   * @{
1021:Drivers/STM32H7xx_HAL_Driver/Src/stm32h7xx_hal_flash.c ****   */
1022:Drivers/STM32H7xx_HAL_Driver/Src/stm32h7xx_hal_flash.c **** 
1023:Drivers/STM32H7xx_HAL_Driver/Src/stm32h7xx_hal_flash.c **** /**
1024:Drivers/STM32H7xx_HAL_Driver/Src/stm32h7xx_hal_flash.c ****   * @brief  Get the specific FLASH error flag.
1025:Drivers/STM32H7xx_HAL_Driver/Src/stm32h7xx_hal_flash.c ****   * @retval HAL_FLASH_ERRORCode The returned value can be:
1026:Drivers/STM32H7xx_HAL_Driver/Src/stm32h7xx_hal_flash.c ****   *            @arg HAL_FLASH_ERROR_NONE       : No error set
1027:Drivers/STM32H7xx_HAL_Driver/Src/stm32h7xx_hal_flash.c ****   *
1028:Drivers/STM32H7xx_HAL_Driver/Src/stm32h7xx_hal_flash.c ****   *            @arg HAL_FLASH_ERROR_WRP_BANK1  : Write Protection Error on Bank 1
1029:Drivers/STM32H7xx_HAL_Driver/Src/stm32h7xx_hal_flash.c ****   *            @arg HAL_FLASH_ERROR_PGS_BANK1  : Program Sequence Error on Bank 1
1030:Drivers/STM32H7xx_HAL_Driver/Src/stm32h7xx_hal_flash.c ****   *            @arg HAL_FLASH_ERROR_STRB_BANK1 : Strobe Error on Bank 1
1031:Drivers/STM32H7xx_HAL_Driver/Src/stm32h7xx_hal_flash.c ****   *            @arg HAL_FLASH_ERROR_INC_BANK1  : Inconsistency Error on Bank 1
1032:Drivers/STM32H7xx_HAL_Driver/Src/stm32h7xx_hal_flash.c ****   *            @arg HAL_FLASH_ERROR_OPE_BANK1  : Operation Error on Bank 1
1033:Drivers/STM32H7xx_HAL_Driver/Src/stm32h7xx_hal_flash.c ****   *            @arg HAL_FLASH_ERROR_RDP_BANK1  : Read Protection Error on Bank 1
1034:Drivers/STM32H7xx_HAL_Driver/Src/stm32h7xx_hal_flash.c ****   *            @arg HAL_FLASH_ERROR_RDS_BANK1  : Read Secured Error on Bank 1
1035:Drivers/STM32H7xx_HAL_Driver/Src/stm32h7xx_hal_flash.c ****   *            @arg HAL_FLASH_ERROR_SNECC_BANK1: ECC Single Correction Error on Bank 1
1036:Drivers/STM32H7xx_HAL_Driver/Src/stm32h7xx_hal_flash.c ****   *            @arg HAL_FLASH_ERROR_DBECC_BANK1: ECC Double Detection Error on Bank 1
1037:Drivers/STM32H7xx_HAL_Driver/Src/stm32h7xx_hal_flash.c ****   *            @arg HAL_FLASH_ERROR_CRCRD_BANK1: CRC Read Error on Bank 1
1038:Drivers/STM32H7xx_HAL_Driver/Src/stm32h7xx_hal_flash.c ****   *
1039:Drivers/STM32H7xx_HAL_Driver/Src/stm32h7xx_hal_flash.c ****   *            @arg HAL_FLASH_ERROR_WRP_BANK2  : Write Protection Error on Bank 2
1040:Drivers/STM32H7xx_HAL_Driver/Src/stm32h7xx_hal_flash.c ****   *            @arg HAL_FLASH_ERROR_PGS_BANK2  : Program Sequence Error on Bank 2
1041:Drivers/STM32H7xx_HAL_Driver/Src/stm32h7xx_hal_flash.c ****   *            @arg HAL_FLASH_ERROR_STRB_BANK2 : Strobe Error on Bank 2
1042:Drivers/STM32H7xx_HAL_Driver/Src/stm32h7xx_hal_flash.c ****   *            @arg HAL_FLASH_ERROR_INC_BANK2  : Inconsistency Error on Bank 2
1043:Drivers/STM32H7xx_HAL_Driver/Src/stm32h7xx_hal_flash.c ****   *            @arg HAL_FLASH_ERROR_OPE_BANK2  : Operation Error on Bank 2
1044:Drivers/STM32H7xx_HAL_Driver/Src/stm32h7xx_hal_flash.c ****   *            @arg HAL_FLASH_ERROR_RDP_BANK2  : Read Protection Error on Bank 2
1045:Drivers/STM32H7xx_HAL_Driver/Src/stm32h7xx_hal_flash.c ****   *            @arg HAL_FLASH_ERROR_RDS_BANK2  : Read Secured Error on Bank 2
1046:Drivers/STM32H7xx_HAL_Driver/Src/stm32h7xx_hal_flash.c ****   *            @arg HAL_FLASH_ERROR_SNECC_BANK2: SNECC Error on Bank 2
1047:Drivers/STM32H7xx_HAL_Driver/Src/stm32h7xx_hal_flash.c ****   *            @arg HAL_FLASH_ERROR_DBECC_BANK2: Double Detection ECC on Bank 2
1048:Drivers/STM32H7xx_HAL_Driver/Src/stm32h7xx_hal_flash.c ****   *            @arg HAL_FLASH_ERROR_CRCRD_BANK2: CRC Read Error on Bank 2
1049:Drivers/STM32H7xx_HAL_Driver/Src/stm32h7xx_hal_flash.c ****   */
1050:Drivers/STM32H7xx_HAL_Driver/Src/stm32h7xx_hal_flash.c **** 
1051:Drivers/STM32H7xx_HAL_Driver/Src/stm32h7xx_hal_flash.c **** uint32_t HAL_FLASH_GetError(void)
1052:Drivers/STM32H7xx_HAL_Driver/Src/stm32h7xx_hal_flash.c **** {
ARM GAS  /tmp/ccuwOubA.s 			page 36


 778              		.loc 1 1052 1 is_stmt 1 view -0
 779              		.cfi_startproc
 780              		@ args = 0, pretend = 0, frame = 0
 781              		@ frame_needed = 0, uses_anonymous_args = 0
 782              		@ link register save eliminated.
1053:Drivers/STM32H7xx_HAL_Driver/Src/stm32h7xx_hal_flash.c ****    return pFlash.ErrorCode;
 783              		.loc 1 1053 4 view .LVU237
 784              		.loc 1 1053 17 is_stmt 0 view .LVU238
 785 0000 014B     		ldr	r3, .L60
 786 0002 9869     		ldr	r0, [r3, #24]
1054:Drivers/STM32H7xx_HAL_Driver/Src/stm32h7xx_hal_flash.c **** }
 787              		.loc 1 1054 1 view .LVU239
 788 0004 7047     		bx	lr
 789              	.L61:
 790 0006 00BF     		.align	2
 791              	.L60:
 792 0008 00000000 		.word	pFlash
 793              		.cfi_endproc
 794              	.LFE156:
 796              		.section	.text.FLASH_WaitForLastOperation,"ax",%progbits
 797              		.align	1
 798              		.global	FLASH_WaitForLastOperation
 799              		.syntax unified
 800              		.thumb
 801              		.thumb_func
 803              	FLASH_WaitForLastOperation:
 804              	.LVL54:
 805              	.LFB157:
1055:Drivers/STM32H7xx_HAL_Driver/Src/stm32h7xx_hal_flash.c **** 
1056:Drivers/STM32H7xx_HAL_Driver/Src/stm32h7xx_hal_flash.c **** /**
1057:Drivers/STM32H7xx_HAL_Driver/Src/stm32h7xx_hal_flash.c ****   * @}
1058:Drivers/STM32H7xx_HAL_Driver/Src/stm32h7xx_hal_flash.c ****   */
1059:Drivers/STM32H7xx_HAL_Driver/Src/stm32h7xx_hal_flash.c **** 
1060:Drivers/STM32H7xx_HAL_Driver/Src/stm32h7xx_hal_flash.c **** /**
1061:Drivers/STM32H7xx_HAL_Driver/Src/stm32h7xx_hal_flash.c ****   * @}
1062:Drivers/STM32H7xx_HAL_Driver/Src/stm32h7xx_hal_flash.c ****   */
1063:Drivers/STM32H7xx_HAL_Driver/Src/stm32h7xx_hal_flash.c **** 
1064:Drivers/STM32H7xx_HAL_Driver/Src/stm32h7xx_hal_flash.c **** /* Private functions ---------------------------------------------------------*/
1065:Drivers/STM32H7xx_HAL_Driver/Src/stm32h7xx_hal_flash.c **** 
1066:Drivers/STM32H7xx_HAL_Driver/Src/stm32h7xx_hal_flash.c **** /** @addtogroup FLASH_Private_Functions
1067:Drivers/STM32H7xx_HAL_Driver/Src/stm32h7xx_hal_flash.c ****   * @{
1068:Drivers/STM32H7xx_HAL_Driver/Src/stm32h7xx_hal_flash.c ****   */
1069:Drivers/STM32H7xx_HAL_Driver/Src/stm32h7xx_hal_flash.c **** 
1070:Drivers/STM32H7xx_HAL_Driver/Src/stm32h7xx_hal_flash.c **** /**
1071:Drivers/STM32H7xx_HAL_Driver/Src/stm32h7xx_hal_flash.c ****   * @brief  Wait for a FLASH operation to complete.
1072:Drivers/STM32H7xx_HAL_Driver/Src/stm32h7xx_hal_flash.c ****   * @param  Timeout maximum flash operation timeout
1073:Drivers/STM32H7xx_HAL_Driver/Src/stm32h7xx_hal_flash.c ****   * @param  Bank flash FLASH_BANK_1 or FLASH_BANK_2
1074:Drivers/STM32H7xx_HAL_Driver/Src/stm32h7xx_hal_flash.c ****   * @retval HAL_StatusTypeDef HAL Status
1075:Drivers/STM32H7xx_HAL_Driver/Src/stm32h7xx_hal_flash.c ****   */
1076:Drivers/STM32H7xx_HAL_Driver/Src/stm32h7xx_hal_flash.c **** HAL_StatusTypeDef FLASH_WaitForLastOperation(uint32_t Timeout, uint32_t Bank)
1077:Drivers/STM32H7xx_HAL_Driver/Src/stm32h7xx_hal_flash.c **** {
 806              		.loc 1 1077 1 is_stmt 1 view -0
 807              		.cfi_startproc
 808              		@ args = 0, pretend = 0, frame = 0
 809              		@ frame_needed = 0, uses_anonymous_args = 0
 810              		.loc 1 1077 1 is_stmt 0 view .LVU241
 811 0000 F8B5     		push	{r3, r4, r5, r6, r7, lr}
ARM GAS  /tmp/ccuwOubA.s 			page 37


 812              	.LCFI1:
 813              		.cfi_def_cfa_offset 24
 814              		.cfi_offset 3, -24
 815              		.cfi_offset 4, -20
 816              		.cfi_offset 5, -16
 817              		.cfi_offset 6, -12
 818              		.cfi_offset 7, -8
 819              		.cfi_offset 14, -4
 820 0002 0546     		mov	r5, r0
 821 0004 0E46     		mov	r6, r1
1078:Drivers/STM32H7xx_HAL_Driver/Src/stm32h7xx_hal_flash.c ****   /* Wait for the FLASH operation to complete by polling on QW flag to be reset.
1079:Drivers/STM32H7xx_HAL_Driver/Src/stm32h7xx_hal_flash.c ****      Even if the FLASH operation fails, the QW flag will be reset and an error
1080:Drivers/STM32H7xx_HAL_Driver/Src/stm32h7xx_hal_flash.c ****      flag will be set */
1081:Drivers/STM32H7xx_HAL_Driver/Src/stm32h7xx_hal_flash.c **** 
1082:Drivers/STM32H7xx_HAL_Driver/Src/stm32h7xx_hal_flash.c ****   uint32_t bsyflag = FLASH_FLAG_QW_BANK1;
 822              		.loc 1 1082 3 is_stmt 1 view .LVU242
 823              	.LVL55:
1083:Drivers/STM32H7xx_HAL_Driver/Src/stm32h7xx_hal_flash.c ****   uint32_t errorflag = 0;
 824              		.loc 1 1083 3 view .LVU243
1084:Drivers/STM32H7xx_HAL_Driver/Src/stm32h7xx_hal_flash.c ****   uint32_t tickstart = HAL_GetTick();
 825              		.loc 1 1084 3 view .LVU244
 826              		.loc 1 1084 24 is_stmt 0 view .LVU245
 827 0006 FFF7FEFF 		bl	HAL_GetTick
 828              	.LVL56:
 829              		.loc 1 1084 24 view .LVU246
 830 000a 0746     		mov	r7, r0
 831              	.LVL57:
1085:Drivers/STM32H7xx_HAL_Driver/Src/stm32h7xx_hal_flash.c **** 
1086:Drivers/STM32H7xx_HAL_Driver/Src/stm32h7xx_hal_flash.c ****   assert_param(IS_FLASH_BANK_EXCLUSIVE(Bank));
 832              		.loc 1 1086 3 is_stmt 1 view .LVU247
1087:Drivers/STM32H7xx_HAL_Driver/Src/stm32h7xx_hal_flash.c **** 
1088:Drivers/STM32H7xx_HAL_Driver/Src/stm32h7xx_hal_flash.c **** #if defined (DUAL_BANK)
1089:Drivers/STM32H7xx_HAL_Driver/Src/stm32h7xx_hal_flash.c **** 
1090:Drivers/STM32H7xx_HAL_Driver/Src/stm32h7xx_hal_flash.c ****   if (Bank == FLASH_BANK_2)
 833              		.loc 1 1090 3 view .LVU248
 834              		.loc 1 1090 6 is_stmt 0 view .LVU249
 835 000c 022E     		cmp	r6, #2
 836 000e 09D0     		beq	.L84
1082:Drivers/STM32H7xx_HAL_Driver/Src/stm32h7xx_hal_flash.c ****   uint32_t errorflag = 0;
 837              		.loc 1 1082 12 view .LVU250
 838 0010 0424     		movs	r4, #4
 839 0012 14E0     		b	.L65
 840              	.LVL58:
 841              	.L86:
1091:Drivers/STM32H7xx_HAL_Driver/Src/stm32h7xx_hal_flash.c ****   {
1092:Drivers/STM32H7xx_HAL_Driver/Src/stm32h7xx_hal_flash.c ****     /* Select bsyflag depending on Bank */
1093:Drivers/STM32H7xx_HAL_Driver/Src/stm32h7xx_hal_flash.c ****     bsyflag = FLASH_FLAG_QW_BANK2;
1094:Drivers/STM32H7xx_HAL_Driver/Src/stm32h7xx_hal_flash.c ****   }
1095:Drivers/STM32H7xx_HAL_Driver/Src/stm32h7xx_hal_flash.c **** #endif /* DUAL_BANK */
1096:Drivers/STM32H7xx_HAL_Driver/Src/stm32h7xx_hal_flash.c **** 
1097:Drivers/STM32H7xx_HAL_Driver/Src/stm32h7xx_hal_flash.c ****   while(__HAL_FLASH_GET_FLAG(bsyflag))
1098:Drivers/STM32H7xx_HAL_Driver/Src/stm32h7xx_hal_flash.c ****   {
1099:Drivers/STM32H7xx_HAL_Driver/Src/stm32h7xx_hal_flash.c ****     if(Timeout != HAL_MAX_DELAY)
1100:Drivers/STM32H7xx_HAL_Driver/Src/stm32h7xx_hal_flash.c ****     {
1101:Drivers/STM32H7xx_HAL_Driver/Src/stm32h7xx_hal_flash.c ****       if(((HAL_GetTick() - tickstart) > Timeout) || (Timeout == 0U))
 842              		.loc 1 1101 7 is_stmt 1 view .LVU251
 843              		.loc 1 1101 12 is_stmt 0 view .LVU252
ARM GAS  /tmp/ccuwOubA.s 			page 38


 844 0014 FFF7FEFF 		bl	HAL_GetTick
 845              	.LVL59:
 846              		.loc 1 1101 26 discriminator 1 view .LVU253
 847 0018 C01B     		subs	r0, r0, r7
 848              		.loc 1 1101 9 discriminator 1 view .LVU254
 849 001a A842     		cmp	r0, r5
 850 001c 5DD8     		bhi	.L78
 851              		.loc 1 1101 50 discriminator 1 view .LVU255
 852 001e 75B9     		cbnz	r5, .L65
1102:Drivers/STM32H7xx_HAL_Driver/Src/stm32h7xx_hal_flash.c ****       {
1103:Drivers/STM32H7xx_HAL_Driver/Src/stm32h7xx_hal_flash.c ****         return HAL_TIMEOUT;
 853              		.loc 1 1103 16 view .LVU256
 854 0020 0320     		movs	r0, #3
 855 0022 4AE0     		b	.L66
 856              	.LVL60:
 857              	.L84:
1093:Drivers/STM32H7xx_HAL_Driver/Src/stm32h7xx_hal_flash.c ****   }
 858              		.loc 1 1093 13 view .LVU257
 859 0024 304C     		ldr	r4, .L91
 860              	.LVL61:
1093:Drivers/STM32H7xx_HAL_Driver/Src/stm32h7xx_hal_flash.c ****   }
 861              		.loc 1 1093 13 view .LVU258
 862 0026 0AE0     		b	.L65
 863              	.LVL62:
 864              	.L87:
1097:Drivers/STM32H7xx_HAL_Driver/Src/stm32h7xx_hal_flash.c ****   {
 865              		.loc 1 1097 9 discriminator 1 view .LVU259
 866 0028 304B     		ldr	r3, .L91+4
 867 002a 1B69     		ldr	r3, [r3, #16]
 868 002c 34EA0303 		bics	r3, r4, r3
 869 0030 0CBF     		ite	eq
 870 0032 0123     		moveq	r3, #1
 871 0034 0023     		movne	r3, #0
 872              	.L69:
1097:Drivers/STM32H7xx_HAL_Driver/Src/stm32h7xx_hal_flash.c ****   {
 873              		.loc 1 1097 9 discriminator 4 view .LVU260
 874 0036 7BB1     		cbz	r3, .L85
1099:Drivers/STM32H7xx_HAL_Driver/Src/stm32h7xx_hal_flash.c ****     {
 875              		.loc 1 1099 5 is_stmt 1 view .LVU261
1099:Drivers/STM32H7xx_HAL_Driver/Src/stm32h7xx_hal_flash.c ****     {
 876              		.loc 1 1099 7 is_stmt 0 view .LVU262
 877 0038 B5F1FF3F 		cmp	r5, #-1
 878 003c EAD1     		bne	.L86
 879              	.LVL63:
 880              	.L65:
1097:Drivers/STM32H7xx_HAL_Driver/Src/stm32h7xx_hal_flash.c ****   {
 881              		.loc 1 1097 9 is_stmt 1 view .LVU263
 882 003e 002C     		cmp	r4, #0
 883 0040 F2DA     		bge	.L87
1097:Drivers/STM32H7xx_HAL_Driver/Src/stm32h7xx_hal_flash.c ****   {
 884              		.loc 1 1097 9 is_stmt 0 discriminator 2 view .LVU264
 885 0042 2A4B     		ldr	r3, .L91+4
 886 0044 D3F81031 		ldr	r3, [r3, #272]
 887 0048 24EA0303 		bic	r3, r4, r3
 888 004c 33F00043 		bics	r3, r3, #-2147483648
 889 0050 0CBF     		ite	eq
 890 0052 0123     		moveq	r3, #1
ARM GAS  /tmp/ccuwOubA.s 			page 39


 891 0054 0023     		movne	r3, #0
 892 0056 EEE7     		b	.L69
 893              	.L85:
1104:Drivers/STM32H7xx_HAL_Driver/Src/stm32h7xx_hal_flash.c ****       }
1105:Drivers/STM32H7xx_HAL_Driver/Src/stm32h7xx_hal_flash.c ****     }
1106:Drivers/STM32H7xx_HAL_Driver/Src/stm32h7xx_hal_flash.c ****   }
1107:Drivers/STM32H7xx_HAL_Driver/Src/stm32h7xx_hal_flash.c **** 
1108:Drivers/STM32H7xx_HAL_Driver/Src/stm32h7xx_hal_flash.c ****   /* Get Error Flags */
1109:Drivers/STM32H7xx_HAL_Driver/Src/stm32h7xx_hal_flash.c ****   if (Bank == FLASH_BANK_1)
 894              		.loc 1 1109 3 is_stmt 1 view .LVU265
 895              		.loc 1 1109 6 is_stmt 0 view .LVU266
 896 0058 012E     		cmp	r6, #1
 897 005a 1CD0     		beq	.L88
1110:Drivers/STM32H7xx_HAL_Driver/Src/stm32h7xx_hal_flash.c ****   {
1111:Drivers/STM32H7xx_HAL_Driver/Src/stm32h7xx_hal_flash.c ****     errorflag = FLASH->SR1 & FLASH_FLAG_ALL_ERRORS_BANK1;
1112:Drivers/STM32H7xx_HAL_Driver/Src/stm32h7xx_hal_flash.c ****   }
1113:Drivers/STM32H7xx_HAL_Driver/Src/stm32h7xx_hal_flash.c **** #if defined (DUAL_BANK)
1114:Drivers/STM32H7xx_HAL_Driver/Src/stm32h7xx_hal_flash.c ****   else
1115:Drivers/STM32H7xx_HAL_Driver/Src/stm32h7xx_hal_flash.c ****   {
1116:Drivers/STM32H7xx_HAL_Driver/Src/stm32h7xx_hal_flash.c ****     errorflag = (FLASH->SR2 & FLASH_FLAG_ALL_ERRORS_BANK2) | 0x80000000U;
 898              		.loc 1 1116 5 is_stmt 1 view .LVU267
 899              		.loc 1 1116 23 is_stmt 0 view .LVU268
 900 005c 234B     		ldr	r3, .L91+4
 901 005e D3F81031 		ldr	r3, [r3, #272]
 902              		.loc 1 1116 60 view .LVU269
 903 0062 23F06843 		bic	r3, r3, #-402653184
 904 0066 23F48013 		bic	r3, r3, #1048576
 905 006a 5B0C     		lsrs	r3, r3, #17
 906 006c 5B04     		lsls	r3, r3, #17
 907              		.loc 1 1116 15 view .LVU270
 908 006e 43F00043 		orr	r3, r3, #-2147483648
 909              	.LVL64:
 910              	.L72:
1117:Drivers/STM32H7xx_HAL_Driver/Src/stm32h7xx_hal_flash.c ****   }
1118:Drivers/STM32H7xx_HAL_Driver/Src/stm32h7xx_hal_flash.c **** #endif /* DUAL_BANK */
1119:Drivers/STM32H7xx_HAL_Driver/Src/stm32h7xx_hal_flash.c **** 
1120:Drivers/STM32H7xx_HAL_Driver/Src/stm32h7xx_hal_flash.c ****   /* In case of error reported in Flash SR1 or SR2 register */
1121:Drivers/STM32H7xx_HAL_Driver/Src/stm32h7xx_hal_flash.c ****   if((errorflag & 0x7FFFFFFFU) != 0U)
 911              		.loc 1 1121 3 is_stmt 1 view .LVU271
 912              		.loc 1 1121 5 is_stmt 0 view .LVU272
 913 0072 33F00041 		bics	r1, r3, #-2147483648
 914 0076 17D1     		bne	.L89
1122:Drivers/STM32H7xx_HAL_Driver/Src/stm32h7xx_hal_flash.c ****   {
1123:Drivers/STM32H7xx_HAL_Driver/Src/stm32h7xx_hal_flash.c ****     /*Save the error code*/
1124:Drivers/STM32H7xx_HAL_Driver/Src/stm32h7xx_hal_flash.c ****     pFlash.ErrorCode |= errorflag;
1125:Drivers/STM32H7xx_HAL_Driver/Src/stm32h7xx_hal_flash.c **** 
1126:Drivers/STM32H7xx_HAL_Driver/Src/stm32h7xx_hal_flash.c ****     /* Clear error programming flags */
1127:Drivers/STM32H7xx_HAL_Driver/Src/stm32h7xx_hal_flash.c ****     __HAL_FLASH_CLEAR_FLAG(errorflag);
1128:Drivers/STM32H7xx_HAL_Driver/Src/stm32h7xx_hal_flash.c **** 
1129:Drivers/STM32H7xx_HAL_Driver/Src/stm32h7xx_hal_flash.c ****     return HAL_ERROR;
1130:Drivers/STM32H7xx_HAL_Driver/Src/stm32h7xx_hal_flash.c ****   }
1131:Drivers/STM32H7xx_HAL_Driver/Src/stm32h7xx_hal_flash.c **** 
1132:Drivers/STM32H7xx_HAL_Driver/Src/stm32h7xx_hal_flash.c ****   /* Check FLASH End of Operation flag  */
1133:Drivers/STM32H7xx_HAL_Driver/Src/stm32h7xx_hal_flash.c ****   if(Bank == FLASH_BANK_1)
 915              		.loc 1 1133 3 is_stmt 1 view .LVU273
 916              		.loc 1 1133 5 is_stmt 0 view .LVU274
 917 0078 012E     		cmp	r6, #1
ARM GAS  /tmp/ccuwOubA.s 			page 40


 918 007a 23D0     		beq	.L90
1134:Drivers/STM32H7xx_HAL_Driver/Src/stm32h7xx_hal_flash.c ****   {
1135:Drivers/STM32H7xx_HAL_Driver/Src/stm32h7xx_hal_flash.c ****     if (__HAL_FLASH_GET_FLAG_BANK1(FLASH_FLAG_EOP_BANK1))
1136:Drivers/STM32H7xx_HAL_Driver/Src/stm32h7xx_hal_flash.c ****     {
1137:Drivers/STM32H7xx_HAL_Driver/Src/stm32h7xx_hal_flash.c ****       /* Clear FLASH End of Operation pending bit */
1138:Drivers/STM32H7xx_HAL_Driver/Src/stm32h7xx_hal_flash.c ****       __HAL_FLASH_CLEAR_FLAG_BANK1(FLASH_FLAG_EOP_BANK1);
1139:Drivers/STM32H7xx_HAL_Driver/Src/stm32h7xx_hal_flash.c ****     }
1140:Drivers/STM32H7xx_HAL_Driver/Src/stm32h7xx_hal_flash.c ****   }
1141:Drivers/STM32H7xx_HAL_Driver/Src/stm32h7xx_hal_flash.c **** #if defined (DUAL_BANK)
1142:Drivers/STM32H7xx_HAL_Driver/Src/stm32h7xx_hal_flash.c ****   else
1143:Drivers/STM32H7xx_HAL_Driver/Src/stm32h7xx_hal_flash.c ****   {
1144:Drivers/STM32H7xx_HAL_Driver/Src/stm32h7xx_hal_flash.c ****     if (__HAL_FLASH_GET_FLAG_BANK2(FLASH_FLAG_EOP_BANK2))
 919              		.loc 1 1144 5 is_stmt 1 view .LVU275
 920              		.loc 1 1144 9 is_stmt 0 view .LVU276
 921 007c 1B4B     		ldr	r3, .L91+4
 922              	.LVL65:
 923              		.loc 1 1144 9 view .LVU277
 924 007e D3F81031 		ldr	r3, [r3, #272]
 925              		.loc 1 1144 8 view .LVU278
 926 0082 13F4803F 		tst	r3, #65536
 927 0086 2CD0     		beq	.L81
1145:Drivers/STM32H7xx_HAL_Driver/Src/stm32h7xx_hal_flash.c ****     {
1146:Drivers/STM32H7xx_HAL_Driver/Src/stm32h7xx_hal_flash.c ****       /* Clear FLASH End of Operation pending bit */
1147:Drivers/STM32H7xx_HAL_Driver/Src/stm32h7xx_hal_flash.c ****       __HAL_FLASH_CLEAR_FLAG_BANK2(FLASH_FLAG_EOP_BANK2);
 928              		.loc 1 1147 7 is_stmt 1 view .LVU279
 929 0088 184B     		ldr	r3, .L91+4
 930 008a 4FF48032 		mov	r2, #65536
 931 008e C3F81421 		str	r2, [r3, #276]
1148:Drivers/STM32H7xx_HAL_Driver/Src/stm32h7xx_hal_flash.c ****     }
1149:Drivers/STM32H7xx_HAL_Driver/Src/stm32h7xx_hal_flash.c ****   }
1150:Drivers/STM32H7xx_HAL_Driver/Src/stm32h7xx_hal_flash.c **** #endif /* DUAL_BANK */
1151:Drivers/STM32H7xx_HAL_Driver/Src/stm32h7xx_hal_flash.c **** 
1152:Drivers/STM32H7xx_HAL_Driver/Src/stm32h7xx_hal_flash.c ****   return HAL_OK;
 932              		.loc 1 1152 10 is_stmt 0 view .LVU280
 933 0092 0020     		movs	r0, #0
 934 0094 11E0     		b	.L66
 935              	.LVL66:
 936              	.L88:
1111:Drivers/STM32H7xx_HAL_Driver/Src/stm32h7xx_hal_flash.c ****   }
 937              		.loc 1 1111 5 is_stmt 1 view .LVU281
1111:Drivers/STM32H7xx_HAL_Driver/Src/stm32h7xx_hal_flash.c ****   }
 938              		.loc 1 1111 22 is_stmt 0 view .LVU282
 939 0096 154B     		ldr	r3, .L91+4
 940 0098 1B69     		ldr	r3, [r3, #16]
1111:Drivers/STM32H7xx_HAL_Driver/Src/stm32h7xx_hal_flash.c ****   }
 941              		.loc 1 1111 15 view .LVU283
 942 009a 23F06843 		bic	r3, r3, #-402653184
 943 009e 23F48013 		bic	r3, r3, #1048576
 944 00a2 5B0C     		lsrs	r3, r3, #17
 945 00a4 5B04     		lsls	r3, r3, #17
 946              	.LVL67:
1111:Drivers/STM32H7xx_HAL_Driver/Src/stm32h7xx_hal_flash.c ****   }
 947              		.loc 1 1111 15 view .LVU284
 948 00a6 E4E7     		b	.L72
 949              	.L89:
1124:Drivers/STM32H7xx_HAL_Driver/Src/stm32h7xx_hal_flash.c **** 
 950              		.loc 1 1124 5 is_stmt 1 view .LVU285
ARM GAS  /tmp/ccuwOubA.s 			page 41


1124:Drivers/STM32H7xx_HAL_Driver/Src/stm32h7xx_hal_flash.c **** 
 951              		.loc 1 1124 11 is_stmt 0 view .LVU286
 952 00a8 1148     		ldr	r0, .L91+8
 953 00aa 8269     		ldr	r2, [r0, #24]
1124:Drivers/STM32H7xx_HAL_Driver/Src/stm32h7xx_hal_flash.c **** 
 954              		.loc 1 1124 22 view .LVU287
 955 00ac 1A43     		orrs	r2, r2, r3
 956 00ae 8261     		str	r2, [r0, #24]
1127:Drivers/STM32H7xx_HAL_Driver/Src/stm32h7xx_hal_flash.c **** 
 957              		.loc 1 1127 5 is_stmt 1 view .LVU288
 958 00b0 002B     		cmp	r3, #0
 959 00b2 03DB     		blt	.L74
1127:Drivers/STM32H7xx_HAL_Driver/Src/stm32h7xx_hal_flash.c **** 
 960              		.loc 1 1127 5 is_stmt 0 discriminator 1 view .LVU289
 961 00b4 0D4A     		ldr	r2, .L91+4
 962 00b6 5361     		str	r3, [r2, #20]
 963              	.LVL68:
 964              	.L75:
1129:Drivers/STM32H7xx_HAL_Driver/Src/stm32h7xx_hal_flash.c ****   }
 965              		.loc 1 1129 5 is_stmt 1 view .LVU290
1129:Drivers/STM32H7xx_HAL_Driver/Src/stm32h7xx_hal_flash.c ****   }
 966              		.loc 1 1129 12 is_stmt 0 view .LVU291
 967 00b8 0120     		movs	r0, #1
 968              	.LVL69:
 969              	.L66:
1153:Drivers/STM32H7xx_HAL_Driver/Src/stm32h7xx_hal_flash.c **** }
 970              		.loc 1 1153 1 view .LVU292
 971 00ba F8BD     		pop	{r3, r4, r5, r6, r7, pc}
 972              	.LVL70:
 973              	.L74:
1127:Drivers/STM32H7xx_HAL_Driver/Src/stm32h7xx_hal_flash.c **** 
 974              		.loc 1 1127 5 discriminator 2 view .LVU293
 975 00bc 0B4B     		ldr	r3, .L91+4
 976              	.LVL71:
1127:Drivers/STM32H7xx_HAL_Driver/Src/stm32h7xx_hal_flash.c **** 
 977              		.loc 1 1127 5 discriminator 2 view .LVU294
 978 00be C3F81411 		str	r1, [r3, #276]
 979 00c2 F9E7     		b	.L75
 980              	.LVL72:
 981              	.L90:
1135:Drivers/STM32H7xx_HAL_Driver/Src/stm32h7xx_hal_flash.c ****     {
 982              		.loc 1 1135 5 is_stmt 1 view .LVU295
1135:Drivers/STM32H7xx_HAL_Driver/Src/stm32h7xx_hal_flash.c ****     {
 983              		.loc 1 1135 9 is_stmt 0 view .LVU296
 984 00c4 094B     		ldr	r3, .L91+4
 985              	.LVL73:
1135:Drivers/STM32H7xx_HAL_Driver/Src/stm32h7xx_hal_flash.c ****     {
 986              		.loc 1 1135 9 view .LVU297
 987 00c6 1B69     		ldr	r3, [r3, #16]
1135:Drivers/STM32H7xx_HAL_Driver/Src/stm32h7xx_hal_flash.c ****     {
 988              		.loc 1 1135 8 view .LVU298
 989 00c8 13F4803F 		tst	r3, #65536
 990 00cc 07D0     		beq	.L80
1138:Drivers/STM32H7xx_HAL_Driver/Src/stm32h7xx_hal_flash.c ****     }
 991              		.loc 1 1138 7 is_stmt 1 view .LVU299
 992 00ce 074B     		ldr	r3, .L91+4
 993 00d0 4FF48032 		mov	r2, #65536
ARM GAS  /tmp/ccuwOubA.s 			page 42


 994 00d4 5A61     		str	r2, [r3, #20]
1152:Drivers/STM32H7xx_HAL_Driver/Src/stm32h7xx_hal_flash.c **** }
 995              		.loc 1 1152 10 is_stmt 0 view .LVU300
 996 00d6 0020     		movs	r0, #0
 997 00d8 EFE7     		b	.L66
 998              	.LVL74:
 999              	.L78:
1103:Drivers/STM32H7xx_HAL_Driver/Src/stm32h7xx_hal_flash.c ****       }
 1000              		.loc 1 1103 16 view .LVU301
 1001 00da 0320     		movs	r0, #3
 1002 00dc EDE7     		b	.L66
 1003              	.LVL75:
 1004              	.L80:
1152:Drivers/STM32H7xx_HAL_Driver/Src/stm32h7xx_hal_flash.c **** }
 1005              		.loc 1 1152 10 view .LVU302
 1006 00de 0020     		movs	r0, #0
 1007 00e0 EBE7     		b	.L66
 1008              	.L81:
 1009 00e2 0020     		movs	r0, #0
 1010 00e4 E9E7     		b	.L66
 1011              	.L92:
 1012 00e6 00BF     		.align	2
 1013              	.L91:
 1014 00e8 04000080 		.word	-2147483644
 1015 00ec 00200052 		.word	1375739904
 1016 00f0 00000000 		.word	pFlash
 1017              		.cfi_endproc
 1018              	.LFE157:
 1020              		.section	.text.HAL_FLASH_Program,"ax",%progbits
 1021              		.align	1
 1022              		.global	HAL_FLASH_Program
 1023              		.syntax unified
 1024              		.thumb
 1025              		.thumb_func
 1027              	HAL_FLASH_Program:
 1028              	.LVL76:
 1029              	.LFB146:
 161:Drivers/STM32H7xx_HAL_Driver/Src/stm32h7xx_hal_flash.c ****   HAL_StatusTypeDef status;
 1030              		.loc 1 161 1 is_stmt 1 view -0
 1031              		.cfi_startproc
 1032              		@ args = 0, pretend = 0, frame = 0
 1033              		@ frame_needed = 0, uses_anonymous_args = 0
 162:Drivers/STM32H7xx_HAL_Driver/Src/stm32h7xx_hal_flash.c ****   __IO uint32_t *dest_addr = (__IO uint32_t *)FlashAddress;
 1034              		.loc 1 162 3 view .LVU304
 163:Drivers/STM32H7xx_HAL_Driver/Src/stm32h7xx_hal_flash.c ****   __IO uint32_t *src_addr = (__IO uint32_t*)DataAddress;
 1035              		.loc 1 163 3 view .LVU305
 164:Drivers/STM32H7xx_HAL_Driver/Src/stm32h7xx_hal_flash.c ****   uint32_t bank;
 1036              		.loc 1 164 3 view .LVU306
 165:Drivers/STM32H7xx_HAL_Driver/Src/stm32h7xx_hal_flash.c ****   uint8_t row_index = FLASH_NB_32BITWORD_IN_FLASHWORD;
 1037              		.loc 1 165 3 view .LVU307
 166:Drivers/STM32H7xx_HAL_Driver/Src/stm32h7xx_hal_flash.c **** 
 1038              		.loc 1 166 3 view .LVU308
 169:Drivers/STM32H7xx_HAL_Driver/Src/stm32h7xx_hal_flash.c ****   assert_param(IS_FLASH_PROGRAM_ADDRESS(FlashAddress));
 1039              		.loc 1 169 3 view .LVU309
 170:Drivers/STM32H7xx_HAL_Driver/Src/stm32h7xx_hal_flash.c **** 
 1040              		.loc 1 170 3 view .LVU310
 173:Drivers/STM32H7xx_HAL_Driver/Src/stm32h7xx_hal_flash.c **** 
ARM GAS  /tmp/ccuwOubA.s 			page 43


 1041              		.loc 1 173 3 view .LVU311
 173:Drivers/STM32H7xx_HAL_Driver/Src/stm32h7xx_hal_flash.c **** 
 1042              		.loc 1 173 3 view .LVU312
 1043 0000 2D4B     		ldr	r3, .L110
 1044 0002 1B7D     		ldrb	r3, [r3, #20]	@ zero_extendqisi2
 1045 0004 012B     		cmp	r3, #1
 1046 0006 53D0     		beq	.L101
 161:Drivers/STM32H7xx_HAL_Driver/Src/stm32h7xx_hal_flash.c ****   HAL_StatusTypeDef status;
 1047              		.loc 1 161 1 is_stmt 0 view .LVU313
 1048 0008 70B5     		push	{r4, r5, r6, lr}
 1049              	.LCFI2:
 1050              		.cfi_def_cfa_offset 16
 1051              		.cfi_offset 4, -16
 1052              		.cfi_offset 5, -12
 1053              		.cfi_offset 6, -8
 1054              		.cfi_offset 14, -4
 1055 000a 0D46     		mov	r5, r1
 1056 000c 1446     		mov	r4, r2
 173:Drivers/STM32H7xx_HAL_Driver/Src/stm32h7xx_hal_flash.c **** 
 1057              		.loc 1 173 3 is_stmt 1 discriminator 2 view .LVU314
 1058 000e 2A4B     		ldr	r3, .L110
 1059 0010 0122     		movs	r2, #1
 1060              	.LVL77:
 173:Drivers/STM32H7xx_HAL_Driver/Src/stm32h7xx_hal_flash.c **** 
 1061              		.loc 1 173 3 is_stmt 0 discriminator 2 view .LVU315
 1062 0012 1A75     		strb	r2, [r3, #20]
 173:Drivers/STM32H7xx_HAL_Driver/Src/stm32h7xx_hal_flash.c **** 
 1063              		.loc 1 173 3 is_stmt 1 discriminator 2 view .LVU316
 178:Drivers/STM32H7xx_HAL_Driver/Src/stm32h7xx_hal_flash.c **** #endif /* FLASH_OPTCR_PG_OTP */
 1064              		.loc 1 178 3 view .LVU317
 178:Drivers/STM32H7xx_HAL_Driver/Src/stm32h7xx_hal_flash.c **** #endif /* FLASH_OPTCR_PG_OTP */
 1065              		.loc 1 178 6 is_stmt 0 view .LVU318
 1066 0014 01F17843 		add	r3, r1, #-134217728
 178:Drivers/STM32H7xx_HAL_Driver/Src/stm32h7xx_hal_flash.c **** #endif /* FLASH_OPTCR_PG_OTP */
 1067              		.loc 1 178 5 view .LVU319
 1068 0018 B3F5801F 		cmp	r3, #1048576
 1069 001c 3AD3     		bcc	.L102
 186:Drivers/STM32H7xx_HAL_Driver/Src/stm32h7xx_hal_flash.c ****   {
 1070              		.loc 1 186 8 is_stmt 1 view .LVU320
 186:Drivers/STM32H7xx_HAL_Driver/Src/stm32h7xx_hal_flash.c ****   {
 1071              		.loc 1 186 11 is_stmt 0 view .LVU321
 1072 001e A1F10161 		sub	r1, r1, #135266304
 1073              	.LVL78:
 186:Drivers/STM32H7xx_HAL_Driver/Src/stm32h7xx_hal_flash.c ****   {
 1074              		.loc 1 186 10 view .LVU322
 1075 0022 B1F5801F 		cmp	r1, #1048576
 1076 0026 45D2     		bcs	.L103
 188:Drivers/STM32H7xx_HAL_Driver/Src/stm32h7xx_hal_flash.c ****   }
 1077              		.loc 1 188 10 view .LVU323
 1078 0028 0226     		movs	r6, #2
 1079              	.L95:
 1080              	.LVL79:
 197:Drivers/STM32H7xx_HAL_Driver/Src/stm32h7xx_hal_flash.c **** 
 1081              		.loc 1 197 3 is_stmt 1 view .LVU324
 197:Drivers/STM32H7xx_HAL_Driver/Src/stm32h7xx_hal_flash.c **** 
 1082              		.loc 1 197 20 is_stmt 0 view .LVU325
 1083 002a 234B     		ldr	r3, .L110
ARM GAS  /tmp/ccuwOubA.s 			page 44


 1084 002c 0022     		movs	r2, #0
 1085 002e 9A61     		str	r2, [r3, #24]
 200:Drivers/STM32H7xx_HAL_Driver/Src/stm32h7xx_hal_flash.c **** 
 1086              		.loc 1 200 3 is_stmt 1 view .LVU326
 200:Drivers/STM32H7xx_HAL_Driver/Src/stm32h7xx_hal_flash.c **** 
 1087              		.loc 1 200 12 is_stmt 0 view .LVU327
 1088 0030 3146     		mov	r1, r6
 1089 0032 4CF25030 		movw	r0, #50000
 1090              	.LVL80:
 200:Drivers/STM32H7xx_HAL_Driver/Src/stm32h7xx_hal_flash.c **** 
 1091              		.loc 1 200 12 view .LVU328
 1092 0036 FFF7FEFF 		bl	FLASH_WaitForLastOperation
 1093              	.LVL81:
 202:Drivers/STM32H7xx_HAL_Driver/Src/stm32h7xx_hal_flash.c ****   {
 1094              		.loc 1 202 3 is_stmt 1 view .LVU329
 202:Drivers/STM32H7xx_HAL_Driver/Src/stm32h7xx_hal_flash.c ****   {
 1095              		.loc 1 202 5 is_stmt 0 view .LVU330
 1096 003a 38BB     		cbnz	r0, .L96
 205:Drivers/STM32H7xx_HAL_Driver/Src/stm32h7xx_hal_flash.c ****     {
 1097              		.loc 1 205 5 is_stmt 1 view .LVU331
 205:Drivers/STM32H7xx_HAL_Driver/Src/stm32h7xx_hal_flash.c ****     {
 1098              		.loc 1 205 7 is_stmt 0 view .LVU332
 1099 003c 012E     		cmp	r6, #1
 1100 003e 2BD0     		beq	.L108
 223:Drivers/STM32H7xx_HAL_Driver/Src/stm32h7xx_hal_flash.c ****     }
 1101              		.loc 1 223 7 is_stmt 1 view .LVU333
 1102 0040 1E4A     		ldr	r2, .L110+4
 1103 0042 D2F80C31 		ldr	r3, [r2, #268]
 1104 0046 43F00203 		orr	r3, r3, #2
 1105 004a C2F80C31 		str	r3, [r2, #268]
 1106              	.L98:
 240:Drivers/STM32H7xx_HAL_Driver/Src/stm32h7xx_hal_flash.c ****     __DSB();
 1107              		.loc 1 240 5 view .LVU334
 1108              	.LBB18:
 1109              	.LBI18:
 1110              		.file 2 "Drivers/CMSIS/Include/cmsis_gcc.h"
   1:Drivers/CMSIS/Include/cmsis_gcc.h **** /**************************************************************************//**
   2:Drivers/CMSIS/Include/cmsis_gcc.h ****  * @file     cmsis_gcc.h
   3:Drivers/CMSIS/Include/cmsis_gcc.h ****  * @brief    CMSIS compiler GCC header file
   4:Drivers/CMSIS/Include/cmsis_gcc.h ****  * @version  V5.4.1
   5:Drivers/CMSIS/Include/cmsis_gcc.h ****  * @date     27. May 2021
   6:Drivers/CMSIS/Include/cmsis_gcc.h ****  ******************************************************************************/
   7:Drivers/CMSIS/Include/cmsis_gcc.h **** /*
   8:Drivers/CMSIS/Include/cmsis_gcc.h ****  * Copyright (c) 2009-2021 Arm Limited. All rights reserved.
   9:Drivers/CMSIS/Include/cmsis_gcc.h ****  *
  10:Drivers/CMSIS/Include/cmsis_gcc.h ****  * SPDX-License-Identifier: Apache-2.0
  11:Drivers/CMSIS/Include/cmsis_gcc.h ****  *
  12:Drivers/CMSIS/Include/cmsis_gcc.h ****  * Licensed under the Apache License, Version 2.0 (the License); you may
  13:Drivers/CMSIS/Include/cmsis_gcc.h ****  * not use this file except in compliance with the License.
  14:Drivers/CMSIS/Include/cmsis_gcc.h ****  * You may obtain a copy of the License at
  15:Drivers/CMSIS/Include/cmsis_gcc.h ****  *
  16:Drivers/CMSIS/Include/cmsis_gcc.h ****  * www.apache.org/licenses/LICENSE-2.0
  17:Drivers/CMSIS/Include/cmsis_gcc.h ****  *
  18:Drivers/CMSIS/Include/cmsis_gcc.h ****  * Unless required by applicable law or agreed to in writing, software
  19:Drivers/CMSIS/Include/cmsis_gcc.h ****  * distributed under the License is distributed on an AS IS BASIS, WITHOUT
  20:Drivers/CMSIS/Include/cmsis_gcc.h ****  * WARRANTIES OR CONDITIONS OF ANY KIND, either express or implied.
  21:Drivers/CMSIS/Include/cmsis_gcc.h ****  * See the License for the specific language governing permissions and
ARM GAS  /tmp/ccuwOubA.s 			page 45


  22:Drivers/CMSIS/Include/cmsis_gcc.h ****  * limitations under the License.
  23:Drivers/CMSIS/Include/cmsis_gcc.h ****  */
  24:Drivers/CMSIS/Include/cmsis_gcc.h **** 
  25:Drivers/CMSIS/Include/cmsis_gcc.h **** #ifndef __CMSIS_GCC_H
  26:Drivers/CMSIS/Include/cmsis_gcc.h **** #define __CMSIS_GCC_H
  27:Drivers/CMSIS/Include/cmsis_gcc.h **** 
  28:Drivers/CMSIS/Include/cmsis_gcc.h **** /* ignore some GCC warnings */
  29:Drivers/CMSIS/Include/cmsis_gcc.h **** #pragma GCC diagnostic push
  30:Drivers/CMSIS/Include/cmsis_gcc.h **** #pragma GCC diagnostic ignored "-Wsign-conversion"
  31:Drivers/CMSIS/Include/cmsis_gcc.h **** #pragma GCC diagnostic ignored "-Wconversion"
  32:Drivers/CMSIS/Include/cmsis_gcc.h **** #pragma GCC diagnostic ignored "-Wunused-parameter"
  33:Drivers/CMSIS/Include/cmsis_gcc.h **** 
  34:Drivers/CMSIS/Include/cmsis_gcc.h **** /* Fallback for __has_builtin */
  35:Drivers/CMSIS/Include/cmsis_gcc.h **** #ifndef __has_builtin
  36:Drivers/CMSIS/Include/cmsis_gcc.h ****   #define __has_builtin(x) (0)
  37:Drivers/CMSIS/Include/cmsis_gcc.h **** #endif
  38:Drivers/CMSIS/Include/cmsis_gcc.h **** 
  39:Drivers/CMSIS/Include/cmsis_gcc.h **** /* CMSIS compiler specific defines */
  40:Drivers/CMSIS/Include/cmsis_gcc.h **** #ifndef   __ASM
  41:Drivers/CMSIS/Include/cmsis_gcc.h ****   #define __ASM                                  __asm
  42:Drivers/CMSIS/Include/cmsis_gcc.h **** #endif
  43:Drivers/CMSIS/Include/cmsis_gcc.h **** #ifndef   __INLINE
  44:Drivers/CMSIS/Include/cmsis_gcc.h ****   #define __INLINE                               inline
  45:Drivers/CMSIS/Include/cmsis_gcc.h **** #endif
  46:Drivers/CMSIS/Include/cmsis_gcc.h **** #ifndef   __STATIC_INLINE
  47:Drivers/CMSIS/Include/cmsis_gcc.h ****   #define __STATIC_INLINE                        static inline
  48:Drivers/CMSIS/Include/cmsis_gcc.h **** #endif
  49:Drivers/CMSIS/Include/cmsis_gcc.h **** #ifndef   __STATIC_FORCEINLINE
  50:Drivers/CMSIS/Include/cmsis_gcc.h ****   #define __STATIC_FORCEINLINE                   __attribute__((always_inline)) static inline
  51:Drivers/CMSIS/Include/cmsis_gcc.h **** #endif
  52:Drivers/CMSIS/Include/cmsis_gcc.h **** #ifndef   __NO_RETURN
  53:Drivers/CMSIS/Include/cmsis_gcc.h ****   #define __NO_RETURN                            __attribute__((__noreturn__))
  54:Drivers/CMSIS/Include/cmsis_gcc.h **** #endif
  55:Drivers/CMSIS/Include/cmsis_gcc.h **** #ifndef   __USED
  56:Drivers/CMSIS/Include/cmsis_gcc.h ****   #define __USED                                 __attribute__((used))
  57:Drivers/CMSIS/Include/cmsis_gcc.h **** #endif
  58:Drivers/CMSIS/Include/cmsis_gcc.h **** #ifndef   __WEAK
  59:Drivers/CMSIS/Include/cmsis_gcc.h ****   #define __WEAK                                 __attribute__((weak))
  60:Drivers/CMSIS/Include/cmsis_gcc.h **** #endif
  61:Drivers/CMSIS/Include/cmsis_gcc.h **** #ifndef   __PACKED
  62:Drivers/CMSIS/Include/cmsis_gcc.h ****   #define __PACKED                               __attribute__((packed, aligned(1)))
  63:Drivers/CMSIS/Include/cmsis_gcc.h **** #endif
  64:Drivers/CMSIS/Include/cmsis_gcc.h **** #ifndef   __PACKED_STRUCT
  65:Drivers/CMSIS/Include/cmsis_gcc.h ****   #define __PACKED_STRUCT                        struct __attribute__((packed, aligned(1)))
  66:Drivers/CMSIS/Include/cmsis_gcc.h **** #endif
  67:Drivers/CMSIS/Include/cmsis_gcc.h **** #ifndef   __PACKED_UNION
  68:Drivers/CMSIS/Include/cmsis_gcc.h ****   #define __PACKED_UNION                         union __attribute__((packed, aligned(1)))
  69:Drivers/CMSIS/Include/cmsis_gcc.h **** #endif
  70:Drivers/CMSIS/Include/cmsis_gcc.h **** #ifndef   __UNALIGNED_UINT32        /* deprecated */
  71:Drivers/CMSIS/Include/cmsis_gcc.h ****   #pragma GCC diagnostic push
  72:Drivers/CMSIS/Include/cmsis_gcc.h ****   #pragma GCC diagnostic ignored "-Wpacked"
  73:Drivers/CMSIS/Include/cmsis_gcc.h ****   #pragma GCC diagnostic ignored "-Wattributes"
  74:Drivers/CMSIS/Include/cmsis_gcc.h ****   struct __attribute__((packed)) T_UINT32 { uint32_t v; };
  75:Drivers/CMSIS/Include/cmsis_gcc.h ****   #pragma GCC diagnostic pop
  76:Drivers/CMSIS/Include/cmsis_gcc.h ****   #define __UNALIGNED_UINT32(x)                  (((struct T_UINT32 *)(x))->v)
  77:Drivers/CMSIS/Include/cmsis_gcc.h **** #endif
  78:Drivers/CMSIS/Include/cmsis_gcc.h **** #ifndef   __UNALIGNED_UINT16_WRITE
ARM GAS  /tmp/ccuwOubA.s 			page 46


  79:Drivers/CMSIS/Include/cmsis_gcc.h ****   #pragma GCC diagnostic push
  80:Drivers/CMSIS/Include/cmsis_gcc.h ****   #pragma GCC diagnostic ignored "-Wpacked"
  81:Drivers/CMSIS/Include/cmsis_gcc.h ****   #pragma GCC diagnostic ignored "-Wattributes"
  82:Drivers/CMSIS/Include/cmsis_gcc.h ****   __PACKED_STRUCT T_UINT16_WRITE { uint16_t v; };
  83:Drivers/CMSIS/Include/cmsis_gcc.h ****   #pragma GCC diagnostic pop
  84:Drivers/CMSIS/Include/cmsis_gcc.h ****   #define __UNALIGNED_UINT16_WRITE(addr, val)    (void)((((struct T_UINT16_WRITE *)(void *)(addr))-
  85:Drivers/CMSIS/Include/cmsis_gcc.h **** #endif
  86:Drivers/CMSIS/Include/cmsis_gcc.h **** #ifndef   __UNALIGNED_UINT16_READ
  87:Drivers/CMSIS/Include/cmsis_gcc.h ****   #pragma GCC diagnostic push
  88:Drivers/CMSIS/Include/cmsis_gcc.h ****   #pragma GCC diagnostic ignored "-Wpacked"
  89:Drivers/CMSIS/Include/cmsis_gcc.h ****   #pragma GCC diagnostic ignored "-Wattributes"
  90:Drivers/CMSIS/Include/cmsis_gcc.h ****   __PACKED_STRUCT T_UINT16_READ { uint16_t v; };
  91:Drivers/CMSIS/Include/cmsis_gcc.h ****   #pragma GCC diagnostic pop
  92:Drivers/CMSIS/Include/cmsis_gcc.h ****   #define __UNALIGNED_UINT16_READ(addr)          (((const struct T_UINT16_READ *)(const void *)(add
  93:Drivers/CMSIS/Include/cmsis_gcc.h **** #endif
  94:Drivers/CMSIS/Include/cmsis_gcc.h **** #ifndef   __UNALIGNED_UINT32_WRITE
  95:Drivers/CMSIS/Include/cmsis_gcc.h ****   #pragma GCC diagnostic push
  96:Drivers/CMSIS/Include/cmsis_gcc.h ****   #pragma GCC diagnostic ignored "-Wpacked"
  97:Drivers/CMSIS/Include/cmsis_gcc.h ****   #pragma GCC diagnostic ignored "-Wattributes"
  98:Drivers/CMSIS/Include/cmsis_gcc.h ****   __PACKED_STRUCT T_UINT32_WRITE { uint32_t v; };
  99:Drivers/CMSIS/Include/cmsis_gcc.h ****   #pragma GCC diagnostic pop
 100:Drivers/CMSIS/Include/cmsis_gcc.h ****   #define __UNALIGNED_UINT32_WRITE(addr, val)    (void)((((struct T_UINT32_WRITE *)(void *)(addr))-
 101:Drivers/CMSIS/Include/cmsis_gcc.h **** #endif
 102:Drivers/CMSIS/Include/cmsis_gcc.h **** #ifndef   __UNALIGNED_UINT32_READ
 103:Drivers/CMSIS/Include/cmsis_gcc.h ****   #pragma GCC diagnostic push
 104:Drivers/CMSIS/Include/cmsis_gcc.h ****   #pragma GCC diagnostic ignored "-Wpacked"
 105:Drivers/CMSIS/Include/cmsis_gcc.h ****   #pragma GCC diagnostic ignored "-Wattributes"
 106:Drivers/CMSIS/Include/cmsis_gcc.h ****   __PACKED_STRUCT T_UINT32_READ { uint32_t v; };
 107:Drivers/CMSIS/Include/cmsis_gcc.h ****   #pragma GCC diagnostic pop
 108:Drivers/CMSIS/Include/cmsis_gcc.h ****   #define __UNALIGNED_UINT32_READ(addr)          (((const struct T_UINT32_READ *)(const void *)(add
 109:Drivers/CMSIS/Include/cmsis_gcc.h **** #endif
 110:Drivers/CMSIS/Include/cmsis_gcc.h **** #ifndef   __ALIGNED
 111:Drivers/CMSIS/Include/cmsis_gcc.h ****   #define __ALIGNED(x)                           __attribute__((aligned(x)))
 112:Drivers/CMSIS/Include/cmsis_gcc.h **** #endif
 113:Drivers/CMSIS/Include/cmsis_gcc.h **** #ifndef   __RESTRICT
 114:Drivers/CMSIS/Include/cmsis_gcc.h ****   #define __RESTRICT                             __restrict
 115:Drivers/CMSIS/Include/cmsis_gcc.h **** #endif
 116:Drivers/CMSIS/Include/cmsis_gcc.h **** #ifndef   __COMPILER_BARRIER
 117:Drivers/CMSIS/Include/cmsis_gcc.h ****   #define __COMPILER_BARRIER()                   __ASM volatile("":::"memory")
 118:Drivers/CMSIS/Include/cmsis_gcc.h **** #endif
 119:Drivers/CMSIS/Include/cmsis_gcc.h **** 
 120:Drivers/CMSIS/Include/cmsis_gcc.h **** /* #########################  Startup and Lowlevel Init  ######################## */
 121:Drivers/CMSIS/Include/cmsis_gcc.h **** 
 122:Drivers/CMSIS/Include/cmsis_gcc.h **** #ifndef __PROGRAM_START
 123:Drivers/CMSIS/Include/cmsis_gcc.h **** 
 124:Drivers/CMSIS/Include/cmsis_gcc.h **** /**
 125:Drivers/CMSIS/Include/cmsis_gcc.h ****   \brief   Initializes data and bss sections
 126:Drivers/CMSIS/Include/cmsis_gcc.h ****   \details This default implementations initialized all data and additional bss
 127:Drivers/CMSIS/Include/cmsis_gcc.h ****            sections relying on .copy.table and .zero.table specified properly
 128:Drivers/CMSIS/Include/cmsis_gcc.h ****            in the used linker script.
 129:Drivers/CMSIS/Include/cmsis_gcc.h **** 
 130:Drivers/CMSIS/Include/cmsis_gcc.h ****  */
 131:Drivers/CMSIS/Include/cmsis_gcc.h **** __STATIC_FORCEINLINE __NO_RETURN void __cmsis_start(void)
 132:Drivers/CMSIS/Include/cmsis_gcc.h **** {
 133:Drivers/CMSIS/Include/cmsis_gcc.h ****   extern void _start(void) __NO_RETURN;
 134:Drivers/CMSIS/Include/cmsis_gcc.h **** 
 135:Drivers/CMSIS/Include/cmsis_gcc.h ****   typedef struct {
ARM GAS  /tmp/ccuwOubA.s 			page 47


 136:Drivers/CMSIS/Include/cmsis_gcc.h ****     uint32_t const* src;
 137:Drivers/CMSIS/Include/cmsis_gcc.h ****     uint32_t* dest;
 138:Drivers/CMSIS/Include/cmsis_gcc.h ****     uint32_t  wlen;
 139:Drivers/CMSIS/Include/cmsis_gcc.h ****   } __copy_table_t;
 140:Drivers/CMSIS/Include/cmsis_gcc.h **** 
 141:Drivers/CMSIS/Include/cmsis_gcc.h ****   typedef struct {
 142:Drivers/CMSIS/Include/cmsis_gcc.h ****     uint32_t* dest;
 143:Drivers/CMSIS/Include/cmsis_gcc.h ****     uint32_t  wlen;
 144:Drivers/CMSIS/Include/cmsis_gcc.h ****   } __zero_table_t;
 145:Drivers/CMSIS/Include/cmsis_gcc.h **** 
 146:Drivers/CMSIS/Include/cmsis_gcc.h ****   extern const __copy_table_t __copy_table_start__;
 147:Drivers/CMSIS/Include/cmsis_gcc.h ****   extern const __copy_table_t __copy_table_end__;
 148:Drivers/CMSIS/Include/cmsis_gcc.h ****   extern const __zero_table_t __zero_table_start__;
 149:Drivers/CMSIS/Include/cmsis_gcc.h ****   extern const __zero_table_t __zero_table_end__;
 150:Drivers/CMSIS/Include/cmsis_gcc.h **** 
 151:Drivers/CMSIS/Include/cmsis_gcc.h ****   for (__copy_table_t const* pTable = &__copy_table_start__; pTable < &__copy_table_end__; ++pTable
 152:Drivers/CMSIS/Include/cmsis_gcc.h ****     for(uint32_t i=0u; i<pTable->wlen; ++i) {
 153:Drivers/CMSIS/Include/cmsis_gcc.h ****       pTable->dest[i] = pTable->src[i];
 154:Drivers/CMSIS/Include/cmsis_gcc.h ****     }
 155:Drivers/CMSIS/Include/cmsis_gcc.h ****   }
 156:Drivers/CMSIS/Include/cmsis_gcc.h **** 
 157:Drivers/CMSIS/Include/cmsis_gcc.h ****   for (__zero_table_t const* pTable = &__zero_table_start__; pTable < &__zero_table_end__; ++pTable
 158:Drivers/CMSIS/Include/cmsis_gcc.h ****     for(uint32_t i=0u; i<pTable->wlen; ++i) {
 159:Drivers/CMSIS/Include/cmsis_gcc.h ****       pTable->dest[i] = 0u;
 160:Drivers/CMSIS/Include/cmsis_gcc.h ****     }
 161:Drivers/CMSIS/Include/cmsis_gcc.h ****   }
 162:Drivers/CMSIS/Include/cmsis_gcc.h **** 
 163:Drivers/CMSIS/Include/cmsis_gcc.h ****   _start();
 164:Drivers/CMSIS/Include/cmsis_gcc.h **** }
 165:Drivers/CMSIS/Include/cmsis_gcc.h **** 
 166:Drivers/CMSIS/Include/cmsis_gcc.h **** #define __PROGRAM_START           __cmsis_start
 167:Drivers/CMSIS/Include/cmsis_gcc.h **** #endif
 168:Drivers/CMSIS/Include/cmsis_gcc.h **** 
 169:Drivers/CMSIS/Include/cmsis_gcc.h **** #ifndef __INITIAL_SP
 170:Drivers/CMSIS/Include/cmsis_gcc.h **** #define __INITIAL_SP              __StackTop
 171:Drivers/CMSIS/Include/cmsis_gcc.h **** #endif
 172:Drivers/CMSIS/Include/cmsis_gcc.h **** 
 173:Drivers/CMSIS/Include/cmsis_gcc.h **** #ifndef __STACK_LIMIT
 174:Drivers/CMSIS/Include/cmsis_gcc.h **** #define __STACK_LIMIT             __StackLimit
 175:Drivers/CMSIS/Include/cmsis_gcc.h **** #endif
 176:Drivers/CMSIS/Include/cmsis_gcc.h **** 
 177:Drivers/CMSIS/Include/cmsis_gcc.h **** #ifndef __VECTOR_TABLE
 178:Drivers/CMSIS/Include/cmsis_gcc.h **** #define __VECTOR_TABLE            __Vectors
 179:Drivers/CMSIS/Include/cmsis_gcc.h **** #endif
 180:Drivers/CMSIS/Include/cmsis_gcc.h **** 
 181:Drivers/CMSIS/Include/cmsis_gcc.h **** #ifndef __VECTOR_TABLE_ATTRIBUTE
 182:Drivers/CMSIS/Include/cmsis_gcc.h **** #define __VECTOR_TABLE_ATTRIBUTE  __attribute__((used, section(".vectors")))
 183:Drivers/CMSIS/Include/cmsis_gcc.h **** #endif
 184:Drivers/CMSIS/Include/cmsis_gcc.h **** 
 185:Drivers/CMSIS/Include/cmsis_gcc.h **** #if defined (__ARM_FEATURE_CMSE) && (__ARM_FEATURE_CMSE == 3U)
 186:Drivers/CMSIS/Include/cmsis_gcc.h **** #ifndef __STACK_SEAL
 187:Drivers/CMSIS/Include/cmsis_gcc.h **** #define __STACK_SEAL              __StackSeal
 188:Drivers/CMSIS/Include/cmsis_gcc.h **** #endif
 189:Drivers/CMSIS/Include/cmsis_gcc.h **** 
 190:Drivers/CMSIS/Include/cmsis_gcc.h **** #ifndef __TZ_STACK_SEAL_SIZE
 191:Drivers/CMSIS/Include/cmsis_gcc.h **** #define __TZ_STACK_SEAL_SIZE      8U
 192:Drivers/CMSIS/Include/cmsis_gcc.h **** #endif
ARM GAS  /tmp/ccuwOubA.s 			page 48


 193:Drivers/CMSIS/Include/cmsis_gcc.h **** 
 194:Drivers/CMSIS/Include/cmsis_gcc.h **** #ifndef __TZ_STACK_SEAL_VALUE
 195:Drivers/CMSIS/Include/cmsis_gcc.h **** #define __TZ_STACK_SEAL_VALUE     0xFEF5EDA5FEF5EDA5ULL
 196:Drivers/CMSIS/Include/cmsis_gcc.h **** #endif
 197:Drivers/CMSIS/Include/cmsis_gcc.h **** 
 198:Drivers/CMSIS/Include/cmsis_gcc.h **** 
 199:Drivers/CMSIS/Include/cmsis_gcc.h **** __STATIC_FORCEINLINE void __TZ_set_STACKSEAL_S (uint32_t* stackTop) {
 200:Drivers/CMSIS/Include/cmsis_gcc.h ****   *((uint64_t *)stackTop) = __TZ_STACK_SEAL_VALUE;
 201:Drivers/CMSIS/Include/cmsis_gcc.h **** }
 202:Drivers/CMSIS/Include/cmsis_gcc.h **** #endif
 203:Drivers/CMSIS/Include/cmsis_gcc.h **** 
 204:Drivers/CMSIS/Include/cmsis_gcc.h **** 
 205:Drivers/CMSIS/Include/cmsis_gcc.h **** /* ##########################  Core Instruction Access  ######################### */
 206:Drivers/CMSIS/Include/cmsis_gcc.h **** /** \defgroup CMSIS_Core_InstructionInterface CMSIS Core Instruction Interface
 207:Drivers/CMSIS/Include/cmsis_gcc.h ****   Access to dedicated instructions
 208:Drivers/CMSIS/Include/cmsis_gcc.h ****   @{
 209:Drivers/CMSIS/Include/cmsis_gcc.h **** */
 210:Drivers/CMSIS/Include/cmsis_gcc.h **** 
 211:Drivers/CMSIS/Include/cmsis_gcc.h **** /* Define macros for porting to both thumb1 and thumb2.
 212:Drivers/CMSIS/Include/cmsis_gcc.h ****  * For thumb1, use low register (r0-r7), specified by constraint "l"
 213:Drivers/CMSIS/Include/cmsis_gcc.h ****  * Otherwise, use general registers, specified by constraint "r" */
 214:Drivers/CMSIS/Include/cmsis_gcc.h **** #if defined (__thumb__) && !defined (__thumb2__)
 215:Drivers/CMSIS/Include/cmsis_gcc.h **** #define __CMSIS_GCC_OUT_REG(r) "=l" (r)
 216:Drivers/CMSIS/Include/cmsis_gcc.h **** #define __CMSIS_GCC_RW_REG(r) "+l" (r)
 217:Drivers/CMSIS/Include/cmsis_gcc.h **** #define __CMSIS_GCC_USE_REG(r) "l" (r)
 218:Drivers/CMSIS/Include/cmsis_gcc.h **** #else
 219:Drivers/CMSIS/Include/cmsis_gcc.h **** #define __CMSIS_GCC_OUT_REG(r) "=r" (r)
 220:Drivers/CMSIS/Include/cmsis_gcc.h **** #define __CMSIS_GCC_RW_REG(r) "+r" (r)
 221:Drivers/CMSIS/Include/cmsis_gcc.h **** #define __CMSIS_GCC_USE_REG(r) "r" (r)
 222:Drivers/CMSIS/Include/cmsis_gcc.h **** #endif
 223:Drivers/CMSIS/Include/cmsis_gcc.h **** 
 224:Drivers/CMSIS/Include/cmsis_gcc.h **** /**
 225:Drivers/CMSIS/Include/cmsis_gcc.h ****   \brief   No Operation
 226:Drivers/CMSIS/Include/cmsis_gcc.h ****   \details No Operation does nothing. This instruction can be used for code alignment purposes.
 227:Drivers/CMSIS/Include/cmsis_gcc.h ****  */
 228:Drivers/CMSIS/Include/cmsis_gcc.h **** #define __NOP()                             __ASM volatile ("nop")
 229:Drivers/CMSIS/Include/cmsis_gcc.h **** 
 230:Drivers/CMSIS/Include/cmsis_gcc.h **** /**
 231:Drivers/CMSIS/Include/cmsis_gcc.h ****   \brief   Wait For Interrupt
 232:Drivers/CMSIS/Include/cmsis_gcc.h ****   \details Wait For Interrupt is a hint instruction that suspends execution until one of a number o
 233:Drivers/CMSIS/Include/cmsis_gcc.h ****  */
 234:Drivers/CMSIS/Include/cmsis_gcc.h **** #define __WFI()                             __ASM volatile ("wfi":::"memory")
 235:Drivers/CMSIS/Include/cmsis_gcc.h **** 
 236:Drivers/CMSIS/Include/cmsis_gcc.h **** 
 237:Drivers/CMSIS/Include/cmsis_gcc.h **** /**
 238:Drivers/CMSIS/Include/cmsis_gcc.h ****   \brief   Wait For Event
 239:Drivers/CMSIS/Include/cmsis_gcc.h ****   \details Wait For Event is a hint instruction that permits the processor to enter
 240:Drivers/CMSIS/Include/cmsis_gcc.h ****            a low-power state until one of a number of events occurs.
 241:Drivers/CMSIS/Include/cmsis_gcc.h ****  */
 242:Drivers/CMSIS/Include/cmsis_gcc.h **** #define __WFE()                             __ASM volatile ("wfe":::"memory")
 243:Drivers/CMSIS/Include/cmsis_gcc.h **** 
 244:Drivers/CMSIS/Include/cmsis_gcc.h **** 
 245:Drivers/CMSIS/Include/cmsis_gcc.h **** /**
 246:Drivers/CMSIS/Include/cmsis_gcc.h ****   \brief   Send Event
 247:Drivers/CMSIS/Include/cmsis_gcc.h ****   \details Send Event is a hint instruction. It causes an event to be signaled to the CPU.
 248:Drivers/CMSIS/Include/cmsis_gcc.h ****  */
 249:Drivers/CMSIS/Include/cmsis_gcc.h **** #define __SEV()                             __ASM volatile ("sev")
ARM GAS  /tmp/ccuwOubA.s 			page 49


 250:Drivers/CMSIS/Include/cmsis_gcc.h **** 
 251:Drivers/CMSIS/Include/cmsis_gcc.h **** 
 252:Drivers/CMSIS/Include/cmsis_gcc.h **** /**
 253:Drivers/CMSIS/Include/cmsis_gcc.h ****   \brief   Instruction Synchronization Barrier
 254:Drivers/CMSIS/Include/cmsis_gcc.h ****   \details Instruction Synchronization Barrier flushes the pipeline in the processor,
 255:Drivers/CMSIS/Include/cmsis_gcc.h ****            so that all instructions following the ISB are fetched from cache or memory,
 256:Drivers/CMSIS/Include/cmsis_gcc.h ****            after the instruction has been completed.
 257:Drivers/CMSIS/Include/cmsis_gcc.h ****  */
 258:Drivers/CMSIS/Include/cmsis_gcc.h **** __STATIC_FORCEINLINE void __ISB(void)
 1111              		.loc 2 258 27 view .LVU335
 1112              	.LBB19:
 259:Drivers/CMSIS/Include/cmsis_gcc.h **** {
 260:Drivers/CMSIS/Include/cmsis_gcc.h ****   __ASM volatile ("isb 0xF":::"memory");
 1113              		.loc 2 260 3 view .LVU336
 1114              		.syntax unified
 1115              	@ 260 "Drivers/CMSIS/Include/cmsis_gcc.h" 1
 1116 004e BFF36F8F 		isb 0xF
 1117              	@ 0 "" 2
 1118              		.thumb
 1119              		.syntax unified
 1120              	.LBE19:
 1121              	.LBE18:
 241:Drivers/STM32H7xx_HAL_Driver/Src/stm32h7xx_hal_flash.c **** 
 1122              		.loc 1 241 5 view .LVU337
 1123              	.LBB20:
 1124              	.LBI20:
 261:Drivers/CMSIS/Include/cmsis_gcc.h **** }
 262:Drivers/CMSIS/Include/cmsis_gcc.h **** 
 263:Drivers/CMSIS/Include/cmsis_gcc.h **** 
 264:Drivers/CMSIS/Include/cmsis_gcc.h **** /**
 265:Drivers/CMSIS/Include/cmsis_gcc.h ****   \brief   Data Synchronization Barrier
 266:Drivers/CMSIS/Include/cmsis_gcc.h ****   \details Acts as a special kind of Data Memory Barrier.
 267:Drivers/CMSIS/Include/cmsis_gcc.h ****            It completes when all explicit memory accesses before this instruction complete.
 268:Drivers/CMSIS/Include/cmsis_gcc.h ****  */
 269:Drivers/CMSIS/Include/cmsis_gcc.h **** __STATIC_FORCEINLINE void __DSB(void)
 1125              		.loc 2 269 27 view .LVU338
 1126              	.LBB21:
 270:Drivers/CMSIS/Include/cmsis_gcc.h **** {
 271:Drivers/CMSIS/Include/cmsis_gcc.h ****   __ASM volatile ("dsb 0xF":::"memory");
 1127              		.loc 2 271 3 view .LVU339
 1128              		.syntax unified
 1129              	@ 271 "Drivers/CMSIS/Include/cmsis_gcc.h" 1
 1130 0052 BFF34F8F 		dsb 0xF
 1131              	@ 0 "" 2
 1132              		.thumb
 1133              		.syntax unified
 1134              	.LBE21:
 1135              	.LBE20:
 166:Drivers/STM32H7xx_HAL_Driver/Src/stm32h7xx_hal_flash.c **** 
 1136              		.loc 1 166 11 is_stmt 0 view .LVU340
 1137 0056 0823     		movs	r3, #8
 1138              	.LVL82:
 1139              	.L99:
 253:Drivers/STM32H7xx_HAL_Driver/Src/stm32h7xx_hal_flash.c ****       {
 1140              		.loc 1 253 7 is_stmt 1 view .LVU341
 255:Drivers/STM32H7xx_HAL_Driver/Src/stm32h7xx_hal_flash.c ****         dest_addr++;
 1141              		.loc 1 255 9 view .LVU342
ARM GAS  /tmp/ccuwOubA.s 			page 50


 255:Drivers/STM32H7xx_HAL_Driver/Src/stm32h7xx_hal_flash.c ****         dest_addr++;
 1142              		.loc 1 255 22 is_stmt 0 view .LVU343
 1143 0058 54F8042B 		ldr	r2, [r4], #4
 1144              	.LVL83:
 255:Drivers/STM32H7xx_HAL_Driver/Src/stm32h7xx_hal_flash.c ****         dest_addr++;
 1145              		.loc 1 255 20 view .LVU344
 1146 005c 45F8042B 		str	r2, [r5], #4
 1147              	.LVL84:
 256:Drivers/STM32H7xx_HAL_Driver/Src/stm32h7xx_hal_flash.c ****         src_addr++;
 1148              		.loc 1 256 9 is_stmt 1 view .LVU345
 257:Drivers/STM32H7xx_HAL_Driver/Src/stm32h7xx_hal_flash.c ****         row_index--;
 1149              		.loc 1 257 9 view .LVU346
 258:Drivers/STM32H7xx_HAL_Driver/Src/stm32h7xx_hal_flash.c ****      } while (row_index != 0U);
 1150              		.loc 1 258 9 view .LVU347
 258:Drivers/STM32H7xx_HAL_Driver/Src/stm32h7xx_hal_flash.c ****      } while (row_index != 0U);
 1151              		.loc 1 258 18 is_stmt 0 view .LVU348
 1152 0060 013B     		subs	r3, r3, #1
 1153              	.LVL85:
 259:Drivers/STM32H7xx_HAL_Driver/Src/stm32h7xx_hal_flash.c ****     }
 1154              		.loc 1 259 25 is_stmt 1 discriminator 1 view .LVU349
 1155 0062 13F0FF03 		ands	r3, r3, #255
 1156              	.LVL86:
 259:Drivers/STM32H7xx_HAL_Driver/Src/stm32h7xx_hal_flash.c ****     }
 1157              		.loc 1 259 25 is_stmt 0 discriminator 1 view .LVU350
 1158 0066 F7D1     		bne	.L99
 262:Drivers/STM32H7xx_HAL_Driver/Src/stm32h7xx_hal_flash.c ****     __DSB();
 1159              		.loc 1 262 5 is_stmt 1 view .LVU351
 1160              	.LBB22:
 1161              	.LBI22:
 258:Drivers/CMSIS/Include/cmsis_gcc.h **** {
 1162              		.loc 2 258 27 view .LVU352
 1163              	.LBB23:
 260:Drivers/CMSIS/Include/cmsis_gcc.h **** }
 1164              		.loc 2 260 3 view .LVU353
 1165              		.syntax unified
 1166              	@ 260 "Drivers/CMSIS/Include/cmsis_gcc.h" 1
 1167 0068 BFF36F8F 		isb 0xF
 1168              	@ 0 "" 2
 1169              		.thumb
 1170              		.syntax unified
 1171              	.LBE23:
 1172              	.LBE22:
 263:Drivers/STM32H7xx_HAL_Driver/Src/stm32h7xx_hal_flash.c **** 
 1173              		.loc 1 263 5 view .LVU354
 1174              	.LBB24:
 1175              	.LBI24:
 269:Drivers/CMSIS/Include/cmsis_gcc.h **** {
 1176              		.loc 2 269 27 view .LVU355
 1177              	.LBB25:
 1178              		.loc 2 271 3 view .LVU356
 1179              		.syntax unified
 1180              	@ 271 "Drivers/CMSIS/Include/cmsis_gcc.h" 1
 1181 006c BFF34F8F 		dsb 0xF
 1182              	@ 0 "" 2
 1183              		.thumb
 1184              		.syntax unified
 1185              	.LBE25:
ARM GAS  /tmp/ccuwOubA.s 			page 51


 1186              	.LBE24:
 266:Drivers/STM32H7xx_HAL_Driver/Src/stm32h7xx_hal_flash.c **** 
 1187              		.loc 1 266 5 view .LVU357
 266:Drivers/STM32H7xx_HAL_Driver/Src/stm32h7xx_hal_flash.c **** 
 1188              		.loc 1 266 14 is_stmt 0 view .LVU358
 1189 0070 3146     		mov	r1, r6
 1190 0072 4CF25030 		movw	r0, #50000
 1191              	.LVL87:
 266:Drivers/STM32H7xx_HAL_Driver/Src/stm32h7xx_hal_flash.c **** 
 1192              		.loc 1 266 14 view .LVU359
 1193 0076 FFF7FEFF 		bl	FLASH_WaitForLastOperation
 1194              	.LVL88:
 278:Drivers/STM32H7xx_HAL_Driver/Src/stm32h7xx_hal_flash.c ****       {
 1195              		.loc 1 278 7 is_stmt 1 view .LVU360
 278:Drivers/STM32H7xx_HAL_Driver/Src/stm32h7xx_hal_flash.c ****       {
 1196              		.loc 1 278 9 is_stmt 0 view .LVU361
 1197 007a 012E     		cmp	r6, #1
 1198 007c 12D0     		beq	.L109
 286:Drivers/STM32H7xx_HAL_Driver/Src/stm32h7xx_hal_flash.c ****       }
 1199              		.loc 1 286 9 is_stmt 1 view .LVU362
 1200 007e 0F4A     		ldr	r2, .L110+4
 1201 0080 D2F80C31 		ldr	r3, [r2, #268]
 1202 0084 23F00203 		bic	r3, r3, #2
 1203 0088 C2F80C31 		str	r3, [r2, #268]
 1204              	.LVL89:
 1205              	.L96:
 306:Drivers/STM32H7xx_HAL_Driver/Src/stm32h7xx_hal_flash.c **** 
 1206              		.loc 1 306 3 view .LVU363
 306:Drivers/STM32H7xx_HAL_Driver/Src/stm32h7xx_hal_flash.c **** 
 1207              		.loc 1 306 3 view .LVU364
 1208 008c 0A4B     		ldr	r3, .L110
 1209 008e 0022     		movs	r2, #0
 1210 0090 1A75     		strb	r2, [r3, #20]
 306:Drivers/STM32H7xx_HAL_Driver/Src/stm32h7xx_hal_flash.c **** 
 1211              		.loc 1 306 3 view .LVU365
 308:Drivers/STM32H7xx_HAL_Driver/Src/stm32h7xx_hal_flash.c **** }
 1212              		.loc 1 308 3 view .LVU366
 1213              	.LVL90:
 1214              	.L94:
 309:Drivers/STM32H7xx_HAL_Driver/Src/stm32h7xx_hal_flash.c **** 
 1215              		.loc 1 309 1 is_stmt 0 view .LVU367
 1216 0092 70BD     		pop	{r4, r5, r6, pc}
 1217              	.LVL91:
 1218              	.L102:
 181:Drivers/STM32H7xx_HAL_Driver/Src/stm32h7xx_hal_flash.c ****     /* Prevent unused argument(s) compilation warning */
 1219              		.loc 1 181 10 view .LVU368
 1220 0094 0126     		movs	r6, #1
 1221 0096 C8E7     		b	.L95
 1222              	.LVL92:
 1223              	.L108:
 217:Drivers/STM32H7xx_HAL_Driver/Src/stm32h7xx_hal_flash.c ****       }
 1224              		.loc 1 217 9 is_stmt 1 view .LVU369
 1225 0098 084A     		ldr	r2, .L110+4
 1226 009a D368     		ldr	r3, [r2, #12]
 1227 009c 43F00203 		orr	r3, r3, #2
 1228 00a0 D360     		str	r3, [r2, #12]
 1229 00a2 D4E7     		b	.L98
ARM GAS  /tmp/ccuwOubA.s 			page 52


 1230              	.LVL93:
 1231              	.L109:
 281:Drivers/STM32H7xx_HAL_Driver/Src/stm32h7xx_hal_flash.c ****       }
 1232              		.loc 1 281 9 view .LVU370
 1233 00a4 054A     		ldr	r2, .L110+4
 1234 00a6 D368     		ldr	r3, [r2, #12]
 1235 00a8 23F00203 		bic	r3, r3, #2
 1236 00ac D360     		str	r3, [r2, #12]
 1237 00ae EDE7     		b	.L96
 1238              	.LVL94:
 1239              	.L101:
 1240              	.LCFI3:
 1241              		.cfi_def_cfa_offset 0
 1242              		.cfi_restore 4
 1243              		.cfi_restore 5
 1244              		.cfi_restore 6
 1245              		.cfi_restore 14
 173:Drivers/STM32H7xx_HAL_Driver/Src/stm32h7xx_hal_flash.c **** 
 1246              		.loc 1 173 3 is_stmt 0 discriminator 1 view .LVU371
 1247 00b0 0220     		movs	r0, #2
 1248              	.LVL95:
 309:Drivers/STM32H7xx_HAL_Driver/Src/stm32h7xx_hal_flash.c **** 
 1249              		.loc 1 309 1 view .LVU372
 1250 00b2 7047     		bx	lr
 1251              	.LVL96:
 1252              	.L103:
 1253              	.LCFI4:
 1254              		.cfi_def_cfa_offset 16
 1255              		.cfi_offset 4, -16
 1256              		.cfi_offset 5, -12
 1257              		.cfi_offset 6, -8
 1258              		.cfi_offset 14, -4
 193:Drivers/STM32H7xx_HAL_Driver/Src/stm32h7xx_hal_flash.c ****   }
 1259              		.loc 1 193 12 view .LVU373
 1260 00b4 0120     		movs	r0, #1
 1261              	.LVL97:
 193:Drivers/STM32H7xx_HAL_Driver/Src/stm32h7xx_hal_flash.c ****   }
 1262              		.loc 1 193 12 view .LVU374
 1263 00b6 ECE7     		b	.L94
 1264              	.L111:
 1265              		.align	2
 1266              	.L110:
 1267 00b8 00000000 		.word	pFlash
 1268 00bc 00200052 		.word	1375739904
 1269              		.cfi_endproc
 1270              	.LFE146:
 1272              		.section	.text.HAL_FLASH_Program_IT,"ax",%progbits
 1273              		.align	1
 1274              		.global	HAL_FLASH_Program_IT
 1275              		.syntax unified
 1276              		.thumb
 1277              		.thumb_func
 1279              	HAL_FLASH_Program_IT:
 1280              	.LVL98:
 1281              	.LFB147:
 326:Drivers/STM32H7xx_HAL_Driver/Src/stm32h7xx_hal_flash.c ****   HAL_StatusTypeDef status;
 1282              		.loc 1 326 1 is_stmt 1 view -0
ARM GAS  /tmp/ccuwOubA.s 			page 53


 1283              		.cfi_startproc
 1284              		@ args = 0, pretend = 0, frame = 0
 1285              		@ frame_needed = 0, uses_anonymous_args = 0
 326:Drivers/STM32H7xx_HAL_Driver/Src/stm32h7xx_hal_flash.c ****   HAL_StatusTypeDef status;
 1286              		.loc 1 326 1 is_stmt 0 view .LVU376
 1287 0000 F8B5     		push	{r3, r4, r5, r6, r7, lr}
 1288              	.LCFI5:
 1289              		.cfi_def_cfa_offset 24
 1290              		.cfi_offset 3, -24
 1291              		.cfi_offset 4, -20
 1292              		.cfi_offset 5, -16
 1293              		.cfi_offset 6, -12
 1294              		.cfi_offset 7, -8
 1295              		.cfi_offset 14, -4
 327:Drivers/STM32H7xx_HAL_Driver/Src/stm32h7xx_hal_flash.c ****   __IO uint32_t *dest_addr = (__IO uint32_t*)FlashAddress;
 1296              		.loc 1 327 3 is_stmt 1 view .LVU377
 328:Drivers/STM32H7xx_HAL_Driver/Src/stm32h7xx_hal_flash.c ****   __IO uint32_t *src_addr = (__IO uint32_t*)DataAddress;
 1297              		.loc 1 328 3 view .LVU378
 1298              	.LVL99:
 329:Drivers/STM32H7xx_HAL_Driver/Src/stm32h7xx_hal_flash.c ****   uint32_t bank;
 1299              		.loc 1 329 3 view .LVU379
 330:Drivers/STM32H7xx_HAL_Driver/Src/stm32h7xx_hal_flash.c ****   uint8_t row_index = FLASH_NB_32BITWORD_IN_FLASHWORD;
 1300              		.loc 1 330 3 view .LVU380
 331:Drivers/STM32H7xx_HAL_Driver/Src/stm32h7xx_hal_flash.c **** 
 1301              		.loc 1 331 3 view .LVU381
 334:Drivers/STM32H7xx_HAL_Driver/Src/stm32h7xx_hal_flash.c ****   assert_param(IS_FLASH_PROGRAM_ADDRESS(FlashAddress));
 1302              		.loc 1 334 3 view .LVU382
 335:Drivers/STM32H7xx_HAL_Driver/Src/stm32h7xx_hal_flash.c **** 
 1303              		.loc 1 335 3 view .LVU383
 338:Drivers/STM32H7xx_HAL_Driver/Src/stm32h7xx_hal_flash.c **** 
 1304              		.loc 1 338 3 view .LVU384
 338:Drivers/STM32H7xx_HAL_Driver/Src/stm32h7xx_hal_flash.c **** 
 1305              		.loc 1 338 3 view .LVU385
 1306 0002 2C4B     		ldr	r3, .L124
 1307 0004 1B7D     		ldrb	r3, [r3, #20]	@ zero_extendqisi2
 1308 0006 012B     		cmp	r3, #1
 1309 0008 50D0     		beq	.L119
 1310 000a 0E46     		mov	r6, r1
 1311 000c 0D46     		mov	r5, r1
 1312 000e 1446     		mov	r4, r2
 338:Drivers/STM32H7xx_HAL_Driver/Src/stm32h7xx_hal_flash.c **** 
 1313              		.loc 1 338 3 discriminator 2 view .LVU386
 1314 0010 284B     		ldr	r3, .L124
 1315 0012 0122     		movs	r2, #1
 1316              	.LVL100:
 338:Drivers/STM32H7xx_HAL_Driver/Src/stm32h7xx_hal_flash.c **** 
 1317              		.loc 1 338 3 is_stmt 0 discriminator 2 view .LVU387
 1318 0014 1A75     		strb	r2, [r3, #20]
 338:Drivers/STM32H7xx_HAL_Driver/Src/stm32h7xx_hal_flash.c **** 
 1319              		.loc 1 338 3 is_stmt 1 discriminator 2 view .LVU388
 341:Drivers/STM32H7xx_HAL_Driver/Src/stm32h7xx_hal_flash.c **** 
 1320              		.loc 1 341 3 view .LVU389
 341:Drivers/STM32H7xx_HAL_Driver/Src/stm32h7xx_hal_flash.c **** 
 1321              		.loc 1 341 20 is_stmt 0 view .LVU390
 1322 0016 0022     		movs	r2, #0
 1323 0018 9A61     		str	r2, [r3, #24]
 346:Drivers/STM32H7xx_HAL_Driver/Src/stm32h7xx_hal_flash.c **** #endif /* FLASH_OPTCR_PG_OTP */
ARM GAS  /tmp/ccuwOubA.s 			page 54


 1324              		.loc 1 346 3 is_stmt 1 view .LVU391
 346:Drivers/STM32H7xx_HAL_Driver/Src/stm32h7xx_hal_flash.c **** #endif /* FLASH_OPTCR_PG_OTP */
 1325              		.loc 1 346 6 is_stmt 0 view .LVU392
 1326 001a 01F17843 		add	r3, r1, #-134217728
 346:Drivers/STM32H7xx_HAL_Driver/Src/stm32h7xx_hal_flash.c **** #endif /* FLASH_OPTCR_PG_OTP */
 1327              		.loc 1 346 5 view .LVU393
 1328 001e B3F5801F 		cmp	r3, #1048576
 1329 0022 0FD3     		bcc	.L120
 354:Drivers/STM32H7xx_HAL_Driver/Src/stm32h7xx_hal_flash.c ****   {
 1330              		.loc 1 354 8 is_stmt 1 view .LVU394
 354:Drivers/STM32H7xx_HAL_Driver/Src/stm32h7xx_hal_flash.c ****   {
 1331              		.loc 1 354 11 is_stmt 0 view .LVU395
 1332 0024 A1F10163 		sub	r3, r1, #135266304
 354:Drivers/STM32H7xx_HAL_Driver/Src/stm32h7xx_hal_flash.c ****   {
 1333              		.loc 1 354 10 view .LVU396
 1334 0028 B3F5801F 		cmp	r3, #1048576
 1335 002c 40D2     		bcs	.L121
 356:Drivers/STM32H7xx_HAL_Driver/Src/stm32h7xx_hal_flash.c ****   }
 1336              		.loc 1 356 10 view .LVU397
 1337 002e 0227     		movs	r7, #2
 1338              	.L114:
 1339              	.LVL101:
 365:Drivers/STM32H7xx_HAL_Driver/Src/stm32h7xx_hal_flash.c **** 
 1340              		.loc 1 365 3 is_stmt 1 view .LVU398
 365:Drivers/STM32H7xx_HAL_Driver/Src/stm32h7xx_hal_flash.c **** 
 1341              		.loc 1 365 12 is_stmt 0 view .LVU399
 1342 0030 3946     		mov	r1, r7
 1343              	.LVL102:
 365:Drivers/STM32H7xx_HAL_Driver/Src/stm32h7xx_hal_flash.c **** 
 1344              		.loc 1 365 12 view .LVU400
 1345 0032 4CF25030 		movw	r0, #50000
 1346              	.LVL103:
 365:Drivers/STM32H7xx_HAL_Driver/Src/stm32h7xx_hal_flash.c **** 
 1347              		.loc 1 365 12 view .LVU401
 1348 0036 FFF7FEFF 		bl	FLASH_WaitForLastOperation
 1349              	.LVL104:
 367:Drivers/STM32H7xx_HAL_Driver/Src/stm32h7xx_hal_flash.c ****   {
 1350              		.loc 1 367 3 is_stmt 1 view .LVU402
 367:Drivers/STM32H7xx_HAL_Driver/Src/stm32h7xx_hal_flash.c ****   {
 1351              		.loc 1 367 6 is_stmt 0 view .LVU403
 1352 003a 28B1     		cbz	r0, .L115
 370:Drivers/STM32H7xx_HAL_Driver/Src/stm32h7xx_hal_flash.c ****   }
 1353              		.loc 1 370 5 is_stmt 1 view .LVU404
 370:Drivers/STM32H7xx_HAL_Driver/Src/stm32h7xx_hal_flash.c ****   }
 1354              		.loc 1 370 5 view .LVU405
 1355 003c 1D4B     		ldr	r3, .L124
 1356 003e 0022     		movs	r2, #0
 1357 0040 1A75     		strb	r2, [r3, #20]
 370:Drivers/STM32H7xx_HAL_Driver/Src/stm32h7xx_hal_flash.c ****   }
 1358              		.loc 1 370 5 view .LVU406
 1359              	.LVL105:
 1360              	.L113:
 475:Drivers/STM32H7xx_HAL_Driver/Src/stm32h7xx_hal_flash.c **** 
 1361              		.loc 1 475 1 is_stmt 0 view .LVU407
 1362 0042 F8BD     		pop	{r3, r4, r5, r6, r7, pc}
 1363              	.LVL106:
 1364              	.L120:
ARM GAS  /tmp/ccuwOubA.s 			page 55


 349:Drivers/STM32H7xx_HAL_Driver/Src/stm32h7xx_hal_flash.c ****     /* Prevent unused argument(s) compilation warning */
 1365              		.loc 1 349 10 view .LVU408
 1366 0044 0127     		movs	r7, #1
 1367 0046 F3E7     		b	.L114
 1368              	.LVL107:
 1369              	.L115:
 374:Drivers/STM32H7xx_HAL_Driver/Src/stm32h7xx_hal_flash.c **** 
 1370              		.loc 1 374 5 is_stmt 1 view .LVU409
 374:Drivers/STM32H7xx_HAL_Driver/Src/stm32h7xx_hal_flash.c **** 
 1371              		.loc 1 374 20 is_stmt 0 view .LVU410
 1372 0048 1A4B     		ldr	r3, .L124
 1373 004a 1E61     		str	r6, [r3, #16]
 377:Drivers/STM32H7xx_HAL_Driver/Src/stm32h7xx_hal_flash.c ****     {
 1374              		.loc 1 377 5 is_stmt 1 view .LVU411
 377:Drivers/STM32H7xx_HAL_Driver/Src/stm32h7xx_hal_flash.c ****     {
 1375              		.loc 1 377 7 is_stmt 0 view .LVU412
 1376 004c 012F     		cmp	r7, #1
 1377 004e 21D0     		beq	.L123
 407:Drivers/STM32H7xx_HAL_Driver/Src/stm32h7xx_hal_flash.c **** 
 1378              		.loc 1 407 7 is_stmt 1 view .LVU413
 407:Drivers/STM32H7xx_HAL_Driver/Src/stm32h7xx_hal_flash.c **** 
 1379              		.loc 1 407 31 is_stmt 0 view .LVU414
 1380 0050 184B     		ldr	r3, .L124
 1381 0052 0622     		movs	r2, #6
 1382 0054 1A70     		strb	r2, [r3]
 410:Drivers/STM32H7xx_HAL_Driver/Src/stm32h7xx_hal_flash.c **** 
 1383              		.loc 1 410 7 is_stmt 1 view .LVU415
 1384 0056 184B     		ldr	r3, .L124+4
 1385 0058 D3F80C21 		ldr	r2, [r3, #268]
 1386 005c 42F00202 		orr	r2, r2, #2
 1387 0060 C3F80C21 		str	r2, [r3, #268]
 414:Drivers/STM32H7xx_HAL_Driver/Src/stm32h7xx_hal_flash.c ****                                   FLASH_IT_STRBERR_BANK2 | FLASH_IT_INCERR_BANK2 | FLASH_IT_OPERR_B
 1388              		.loc 1 414 7 view .LVU416
 1389 0064 D3F80C21 		ldr	r2, [r3, #268]
 1390 0068 42F4DE02 		orr	r2, r2, #7274496
 1391 006c C3F80C21 		str	r2, [r3, #268]
 1392              	.L117:
 448:Drivers/STM32H7xx_HAL_Driver/Src/stm32h7xx_hal_flash.c ****     __DSB();
 1393              		.loc 1 448 5 view .LVU417
 1394              	.LBB26:
 1395              	.LBI26:
 258:Drivers/CMSIS/Include/cmsis_gcc.h **** {
 1396              		.loc 2 258 27 view .LVU418
 1397              	.LBB27:
 260:Drivers/CMSIS/Include/cmsis_gcc.h **** }
 1398              		.loc 2 260 3 view .LVU419
 1399              		.syntax unified
 1400              	@ 260 "Drivers/CMSIS/Include/cmsis_gcc.h" 1
 1401 0070 BFF36F8F 		isb 0xF
 1402              	@ 0 "" 2
 1403              		.thumb
 1404              		.syntax unified
 1405              	.LBE27:
 1406              	.LBE26:
 449:Drivers/STM32H7xx_HAL_Driver/Src/stm32h7xx_hal_flash.c **** 
 1407              		.loc 1 449 5 view .LVU420
 1408              	.LBB28:
ARM GAS  /tmp/ccuwOubA.s 			page 56


 1409              	.LBI28:
 269:Drivers/CMSIS/Include/cmsis_gcc.h **** {
 1410              		.loc 2 269 27 view .LVU421
 1411              	.LBB29:
 1412              		.loc 2 271 3 view .LVU422
 1413              		.syntax unified
 1414              	@ 271 "Drivers/CMSIS/Include/cmsis_gcc.h" 1
 1415 0074 BFF34F8F 		dsb 0xF
 1416              	@ 0 "" 2
 1417              		.thumb
 1418              		.syntax unified
 1419              	.LBE29:
 1420              	.LBE28:
 331:Drivers/STM32H7xx_HAL_Driver/Src/stm32h7xx_hal_flash.c **** 
 1421              		.loc 1 331 11 is_stmt 0 view .LVU423
 1422 0078 0823     		movs	r3, #8
 1423              	.LVL108:
 1424              	.L118:
 461:Drivers/STM32H7xx_HAL_Driver/Src/stm32h7xx_hal_flash.c ****       {
 1425              		.loc 1 461 7 is_stmt 1 view .LVU424
 463:Drivers/STM32H7xx_HAL_Driver/Src/stm32h7xx_hal_flash.c ****         dest_addr++;
 1426              		.loc 1 463 9 view .LVU425
 463:Drivers/STM32H7xx_HAL_Driver/Src/stm32h7xx_hal_flash.c ****         dest_addr++;
 1427              		.loc 1 463 22 is_stmt 0 view .LVU426
 1428 007a 54F8042B 		ldr	r2, [r4], #4
 1429              	.LVL109:
 463:Drivers/STM32H7xx_HAL_Driver/Src/stm32h7xx_hal_flash.c ****         dest_addr++;
 1430              		.loc 1 463 20 view .LVU427
 1431 007e 45F8042B 		str	r2, [r5], #4
 1432              	.LVL110:
 464:Drivers/STM32H7xx_HAL_Driver/Src/stm32h7xx_hal_flash.c ****         src_addr++;
 1433              		.loc 1 464 9 is_stmt 1 view .LVU428
 465:Drivers/STM32H7xx_HAL_Driver/Src/stm32h7xx_hal_flash.c ****         row_index--;
 1434              		.loc 1 465 9 view .LVU429
 466:Drivers/STM32H7xx_HAL_Driver/Src/stm32h7xx_hal_flash.c ****       } while (row_index != 0U);
 1435              		.loc 1 466 9 view .LVU430
 466:Drivers/STM32H7xx_HAL_Driver/Src/stm32h7xx_hal_flash.c ****       } while (row_index != 0U);
 1436              		.loc 1 466 18 is_stmt 0 view .LVU431
 1437 0082 013B     		subs	r3, r3, #1
 1438              	.LVL111:
 467:Drivers/STM32H7xx_HAL_Driver/Src/stm32h7xx_hal_flash.c ****     }
 1439              		.loc 1 467 26 is_stmt 1 discriminator 1 view .LVU432
 1440 0084 13F0FF03 		ands	r3, r3, #255
 1441              	.LVL112:
 467:Drivers/STM32H7xx_HAL_Driver/Src/stm32h7xx_hal_flash.c ****     }
 1442              		.loc 1 467 26 is_stmt 0 discriminator 1 view .LVU433
 1443 0088 F7D1     		bne	.L118
 470:Drivers/STM32H7xx_HAL_Driver/Src/stm32h7xx_hal_flash.c ****     __DSB();
 1444              		.loc 1 470 5 is_stmt 1 view .LVU434
 1445              	.LBB30:
 1446              	.LBI30:
 258:Drivers/CMSIS/Include/cmsis_gcc.h **** {
 1447              		.loc 2 258 27 view .LVU435
 1448              	.LBB31:
 260:Drivers/CMSIS/Include/cmsis_gcc.h **** }
 1449              		.loc 2 260 3 view .LVU436
 1450              		.syntax unified
ARM GAS  /tmp/ccuwOubA.s 			page 57


 1451              	@ 260 "Drivers/CMSIS/Include/cmsis_gcc.h" 1
 1452 008a BFF36F8F 		isb 0xF
 1453              	@ 0 "" 2
 1454              		.thumb
 1455              		.syntax unified
 1456              	.LBE31:
 1457              	.LBE30:
 471:Drivers/STM32H7xx_HAL_Driver/Src/stm32h7xx_hal_flash.c ****   }
 1458              		.loc 1 471 5 view .LVU437
 1459              	.LBB32:
 1460              	.LBI32:
 269:Drivers/CMSIS/Include/cmsis_gcc.h **** {
 1461              		.loc 2 269 27 view .LVU438
 1462              	.LBB33:
 1463              		.loc 2 271 3 view .LVU439
 1464              		.syntax unified
 1465              	@ 271 "Drivers/CMSIS/Include/cmsis_gcc.h" 1
 1466 008e BFF34F8F 		dsb 0xF
 1467              	@ 0 "" 2
 272:Drivers/CMSIS/Include/cmsis_gcc.h **** }
 1468              		.loc 2 272 1 is_stmt 0 view .LVU440
 1469              		.thumb
 1470              		.syntax unified
 1471 0092 D6E7     		b	.L113
 1472              	.LVL113:
 1473              	.L123:
 1474              		.loc 2 272 1 view .LVU441
 1475              	.LBE33:
 1476              	.LBE32:
 380:Drivers/STM32H7xx_HAL_Driver/Src/stm32h7xx_hal_flash.c **** 
 1477              		.loc 1 380 7 is_stmt 1 view .LVU442
 380:Drivers/STM32H7xx_HAL_Driver/Src/stm32h7xx_hal_flash.c **** 
 1478              		.loc 1 380 31 is_stmt 0 view .LVU443
 1479 0094 0322     		movs	r2, #3
 1480 0096 1A70     		strb	r2, [r3]
 392:Drivers/STM32H7xx_HAL_Driver/Src/stm32h7xx_hal_flash.c ****       }
 1481              		.loc 1 392 9 is_stmt 1 view .LVU444
 1482 0098 074B     		ldr	r3, .L124+4
 1483 009a DA68     		ldr	r2, [r3, #12]
 1484 009c 42F00202 		orr	r2, r2, #2
 1485 00a0 DA60     		str	r2, [r3, #12]
 397:Drivers/STM32H7xx_HAL_Driver/Src/stm32h7xx_hal_flash.c ****                                   FLASH_IT_STRBERR_BANK1 | FLASH_IT_INCERR_BANK1 | FLASH_IT_OPERR_B
 1486              		.loc 1 397 7 view .LVU445
 1487 00a2 DA68     		ldr	r2, [r3, #12]
 1488 00a4 42F4DE02 		orr	r2, r2, #7274496
 1489 00a8 DA60     		str	r2, [r3, #12]
 1490 00aa E1E7     		b	.L117
 1491              	.LVL114:
 1492              	.L119:
 338:Drivers/STM32H7xx_HAL_Driver/Src/stm32h7xx_hal_flash.c **** 
 1493              		.loc 1 338 3 is_stmt 0 discriminator 1 view .LVU446
 1494 00ac 0220     		movs	r0, #2
 1495              	.LVL115:
 338:Drivers/STM32H7xx_HAL_Driver/Src/stm32h7xx_hal_flash.c **** 
 1496              		.loc 1 338 3 discriminator 1 view .LVU447
 1497 00ae C8E7     		b	.L113
 1498              	.LVL116:
ARM GAS  /tmp/ccuwOubA.s 			page 58


 1499              	.L121:
 361:Drivers/STM32H7xx_HAL_Driver/Src/stm32h7xx_hal_flash.c ****   }
 1500              		.loc 1 361 12 view .LVU448
 1501 00b0 0120     		movs	r0, #1
 1502              	.LVL117:
 361:Drivers/STM32H7xx_HAL_Driver/Src/stm32h7xx_hal_flash.c ****   }
 1503              		.loc 1 361 12 view .LVU449
 1504 00b2 C6E7     		b	.L113
 1505              	.L125:
 1506              		.align	2
 1507              	.L124:
 1508 00b4 00000000 		.word	pFlash
 1509 00b8 00200052 		.word	1375739904
 1510              		.cfi_endproc
 1511              	.LFE147:
 1513              		.section	.text.FLASH_OB_WaitForLastOperation,"ax",%progbits
 1514              		.align	1
 1515              		.global	FLASH_OB_WaitForLastOperation
 1516              		.syntax unified
 1517              		.thumb
 1518              		.thumb_func
 1520              	FLASH_OB_WaitForLastOperation:
 1521              	.LVL118:
 1522              	.LFB158:
1154:Drivers/STM32H7xx_HAL_Driver/Src/stm32h7xx_hal_flash.c **** 
1155:Drivers/STM32H7xx_HAL_Driver/Src/stm32h7xx_hal_flash.c **** /**
1156:Drivers/STM32H7xx_HAL_Driver/Src/stm32h7xx_hal_flash.c ****   * @brief  Wait for a FLASH Option Bytes change operation to complete.
1157:Drivers/STM32H7xx_HAL_Driver/Src/stm32h7xx_hal_flash.c ****   * @param  Timeout maximum flash operation timeout
1158:Drivers/STM32H7xx_HAL_Driver/Src/stm32h7xx_hal_flash.c ****   * @retval HAL_StatusTypeDef HAL Status
1159:Drivers/STM32H7xx_HAL_Driver/Src/stm32h7xx_hal_flash.c ****   */
1160:Drivers/STM32H7xx_HAL_Driver/Src/stm32h7xx_hal_flash.c **** HAL_StatusTypeDef FLASH_OB_WaitForLastOperation(uint32_t Timeout)
1161:Drivers/STM32H7xx_HAL_Driver/Src/stm32h7xx_hal_flash.c **** {
 1523              		.loc 1 1161 1 is_stmt 1 view -0
 1524              		.cfi_startproc
 1525              		@ args = 0, pretend = 0, frame = 0
 1526              		@ frame_needed = 0, uses_anonymous_args = 0
 1527              		.loc 1 1161 1 is_stmt 0 view .LVU451
 1528 0000 38B5     		push	{r3, r4, r5, lr}
 1529              	.LCFI6:
 1530              		.cfi_def_cfa_offset 16
 1531              		.cfi_offset 3, -16
 1532              		.cfi_offset 4, -12
 1533              		.cfi_offset 5, -8
 1534              		.cfi_offset 14, -4
 1535 0002 0446     		mov	r4, r0
1162:Drivers/STM32H7xx_HAL_Driver/Src/stm32h7xx_hal_flash.c ****   /* Get timeout */
1163:Drivers/STM32H7xx_HAL_Driver/Src/stm32h7xx_hal_flash.c ****   uint32_t tickstart = HAL_GetTick();
 1536              		.loc 1 1163 3 is_stmt 1 view .LVU452
 1537              		.loc 1 1163 24 is_stmt 0 view .LVU453
 1538 0004 FFF7FEFF 		bl	HAL_GetTick
 1539              	.LVL119:
 1540              		.loc 1 1163 24 view .LVU454
 1541 0008 0546     		mov	r5, r0
 1542              	.LVL120:
1164:Drivers/STM32H7xx_HAL_Driver/Src/stm32h7xx_hal_flash.c **** 
1165:Drivers/STM32H7xx_HAL_Driver/Src/stm32h7xx_hal_flash.c ****   /* Wait for the FLASH Option Bytes change operation to complete by polling on OPT_BUSY flag to be
1166:Drivers/STM32H7xx_HAL_Driver/Src/stm32h7xx_hal_flash.c ****   while(READ_BIT(FLASH->OPTSR_CUR, FLASH_OPTSR_OPT_BUSY) != 0U)
ARM GAS  /tmp/ccuwOubA.s 			page 59


 1543              		.loc 1 1166 3 is_stmt 1 view .LVU455
 1544              	.L128:
 1545              		.loc 1 1166 58 view .LVU456
 1546              		.loc 1 1166 9 is_stmt 0 view .LVU457
 1547 000a 134B     		ldr	r3, .L137
 1548 000c DB69     		ldr	r3, [r3, #28]
 1549              		.loc 1 1166 58 view .LVU458
 1550 000e 13F0010F 		tst	r3, #1
 1551 0012 0BD0     		beq	.L135
1167:Drivers/STM32H7xx_HAL_Driver/Src/stm32h7xx_hal_flash.c ****   {
1168:Drivers/STM32H7xx_HAL_Driver/Src/stm32h7xx_hal_flash.c ****     if(Timeout != HAL_MAX_DELAY)
 1552              		.loc 1 1168 5 is_stmt 1 view .LVU459
 1553              		.loc 1 1168 7 is_stmt 0 view .LVU460
 1554 0014 B4F1FF3F 		cmp	r4, #-1
 1555 0018 F7D0     		beq	.L128
1169:Drivers/STM32H7xx_HAL_Driver/Src/stm32h7xx_hal_flash.c ****     {
1170:Drivers/STM32H7xx_HAL_Driver/Src/stm32h7xx_hal_flash.c ****       if(((HAL_GetTick() - tickstart) > Timeout) || (Timeout == 0U))
 1556              		.loc 1 1170 7 is_stmt 1 view .LVU461
 1557              		.loc 1 1170 12 is_stmt 0 view .LVU462
 1558 001a FFF7FEFF 		bl	HAL_GetTick
 1559              	.LVL121:
 1560              		.loc 1 1170 26 discriminator 1 view .LVU463
 1561 001e 401B     		subs	r0, r0, r5
 1562              		.loc 1 1170 9 discriminator 1 view .LVU464
 1563 0020 A042     		cmp	r0, r4
 1564 0022 16D8     		bhi	.L131
 1565              		.loc 1 1170 50 discriminator 1 view .LVU465
 1566 0024 002C     		cmp	r4, #0
 1567 0026 F0D1     		bne	.L128
1171:Drivers/STM32H7xx_HAL_Driver/Src/stm32h7xx_hal_flash.c ****       {
1172:Drivers/STM32H7xx_HAL_Driver/Src/stm32h7xx_hal_flash.c ****         return HAL_TIMEOUT;
 1568              		.loc 1 1172 16 view .LVU466
 1569 0028 0320     		movs	r0, #3
 1570 002a 05E0     		b	.L129
 1571              	.L135:
1173:Drivers/STM32H7xx_HAL_Driver/Src/stm32h7xx_hal_flash.c ****       }
1174:Drivers/STM32H7xx_HAL_Driver/Src/stm32h7xx_hal_flash.c ****     }
1175:Drivers/STM32H7xx_HAL_Driver/Src/stm32h7xx_hal_flash.c ****   }
1176:Drivers/STM32H7xx_HAL_Driver/Src/stm32h7xx_hal_flash.c **** 
1177:Drivers/STM32H7xx_HAL_Driver/Src/stm32h7xx_hal_flash.c ****   /* Check option byte change error */
1178:Drivers/STM32H7xx_HAL_Driver/Src/stm32h7xx_hal_flash.c ****   if(READ_BIT(FLASH->OPTSR_CUR, FLASH_OPTSR_OPTCHANGEERR) != 0U)
 1572              		.loc 1 1178 3 is_stmt 1 view .LVU467
 1573              		.loc 1 1178 6 is_stmt 0 view .LVU468
 1574 002c 0A4B     		ldr	r3, .L137
 1575 002e DB69     		ldr	r3, [r3, #28]
 1576              		.loc 1 1178 5 view .LVU469
 1577 0030 13F0804F 		tst	r3, #1073741824
 1578 0034 01D1     		bne	.L136
1179:Drivers/STM32H7xx_HAL_Driver/Src/stm32h7xx_hal_flash.c ****   {
1180:Drivers/STM32H7xx_HAL_Driver/Src/stm32h7xx_hal_flash.c ****     /* Save the error code */
1181:Drivers/STM32H7xx_HAL_Driver/Src/stm32h7xx_hal_flash.c ****     pFlash.ErrorCode |= HAL_FLASH_ERROR_OB_CHANGE;
1182:Drivers/STM32H7xx_HAL_Driver/Src/stm32h7xx_hal_flash.c **** 
1183:Drivers/STM32H7xx_HAL_Driver/Src/stm32h7xx_hal_flash.c ****     /* Clear the OB error flag */
1184:Drivers/STM32H7xx_HAL_Driver/Src/stm32h7xx_hal_flash.c ****     FLASH->OPTCCR |= FLASH_OPTCCR_CLR_OPTCHANGEERR;
1185:Drivers/STM32H7xx_HAL_Driver/Src/stm32h7xx_hal_flash.c **** 
1186:Drivers/STM32H7xx_HAL_Driver/Src/stm32h7xx_hal_flash.c ****     return HAL_ERROR;
1187:Drivers/STM32H7xx_HAL_Driver/Src/stm32h7xx_hal_flash.c ****   }
ARM GAS  /tmp/ccuwOubA.s 			page 60


1188:Drivers/STM32H7xx_HAL_Driver/Src/stm32h7xx_hal_flash.c **** 
1189:Drivers/STM32H7xx_HAL_Driver/Src/stm32h7xx_hal_flash.c ****   /* If there is no error flag set */
1190:Drivers/STM32H7xx_HAL_Driver/Src/stm32h7xx_hal_flash.c ****   return HAL_OK;
 1579              		.loc 1 1190 10 view .LVU470
 1580 0036 0020     		movs	r0, #0
 1581              	.L129:
1191:Drivers/STM32H7xx_HAL_Driver/Src/stm32h7xx_hal_flash.c **** }
 1582              		.loc 1 1191 1 view .LVU471
 1583 0038 38BD     		pop	{r3, r4, r5, pc}
 1584              	.LVL122:
 1585              	.L136:
1181:Drivers/STM32H7xx_HAL_Driver/Src/stm32h7xx_hal_flash.c **** 
 1586              		.loc 1 1181 5 is_stmt 1 view .LVU472
1181:Drivers/STM32H7xx_HAL_Driver/Src/stm32h7xx_hal_flash.c **** 
 1587              		.loc 1 1181 11 is_stmt 0 view .LVU473
 1588 003a 084A     		ldr	r2, .L137+4
 1589 003c 9369     		ldr	r3, [r2, #24]
1181:Drivers/STM32H7xx_HAL_Driver/Src/stm32h7xx_hal_flash.c **** 
 1590              		.loc 1 1181 22 view .LVU474
 1591 003e 43F08043 		orr	r3, r3, #1073741824
 1592 0042 9361     		str	r3, [r2, #24]
1184:Drivers/STM32H7xx_HAL_Driver/Src/stm32h7xx_hal_flash.c **** 
 1593              		.loc 1 1184 5 is_stmt 1 view .LVU475
1184:Drivers/STM32H7xx_HAL_Driver/Src/stm32h7xx_hal_flash.c **** 
 1594              		.loc 1 1184 10 is_stmt 0 view .LVU476
 1595 0044 044A     		ldr	r2, .L137
 1596 0046 536A     		ldr	r3, [r2, #36]
1184:Drivers/STM32H7xx_HAL_Driver/Src/stm32h7xx_hal_flash.c **** 
 1597              		.loc 1 1184 19 view .LVU477
 1598 0048 43F08043 		orr	r3, r3, #1073741824
 1599 004c 5362     		str	r3, [r2, #36]
1186:Drivers/STM32H7xx_HAL_Driver/Src/stm32h7xx_hal_flash.c ****   }
 1600              		.loc 1 1186 5 is_stmt 1 view .LVU478
1186:Drivers/STM32H7xx_HAL_Driver/Src/stm32h7xx_hal_flash.c ****   }
 1601              		.loc 1 1186 12 is_stmt 0 view .LVU479
 1602 004e 0120     		movs	r0, #1
 1603 0050 F2E7     		b	.L129
 1604              	.L131:
1172:Drivers/STM32H7xx_HAL_Driver/Src/stm32h7xx_hal_flash.c ****       }
 1605              		.loc 1 1172 16 view .LVU480
 1606 0052 0320     		movs	r0, #3
 1607 0054 F0E7     		b	.L129
 1608              	.L138:
 1609 0056 00BF     		.align	2
 1610              	.L137:
 1611 0058 00200052 		.word	1375739904
 1612 005c 00000000 		.word	pFlash
 1613              		.cfi_endproc
 1614              	.LFE158:
 1616              		.section	.text.FLASH_CRC_WaitForLastOperation,"ax",%progbits
 1617              		.align	1
 1618              		.global	FLASH_CRC_WaitForLastOperation
 1619              		.syntax unified
 1620              		.thumb
 1621              		.thumb_func
 1623              	FLASH_CRC_WaitForLastOperation:
 1624              	.LVL123:
ARM GAS  /tmp/ccuwOubA.s 			page 61


 1625              	.LFB159:
1192:Drivers/STM32H7xx_HAL_Driver/Src/stm32h7xx_hal_flash.c **** 
1193:Drivers/STM32H7xx_HAL_Driver/Src/stm32h7xx_hal_flash.c **** /**
1194:Drivers/STM32H7xx_HAL_Driver/Src/stm32h7xx_hal_flash.c ****   * @brief  Wait for a FLASH CRC computation to complete.
1195:Drivers/STM32H7xx_HAL_Driver/Src/stm32h7xx_hal_flash.c ****   * @param  Timeout maximum flash operation timeout
1196:Drivers/STM32H7xx_HAL_Driver/Src/stm32h7xx_hal_flash.c ****   * @param  Bank flash FLASH_BANK_1 or FLASH_BANK_2
1197:Drivers/STM32H7xx_HAL_Driver/Src/stm32h7xx_hal_flash.c ****   * @retval HAL_StatusTypeDef HAL Status
1198:Drivers/STM32H7xx_HAL_Driver/Src/stm32h7xx_hal_flash.c ****   */
1199:Drivers/STM32H7xx_HAL_Driver/Src/stm32h7xx_hal_flash.c **** HAL_StatusTypeDef FLASH_CRC_WaitForLastOperation(uint32_t Timeout, uint32_t Bank)
1200:Drivers/STM32H7xx_HAL_Driver/Src/stm32h7xx_hal_flash.c **** {
 1626              		.loc 1 1200 1 is_stmt 1 view -0
 1627              		.cfi_startproc
 1628              		@ args = 0, pretend = 0, frame = 0
 1629              		@ frame_needed = 0, uses_anonymous_args = 0
 1630              		.loc 1 1200 1 is_stmt 0 view .LVU482
 1631 0000 F8B5     		push	{r3, r4, r5, r6, r7, lr}
 1632              	.LCFI7:
 1633              		.cfi_def_cfa_offset 24
 1634              		.cfi_offset 3, -24
 1635              		.cfi_offset 4, -20
 1636              		.cfi_offset 5, -16
 1637              		.cfi_offset 6, -12
 1638              		.cfi_offset 7, -8
 1639              		.cfi_offset 14, -4
 1640 0002 0546     		mov	r5, r0
 1641 0004 0E46     		mov	r6, r1
1201:Drivers/STM32H7xx_HAL_Driver/Src/stm32h7xx_hal_flash.c ****   uint32_t bsyflag;
 1642              		.loc 1 1201 3 is_stmt 1 view .LVU483
1202:Drivers/STM32H7xx_HAL_Driver/Src/stm32h7xx_hal_flash.c ****   uint32_t tickstart = HAL_GetTick();
 1643              		.loc 1 1202 3 view .LVU484
 1644              		.loc 1 1202 24 is_stmt 0 view .LVU485
 1645 0006 FFF7FEFF 		bl	HAL_GetTick
 1646              	.LVL124:
 1647              		.loc 1 1202 24 view .LVU486
 1648 000a 0746     		mov	r7, r0
 1649              	.LVL125:
1203:Drivers/STM32H7xx_HAL_Driver/Src/stm32h7xx_hal_flash.c **** 
1204:Drivers/STM32H7xx_HAL_Driver/Src/stm32h7xx_hal_flash.c ****   assert_param(IS_FLASH_BANK_EXCLUSIVE(Bank));
 1650              		.loc 1 1204 3 is_stmt 1 view .LVU487
1205:Drivers/STM32H7xx_HAL_Driver/Src/stm32h7xx_hal_flash.c **** 
1206:Drivers/STM32H7xx_HAL_Driver/Src/stm32h7xx_hal_flash.c ****   /* Select bsyflag depending on Bank */
1207:Drivers/STM32H7xx_HAL_Driver/Src/stm32h7xx_hal_flash.c ****   if(Bank == FLASH_BANK_1)
 1651              		.loc 1 1207 3 view .LVU488
 1652              		.loc 1 1207 5 is_stmt 0 view .LVU489
 1653 000c 012E     		cmp	r6, #1
 1654 000e 09D0     		beq	.L140
1208:Drivers/STM32H7xx_HAL_Driver/Src/stm32h7xx_hal_flash.c ****   {
1209:Drivers/STM32H7xx_HAL_Driver/Src/stm32h7xx_hal_flash.c ****     bsyflag = FLASH_FLAG_CRC_BUSY_BANK1;
1210:Drivers/STM32H7xx_HAL_Driver/Src/stm32h7xx_hal_flash.c ****   }
1211:Drivers/STM32H7xx_HAL_Driver/Src/stm32h7xx_hal_flash.c ****   else
1212:Drivers/STM32H7xx_HAL_Driver/Src/stm32h7xx_hal_flash.c ****   {
1213:Drivers/STM32H7xx_HAL_Driver/Src/stm32h7xx_hal_flash.c ****     bsyflag = FLASH_FLAG_CRC_BUSY_BANK2;
 1655              		.loc 1 1213 13 view .LVU490
 1656 0010 264C     		ldr	r4, .L160
 1657 0012 14E0     		b	.L142
 1658              	.LVL126:
 1659              	.L155:
ARM GAS  /tmp/ccuwOubA.s 			page 62


1214:Drivers/STM32H7xx_HAL_Driver/Src/stm32h7xx_hal_flash.c ****   }
1215:Drivers/STM32H7xx_HAL_Driver/Src/stm32h7xx_hal_flash.c **** 
1216:Drivers/STM32H7xx_HAL_Driver/Src/stm32h7xx_hal_flash.c ****   /* Wait for the FLASH CRC computation to complete by polling on CRC_BUSY flag to be reset */
1217:Drivers/STM32H7xx_HAL_Driver/Src/stm32h7xx_hal_flash.c ****   while(__HAL_FLASH_GET_FLAG(bsyflag))
1218:Drivers/STM32H7xx_HAL_Driver/Src/stm32h7xx_hal_flash.c ****   {
1219:Drivers/STM32H7xx_HAL_Driver/Src/stm32h7xx_hal_flash.c ****     if(Timeout != HAL_MAX_DELAY)
1220:Drivers/STM32H7xx_HAL_Driver/Src/stm32h7xx_hal_flash.c ****     {
1221:Drivers/STM32H7xx_HAL_Driver/Src/stm32h7xx_hal_flash.c ****       if(((HAL_GetTick() - tickstart) > Timeout) || (Timeout == 0U))
 1660              		.loc 1 1221 7 is_stmt 1 view .LVU491
 1661              		.loc 1 1221 12 is_stmt 0 view .LVU492
 1662 0014 FFF7FEFF 		bl	HAL_GetTick
 1663              	.LVL127:
 1664              		.loc 1 1221 26 discriminator 1 view .LVU493
 1665 0018 C01B     		subs	r0, r0, r7
 1666              		.loc 1 1221 9 discriminator 1 view .LVU494
 1667 001a A842     		cmp	r0, r5
 1668 001c 44D8     		bhi	.L149
 1669              		.loc 1 1221 50 discriminator 1 view .LVU495
 1670 001e 75B9     		cbnz	r5, .L142
1222:Drivers/STM32H7xx_HAL_Driver/Src/stm32h7xx_hal_flash.c ****       {
1223:Drivers/STM32H7xx_HAL_Driver/Src/stm32h7xx_hal_flash.c ****         return HAL_TIMEOUT;
 1671              		.loc 1 1223 16 view .LVU496
 1672 0020 0320     		movs	r0, #3
 1673 0022 22E0     		b	.L143
 1674              	.LVL128:
 1675              	.L140:
1209:Drivers/STM32H7xx_HAL_Driver/Src/stm32h7xx_hal_flash.c ****   }
 1676              		.loc 1 1209 13 view .LVU497
 1677 0024 0824     		movs	r4, #8
 1678 0026 0AE0     		b	.L142
 1679              	.LVL129:
 1680              	.L156:
1217:Drivers/STM32H7xx_HAL_Driver/Src/stm32h7xx_hal_flash.c ****   {
 1681              		.loc 1 1217 9 discriminator 1 view .LVU498
 1682 0028 214B     		ldr	r3, .L160+4
 1683 002a 1B69     		ldr	r3, [r3, #16]
 1684 002c 34EA0303 		bics	r3, r4, r3
 1685 0030 0CBF     		ite	eq
 1686 0032 0123     		moveq	r3, #1
 1687 0034 0023     		movne	r3, #0
 1688              	.L146:
1217:Drivers/STM32H7xx_HAL_Driver/Src/stm32h7xx_hal_flash.c ****   {
 1689              		.loc 1 1217 9 discriminator 4 view .LVU499
 1690 0036 7BB1     		cbz	r3, .L154
1219:Drivers/STM32H7xx_HAL_Driver/Src/stm32h7xx_hal_flash.c ****     {
 1691              		.loc 1 1219 5 is_stmt 1 view .LVU500
1219:Drivers/STM32H7xx_HAL_Driver/Src/stm32h7xx_hal_flash.c ****     {
 1692              		.loc 1 1219 7 is_stmt 0 view .LVU501
 1693 0038 B5F1FF3F 		cmp	r5, #-1
 1694 003c EAD1     		bne	.L155
 1695              	.LVL130:
 1696              	.L142:
1217:Drivers/STM32H7xx_HAL_Driver/Src/stm32h7xx_hal_flash.c ****   {
 1697              		.loc 1 1217 9 is_stmt 1 view .LVU502
 1698 003e 002C     		cmp	r4, #0
 1699 0040 F2DA     		bge	.L156
1217:Drivers/STM32H7xx_HAL_Driver/Src/stm32h7xx_hal_flash.c ****   {
ARM GAS  /tmp/ccuwOubA.s 			page 63


 1700              		.loc 1 1217 9 is_stmt 0 discriminator 2 view .LVU503
 1701 0042 1B4B     		ldr	r3, .L160+4
 1702 0044 D3F81031 		ldr	r3, [r3, #272]
 1703 0048 24EA0303 		bic	r3, r4, r3
 1704 004c 33F00043 		bics	r3, r3, #-2147483648
 1705 0050 0CBF     		ite	eq
 1706 0052 0123     		moveq	r3, #1
 1707 0054 0023     		movne	r3, #0
 1708 0056 EEE7     		b	.L146
 1709              	.L154:
1224:Drivers/STM32H7xx_HAL_Driver/Src/stm32h7xx_hal_flash.c ****       }
1225:Drivers/STM32H7xx_HAL_Driver/Src/stm32h7xx_hal_flash.c ****     }
1226:Drivers/STM32H7xx_HAL_Driver/Src/stm32h7xx_hal_flash.c ****   }
1227:Drivers/STM32H7xx_HAL_Driver/Src/stm32h7xx_hal_flash.c **** 
1228:Drivers/STM32H7xx_HAL_Driver/Src/stm32h7xx_hal_flash.c ****   /* Check FLASH CRC read error flag  */
1229:Drivers/STM32H7xx_HAL_Driver/Src/stm32h7xx_hal_flash.c ****   if(Bank == FLASH_BANK_1)
 1710              		.loc 1 1229 3 is_stmt 1 view .LVU504
 1711              		.loc 1 1229 5 is_stmt 0 view .LVU505
 1712 0058 012E     		cmp	r6, #1
 1713 005a 07D0     		beq	.L157
1230:Drivers/STM32H7xx_HAL_Driver/Src/stm32h7xx_hal_flash.c ****   {
1231:Drivers/STM32H7xx_HAL_Driver/Src/stm32h7xx_hal_flash.c ****     if (__HAL_FLASH_GET_FLAG_BANK1(FLASH_FLAG_CRCRDERR_BANK1))
1232:Drivers/STM32H7xx_HAL_Driver/Src/stm32h7xx_hal_flash.c ****     {
1233:Drivers/STM32H7xx_HAL_Driver/Src/stm32h7xx_hal_flash.c ****       /* Save the error code */
1234:Drivers/STM32H7xx_HAL_Driver/Src/stm32h7xx_hal_flash.c ****       pFlash.ErrorCode |= HAL_FLASH_ERROR_CRCRD_BANK1;
1235:Drivers/STM32H7xx_HAL_Driver/Src/stm32h7xx_hal_flash.c **** 
1236:Drivers/STM32H7xx_HAL_Driver/Src/stm32h7xx_hal_flash.c ****       /* Clear FLASH CRC read error pending bit */
1237:Drivers/STM32H7xx_HAL_Driver/Src/stm32h7xx_hal_flash.c ****       __HAL_FLASH_CLEAR_FLAG_BANK1(FLASH_FLAG_CRCRDERR_BANK1);
1238:Drivers/STM32H7xx_HAL_Driver/Src/stm32h7xx_hal_flash.c **** 
1239:Drivers/STM32H7xx_HAL_Driver/Src/stm32h7xx_hal_flash.c ****       return HAL_ERROR;
1240:Drivers/STM32H7xx_HAL_Driver/Src/stm32h7xx_hal_flash.c ****     }
1241:Drivers/STM32H7xx_HAL_Driver/Src/stm32h7xx_hal_flash.c ****   }
1242:Drivers/STM32H7xx_HAL_Driver/Src/stm32h7xx_hal_flash.c **** #if defined (DUAL_BANK)
1243:Drivers/STM32H7xx_HAL_Driver/Src/stm32h7xx_hal_flash.c ****   else
1244:Drivers/STM32H7xx_HAL_Driver/Src/stm32h7xx_hal_flash.c ****   {
1245:Drivers/STM32H7xx_HAL_Driver/Src/stm32h7xx_hal_flash.c ****     if (__HAL_FLASH_GET_FLAG_BANK2(FLASH_FLAG_CRCRDERR_BANK2))
 1714              		.loc 1 1245 5 is_stmt 1 view .LVU506
 1715              		.loc 1 1245 9 is_stmt 0 view .LVU507
 1716 005c 144B     		ldr	r3, .L160+4
 1717 005e D3F81031 		ldr	r3, [r3, #272]
 1718              		.loc 1 1245 8 view .LVU508
 1719 0062 13F0805F 		tst	r3, #268435456
 1720 0066 13D1     		bne	.L158
1246:Drivers/STM32H7xx_HAL_Driver/Src/stm32h7xx_hal_flash.c ****     {
1247:Drivers/STM32H7xx_HAL_Driver/Src/stm32h7xx_hal_flash.c ****       /* Save the error code */
1248:Drivers/STM32H7xx_HAL_Driver/Src/stm32h7xx_hal_flash.c ****       pFlash.ErrorCode |= HAL_FLASH_ERROR_CRCRD_BANK2;
1249:Drivers/STM32H7xx_HAL_Driver/Src/stm32h7xx_hal_flash.c **** 
1250:Drivers/STM32H7xx_HAL_Driver/Src/stm32h7xx_hal_flash.c ****       /* Clear FLASH CRC read error pending bit */
1251:Drivers/STM32H7xx_HAL_Driver/Src/stm32h7xx_hal_flash.c ****       __HAL_FLASH_CLEAR_FLAG_BANK2(FLASH_FLAG_CRCRDERR_BANK2);
1252:Drivers/STM32H7xx_HAL_Driver/Src/stm32h7xx_hal_flash.c **** 
1253:Drivers/STM32H7xx_HAL_Driver/Src/stm32h7xx_hal_flash.c ****       return HAL_ERROR;
1254:Drivers/STM32H7xx_HAL_Driver/Src/stm32h7xx_hal_flash.c ****     }
1255:Drivers/STM32H7xx_HAL_Driver/Src/stm32h7xx_hal_flash.c ****   }
1256:Drivers/STM32H7xx_HAL_Driver/Src/stm32h7xx_hal_flash.c **** #endif /* DUAL_BANK */
1257:Drivers/STM32H7xx_HAL_Driver/Src/stm32h7xx_hal_flash.c **** 
1258:Drivers/STM32H7xx_HAL_Driver/Src/stm32h7xx_hal_flash.c ****   /* If there is no error flag set */
1259:Drivers/STM32H7xx_HAL_Driver/Src/stm32h7xx_hal_flash.c ****   return HAL_OK;
ARM GAS  /tmp/ccuwOubA.s 			page 64


 1721              		.loc 1 1259 10 view .LVU509
 1722 0068 0020     		movs	r0, #0
 1723              	.L143:
1260:Drivers/STM32H7xx_HAL_Driver/Src/stm32h7xx_hal_flash.c **** }
 1724              		.loc 1 1260 1 view .LVU510
 1725 006a F8BD     		pop	{r3, r4, r5, r6, r7, pc}
 1726              	.LVL131:
 1727              	.L157:
1231:Drivers/STM32H7xx_HAL_Driver/Src/stm32h7xx_hal_flash.c ****     {
 1728              		.loc 1 1231 5 is_stmt 1 view .LVU511
1231:Drivers/STM32H7xx_HAL_Driver/Src/stm32h7xx_hal_flash.c ****     {
 1729              		.loc 1 1231 9 is_stmt 0 view .LVU512
 1730 006c 104B     		ldr	r3, .L160+4
 1731 006e 1B69     		ldr	r3, [r3, #16]
1231:Drivers/STM32H7xx_HAL_Driver/Src/stm32h7xx_hal_flash.c ****     {
 1732              		.loc 1 1231 8 view .LVU513
 1733 0070 13F0805F 		tst	r3, #268435456
 1734 0074 01D1     		bne	.L159
1259:Drivers/STM32H7xx_HAL_Driver/Src/stm32h7xx_hal_flash.c **** }
 1735              		.loc 1 1259 10 view .LVU514
 1736 0076 0020     		movs	r0, #0
 1737 0078 F7E7     		b	.L143
 1738              	.L159:
1234:Drivers/STM32H7xx_HAL_Driver/Src/stm32h7xx_hal_flash.c **** 
 1739              		.loc 1 1234 7 is_stmt 1 view .LVU515
1234:Drivers/STM32H7xx_HAL_Driver/Src/stm32h7xx_hal_flash.c **** 
 1740              		.loc 1 1234 13 is_stmt 0 view .LVU516
 1741 007a 0E4A     		ldr	r2, .L160+8
 1742 007c 9369     		ldr	r3, [r2, #24]
1234:Drivers/STM32H7xx_HAL_Driver/Src/stm32h7xx_hal_flash.c **** 
 1743              		.loc 1 1234 24 view .LVU517
 1744 007e 43F08053 		orr	r3, r3, #268435456
 1745 0082 9361     		str	r3, [r2, #24]
1237:Drivers/STM32H7xx_HAL_Driver/Src/stm32h7xx_hal_flash.c **** 
 1746              		.loc 1 1237 7 is_stmt 1 view .LVU518
 1747 0084 0A4B     		ldr	r3, .L160+4
 1748 0086 4FF08052 		mov	r2, #268435456
 1749 008a 5A61     		str	r2, [r3, #20]
1239:Drivers/STM32H7xx_HAL_Driver/Src/stm32h7xx_hal_flash.c ****     }
 1750              		.loc 1 1239 7 view .LVU519
1239:Drivers/STM32H7xx_HAL_Driver/Src/stm32h7xx_hal_flash.c ****     }
 1751              		.loc 1 1239 14 is_stmt 0 view .LVU520
 1752 008c 0120     		movs	r0, #1
 1753 008e ECE7     		b	.L143
 1754              	.L158:
1248:Drivers/STM32H7xx_HAL_Driver/Src/stm32h7xx_hal_flash.c **** 
 1755              		.loc 1 1248 7 is_stmt 1 view .LVU521
1248:Drivers/STM32H7xx_HAL_Driver/Src/stm32h7xx_hal_flash.c **** 
 1756              		.loc 1 1248 13 is_stmt 0 view .LVU522
 1757 0090 084A     		ldr	r2, .L160+8
 1758 0092 9369     		ldr	r3, [r2, #24]
1248:Drivers/STM32H7xx_HAL_Driver/Src/stm32h7xx_hal_flash.c **** 
 1759              		.loc 1 1248 24 view .LVU523
 1760 0094 43F01043 		orr	r3, r3, #-1879048192
 1761 0098 9361     		str	r3, [r2, #24]
1251:Drivers/STM32H7xx_HAL_Driver/Src/stm32h7xx_hal_flash.c **** 
 1762              		.loc 1 1251 7 is_stmt 1 view .LVU524
ARM GAS  /tmp/ccuwOubA.s 			page 65


 1763 009a 054B     		ldr	r3, .L160+4
 1764 009c 4FF08052 		mov	r2, #268435456
 1765 00a0 C3F81421 		str	r2, [r3, #276]
1253:Drivers/STM32H7xx_HAL_Driver/Src/stm32h7xx_hal_flash.c ****     }
 1766              		.loc 1 1253 7 view .LVU525
1253:Drivers/STM32H7xx_HAL_Driver/Src/stm32h7xx_hal_flash.c ****     }
 1767              		.loc 1 1253 14 is_stmt 0 view .LVU526
 1768 00a4 0120     		movs	r0, #1
 1769 00a6 E0E7     		b	.L143
 1770              	.L149:
1223:Drivers/STM32H7xx_HAL_Driver/Src/stm32h7xx_hal_flash.c ****       }
 1771              		.loc 1 1223 16 view .LVU527
 1772 00a8 0320     		movs	r0, #3
 1773 00aa DEE7     		b	.L143
 1774              	.L161:
 1775              		.align	2
 1776              	.L160:
 1777 00ac 08000080 		.word	-2147483640
 1778 00b0 00200052 		.word	1375739904
 1779 00b4 00000000 		.word	pFlash
 1780              		.cfi_endproc
 1781              	.LFE159:
 1783              		.section	.text.HAL_FLASH_OB_Launch,"ax",%progbits
 1784              		.align	1
 1785              		.global	HAL_FLASH_OB_Launch
 1786              		.syntax unified
 1787              		.thumb
 1788              		.thumb_func
 1790              	HAL_FLASH_OB_Launch:
 1791              	.LFB155:
 974:Drivers/STM32H7xx_HAL_Driver/Src/stm32h7xx_hal_flash.c ****   HAL_StatusTypeDef status;
 1792              		.loc 1 974 1 is_stmt 1 view -0
 1793              		.cfi_startproc
 1794              		@ args = 0, pretend = 0, frame = 0
 1795              		@ frame_needed = 0, uses_anonymous_args = 0
 1796 0000 08B5     		push	{r3, lr}
 1797              	.LCFI8:
 1798              		.cfi_def_cfa_offset 8
 1799              		.cfi_offset 3, -8
 1800              		.cfi_offset 14, -4
 975:Drivers/STM32H7xx_HAL_Driver/Src/stm32h7xx_hal_flash.c **** 
 1801              		.loc 1 975 3 view .LVU529
 978:Drivers/STM32H7xx_HAL_Driver/Src/stm32h7xx_hal_flash.c ****   {
 1802              		.loc 1 978 3 view .LVU530
 978:Drivers/STM32H7xx_HAL_Driver/Src/stm32h7xx_hal_flash.c ****   {
 1803              		.loc 1 978 7 is_stmt 0 view .LVU531
 1804 0002 0121     		movs	r1, #1
 1805 0004 4CF25030 		movw	r0, #50000
 1806 0008 FFF7FEFF 		bl	FLASH_CRC_WaitForLastOperation
 1807              	.LVL132:
 978:Drivers/STM32H7xx_HAL_Driver/Src/stm32h7xx_hal_flash.c ****   {
 1808              		.loc 1 978 6 discriminator 1 view .LVU532
 1809 000c 08B1     		cbz	r0, .L167
 980:Drivers/STM32H7xx_HAL_Driver/Src/stm32h7xx_hal_flash.c ****   }
 1810              		.loc 1 980 12 view .LVU533
 1811 000e 0120     		movs	r0, #1
 1812              	.L163:
ARM GAS  /tmp/ccuwOubA.s 			page 66


 1813              	.LVL133:
1002:Drivers/STM32H7xx_HAL_Driver/Src/stm32h7xx_hal_flash.c **** }
 1814              		.loc 1 1002 3 is_stmt 1 view .LVU534
1003:Drivers/STM32H7xx_HAL_Driver/Src/stm32h7xx_hal_flash.c **** 
 1815              		.loc 1 1003 1 is_stmt 0 view .LVU535
 1816 0010 08BD     		pop	{r3, pc}
 1817              	.LVL134:
 1818              	.L167:
 983:Drivers/STM32H7xx_HAL_Driver/Src/stm32h7xx_hal_flash.c ****   {
 1819              		.loc 1 983 8 is_stmt 1 view .LVU536
 983:Drivers/STM32H7xx_HAL_Driver/Src/stm32h7xx_hal_flash.c ****   {
 1820              		.loc 1 983 12 is_stmt 0 view .LVU537
 1821 0012 0221     		movs	r1, #2
 1822 0014 4CF25030 		movw	r0, #50000
 1823 0018 FFF7FEFF 		bl	FLASH_CRC_WaitForLastOperation
 1824              	.LVL135:
 983:Drivers/STM32H7xx_HAL_Driver/Src/stm32h7xx_hal_flash.c ****   {
 1825              		.loc 1 983 11 discriminator 1 view .LVU538
 1826 001c 08B1     		cbz	r0, .L168
 985:Drivers/STM32H7xx_HAL_Driver/Src/stm32h7xx_hal_flash.c ****   }
 1827              		.loc 1 985 12 view .LVU539
 1828 001e 0120     		movs	r0, #1
 1829 0020 F6E7     		b	.L163
 1830              	.L168:
 990:Drivers/STM32H7xx_HAL_Driver/Src/stm32h7xx_hal_flash.c ****   }
 1831              		.loc 1 990 5 is_stmt 1 view .LVU540
 1832              	.LVL136:
 993:Drivers/STM32H7xx_HAL_Driver/Src/stm32h7xx_hal_flash.c ****   {
 1833              		.loc 1 993 3 view .LVU541
 996:Drivers/STM32H7xx_HAL_Driver/Src/stm32h7xx_hal_flash.c **** 
 1834              		.loc 1 996 5 view .LVU542
 1835 0022 054A     		ldr	r2, .L169
 1836 0024 9369     		ldr	r3, [r2, #24]
 1837 0026 43F00203 		orr	r3, r3, #2
 1838 002a 9361     		str	r3, [r2, #24]
 999:Drivers/STM32H7xx_HAL_Driver/Src/stm32h7xx_hal_flash.c ****   }
 1839              		.loc 1 999 5 view .LVU543
 999:Drivers/STM32H7xx_HAL_Driver/Src/stm32h7xx_hal_flash.c ****   }
 1840              		.loc 1 999 14 is_stmt 0 view .LVU544
 1841 002c 4CF25030 		movw	r0, #50000
 1842 0030 FFF7FEFF 		bl	FLASH_OB_WaitForLastOperation
 1843              	.LVL137:
 999:Drivers/STM32H7xx_HAL_Driver/Src/stm32h7xx_hal_flash.c ****   }
 1844              		.loc 1 999 14 view .LVU545
 1845 0034 ECE7     		b	.L163
 1846              	.L170:
 1847 0036 00BF     		.align	2
 1848              	.L169:
 1849 0038 00200052 		.word	1375739904
 1850              		.cfi_endproc
 1851              	.LFE155:
 1853              		.global	pFlash
 1854              		.section	.bss.pFlash,"aw",%nobits
 1855              		.align	2
 1858              	pFlash:
 1859 0000 00000000 		.space	28
 1859      00000000 
ARM GAS  /tmp/ccuwOubA.s 			page 67


 1859      00000000 
 1859      00000000 
 1859      00000000 
 1860              		.text
 1861              	.Letext0:
 1862              		.file 3 "/usr/lib/gcc/arm-none-eabi/13.2.1/include/stdint.h"
 1863              		.file 4 "Drivers/CMSIS/Device/ST/STM32H7xx/Include/stm32h743xx.h"
 1864              		.file 5 "Drivers/CMSIS/Device/ST/STM32H7xx/Include/stm32h7xx.h"
 1865              		.file 6 "Drivers/STM32H7xx_HAL_Driver/Inc/stm32h7xx_hal_def.h"
 1866              		.file 7 "Drivers/STM32H7xx_HAL_Driver/Inc/stm32h7xx_hal_flash.h"
 1867              		.file 8 "Drivers/STM32H7xx_HAL_Driver/Inc/stm32h7xx_hal.h"
 1868              		.file 9 "Drivers/STM32H7xx_HAL_Driver/Inc/stm32h7xx_hal_flash_ex.h"
ARM GAS  /tmp/ccuwOubA.s 			page 68


DEFINED SYMBOLS
                            *ABS*:00000000 stm32h7xx_hal_flash.c
     /tmp/ccuwOubA.s:20     .text.HAL_FLASH_EndOfOperationCallback:00000000 $t
     /tmp/ccuwOubA.s:26     .text.HAL_FLASH_EndOfOperationCallback:00000000 HAL_FLASH_EndOfOperationCallback
     /tmp/ccuwOubA.s:41     .text.HAL_FLASH_OperationErrorCallback:00000000 $t
     /tmp/ccuwOubA.s:47     .text.HAL_FLASH_OperationErrorCallback:00000000 HAL_FLASH_OperationErrorCallback
     /tmp/ccuwOubA.s:62     .text.HAL_FLASH_IRQHandler:00000000 $t
     /tmp/ccuwOubA.s:68     .text.HAL_FLASH_IRQHandler:00000000 HAL_FLASH_IRQHandler
     /tmp/ccuwOubA.s:537    .text.HAL_FLASH_IRQHandler:000001f0 $d
     /tmp/ccuwOubA.s:1858   .bss.pFlash:00000000 pFlash
     /tmp/ccuwOubA.s:543    .text.HAL_FLASH_Unlock:00000000 $t
     /tmp/ccuwOubA.s:549    .text.HAL_FLASH_Unlock:00000000 HAL_FLASH_Unlock
     /tmp/ccuwOubA.s:616    .text.HAL_FLASH_Unlock:00000054 $d
     /tmp/ccuwOubA.s:622    .text.HAL_FLASH_Lock:00000000 $t
     /tmp/ccuwOubA.s:628    .text.HAL_FLASH_Lock:00000000 HAL_FLASH_Lock
     /tmp/ccuwOubA.s:672    .text.HAL_FLASH_Lock:00000038 $d
     /tmp/ccuwOubA.s:677    .text.HAL_FLASH_OB_Unlock:00000000 $t
     /tmp/ccuwOubA.s:683    .text.HAL_FLASH_OB_Unlock:00000000 HAL_FLASH_OB_Unlock
     /tmp/ccuwOubA.s:724    .text.HAL_FLASH_OB_Unlock:0000002c $d
     /tmp/ccuwOubA.s:730    .text.HAL_FLASH_OB_Lock:00000000 $t
     /tmp/ccuwOubA.s:736    .text.HAL_FLASH_OB_Lock:00000000 HAL_FLASH_OB_Lock
     /tmp/ccuwOubA.s:765    .text.HAL_FLASH_OB_Lock:0000001c $d
     /tmp/ccuwOubA.s:770    .text.HAL_FLASH_GetError:00000000 $t
     /tmp/ccuwOubA.s:776    .text.HAL_FLASH_GetError:00000000 HAL_FLASH_GetError
     /tmp/ccuwOubA.s:792    .text.HAL_FLASH_GetError:00000008 $d
     /tmp/ccuwOubA.s:797    .text.FLASH_WaitForLastOperation:00000000 $t
     /tmp/ccuwOubA.s:803    .text.FLASH_WaitForLastOperation:00000000 FLASH_WaitForLastOperation
     /tmp/ccuwOubA.s:1014   .text.FLASH_WaitForLastOperation:000000e8 $d
     /tmp/ccuwOubA.s:1021   .text.HAL_FLASH_Program:00000000 $t
     /tmp/ccuwOubA.s:1027   .text.HAL_FLASH_Program:00000000 HAL_FLASH_Program
     /tmp/ccuwOubA.s:1267   .text.HAL_FLASH_Program:000000b8 $d
     /tmp/ccuwOubA.s:1273   .text.HAL_FLASH_Program_IT:00000000 $t
     /tmp/ccuwOubA.s:1279   .text.HAL_FLASH_Program_IT:00000000 HAL_FLASH_Program_IT
     /tmp/ccuwOubA.s:1508   .text.HAL_FLASH_Program_IT:000000b4 $d
     /tmp/ccuwOubA.s:1514   .text.FLASH_OB_WaitForLastOperation:00000000 $t
     /tmp/ccuwOubA.s:1520   .text.FLASH_OB_WaitForLastOperation:00000000 FLASH_OB_WaitForLastOperation
     /tmp/ccuwOubA.s:1611   .text.FLASH_OB_WaitForLastOperation:00000058 $d
     /tmp/ccuwOubA.s:1617   .text.FLASH_CRC_WaitForLastOperation:00000000 $t
     /tmp/ccuwOubA.s:1623   .text.FLASH_CRC_WaitForLastOperation:00000000 FLASH_CRC_WaitForLastOperation
     /tmp/ccuwOubA.s:1777   .text.FLASH_CRC_WaitForLastOperation:000000ac $d
     /tmp/ccuwOubA.s:1784   .text.HAL_FLASH_OB_Launch:00000000 $t
     /tmp/ccuwOubA.s:1790   .text.HAL_FLASH_OB_Launch:00000000 HAL_FLASH_OB_Launch
     /tmp/ccuwOubA.s:1849   .text.HAL_FLASH_OB_Launch:00000038 $d
     /tmp/ccuwOubA.s:1855   .bss.pFlash:00000000 $d

UNDEFINED SYMBOLS
FLASH_Erase_Sector
HAL_GetTick
