ARM GAS  /tmp/ccMjPS5V.s 			page 1


   1              		.cpu cortex-m7
   2              		.arch armv7e-m
   3              		.fpu fpv5-d16
   4              		.eabi_attribute 28, 1
   5              		.eabi_attribute 20, 1
   6              		.eabi_attribute 21, 1
   7              		.eabi_attribute 23, 3
   8              		.eabi_attribute 24, 1
   9              		.eabi_attribute 25, 1
  10              		.eabi_attribute 26, 1
  11              		.eabi_attribute 30, 1
  12              		.eabi_attribute 34, 1
  13              		.eabi_attribute 18, 4
  14              		.file	"stm32h7xx_hal_dma.c"
  15              		.text
  16              	.Ltext0:
  17              		.cfi_sections	.debug_frame
  18              		.file 1 "Drivers/STM32H7xx_HAL_Driver/Src/stm32h7xx_hal_dma.c"
  19              		.section	.text.DMA_SetConfig,"ax",%progbits
  20              		.align	1
  21              		.syntax unified
  22              		.thumb
  23              		.thumb_func
  25              	DMA_SetConfig:
  26              	.LVL0:
  27              	.LFB158:
   1:Drivers/STM32H7xx_HAL_Driver/Src/stm32h7xx_hal_dma.c **** /**
   2:Drivers/STM32H7xx_HAL_Driver/Src/stm32h7xx_hal_dma.c ****   ******************************************************************************
   3:Drivers/STM32H7xx_HAL_Driver/Src/stm32h7xx_hal_dma.c ****   * @file    stm32h7xx_hal_dma.c
   4:Drivers/STM32H7xx_HAL_Driver/Src/stm32h7xx_hal_dma.c ****   * @author  MCD Application Team
   5:Drivers/STM32H7xx_HAL_Driver/Src/stm32h7xx_hal_dma.c ****   * @brief   DMA HAL module driver.
   6:Drivers/STM32H7xx_HAL_Driver/Src/stm32h7xx_hal_dma.c ****   *          This file provides firmware functions to manage the following
   7:Drivers/STM32H7xx_HAL_Driver/Src/stm32h7xx_hal_dma.c ****   *          functionalities of the Direct Memory Access (DMA) peripheral:
   8:Drivers/STM32H7xx_HAL_Driver/Src/stm32h7xx_hal_dma.c ****   *           + Initialization and de-initialization functions
   9:Drivers/STM32H7xx_HAL_Driver/Src/stm32h7xx_hal_dma.c ****   *           + IO operation functions
  10:Drivers/STM32H7xx_HAL_Driver/Src/stm32h7xx_hal_dma.c ****   *           + Peripheral State and errors functions
  11:Drivers/STM32H7xx_HAL_Driver/Src/stm32h7xx_hal_dma.c ****   ******************************************************************************
  12:Drivers/STM32H7xx_HAL_Driver/Src/stm32h7xx_hal_dma.c ****   * @attention
  13:Drivers/STM32H7xx_HAL_Driver/Src/stm32h7xx_hal_dma.c ****   *
  14:Drivers/STM32H7xx_HAL_Driver/Src/stm32h7xx_hal_dma.c ****   * Copyright (c) 2017 STMicroelectronics.
  15:Drivers/STM32H7xx_HAL_Driver/Src/stm32h7xx_hal_dma.c ****   * All rights reserved.
  16:Drivers/STM32H7xx_HAL_Driver/Src/stm32h7xx_hal_dma.c ****   *
  17:Drivers/STM32H7xx_HAL_Driver/Src/stm32h7xx_hal_dma.c ****   * This software is licensed under terms that can be found in the LICENSE file
  18:Drivers/STM32H7xx_HAL_Driver/Src/stm32h7xx_hal_dma.c ****   * in the root directory of this software component.
  19:Drivers/STM32H7xx_HAL_Driver/Src/stm32h7xx_hal_dma.c ****   * If no LICENSE file comes with this software, it is provided AS-IS.
  20:Drivers/STM32H7xx_HAL_Driver/Src/stm32h7xx_hal_dma.c ****   *
  21:Drivers/STM32H7xx_HAL_Driver/Src/stm32h7xx_hal_dma.c ****   ******************************************************************************
  22:Drivers/STM32H7xx_HAL_Driver/Src/stm32h7xx_hal_dma.c ****   @verbatim
  23:Drivers/STM32H7xx_HAL_Driver/Src/stm32h7xx_hal_dma.c ****   ==============================================================================
  24:Drivers/STM32H7xx_HAL_Driver/Src/stm32h7xx_hal_dma.c ****                         ##### How to use this driver #####
  25:Drivers/STM32H7xx_HAL_Driver/Src/stm32h7xx_hal_dma.c ****   ==============================================================================
  26:Drivers/STM32H7xx_HAL_Driver/Src/stm32h7xx_hal_dma.c ****   [..]
  27:Drivers/STM32H7xx_HAL_Driver/Src/stm32h7xx_hal_dma.c ****    (#) Enable and configure the peripheral to be connected to the DMA Stream
  28:Drivers/STM32H7xx_HAL_Driver/Src/stm32h7xx_hal_dma.c ****        (except for internal SRAM/FLASH memories: no initialization is
  29:Drivers/STM32H7xx_HAL_Driver/Src/stm32h7xx_hal_dma.c ****        necessary) please refer to Reference manual for connection between peripherals
  30:Drivers/STM32H7xx_HAL_Driver/Src/stm32h7xx_hal_dma.c ****        and DMA requests .
  31:Drivers/STM32H7xx_HAL_Driver/Src/stm32h7xx_hal_dma.c **** 
ARM GAS  /tmp/ccMjPS5V.s 			page 2


  32:Drivers/STM32H7xx_HAL_Driver/Src/stm32h7xx_hal_dma.c ****    (#) For a given Stream, program the required configuration through the following parameters:
  33:Drivers/STM32H7xx_HAL_Driver/Src/stm32h7xx_hal_dma.c ****        Transfer Direction, Source and Destination data formats,
  34:Drivers/STM32H7xx_HAL_Driver/Src/stm32h7xx_hal_dma.c ****        Circular, Normal or peripheral flow control mode, Stream Priority level,
  35:Drivers/STM32H7xx_HAL_Driver/Src/stm32h7xx_hal_dma.c ****        Source and Destination Increment mode, FIFO mode and its Threshold (if needed),
  36:Drivers/STM32H7xx_HAL_Driver/Src/stm32h7xx_hal_dma.c ****        Burst mode for Source and/or Destination (if needed) using HAL_DMA_Init() function.
  37:Drivers/STM32H7xx_HAL_Driver/Src/stm32h7xx_hal_dma.c **** 
  38:Drivers/STM32H7xx_HAL_Driver/Src/stm32h7xx_hal_dma.c ****      *** Polling mode IO operation ***
  39:Drivers/STM32H7xx_HAL_Driver/Src/stm32h7xx_hal_dma.c ****      =================================
  40:Drivers/STM32H7xx_HAL_Driver/Src/stm32h7xx_hal_dma.c ****     [..]
  41:Drivers/STM32H7xx_HAL_Driver/Src/stm32h7xx_hal_dma.c ****           (+) Use HAL_DMA_Start() to start DMA transfer after the configuration of Source
  42:Drivers/STM32H7xx_HAL_Driver/Src/stm32h7xx_hal_dma.c ****               address and destination address and the Length of data to be transferred
  43:Drivers/STM32H7xx_HAL_Driver/Src/stm32h7xx_hal_dma.c ****           (+) Use HAL_DMA_PollForTransfer() to poll for the end of current transfer, in this
  44:Drivers/STM32H7xx_HAL_Driver/Src/stm32h7xx_hal_dma.c ****               case a fixed Timeout can be configured by User depending from his application.
  45:Drivers/STM32H7xx_HAL_Driver/Src/stm32h7xx_hal_dma.c **** 
  46:Drivers/STM32H7xx_HAL_Driver/Src/stm32h7xx_hal_dma.c ****      *** Interrupt mode IO operation ***
  47:Drivers/STM32H7xx_HAL_Driver/Src/stm32h7xx_hal_dma.c ****      ===================================
  48:Drivers/STM32H7xx_HAL_Driver/Src/stm32h7xx_hal_dma.c ****     [..]
  49:Drivers/STM32H7xx_HAL_Driver/Src/stm32h7xx_hal_dma.c ****           (+) Configure the DMA interrupt priority using HAL_NVIC_SetPriority()
  50:Drivers/STM32H7xx_HAL_Driver/Src/stm32h7xx_hal_dma.c ****           (+) Enable the DMA IRQ handler using HAL_NVIC_EnableIRQ()
  51:Drivers/STM32H7xx_HAL_Driver/Src/stm32h7xx_hal_dma.c ****           (+) Use HAL_DMA_Start_IT() to start DMA transfer after the configuration of
  52:Drivers/STM32H7xx_HAL_Driver/Src/stm32h7xx_hal_dma.c ****               Source address and destination address and the Length of data to be transferred. In t
  53:Drivers/STM32H7xx_HAL_Driver/Src/stm32h7xx_hal_dma.c ****               case the DMA interrupt is configured
  54:Drivers/STM32H7xx_HAL_Driver/Src/stm32h7xx_hal_dma.c ****           (+) Use HAL_DMA_IRQHandler() called under DMA_IRQHandler() Interrupt subroutine
  55:Drivers/STM32H7xx_HAL_Driver/Src/stm32h7xx_hal_dma.c ****           (+) At the end of data transfer HAL_DMA_IRQHandler() function is executed and user can
  56:Drivers/STM32H7xx_HAL_Driver/Src/stm32h7xx_hal_dma.c ****               add his own function by customization of function pointer XferCpltCallback and
  57:Drivers/STM32H7xx_HAL_Driver/Src/stm32h7xx_hal_dma.c ****               XferErrorCallback (i.e a member of DMA handle structure).
  58:Drivers/STM32H7xx_HAL_Driver/Src/stm32h7xx_hal_dma.c ****     [..]
  59:Drivers/STM32H7xx_HAL_Driver/Src/stm32h7xx_hal_dma.c ****      (#) Use HAL_DMA_GetState() function to return the DMA state and HAL_DMA_GetError() in case of 
  60:Drivers/STM32H7xx_HAL_Driver/Src/stm32h7xx_hal_dma.c ****          detection.
  61:Drivers/STM32H7xx_HAL_Driver/Src/stm32h7xx_hal_dma.c **** 
  62:Drivers/STM32H7xx_HAL_Driver/Src/stm32h7xx_hal_dma.c ****      (#) Use HAL_DMA_Abort() function to abort the current transfer
  63:Drivers/STM32H7xx_HAL_Driver/Src/stm32h7xx_hal_dma.c **** 
  64:Drivers/STM32H7xx_HAL_Driver/Src/stm32h7xx_hal_dma.c ****      -@-   In Memory-to-Memory transfer mode, Circular mode is not allowed.
  65:Drivers/STM32H7xx_HAL_Driver/Src/stm32h7xx_hal_dma.c **** 
  66:Drivers/STM32H7xx_HAL_Driver/Src/stm32h7xx_hal_dma.c ****      -@-   The FIFO is used mainly to reduce bus usage and to allow data packing/unpacking: it is
  67:Drivers/STM32H7xx_HAL_Driver/Src/stm32h7xx_hal_dma.c ****            possible to set different Data Sizes for the Peripheral and the Memory (ie. you can set
  68:Drivers/STM32H7xx_HAL_Driver/Src/stm32h7xx_hal_dma.c ****            Half-Word data size for the peripheral to access its data register and set Word data siz
  69:Drivers/STM32H7xx_HAL_Driver/Src/stm32h7xx_hal_dma.c ****            for the Memory to gain in access time. Each two half words will be packed and written in
  70:Drivers/STM32H7xx_HAL_Driver/Src/stm32h7xx_hal_dma.c ****            a single access to a Word in the Memory).
  71:Drivers/STM32H7xx_HAL_Driver/Src/stm32h7xx_hal_dma.c **** 
  72:Drivers/STM32H7xx_HAL_Driver/Src/stm32h7xx_hal_dma.c ****      -@-   When FIFO is disabled, it is not allowed to configure different Data Sizes for Source
  73:Drivers/STM32H7xx_HAL_Driver/Src/stm32h7xx_hal_dma.c ****            and Destination. In this case the Peripheral Data Size will be applied to both Source
  74:Drivers/STM32H7xx_HAL_Driver/Src/stm32h7xx_hal_dma.c ****            and Destination.
  75:Drivers/STM32H7xx_HAL_Driver/Src/stm32h7xx_hal_dma.c **** 
  76:Drivers/STM32H7xx_HAL_Driver/Src/stm32h7xx_hal_dma.c ****      *** DMA HAL driver macros list ***
  77:Drivers/STM32H7xx_HAL_Driver/Src/stm32h7xx_hal_dma.c ****      =============================================
  78:Drivers/STM32H7xx_HAL_Driver/Src/stm32h7xx_hal_dma.c ****      [..]
  79:Drivers/STM32H7xx_HAL_Driver/Src/stm32h7xx_hal_dma.c ****        Below the list of most used macros in DMA HAL driver.
  80:Drivers/STM32H7xx_HAL_Driver/Src/stm32h7xx_hal_dma.c **** 
  81:Drivers/STM32H7xx_HAL_Driver/Src/stm32h7xx_hal_dma.c ****       (+) __HAL_DMA_ENABLE: Enable the specified DMA Stream.
  82:Drivers/STM32H7xx_HAL_Driver/Src/stm32h7xx_hal_dma.c ****       (+) __HAL_DMA_DISABLE: Disable the specified DMA Stream.
  83:Drivers/STM32H7xx_HAL_Driver/Src/stm32h7xx_hal_dma.c ****       (+) __HAL_DMA_GET_FS: Return the current DMA Stream FIFO filled level.
  84:Drivers/STM32H7xx_HAL_Driver/Src/stm32h7xx_hal_dma.c ****       (+) __HAL_DMA_ENABLE_IT: Enable the specified DMA Stream interrupts.
  85:Drivers/STM32H7xx_HAL_Driver/Src/stm32h7xx_hal_dma.c ****       (+) __HAL_DMA_DISABLE_IT: Disable the specified DMA Stream interrupts.
  86:Drivers/STM32H7xx_HAL_Driver/Src/stm32h7xx_hal_dma.c ****       (+) __HAL_DMA_GET_IT_SOURCE: Check whether the specified DMA Stream interrupt has occurred or
  87:Drivers/STM32H7xx_HAL_Driver/Src/stm32h7xx_hal_dma.c **** 
  88:Drivers/STM32H7xx_HAL_Driver/Src/stm32h7xx_hal_dma.c ****      [..]
ARM GAS  /tmp/ccMjPS5V.s 			page 3


  89:Drivers/STM32H7xx_HAL_Driver/Src/stm32h7xx_hal_dma.c ****       (@) You can refer to the DMA HAL driver header file for more useful macros.
  90:Drivers/STM32H7xx_HAL_Driver/Src/stm32h7xx_hal_dma.c **** 
  91:Drivers/STM32H7xx_HAL_Driver/Src/stm32h7xx_hal_dma.c ****   @endverbatim
  92:Drivers/STM32H7xx_HAL_Driver/Src/stm32h7xx_hal_dma.c ****   */
  93:Drivers/STM32H7xx_HAL_Driver/Src/stm32h7xx_hal_dma.c **** 
  94:Drivers/STM32H7xx_HAL_Driver/Src/stm32h7xx_hal_dma.c **** /* Includes ------------------------------------------------------------------*/
  95:Drivers/STM32H7xx_HAL_Driver/Src/stm32h7xx_hal_dma.c **** #include "stm32h7xx_hal.h"
  96:Drivers/STM32H7xx_HAL_Driver/Src/stm32h7xx_hal_dma.c **** 
  97:Drivers/STM32H7xx_HAL_Driver/Src/stm32h7xx_hal_dma.c **** /** @addtogroup STM32H7xx_HAL_Driver
  98:Drivers/STM32H7xx_HAL_Driver/Src/stm32h7xx_hal_dma.c ****   * @{
  99:Drivers/STM32H7xx_HAL_Driver/Src/stm32h7xx_hal_dma.c ****   */
 100:Drivers/STM32H7xx_HAL_Driver/Src/stm32h7xx_hal_dma.c **** 
 101:Drivers/STM32H7xx_HAL_Driver/Src/stm32h7xx_hal_dma.c **** /** @defgroup DMA DMA
 102:Drivers/STM32H7xx_HAL_Driver/Src/stm32h7xx_hal_dma.c ****   * @brief DMA HAL module driver
 103:Drivers/STM32H7xx_HAL_Driver/Src/stm32h7xx_hal_dma.c ****   * @{
 104:Drivers/STM32H7xx_HAL_Driver/Src/stm32h7xx_hal_dma.c ****   */
 105:Drivers/STM32H7xx_HAL_Driver/Src/stm32h7xx_hal_dma.c **** 
 106:Drivers/STM32H7xx_HAL_Driver/Src/stm32h7xx_hal_dma.c **** #ifdef HAL_DMA_MODULE_ENABLED
 107:Drivers/STM32H7xx_HAL_Driver/Src/stm32h7xx_hal_dma.c **** 
 108:Drivers/STM32H7xx_HAL_Driver/Src/stm32h7xx_hal_dma.c **** /* Private types -------------------------------------------------------------*/
 109:Drivers/STM32H7xx_HAL_Driver/Src/stm32h7xx_hal_dma.c **** /** @addtogroup DMA_Private_Types
 110:Drivers/STM32H7xx_HAL_Driver/Src/stm32h7xx_hal_dma.c ****   * @{
 111:Drivers/STM32H7xx_HAL_Driver/Src/stm32h7xx_hal_dma.c ****   */
 112:Drivers/STM32H7xx_HAL_Driver/Src/stm32h7xx_hal_dma.c **** typedef struct
 113:Drivers/STM32H7xx_HAL_Driver/Src/stm32h7xx_hal_dma.c **** {
 114:Drivers/STM32H7xx_HAL_Driver/Src/stm32h7xx_hal_dma.c ****   __IO uint32_t ISR;   /*!< DMA interrupt status register */
 115:Drivers/STM32H7xx_HAL_Driver/Src/stm32h7xx_hal_dma.c ****   __IO uint32_t Reserved0;
 116:Drivers/STM32H7xx_HAL_Driver/Src/stm32h7xx_hal_dma.c ****   __IO uint32_t IFCR;  /*!< DMA interrupt flag clear register */
 117:Drivers/STM32H7xx_HAL_Driver/Src/stm32h7xx_hal_dma.c **** } DMA_Base_Registers;
 118:Drivers/STM32H7xx_HAL_Driver/Src/stm32h7xx_hal_dma.c **** 
 119:Drivers/STM32H7xx_HAL_Driver/Src/stm32h7xx_hal_dma.c **** typedef struct
 120:Drivers/STM32H7xx_HAL_Driver/Src/stm32h7xx_hal_dma.c **** {
 121:Drivers/STM32H7xx_HAL_Driver/Src/stm32h7xx_hal_dma.c ****   __IO uint32_t ISR;   /*!< BDMA interrupt status register */
 122:Drivers/STM32H7xx_HAL_Driver/Src/stm32h7xx_hal_dma.c ****   __IO uint32_t IFCR;  /*!< BDMA interrupt flag clear register */
 123:Drivers/STM32H7xx_HAL_Driver/Src/stm32h7xx_hal_dma.c **** } BDMA_Base_Registers;
 124:Drivers/STM32H7xx_HAL_Driver/Src/stm32h7xx_hal_dma.c **** /**
 125:Drivers/STM32H7xx_HAL_Driver/Src/stm32h7xx_hal_dma.c ****   * @}
 126:Drivers/STM32H7xx_HAL_Driver/Src/stm32h7xx_hal_dma.c ****   */
 127:Drivers/STM32H7xx_HAL_Driver/Src/stm32h7xx_hal_dma.c **** 
 128:Drivers/STM32H7xx_HAL_Driver/Src/stm32h7xx_hal_dma.c **** /* Private variables ---------------------------------------------------------*/
 129:Drivers/STM32H7xx_HAL_Driver/Src/stm32h7xx_hal_dma.c **** /* Private constants ---------------------------------------------------------*/
 130:Drivers/STM32H7xx_HAL_Driver/Src/stm32h7xx_hal_dma.c **** /** @addtogroup DMA_Private_Constants
 131:Drivers/STM32H7xx_HAL_Driver/Src/stm32h7xx_hal_dma.c ****  * @{
 132:Drivers/STM32H7xx_HAL_Driver/Src/stm32h7xx_hal_dma.c ****  */
 133:Drivers/STM32H7xx_HAL_Driver/Src/stm32h7xx_hal_dma.c **** #define HAL_TIMEOUT_DMA_ABORT         (5U)  /* 5 ms */
 134:Drivers/STM32H7xx_HAL_Driver/Src/stm32h7xx_hal_dma.c **** 
 135:Drivers/STM32H7xx_HAL_Driver/Src/stm32h7xx_hal_dma.c **** #define BDMA_PERIPH_TO_MEMORY         (0x00000000U)                /*!< Peripheral to memory direct
 136:Drivers/STM32H7xx_HAL_Driver/Src/stm32h7xx_hal_dma.c **** #define BDMA_MEMORY_TO_PERIPH         ((uint32_t)BDMA_CCR_DIR)     /*!< Memory to peripheral direct
 137:Drivers/STM32H7xx_HAL_Driver/Src/stm32h7xx_hal_dma.c **** #define BDMA_MEMORY_TO_MEMORY         ((uint32_t)BDMA_CCR_MEM2MEM) /*!< Memory to memory direction 
 138:Drivers/STM32H7xx_HAL_Driver/Src/stm32h7xx_hal_dma.c **** 
 139:Drivers/STM32H7xx_HAL_Driver/Src/stm32h7xx_hal_dma.c **** /* DMA to BDMA conversion */
 140:Drivers/STM32H7xx_HAL_Driver/Src/stm32h7xx_hal_dma.c **** #define DMA_TO_BDMA_DIRECTION(__DMA_DIRECTION__) (((__DMA_DIRECTION__) == DMA_MEMORY_TO_PERIPH)? BD
 141:Drivers/STM32H7xx_HAL_Driver/Src/stm32h7xx_hal_dma.c ****                                                   ((__DMA_DIRECTION__) == DMA_MEMORY_TO_MEMORY)? BD
 142:Drivers/STM32H7xx_HAL_Driver/Src/stm32h7xx_hal_dma.c ****                                                   BDMA_PERIPH_TO_MEMORY)
 143:Drivers/STM32H7xx_HAL_Driver/Src/stm32h7xx_hal_dma.c **** 
 144:Drivers/STM32H7xx_HAL_Driver/Src/stm32h7xx_hal_dma.c **** #define DMA_TO_BDMA_PERIPHERAL_INC(__DMA_PERIPHERAL_INC__) ((__DMA_PERIPHERAL_INC__) >> 3U)
 145:Drivers/STM32H7xx_HAL_Driver/Src/stm32h7xx_hal_dma.c **** #define DMA_TO_BDMA_MEMORY_INC(__DMA_MEMORY_INC__) ((__DMA_MEMORY_INC__) >> 3U)
ARM GAS  /tmp/ccMjPS5V.s 			page 4


 146:Drivers/STM32H7xx_HAL_Driver/Src/stm32h7xx_hal_dma.c **** 
 147:Drivers/STM32H7xx_HAL_Driver/Src/stm32h7xx_hal_dma.c **** #define DMA_TO_BDMA_PDATA_SIZE(__DMA_PDATA_SIZE__) ((__DMA_PDATA_SIZE__) >> 3U)
 148:Drivers/STM32H7xx_HAL_Driver/Src/stm32h7xx_hal_dma.c **** #define DMA_TO_BDMA_MDATA_SIZE(__DMA_MDATA_SIZE__) ((__DMA_MDATA_SIZE__) >> 3U)
 149:Drivers/STM32H7xx_HAL_Driver/Src/stm32h7xx_hal_dma.c **** 
 150:Drivers/STM32H7xx_HAL_Driver/Src/stm32h7xx_hal_dma.c **** #define DMA_TO_BDMA_MODE(__DMA_MODE__) ((__DMA_MODE__) >> 3U)
 151:Drivers/STM32H7xx_HAL_Driver/Src/stm32h7xx_hal_dma.c **** 
 152:Drivers/STM32H7xx_HAL_Driver/Src/stm32h7xx_hal_dma.c **** #define DMA_TO_BDMA_PRIORITY(__DMA_PRIORITY__) ((__DMA_PRIORITY__) >> 4U)
 153:Drivers/STM32H7xx_HAL_Driver/Src/stm32h7xx_hal_dma.c **** 
 154:Drivers/STM32H7xx_HAL_Driver/Src/stm32h7xx_hal_dma.c **** #if defined(UART9)
 155:Drivers/STM32H7xx_HAL_Driver/Src/stm32h7xx_hal_dma.c **** #define IS_DMA_UART_USART_REQUEST(__REQUEST__) ((((__REQUEST__) >= DMA_REQUEST_USART1_RX)  &&  ((__
 156:Drivers/STM32H7xx_HAL_Driver/Src/stm32h7xx_hal_dma.c ****                                                  (((__REQUEST__) >= DMA_REQUEST_UART4_RX)  &&  ((__
 157:Drivers/STM32H7xx_HAL_Driver/Src/stm32h7xx_hal_dma.c ****                                                  (((__REQUEST__) >= DMA_REQUEST_USART6_RX) &&  ((__
 158:Drivers/STM32H7xx_HAL_Driver/Src/stm32h7xx_hal_dma.c ****                                                  (((__REQUEST__) >= DMA_REQUEST_UART7_RX)  &&  ((__
 159:Drivers/STM32H7xx_HAL_Driver/Src/stm32h7xx_hal_dma.c ****                                                  (((__REQUEST__) >= DMA_REQUEST_UART9_RX)  &&  ((__
 160:Drivers/STM32H7xx_HAL_Driver/Src/stm32h7xx_hal_dma.c **** #else
 161:Drivers/STM32H7xx_HAL_Driver/Src/stm32h7xx_hal_dma.c **** #define IS_DMA_UART_USART_REQUEST(__REQUEST__) ((((__REQUEST__) >= DMA_REQUEST_USART1_RX)  &&  ((__
 162:Drivers/STM32H7xx_HAL_Driver/Src/stm32h7xx_hal_dma.c ****                                                  (((__REQUEST__) >= DMA_REQUEST_UART4_RX)  &&  ((__
 163:Drivers/STM32H7xx_HAL_Driver/Src/stm32h7xx_hal_dma.c ****                                                  (((__REQUEST__) >= DMA_REQUEST_USART6_RX) &&  ((__
 164:Drivers/STM32H7xx_HAL_Driver/Src/stm32h7xx_hal_dma.c ****                                                  (((__REQUEST__) >= DMA_REQUEST_UART7_RX)  &&  ((__
 165:Drivers/STM32H7xx_HAL_Driver/Src/stm32h7xx_hal_dma.c **** 
 166:Drivers/STM32H7xx_HAL_Driver/Src/stm32h7xx_hal_dma.c **** #endif
 167:Drivers/STM32H7xx_HAL_Driver/Src/stm32h7xx_hal_dma.c **** /**
 168:Drivers/STM32H7xx_HAL_Driver/Src/stm32h7xx_hal_dma.c ****   * @}
 169:Drivers/STM32H7xx_HAL_Driver/Src/stm32h7xx_hal_dma.c ****   */
 170:Drivers/STM32H7xx_HAL_Driver/Src/stm32h7xx_hal_dma.c **** /* Private macros ------------------------------------------------------------*/
 171:Drivers/STM32H7xx_HAL_Driver/Src/stm32h7xx_hal_dma.c **** /* Private functions ---------------------------------------------------------*/
 172:Drivers/STM32H7xx_HAL_Driver/Src/stm32h7xx_hal_dma.c **** /** @addtogroup DMA_Private_Functions
 173:Drivers/STM32H7xx_HAL_Driver/Src/stm32h7xx_hal_dma.c ****   * @{
 174:Drivers/STM32H7xx_HAL_Driver/Src/stm32h7xx_hal_dma.c ****   */
 175:Drivers/STM32H7xx_HAL_Driver/Src/stm32h7xx_hal_dma.c **** static void DMA_SetConfig(DMA_HandleTypeDef *hdma, uint32_t SrcAddress, uint32_t DstAddress, uint32
 176:Drivers/STM32H7xx_HAL_Driver/Src/stm32h7xx_hal_dma.c **** static uint32_t DMA_CalcBaseAndBitshift(DMA_HandleTypeDef *hdma);
 177:Drivers/STM32H7xx_HAL_Driver/Src/stm32h7xx_hal_dma.c **** static HAL_StatusTypeDef DMA_CheckFifoParam(const DMA_HandleTypeDef *hdma);
 178:Drivers/STM32H7xx_HAL_Driver/Src/stm32h7xx_hal_dma.c **** static void DMA_CalcDMAMUXChannelBaseAndMask(DMA_HandleTypeDef *hdma);
 179:Drivers/STM32H7xx_HAL_Driver/Src/stm32h7xx_hal_dma.c **** static void DMA_CalcDMAMUXRequestGenBaseAndMask(DMA_HandleTypeDef *hdma);
 180:Drivers/STM32H7xx_HAL_Driver/Src/stm32h7xx_hal_dma.c **** 
 181:Drivers/STM32H7xx_HAL_Driver/Src/stm32h7xx_hal_dma.c **** /**
 182:Drivers/STM32H7xx_HAL_Driver/Src/stm32h7xx_hal_dma.c ****   * @}
 183:Drivers/STM32H7xx_HAL_Driver/Src/stm32h7xx_hal_dma.c ****   */
 184:Drivers/STM32H7xx_HAL_Driver/Src/stm32h7xx_hal_dma.c **** 
 185:Drivers/STM32H7xx_HAL_Driver/Src/stm32h7xx_hal_dma.c **** /* Exported functions ---------------------------------------------------------*/
 186:Drivers/STM32H7xx_HAL_Driver/Src/stm32h7xx_hal_dma.c **** /** @addtogroup DMA_Exported_Functions
 187:Drivers/STM32H7xx_HAL_Driver/Src/stm32h7xx_hal_dma.c ****   * @{
 188:Drivers/STM32H7xx_HAL_Driver/Src/stm32h7xx_hal_dma.c ****   */
 189:Drivers/STM32H7xx_HAL_Driver/Src/stm32h7xx_hal_dma.c **** 
 190:Drivers/STM32H7xx_HAL_Driver/Src/stm32h7xx_hal_dma.c **** /** @addtogroup DMA_Exported_Functions_Group1
 191:Drivers/STM32H7xx_HAL_Driver/Src/stm32h7xx_hal_dma.c ****   *
 192:Drivers/STM32H7xx_HAL_Driver/Src/stm32h7xx_hal_dma.c **** @verbatim
 193:Drivers/STM32H7xx_HAL_Driver/Src/stm32h7xx_hal_dma.c ****  ===============================================================================
 194:Drivers/STM32H7xx_HAL_Driver/Src/stm32h7xx_hal_dma.c ****              ##### Initialization and de-initialization functions  #####
 195:Drivers/STM32H7xx_HAL_Driver/Src/stm32h7xx_hal_dma.c ****  ===============================================================================
 196:Drivers/STM32H7xx_HAL_Driver/Src/stm32h7xx_hal_dma.c ****     [..]
 197:Drivers/STM32H7xx_HAL_Driver/Src/stm32h7xx_hal_dma.c ****     This section provides functions allowing to initialize the DMA Stream source
 198:Drivers/STM32H7xx_HAL_Driver/Src/stm32h7xx_hal_dma.c ****     and destination incrementation and data sizes, transfer direction,
 199:Drivers/STM32H7xx_HAL_Driver/Src/stm32h7xx_hal_dma.c ****     circular/normal mode selection, memory-to-memory mode selection and Stream priority value.
 200:Drivers/STM32H7xx_HAL_Driver/Src/stm32h7xx_hal_dma.c ****     [..]
 201:Drivers/STM32H7xx_HAL_Driver/Src/stm32h7xx_hal_dma.c ****     The HAL_DMA_Init() function follows the DMA configuration procedures as described in
 202:Drivers/STM32H7xx_HAL_Driver/Src/stm32h7xx_hal_dma.c ****     reference manual.
ARM GAS  /tmp/ccMjPS5V.s 			page 5


 203:Drivers/STM32H7xx_HAL_Driver/Src/stm32h7xx_hal_dma.c ****     The HAL_DMA_DeInit function allows to deinitialize the DMA stream.
 204:Drivers/STM32H7xx_HAL_Driver/Src/stm32h7xx_hal_dma.c **** 
 205:Drivers/STM32H7xx_HAL_Driver/Src/stm32h7xx_hal_dma.c **** @endverbatim
 206:Drivers/STM32H7xx_HAL_Driver/Src/stm32h7xx_hal_dma.c ****   * @{
 207:Drivers/STM32H7xx_HAL_Driver/Src/stm32h7xx_hal_dma.c ****   */
 208:Drivers/STM32H7xx_HAL_Driver/Src/stm32h7xx_hal_dma.c **** 
 209:Drivers/STM32H7xx_HAL_Driver/Src/stm32h7xx_hal_dma.c **** /**
 210:Drivers/STM32H7xx_HAL_Driver/Src/stm32h7xx_hal_dma.c ****   * @brief  Initialize the DMA according to the specified
 211:Drivers/STM32H7xx_HAL_Driver/Src/stm32h7xx_hal_dma.c ****   *         parameters in the DMA_InitTypeDef and create the associated handle.
 212:Drivers/STM32H7xx_HAL_Driver/Src/stm32h7xx_hal_dma.c ****   * @param  hdma: Pointer to a DMA_HandleTypeDef structure that contains
 213:Drivers/STM32H7xx_HAL_Driver/Src/stm32h7xx_hal_dma.c ****   *               the configuration information for the specified DMA Stream.
 214:Drivers/STM32H7xx_HAL_Driver/Src/stm32h7xx_hal_dma.c ****   * @retval HAL status
 215:Drivers/STM32H7xx_HAL_Driver/Src/stm32h7xx_hal_dma.c ****   */
 216:Drivers/STM32H7xx_HAL_Driver/Src/stm32h7xx_hal_dma.c **** HAL_StatusTypeDef HAL_DMA_Init(DMA_HandleTypeDef *hdma)
 217:Drivers/STM32H7xx_HAL_Driver/Src/stm32h7xx_hal_dma.c **** {
 218:Drivers/STM32H7xx_HAL_Driver/Src/stm32h7xx_hal_dma.c ****   uint32_t registerValue;
 219:Drivers/STM32H7xx_HAL_Driver/Src/stm32h7xx_hal_dma.c ****   uint32_t tickstart = HAL_GetTick();
 220:Drivers/STM32H7xx_HAL_Driver/Src/stm32h7xx_hal_dma.c ****   DMA_Base_Registers *regs_dma;
 221:Drivers/STM32H7xx_HAL_Driver/Src/stm32h7xx_hal_dma.c ****   BDMA_Base_Registers *regs_bdma;
 222:Drivers/STM32H7xx_HAL_Driver/Src/stm32h7xx_hal_dma.c **** 
 223:Drivers/STM32H7xx_HAL_Driver/Src/stm32h7xx_hal_dma.c ****   /* Check the DMA peripheral handle */
 224:Drivers/STM32H7xx_HAL_Driver/Src/stm32h7xx_hal_dma.c ****   if(hdma == NULL)
 225:Drivers/STM32H7xx_HAL_Driver/Src/stm32h7xx_hal_dma.c ****   {
 226:Drivers/STM32H7xx_HAL_Driver/Src/stm32h7xx_hal_dma.c ****     return HAL_ERROR;
 227:Drivers/STM32H7xx_HAL_Driver/Src/stm32h7xx_hal_dma.c ****   }
 228:Drivers/STM32H7xx_HAL_Driver/Src/stm32h7xx_hal_dma.c **** 
 229:Drivers/STM32H7xx_HAL_Driver/Src/stm32h7xx_hal_dma.c ****   /* Check the parameters */
 230:Drivers/STM32H7xx_HAL_Driver/Src/stm32h7xx_hal_dma.c ****   assert_param(IS_DMA_ALL_INSTANCE(hdma->Instance));
 231:Drivers/STM32H7xx_HAL_Driver/Src/stm32h7xx_hal_dma.c ****   assert_param(IS_DMA_DIRECTION(hdma->Init.Direction));
 232:Drivers/STM32H7xx_HAL_Driver/Src/stm32h7xx_hal_dma.c ****   assert_param(IS_DMA_PERIPHERAL_INC_STATE(hdma->Init.PeriphInc));
 233:Drivers/STM32H7xx_HAL_Driver/Src/stm32h7xx_hal_dma.c ****   assert_param(IS_DMA_MEMORY_INC_STATE(hdma->Init.MemInc));
 234:Drivers/STM32H7xx_HAL_Driver/Src/stm32h7xx_hal_dma.c ****   assert_param(IS_DMA_PERIPHERAL_DATA_SIZE(hdma->Init.PeriphDataAlignment));
 235:Drivers/STM32H7xx_HAL_Driver/Src/stm32h7xx_hal_dma.c ****   assert_param(IS_DMA_MEMORY_DATA_SIZE(hdma->Init.MemDataAlignment));
 236:Drivers/STM32H7xx_HAL_Driver/Src/stm32h7xx_hal_dma.c ****   assert_param(IS_DMA_MODE(hdma->Init.Mode));
 237:Drivers/STM32H7xx_HAL_Driver/Src/stm32h7xx_hal_dma.c ****   assert_param(IS_DMA_PRIORITY(hdma->Init.Priority));
 238:Drivers/STM32H7xx_HAL_Driver/Src/stm32h7xx_hal_dma.c **** 
 239:Drivers/STM32H7xx_HAL_Driver/Src/stm32h7xx_hal_dma.c ****   if(IS_DMA_STREAM_INSTANCE(hdma->Instance) != 0U) /* DMA1 or DMA2 instance */
 240:Drivers/STM32H7xx_HAL_Driver/Src/stm32h7xx_hal_dma.c ****   {
 241:Drivers/STM32H7xx_HAL_Driver/Src/stm32h7xx_hal_dma.c ****     assert_param(IS_DMA_REQUEST(hdma->Init.Request));
 242:Drivers/STM32H7xx_HAL_Driver/Src/stm32h7xx_hal_dma.c ****     assert_param(IS_DMA_FIFO_MODE_STATE(hdma->Init.FIFOMode));
 243:Drivers/STM32H7xx_HAL_Driver/Src/stm32h7xx_hal_dma.c ****     /* Check the memory burst, peripheral burst and FIFO threshold parameters only
 244:Drivers/STM32H7xx_HAL_Driver/Src/stm32h7xx_hal_dma.c ****        when FIFO mode is enabled */
 245:Drivers/STM32H7xx_HAL_Driver/Src/stm32h7xx_hal_dma.c ****     if(hdma->Init.FIFOMode != DMA_FIFOMODE_DISABLE)
 246:Drivers/STM32H7xx_HAL_Driver/Src/stm32h7xx_hal_dma.c ****     {
 247:Drivers/STM32H7xx_HAL_Driver/Src/stm32h7xx_hal_dma.c ****       assert_param(IS_DMA_FIFO_THRESHOLD(hdma->Init.FIFOThreshold));
 248:Drivers/STM32H7xx_HAL_Driver/Src/stm32h7xx_hal_dma.c ****       assert_param(IS_DMA_MEMORY_BURST(hdma->Init.MemBurst));
 249:Drivers/STM32H7xx_HAL_Driver/Src/stm32h7xx_hal_dma.c ****       assert_param(IS_DMA_PERIPHERAL_BURST(hdma->Init.PeriphBurst));
 250:Drivers/STM32H7xx_HAL_Driver/Src/stm32h7xx_hal_dma.c ****     }
 251:Drivers/STM32H7xx_HAL_Driver/Src/stm32h7xx_hal_dma.c **** 
 252:Drivers/STM32H7xx_HAL_Driver/Src/stm32h7xx_hal_dma.c ****     /* Change DMA peripheral state */
 253:Drivers/STM32H7xx_HAL_Driver/Src/stm32h7xx_hal_dma.c ****     hdma->State = HAL_DMA_STATE_BUSY;
 254:Drivers/STM32H7xx_HAL_Driver/Src/stm32h7xx_hal_dma.c **** 
 255:Drivers/STM32H7xx_HAL_Driver/Src/stm32h7xx_hal_dma.c ****     /* Allocate lock resource */
 256:Drivers/STM32H7xx_HAL_Driver/Src/stm32h7xx_hal_dma.c ****     __HAL_UNLOCK(hdma);
 257:Drivers/STM32H7xx_HAL_Driver/Src/stm32h7xx_hal_dma.c **** 
 258:Drivers/STM32H7xx_HAL_Driver/Src/stm32h7xx_hal_dma.c ****     /* Disable the peripheral */
 259:Drivers/STM32H7xx_HAL_Driver/Src/stm32h7xx_hal_dma.c ****     __HAL_DMA_DISABLE(hdma);
ARM GAS  /tmp/ccMjPS5V.s 			page 6


 260:Drivers/STM32H7xx_HAL_Driver/Src/stm32h7xx_hal_dma.c **** 
 261:Drivers/STM32H7xx_HAL_Driver/Src/stm32h7xx_hal_dma.c ****     /* Check if the DMA Stream is effectively disabled */
 262:Drivers/STM32H7xx_HAL_Driver/Src/stm32h7xx_hal_dma.c ****     while((((DMA_Stream_TypeDef   *)hdma->Instance)->CR & DMA_SxCR_EN) != 0U)
 263:Drivers/STM32H7xx_HAL_Driver/Src/stm32h7xx_hal_dma.c ****     {
 264:Drivers/STM32H7xx_HAL_Driver/Src/stm32h7xx_hal_dma.c ****       /* Check for the Timeout */
 265:Drivers/STM32H7xx_HAL_Driver/Src/stm32h7xx_hal_dma.c ****       if((HAL_GetTick() - tickstart ) > HAL_TIMEOUT_DMA_ABORT)
 266:Drivers/STM32H7xx_HAL_Driver/Src/stm32h7xx_hal_dma.c ****       {
 267:Drivers/STM32H7xx_HAL_Driver/Src/stm32h7xx_hal_dma.c ****         /* Update error code */
 268:Drivers/STM32H7xx_HAL_Driver/Src/stm32h7xx_hal_dma.c ****         hdma->ErrorCode = HAL_DMA_ERROR_TIMEOUT;
 269:Drivers/STM32H7xx_HAL_Driver/Src/stm32h7xx_hal_dma.c **** 
 270:Drivers/STM32H7xx_HAL_Driver/Src/stm32h7xx_hal_dma.c ****         /* Change the DMA state */
 271:Drivers/STM32H7xx_HAL_Driver/Src/stm32h7xx_hal_dma.c ****         hdma->State = HAL_DMA_STATE_ERROR;
 272:Drivers/STM32H7xx_HAL_Driver/Src/stm32h7xx_hal_dma.c **** 
 273:Drivers/STM32H7xx_HAL_Driver/Src/stm32h7xx_hal_dma.c ****         return HAL_ERROR;
 274:Drivers/STM32H7xx_HAL_Driver/Src/stm32h7xx_hal_dma.c ****       }
 275:Drivers/STM32H7xx_HAL_Driver/Src/stm32h7xx_hal_dma.c ****     }
 276:Drivers/STM32H7xx_HAL_Driver/Src/stm32h7xx_hal_dma.c **** 
 277:Drivers/STM32H7xx_HAL_Driver/Src/stm32h7xx_hal_dma.c ****     /* Get the CR register value */
 278:Drivers/STM32H7xx_HAL_Driver/Src/stm32h7xx_hal_dma.c ****     registerValue = ((DMA_Stream_TypeDef   *)hdma->Instance)->CR;
 279:Drivers/STM32H7xx_HAL_Driver/Src/stm32h7xx_hal_dma.c **** 
 280:Drivers/STM32H7xx_HAL_Driver/Src/stm32h7xx_hal_dma.c ****     /* Clear CHSEL, MBURST, PBURST, PL, MSIZE, PSIZE, MINC, PINC, CIRC, DIR, CT and DBM bits */
 281:Drivers/STM32H7xx_HAL_Driver/Src/stm32h7xx_hal_dma.c ****     registerValue &= ((uint32_t)~(DMA_SxCR_MBURST | DMA_SxCR_PBURST | \
 282:Drivers/STM32H7xx_HAL_Driver/Src/stm32h7xx_hal_dma.c ****                         DMA_SxCR_PL    | DMA_SxCR_MSIZE  | DMA_SxCR_PSIZE  | \
 283:Drivers/STM32H7xx_HAL_Driver/Src/stm32h7xx_hal_dma.c ****                         DMA_SxCR_MINC  | DMA_SxCR_PINC   | DMA_SxCR_CIRC   | \
 284:Drivers/STM32H7xx_HAL_Driver/Src/stm32h7xx_hal_dma.c ****                         DMA_SxCR_DIR   | DMA_SxCR_CT     | DMA_SxCR_DBM));
 285:Drivers/STM32H7xx_HAL_Driver/Src/stm32h7xx_hal_dma.c **** 
 286:Drivers/STM32H7xx_HAL_Driver/Src/stm32h7xx_hal_dma.c ****     /* Prepare the DMA Stream configuration */
 287:Drivers/STM32H7xx_HAL_Driver/Src/stm32h7xx_hal_dma.c ****     registerValue |=  hdma->Init.Direction           |
 288:Drivers/STM32H7xx_HAL_Driver/Src/stm32h7xx_hal_dma.c ****             hdma->Init.PeriphInc           | hdma->Init.MemInc           |
 289:Drivers/STM32H7xx_HAL_Driver/Src/stm32h7xx_hal_dma.c ****             hdma->Init.PeriphDataAlignment | hdma->Init.MemDataAlignment |
 290:Drivers/STM32H7xx_HAL_Driver/Src/stm32h7xx_hal_dma.c ****             hdma->Init.Mode                | hdma->Init.Priority;
 291:Drivers/STM32H7xx_HAL_Driver/Src/stm32h7xx_hal_dma.c **** 
 292:Drivers/STM32H7xx_HAL_Driver/Src/stm32h7xx_hal_dma.c ****     /* the Memory burst and peripheral burst are not used when the FIFO is disabled */
 293:Drivers/STM32H7xx_HAL_Driver/Src/stm32h7xx_hal_dma.c ****     if(hdma->Init.FIFOMode == DMA_FIFOMODE_ENABLE)
 294:Drivers/STM32H7xx_HAL_Driver/Src/stm32h7xx_hal_dma.c ****     {
 295:Drivers/STM32H7xx_HAL_Driver/Src/stm32h7xx_hal_dma.c ****       /* Get memory burst and peripheral burst */
 296:Drivers/STM32H7xx_HAL_Driver/Src/stm32h7xx_hal_dma.c ****       registerValue |=  hdma->Init.MemBurst | hdma->Init.PeriphBurst;
 297:Drivers/STM32H7xx_HAL_Driver/Src/stm32h7xx_hal_dma.c ****     }
 298:Drivers/STM32H7xx_HAL_Driver/Src/stm32h7xx_hal_dma.c **** 
 299:Drivers/STM32H7xx_HAL_Driver/Src/stm32h7xx_hal_dma.c ****     /* Work around for Errata 2.22: UART/USART- DMA transfer lock: DMA stream could be
 300:Drivers/STM32H7xx_HAL_Driver/Src/stm32h7xx_hal_dma.c ****                                     lock when transferring data to/from USART/UART */
 301:Drivers/STM32H7xx_HAL_Driver/Src/stm32h7xx_hal_dma.c **** #if (STM32H7_DEV_ID == 0x450UL)
 302:Drivers/STM32H7xx_HAL_Driver/Src/stm32h7xx_hal_dma.c ****     if(((DBGMCU->IDCODE & 0xFFFF0000U) >= 0x20000000U) && (IS_DMA_UART_USART_REQUEST(hdma->Init.Req
 303:Drivers/STM32H7xx_HAL_Driver/Src/stm32h7xx_hal_dma.c **** #else
 304:Drivers/STM32H7xx_HAL_Driver/Src/stm32h7xx_hal_dma.c ****     if(IS_DMA_UART_USART_REQUEST(hdma->Init.Request) != 0U)
 305:Drivers/STM32H7xx_HAL_Driver/Src/stm32h7xx_hal_dma.c **** #endif /* STM32H7_DEV_ID == 0x450UL */
 306:Drivers/STM32H7xx_HAL_Driver/Src/stm32h7xx_hal_dma.c ****     {
 307:Drivers/STM32H7xx_HAL_Driver/Src/stm32h7xx_hal_dma.c ****       registerValue |= DMA_SxCR_TRBUFF;
 308:Drivers/STM32H7xx_HAL_Driver/Src/stm32h7xx_hal_dma.c ****     }
 309:Drivers/STM32H7xx_HAL_Driver/Src/stm32h7xx_hal_dma.c **** 
 310:Drivers/STM32H7xx_HAL_Driver/Src/stm32h7xx_hal_dma.c ****     /* Write to DMA Stream CR register */
 311:Drivers/STM32H7xx_HAL_Driver/Src/stm32h7xx_hal_dma.c ****     ((DMA_Stream_TypeDef   *)hdma->Instance)->CR = registerValue;
 312:Drivers/STM32H7xx_HAL_Driver/Src/stm32h7xx_hal_dma.c **** 
 313:Drivers/STM32H7xx_HAL_Driver/Src/stm32h7xx_hal_dma.c ****     /* Get the FCR register value */
 314:Drivers/STM32H7xx_HAL_Driver/Src/stm32h7xx_hal_dma.c ****     registerValue = ((DMA_Stream_TypeDef   *)hdma->Instance)->FCR;
 315:Drivers/STM32H7xx_HAL_Driver/Src/stm32h7xx_hal_dma.c **** 
 316:Drivers/STM32H7xx_HAL_Driver/Src/stm32h7xx_hal_dma.c ****     /* Clear Direct mode and FIFO threshold bits */
ARM GAS  /tmp/ccMjPS5V.s 			page 7


 317:Drivers/STM32H7xx_HAL_Driver/Src/stm32h7xx_hal_dma.c ****     registerValue &= (uint32_t)~(DMA_SxFCR_DMDIS | DMA_SxFCR_FTH);
 318:Drivers/STM32H7xx_HAL_Driver/Src/stm32h7xx_hal_dma.c **** 
 319:Drivers/STM32H7xx_HAL_Driver/Src/stm32h7xx_hal_dma.c ****     /* Prepare the DMA Stream FIFO configuration */
 320:Drivers/STM32H7xx_HAL_Driver/Src/stm32h7xx_hal_dma.c ****     registerValue |= hdma->Init.FIFOMode;
 321:Drivers/STM32H7xx_HAL_Driver/Src/stm32h7xx_hal_dma.c **** 
 322:Drivers/STM32H7xx_HAL_Driver/Src/stm32h7xx_hal_dma.c ****     /* the FIFO threshold is not used when the FIFO mode is disabled */
 323:Drivers/STM32H7xx_HAL_Driver/Src/stm32h7xx_hal_dma.c ****     if(hdma->Init.FIFOMode == DMA_FIFOMODE_ENABLE)
 324:Drivers/STM32H7xx_HAL_Driver/Src/stm32h7xx_hal_dma.c ****     {
 325:Drivers/STM32H7xx_HAL_Driver/Src/stm32h7xx_hal_dma.c ****       /* Get the FIFO threshold */
 326:Drivers/STM32H7xx_HAL_Driver/Src/stm32h7xx_hal_dma.c ****       registerValue |= hdma->Init.FIFOThreshold;
 327:Drivers/STM32H7xx_HAL_Driver/Src/stm32h7xx_hal_dma.c **** 
 328:Drivers/STM32H7xx_HAL_Driver/Src/stm32h7xx_hal_dma.c ****       /* Check compatibility between FIFO threshold level and size of the memory burst */
 329:Drivers/STM32H7xx_HAL_Driver/Src/stm32h7xx_hal_dma.c ****       /* for INCR4, INCR8, INCR16 */
 330:Drivers/STM32H7xx_HAL_Driver/Src/stm32h7xx_hal_dma.c ****       if(hdma->Init.MemBurst != DMA_MBURST_SINGLE)
 331:Drivers/STM32H7xx_HAL_Driver/Src/stm32h7xx_hal_dma.c ****       {
 332:Drivers/STM32H7xx_HAL_Driver/Src/stm32h7xx_hal_dma.c ****         if (DMA_CheckFifoParam(hdma) != HAL_OK)
 333:Drivers/STM32H7xx_HAL_Driver/Src/stm32h7xx_hal_dma.c ****         {
 334:Drivers/STM32H7xx_HAL_Driver/Src/stm32h7xx_hal_dma.c ****           /* Update error code */
 335:Drivers/STM32H7xx_HAL_Driver/Src/stm32h7xx_hal_dma.c ****           hdma->ErrorCode = HAL_DMA_ERROR_PARAM;
 336:Drivers/STM32H7xx_HAL_Driver/Src/stm32h7xx_hal_dma.c **** 
 337:Drivers/STM32H7xx_HAL_Driver/Src/stm32h7xx_hal_dma.c ****           /* Change the DMA state */
 338:Drivers/STM32H7xx_HAL_Driver/Src/stm32h7xx_hal_dma.c ****           hdma->State = HAL_DMA_STATE_READY;
 339:Drivers/STM32H7xx_HAL_Driver/Src/stm32h7xx_hal_dma.c **** 
 340:Drivers/STM32H7xx_HAL_Driver/Src/stm32h7xx_hal_dma.c ****           return HAL_ERROR;
 341:Drivers/STM32H7xx_HAL_Driver/Src/stm32h7xx_hal_dma.c ****         }
 342:Drivers/STM32H7xx_HAL_Driver/Src/stm32h7xx_hal_dma.c ****       }
 343:Drivers/STM32H7xx_HAL_Driver/Src/stm32h7xx_hal_dma.c ****     }
 344:Drivers/STM32H7xx_HAL_Driver/Src/stm32h7xx_hal_dma.c **** 
 345:Drivers/STM32H7xx_HAL_Driver/Src/stm32h7xx_hal_dma.c ****     /* Write to DMA Stream FCR */
 346:Drivers/STM32H7xx_HAL_Driver/Src/stm32h7xx_hal_dma.c ****     ((DMA_Stream_TypeDef   *)hdma->Instance)->FCR = registerValue;
 347:Drivers/STM32H7xx_HAL_Driver/Src/stm32h7xx_hal_dma.c **** 
 348:Drivers/STM32H7xx_HAL_Driver/Src/stm32h7xx_hal_dma.c ****     /* Initialize StreamBaseAddress and StreamIndex parameters to be used to calculate
 349:Drivers/STM32H7xx_HAL_Driver/Src/stm32h7xx_hal_dma.c ****        DMA steam Base Address needed by HAL_DMA_IRQHandler() and HAL_DMA_PollForTransfer() */
 350:Drivers/STM32H7xx_HAL_Driver/Src/stm32h7xx_hal_dma.c ****     regs_dma = (DMA_Base_Registers *)DMA_CalcBaseAndBitshift(hdma);
 351:Drivers/STM32H7xx_HAL_Driver/Src/stm32h7xx_hal_dma.c **** 
 352:Drivers/STM32H7xx_HAL_Driver/Src/stm32h7xx_hal_dma.c ****     /* Clear all interrupt flags */
 353:Drivers/STM32H7xx_HAL_Driver/Src/stm32h7xx_hal_dma.c ****     regs_dma->IFCR = 0x3FUL << (hdma->StreamIndex & 0x1FU);
 354:Drivers/STM32H7xx_HAL_Driver/Src/stm32h7xx_hal_dma.c ****   }
 355:Drivers/STM32H7xx_HAL_Driver/Src/stm32h7xx_hal_dma.c ****   else if(IS_BDMA_CHANNEL_INSTANCE(hdma->Instance) != 0U) /* BDMA instance(s) */
 356:Drivers/STM32H7xx_HAL_Driver/Src/stm32h7xx_hal_dma.c ****   {
 357:Drivers/STM32H7xx_HAL_Driver/Src/stm32h7xx_hal_dma.c ****     if(IS_BDMA_CHANNEL_DMAMUX_INSTANCE(hdma->Instance) != 0U)
 358:Drivers/STM32H7xx_HAL_Driver/Src/stm32h7xx_hal_dma.c ****     {
 359:Drivers/STM32H7xx_HAL_Driver/Src/stm32h7xx_hal_dma.c ****       /* Check the request parameter */
 360:Drivers/STM32H7xx_HAL_Driver/Src/stm32h7xx_hal_dma.c ****       assert_param(IS_BDMA_REQUEST(hdma->Init.Request));
 361:Drivers/STM32H7xx_HAL_Driver/Src/stm32h7xx_hal_dma.c ****     }
 362:Drivers/STM32H7xx_HAL_Driver/Src/stm32h7xx_hal_dma.c **** 
 363:Drivers/STM32H7xx_HAL_Driver/Src/stm32h7xx_hal_dma.c ****     /* Change DMA peripheral state */
 364:Drivers/STM32H7xx_HAL_Driver/Src/stm32h7xx_hal_dma.c ****     hdma->State = HAL_DMA_STATE_BUSY;
 365:Drivers/STM32H7xx_HAL_Driver/Src/stm32h7xx_hal_dma.c **** 
 366:Drivers/STM32H7xx_HAL_Driver/Src/stm32h7xx_hal_dma.c ****     /* Allocate lock resource */
 367:Drivers/STM32H7xx_HAL_Driver/Src/stm32h7xx_hal_dma.c ****     __HAL_UNLOCK(hdma);
 368:Drivers/STM32H7xx_HAL_Driver/Src/stm32h7xx_hal_dma.c **** 
 369:Drivers/STM32H7xx_HAL_Driver/Src/stm32h7xx_hal_dma.c ****     /* Get the CR register value */
 370:Drivers/STM32H7xx_HAL_Driver/Src/stm32h7xx_hal_dma.c ****     registerValue = ((BDMA_Channel_TypeDef *)hdma->Instance)->CCR;
 371:Drivers/STM32H7xx_HAL_Driver/Src/stm32h7xx_hal_dma.c **** 
 372:Drivers/STM32H7xx_HAL_Driver/Src/stm32h7xx_hal_dma.c ****     /* Clear PL, MSIZE, PSIZE, MINC, PINC, CIRC, DIR, MEM2MEM, DBM and CT bits */
 373:Drivers/STM32H7xx_HAL_Driver/Src/stm32h7xx_hal_dma.c ****     registerValue &= ((uint32_t)~(BDMA_CCR_PL    | BDMA_CCR_MSIZE   | BDMA_CCR_PSIZE  | \
ARM GAS  /tmp/ccMjPS5V.s 			page 8


 374:Drivers/STM32H7xx_HAL_Driver/Src/stm32h7xx_hal_dma.c ****                                   BDMA_CCR_MINC  | BDMA_CCR_PINC    | BDMA_CCR_CIRC   | \
 375:Drivers/STM32H7xx_HAL_Driver/Src/stm32h7xx_hal_dma.c ****                                   BDMA_CCR_DIR   | BDMA_CCR_MEM2MEM | BDMA_CCR_DBM    | \
 376:Drivers/STM32H7xx_HAL_Driver/Src/stm32h7xx_hal_dma.c ****                                   BDMA_CCR_CT));
 377:Drivers/STM32H7xx_HAL_Driver/Src/stm32h7xx_hal_dma.c **** 
 378:Drivers/STM32H7xx_HAL_Driver/Src/stm32h7xx_hal_dma.c ****     /* Prepare the DMA Channel configuration */
 379:Drivers/STM32H7xx_HAL_Driver/Src/stm32h7xx_hal_dma.c ****     registerValue |=  DMA_TO_BDMA_DIRECTION(hdma->Init.Direction)            |
 380:Drivers/STM32H7xx_HAL_Driver/Src/stm32h7xx_hal_dma.c ****                       DMA_TO_BDMA_PERIPHERAL_INC(hdma->Init.PeriphInc)       |
 381:Drivers/STM32H7xx_HAL_Driver/Src/stm32h7xx_hal_dma.c ****                       DMA_TO_BDMA_MEMORY_INC(hdma->Init.MemInc)              |
 382:Drivers/STM32H7xx_HAL_Driver/Src/stm32h7xx_hal_dma.c ****                       DMA_TO_BDMA_PDATA_SIZE(hdma->Init.PeriphDataAlignment) |
 383:Drivers/STM32H7xx_HAL_Driver/Src/stm32h7xx_hal_dma.c ****                       DMA_TO_BDMA_MDATA_SIZE(hdma->Init.MemDataAlignment)    |
 384:Drivers/STM32H7xx_HAL_Driver/Src/stm32h7xx_hal_dma.c ****                       DMA_TO_BDMA_MODE(hdma->Init.Mode)                      |
 385:Drivers/STM32H7xx_HAL_Driver/Src/stm32h7xx_hal_dma.c ****                       DMA_TO_BDMA_PRIORITY(hdma->Init.Priority);
 386:Drivers/STM32H7xx_HAL_Driver/Src/stm32h7xx_hal_dma.c **** 
 387:Drivers/STM32H7xx_HAL_Driver/Src/stm32h7xx_hal_dma.c ****     /* Write to DMA Channel CR register */
 388:Drivers/STM32H7xx_HAL_Driver/Src/stm32h7xx_hal_dma.c ****     ((BDMA_Channel_TypeDef *)hdma->Instance)->CCR = registerValue;
 389:Drivers/STM32H7xx_HAL_Driver/Src/stm32h7xx_hal_dma.c **** 
 390:Drivers/STM32H7xx_HAL_Driver/Src/stm32h7xx_hal_dma.c ****     /* calculation of the channel index */
 391:Drivers/STM32H7xx_HAL_Driver/Src/stm32h7xx_hal_dma.c ****     hdma->StreamIndex = (((uint32_t)((uint32_t*)hdma->Instance) - (uint32_t)BDMA_Channel0) / ((uint
 392:Drivers/STM32H7xx_HAL_Driver/Src/stm32h7xx_hal_dma.c **** 
 393:Drivers/STM32H7xx_HAL_Driver/Src/stm32h7xx_hal_dma.c ****     /* Initialize StreamBaseAddress and StreamIndex parameters to be used to calculate
 394:Drivers/STM32H7xx_HAL_Driver/Src/stm32h7xx_hal_dma.c ****     DMA steam Base Address needed by HAL_DMA_IRQHandler() and HAL_DMA_PollForTransfer() */
 395:Drivers/STM32H7xx_HAL_Driver/Src/stm32h7xx_hal_dma.c ****     regs_bdma = (BDMA_Base_Registers *)DMA_CalcBaseAndBitshift(hdma);
 396:Drivers/STM32H7xx_HAL_Driver/Src/stm32h7xx_hal_dma.c **** 
 397:Drivers/STM32H7xx_HAL_Driver/Src/stm32h7xx_hal_dma.c ****     /* Clear all interrupt flags */
 398:Drivers/STM32H7xx_HAL_Driver/Src/stm32h7xx_hal_dma.c ****     regs_bdma->IFCR = ((BDMA_IFCR_CGIF0) << (hdma->StreamIndex & 0x1FU));
 399:Drivers/STM32H7xx_HAL_Driver/Src/stm32h7xx_hal_dma.c ****   }
 400:Drivers/STM32H7xx_HAL_Driver/Src/stm32h7xx_hal_dma.c ****   else
 401:Drivers/STM32H7xx_HAL_Driver/Src/stm32h7xx_hal_dma.c ****   {
 402:Drivers/STM32H7xx_HAL_Driver/Src/stm32h7xx_hal_dma.c ****     hdma->ErrorCode = HAL_DMA_ERROR_PARAM;
 403:Drivers/STM32H7xx_HAL_Driver/Src/stm32h7xx_hal_dma.c ****     hdma->State     = HAL_DMA_STATE_ERROR;
 404:Drivers/STM32H7xx_HAL_Driver/Src/stm32h7xx_hal_dma.c **** 
 405:Drivers/STM32H7xx_HAL_Driver/Src/stm32h7xx_hal_dma.c ****     return HAL_ERROR;
 406:Drivers/STM32H7xx_HAL_Driver/Src/stm32h7xx_hal_dma.c ****   }
 407:Drivers/STM32H7xx_HAL_Driver/Src/stm32h7xx_hal_dma.c **** 
 408:Drivers/STM32H7xx_HAL_Driver/Src/stm32h7xx_hal_dma.c ****   if(IS_DMA_DMAMUX_ALL_INSTANCE(hdma->Instance) != 0U) /* No DMAMUX available for BDMA1 */
 409:Drivers/STM32H7xx_HAL_Driver/Src/stm32h7xx_hal_dma.c ****   {
 410:Drivers/STM32H7xx_HAL_Driver/Src/stm32h7xx_hal_dma.c ****     /* Initialize parameters for DMAMUX channel :
 411:Drivers/STM32H7xx_HAL_Driver/Src/stm32h7xx_hal_dma.c ****     DMAmuxChannel, DMAmuxChannelStatus and DMAmuxChannelStatusMask
 412:Drivers/STM32H7xx_HAL_Driver/Src/stm32h7xx_hal_dma.c ****     */
 413:Drivers/STM32H7xx_HAL_Driver/Src/stm32h7xx_hal_dma.c ****     DMA_CalcDMAMUXChannelBaseAndMask(hdma);
 414:Drivers/STM32H7xx_HAL_Driver/Src/stm32h7xx_hal_dma.c **** 
 415:Drivers/STM32H7xx_HAL_Driver/Src/stm32h7xx_hal_dma.c ****     if(hdma->Init.Direction == DMA_MEMORY_TO_MEMORY)
 416:Drivers/STM32H7xx_HAL_Driver/Src/stm32h7xx_hal_dma.c ****     {
 417:Drivers/STM32H7xx_HAL_Driver/Src/stm32h7xx_hal_dma.c ****       /* if memory to memory force the request to 0*/
 418:Drivers/STM32H7xx_HAL_Driver/Src/stm32h7xx_hal_dma.c ****       hdma->Init.Request = DMA_REQUEST_MEM2MEM;
 419:Drivers/STM32H7xx_HAL_Driver/Src/stm32h7xx_hal_dma.c ****     }
 420:Drivers/STM32H7xx_HAL_Driver/Src/stm32h7xx_hal_dma.c **** 
 421:Drivers/STM32H7xx_HAL_Driver/Src/stm32h7xx_hal_dma.c ****     /* Set peripheral request  to DMAMUX channel */
 422:Drivers/STM32H7xx_HAL_Driver/Src/stm32h7xx_hal_dma.c ****     hdma->DMAmuxChannel->CCR = (hdma->Init.Request & DMAMUX_CxCR_DMAREQ_ID);
 423:Drivers/STM32H7xx_HAL_Driver/Src/stm32h7xx_hal_dma.c **** 
 424:Drivers/STM32H7xx_HAL_Driver/Src/stm32h7xx_hal_dma.c ****     /* Clear the DMAMUX synchro overrun flag */
 425:Drivers/STM32H7xx_HAL_Driver/Src/stm32h7xx_hal_dma.c ****     hdma->DMAmuxChannelStatus->CFR = hdma->DMAmuxChannelStatusMask;
 426:Drivers/STM32H7xx_HAL_Driver/Src/stm32h7xx_hal_dma.c **** 
 427:Drivers/STM32H7xx_HAL_Driver/Src/stm32h7xx_hal_dma.c ****     /* Initialize parameters for DMAMUX request generator :
 428:Drivers/STM32H7xx_HAL_Driver/Src/stm32h7xx_hal_dma.c ****     if the DMA request is DMA_REQUEST_GENERATOR0 to DMA_REQUEST_GENERATOR7
 429:Drivers/STM32H7xx_HAL_Driver/Src/stm32h7xx_hal_dma.c ****     */
 430:Drivers/STM32H7xx_HAL_Driver/Src/stm32h7xx_hal_dma.c ****     if((hdma->Init.Request >= DMA_REQUEST_GENERATOR0) && (hdma->Init.Request <= DMA_REQUEST_GENERAT
ARM GAS  /tmp/ccMjPS5V.s 			page 9


 431:Drivers/STM32H7xx_HAL_Driver/Src/stm32h7xx_hal_dma.c ****     {
 432:Drivers/STM32H7xx_HAL_Driver/Src/stm32h7xx_hal_dma.c ****       /* Initialize parameters for DMAMUX request generator :
 433:Drivers/STM32H7xx_HAL_Driver/Src/stm32h7xx_hal_dma.c ****       DMAmuxRequestGen, DMAmuxRequestGenStatus and DMAmuxRequestGenStatusMask */
 434:Drivers/STM32H7xx_HAL_Driver/Src/stm32h7xx_hal_dma.c ****       DMA_CalcDMAMUXRequestGenBaseAndMask(hdma);
 435:Drivers/STM32H7xx_HAL_Driver/Src/stm32h7xx_hal_dma.c **** 
 436:Drivers/STM32H7xx_HAL_Driver/Src/stm32h7xx_hal_dma.c ****       /* Reset the DMAMUX request generator register */
 437:Drivers/STM32H7xx_HAL_Driver/Src/stm32h7xx_hal_dma.c ****       hdma->DMAmuxRequestGen->RGCR = 0U;
 438:Drivers/STM32H7xx_HAL_Driver/Src/stm32h7xx_hal_dma.c **** 
 439:Drivers/STM32H7xx_HAL_Driver/Src/stm32h7xx_hal_dma.c ****       /* Clear the DMAMUX request generator overrun flag */
 440:Drivers/STM32H7xx_HAL_Driver/Src/stm32h7xx_hal_dma.c ****       hdma->DMAmuxRequestGenStatus->RGCFR = hdma->DMAmuxRequestGenStatusMask;
 441:Drivers/STM32H7xx_HAL_Driver/Src/stm32h7xx_hal_dma.c ****     }
 442:Drivers/STM32H7xx_HAL_Driver/Src/stm32h7xx_hal_dma.c ****     else
 443:Drivers/STM32H7xx_HAL_Driver/Src/stm32h7xx_hal_dma.c ****     {
 444:Drivers/STM32H7xx_HAL_Driver/Src/stm32h7xx_hal_dma.c ****       hdma->DMAmuxRequestGen = 0U;
 445:Drivers/STM32H7xx_HAL_Driver/Src/stm32h7xx_hal_dma.c ****       hdma->DMAmuxRequestGenStatus = 0U;
 446:Drivers/STM32H7xx_HAL_Driver/Src/stm32h7xx_hal_dma.c ****       hdma->DMAmuxRequestGenStatusMask = 0U;
 447:Drivers/STM32H7xx_HAL_Driver/Src/stm32h7xx_hal_dma.c ****     }
 448:Drivers/STM32H7xx_HAL_Driver/Src/stm32h7xx_hal_dma.c ****   }
 449:Drivers/STM32H7xx_HAL_Driver/Src/stm32h7xx_hal_dma.c **** 
 450:Drivers/STM32H7xx_HAL_Driver/Src/stm32h7xx_hal_dma.c ****   /* Initialize the error code */
 451:Drivers/STM32H7xx_HAL_Driver/Src/stm32h7xx_hal_dma.c ****   hdma->ErrorCode = HAL_DMA_ERROR_NONE;
 452:Drivers/STM32H7xx_HAL_Driver/Src/stm32h7xx_hal_dma.c **** 
 453:Drivers/STM32H7xx_HAL_Driver/Src/stm32h7xx_hal_dma.c ****   /* Initialize the DMA state */
 454:Drivers/STM32H7xx_HAL_Driver/Src/stm32h7xx_hal_dma.c ****   hdma->State = HAL_DMA_STATE_READY;
 455:Drivers/STM32H7xx_HAL_Driver/Src/stm32h7xx_hal_dma.c **** 
 456:Drivers/STM32H7xx_HAL_Driver/Src/stm32h7xx_hal_dma.c ****   return HAL_OK;
 457:Drivers/STM32H7xx_HAL_Driver/Src/stm32h7xx_hal_dma.c **** }
 458:Drivers/STM32H7xx_HAL_Driver/Src/stm32h7xx_hal_dma.c **** 
 459:Drivers/STM32H7xx_HAL_Driver/Src/stm32h7xx_hal_dma.c **** /**
 460:Drivers/STM32H7xx_HAL_Driver/Src/stm32h7xx_hal_dma.c ****   * @brief  DeInitializes the DMA peripheral
 461:Drivers/STM32H7xx_HAL_Driver/Src/stm32h7xx_hal_dma.c ****   * @param  hdma: pointer to a DMA_HandleTypeDef structure that contains
 462:Drivers/STM32H7xx_HAL_Driver/Src/stm32h7xx_hal_dma.c ****   *               the configuration information for the specified DMA Stream.
 463:Drivers/STM32H7xx_HAL_Driver/Src/stm32h7xx_hal_dma.c ****   * @retval HAL status
 464:Drivers/STM32H7xx_HAL_Driver/Src/stm32h7xx_hal_dma.c ****   */
 465:Drivers/STM32H7xx_HAL_Driver/Src/stm32h7xx_hal_dma.c **** HAL_StatusTypeDef HAL_DMA_DeInit(DMA_HandleTypeDef *hdma)
 466:Drivers/STM32H7xx_HAL_Driver/Src/stm32h7xx_hal_dma.c **** {
 467:Drivers/STM32H7xx_HAL_Driver/Src/stm32h7xx_hal_dma.c ****   DMA_Base_Registers *regs_dma;
 468:Drivers/STM32H7xx_HAL_Driver/Src/stm32h7xx_hal_dma.c ****   BDMA_Base_Registers *regs_bdma;
 469:Drivers/STM32H7xx_HAL_Driver/Src/stm32h7xx_hal_dma.c **** 
 470:Drivers/STM32H7xx_HAL_Driver/Src/stm32h7xx_hal_dma.c ****   /* Check the DMA peripheral handle */
 471:Drivers/STM32H7xx_HAL_Driver/Src/stm32h7xx_hal_dma.c ****   if(hdma == NULL)
 472:Drivers/STM32H7xx_HAL_Driver/Src/stm32h7xx_hal_dma.c ****   {
 473:Drivers/STM32H7xx_HAL_Driver/Src/stm32h7xx_hal_dma.c ****     return HAL_ERROR;
 474:Drivers/STM32H7xx_HAL_Driver/Src/stm32h7xx_hal_dma.c ****   }
 475:Drivers/STM32H7xx_HAL_Driver/Src/stm32h7xx_hal_dma.c **** 
 476:Drivers/STM32H7xx_HAL_Driver/Src/stm32h7xx_hal_dma.c ****   /* Disable the selected DMA Streamx */
 477:Drivers/STM32H7xx_HAL_Driver/Src/stm32h7xx_hal_dma.c ****   __HAL_DMA_DISABLE(hdma);
 478:Drivers/STM32H7xx_HAL_Driver/Src/stm32h7xx_hal_dma.c **** 
 479:Drivers/STM32H7xx_HAL_Driver/Src/stm32h7xx_hal_dma.c ****   if(IS_DMA_STREAM_INSTANCE(hdma->Instance) != 0U) /* DMA1 or DMA2 instance */
 480:Drivers/STM32H7xx_HAL_Driver/Src/stm32h7xx_hal_dma.c ****   {
 481:Drivers/STM32H7xx_HAL_Driver/Src/stm32h7xx_hal_dma.c ****     /* Reset DMA Streamx control register */
 482:Drivers/STM32H7xx_HAL_Driver/Src/stm32h7xx_hal_dma.c ****     ((DMA_Stream_TypeDef   *)hdma->Instance)->CR   = 0U;
 483:Drivers/STM32H7xx_HAL_Driver/Src/stm32h7xx_hal_dma.c **** 
 484:Drivers/STM32H7xx_HAL_Driver/Src/stm32h7xx_hal_dma.c ****     /* Reset DMA Streamx number of data to transfer register */
 485:Drivers/STM32H7xx_HAL_Driver/Src/stm32h7xx_hal_dma.c ****     ((DMA_Stream_TypeDef   *)hdma->Instance)->NDTR = 0U;
 486:Drivers/STM32H7xx_HAL_Driver/Src/stm32h7xx_hal_dma.c **** 
 487:Drivers/STM32H7xx_HAL_Driver/Src/stm32h7xx_hal_dma.c ****     /* Reset DMA Streamx peripheral address register */
ARM GAS  /tmp/ccMjPS5V.s 			page 10


 488:Drivers/STM32H7xx_HAL_Driver/Src/stm32h7xx_hal_dma.c ****     ((DMA_Stream_TypeDef   *)hdma->Instance)->PAR  = 0U;
 489:Drivers/STM32H7xx_HAL_Driver/Src/stm32h7xx_hal_dma.c **** 
 490:Drivers/STM32H7xx_HAL_Driver/Src/stm32h7xx_hal_dma.c ****     /* Reset DMA Streamx memory 0 address register */
 491:Drivers/STM32H7xx_HAL_Driver/Src/stm32h7xx_hal_dma.c ****     ((DMA_Stream_TypeDef   *)hdma->Instance)->M0AR = 0U;
 492:Drivers/STM32H7xx_HAL_Driver/Src/stm32h7xx_hal_dma.c **** 
 493:Drivers/STM32H7xx_HAL_Driver/Src/stm32h7xx_hal_dma.c ****     /* Reset DMA Streamx memory 1 address register */
 494:Drivers/STM32H7xx_HAL_Driver/Src/stm32h7xx_hal_dma.c ****     ((DMA_Stream_TypeDef   *)hdma->Instance)->M1AR = 0U;
 495:Drivers/STM32H7xx_HAL_Driver/Src/stm32h7xx_hal_dma.c **** 
 496:Drivers/STM32H7xx_HAL_Driver/Src/stm32h7xx_hal_dma.c ****     /* Reset DMA Streamx FIFO control register */
 497:Drivers/STM32H7xx_HAL_Driver/Src/stm32h7xx_hal_dma.c ****     ((DMA_Stream_TypeDef   *)hdma->Instance)->FCR  = (uint32_t)0x00000021U;
 498:Drivers/STM32H7xx_HAL_Driver/Src/stm32h7xx_hal_dma.c **** 
 499:Drivers/STM32H7xx_HAL_Driver/Src/stm32h7xx_hal_dma.c ****     /* Get DMA steam Base Address */
 500:Drivers/STM32H7xx_HAL_Driver/Src/stm32h7xx_hal_dma.c ****     regs_dma = (DMA_Base_Registers *)DMA_CalcBaseAndBitshift(hdma);
 501:Drivers/STM32H7xx_HAL_Driver/Src/stm32h7xx_hal_dma.c **** 
 502:Drivers/STM32H7xx_HAL_Driver/Src/stm32h7xx_hal_dma.c ****     /* Clear all interrupt flags at correct offset within the register */
 503:Drivers/STM32H7xx_HAL_Driver/Src/stm32h7xx_hal_dma.c ****     regs_dma->IFCR = 0x3FUL << (hdma->StreamIndex & 0x1FU);
 504:Drivers/STM32H7xx_HAL_Driver/Src/stm32h7xx_hal_dma.c ****   }
 505:Drivers/STM32H7xx_HAL_Driver/Src/stm32h7xx_hal_dma.c ****   else if(IS_BDMA_CHANNEL_INSTANCE(hdma->Instance) != 0U) /* BDMA instance(s) */
 506:Drivers/STM32H7xx_HAL_Driver/Src/stm32h7xx_hal_dma.c ****   {
 507:Drivers/STM32H7xx_HAL_Driver/Src/stm32h7xx_hal_dma.c ****     /* Reset DMA Channel control register */
 508:Drivers/STM32H7xx_HAL_Driver/Src/stm32h7xx_hal_dma.c ****     ((BDMA_Channel_TypeDef *)hdma->Instance)->CCR  = 0U;
 509:Drivers/STM32H7xx_HAL_Driver/Src/stm32h7xx_hal_dma.c **** 
 510:Drivers/STM32H7xx_HAL_Driver/Src/stm32h7xx_hal_dma.c ****     /* Reset DMA Channel Number of Data to Transfer register */
 511:Drivers/STM32H7xx_HAL_Driver/Src/stm32h7xx_hal_dma.c ****     ((BDMA_Channel_TypeDef *)hdma->Instance)->CNDTR = 0U;
 512:Drivers/STM32H7xx_HAL_Driver/Src/stm32h7xx_hal_dma.c **** 
 513:Drivers/STM32H7xx_HAL_Driver/Src/stm32h7xx_hal_dma.c ****     /* Reset DMA Channel peripheral address register */
 514:Drivers/STM32H7xx_HAL_Driver/Src/stm32h7xx_hal_dma.c ****     ((BDMA_Channel_TypeDef *)hdma->Instance)->CPAR  = 0U;
 515:Drivers/STM32H7xx_HAL_Driver/Src/stm32h7xx_hal_dma.c **** 
 516:Drivers/STM32H7xx_HAL_Driver/Src/stm32h7xx_hal_dma.c ****     /* Reset DMA Channel memory 0 address register */
 517:Drivers/STM32H7xx_HAL_Driver/Src/stm32h7xx_hal_dma.c ****     ((BDMA_Channel_TypeDef *)hdma->Instance)->CM0AR = 0U;
 518:Drivers/STM32H7xx_HAL_Driver/Src/stm32h7xx_hal_dma.c **** 
 519:Drivers/STM32H7xx_HAL_Driver/Src/stm32h7xx_hal_dma.c ****     /* Reset DMA Channel memory 1 address register */
 520:Drivers/STM32H7xx_HAL_Driver/Src/stm32h7xx_hal_dma.c ****     ((BDMA_Channel_TypeDef *)hdma->Instance)->CM1AR = 0U;
 521:Drivers/STM32H7xx_HAL_Driver/Src/stm32h7xx_hal_dma.c **** 
 522:Drivers/STM32H7xx_HAL_Driver/Src/stm32h7xx_hal_dma.c ****     /* Get DMA steam Base Address */
 523:Drivers/STM32H7xx_HAL_Driver/Src/stm32h7xx_hal_dma.c ****     regs_bdma = (BDMA_Base_Registers *)DMA_CalcBaseAndBitshift(hdma);
 524:Drivers/STM32H7xx_HAL_Driver/Src/stm32h7xx_hal_dma.c **** 
 525:Drivers/STM32H7xx_HAL_Driver/Src/stm32h7xx_hal_dma.c ****     /* Clear all interrupt flags at correct offset within the register */
 526:Drivers/STM32H7xx_HAL_Driver/Src/stm32h7xx_hal_dma.c ****     regs_bdma->IFCR = ((BDMA_IFCR_CGIF0) << (hdma->StreamIndex & 0x1FU));
 527:Drivers/STM32H7xx_HAL_Driver/Src/stm32h7xx_hal_dma.c ****   }
 528:Drivers/STM32H7xx_HAL_Driver/Src/stm32h7xx_hal_dma.c ****   else
 529:Drivers/STM32H7xx_HAL_Driver/Src/stm32h7xx_hal_dma.c ****   {
 530:Drivers/STM32H7xx_HAL_Driver/Src/stm32h7xx_hal_dma.c ****     /* Return error status */
 531:Drivers/STM32H7xx_HAL_Driver/Src/stm32h7xx_hal_dma.c ****     return HAL_ERROR;
 532:Drivers/STM32H7xx_HAL_Driver/Src/stm32h7xx_hal_dma.c ****   }
 533:Drivers/STM32H7xx_HAL_Driver/Src/stm32h7xx_hal_dma.c **** 
 534:Drivers/STM32H7xx_HAL_Driver/Src/stm32h7xx_hal_dma.c **** #if defined (BDMA1) /* No DMAMUX available for BDMA1 available on  STM32H7Ax/Bx devices only */
 535:Drivers/STM32H7xx_HAL_Driver/Src/stm32h7xx_hal_dma.c ****   if(IS_DMA_DMAMUX_ALL_INSTANCE(hdma->Instance) != 0U) /* No DMAMUX available for BDMA1 */
 536:Drivers/STM32H7xx_HAL_Driver/Src/stm32h7xx_hal_dma.c **** #endif /* BDMA1 */
 537:Drivers/STM32H7xx_HAL_Driver/Src/stm32h7xx_hal_dma.c ****   {
 538:Drivers/STM32H7xx_HAL_Driver/Src/stm32h7xx_hal_dma.c ****     /* Initialize parameters for DMAMUX channel :
 539:Drivers/STM32H7xx_HAL_Driver/Src/stm32h7xx_hal_dma.c ****     DMAmuxChannel, DMAmuxChannelStatus and DMAmuxChannelStatusMask */
 540:Drivers/STM32H7xx_HAL_Driver/Src/stm32h7xx_hal_dma.c ****     DMA_CalcDMAMUXChannelBaseAndMask(hdma);
 541:Drivers/STM32H7xx_HAL_Driver/Src/stm32h7xx_hal_dma.c **** 
 542:Drivers/STM32H7xx_HAL_Driver/Src/stm32h7xx_hal_dma.c ****     if(hdma->DMAmuxChannel != 0U)
 543:Drivers/STM32H7xx_HAL_Driver/Src/stm32h7xx_hal_dma.c ****     {
 544:Drivers/STM32H7xx_HAL_Driver/Src/stm32h7xx_hal_dma.c ****       /* Resett he DMAMUX channel that corresponds to the DMA stream */
ARM GAS  /tmp/ccMjPS5V.s 			page 11


 545:Drivers/STM32H7xx_HAL_Driver/Src/stm32h7xx_hal_dma.c ****       hdma->DMAmuxChannel->CCR = 0U;
 546:Drivers/STM32H7xx_HAL_Driver/Src/stm32h7xx_hal_dma.c **** 
 547:Drivers/STM32H7xx_HAL_Driver/Src/stm32h7xx_hal_dma.c ****       /* Clear the DMAMUX synchro overrun flag */
 548:Drivers/STM32H7xx_HAL_Driver/Src/stm32h7xx_hal_dma.c ****       hdma->DMAmuxChannelStatus->CFR = hdma->DMAmuxChannelStatusMask;
 549:Drivers/STM32H7xx_HAL_Driver/Src/stm32h7xx_hal_dma.c ****     }
 550:Drivers/STM32H7xx_HAL_Driver/Src/stm32h7xx_hal_dma.c **** 
 551:Drivers/STM32H7xx_HAL_Driver/Src/stm32h7xx_hal_dma.c ****     if((hdma->Init.Request >= DMA_REQUEST_GENERATOR0) && (hdma->Init.Request <= DMA_REQUEST_GENERAT
 552:Drivers/STM32H7xx_HAL_Driver/Src/stm32h7xx_hal_dma.c ****     {
 553:Drivers/STM32H7xx_HAL_Driver/Src/stm32h7xx_hal_dma.c ****       /* Initialize parameters for DMAMUX request generator :
 554:Drivers/STM32H7xx_HAL_Driver/Src/stm32h7xx_hal_dma.c ****       DMAmuxRequestGen, DMAmuxRequestGenStatus and DMAmuxRequestGenStatusMask */
 555:Drivers/STM32H7xx_HAL_Driver/Src/stm32h7xx_hal_dma.c ****       DMA_CalcDMAMUXRequestGenBaseAndMask(hdma);
 556:Drivers/STM32H7xx_HAL_Driver/Src/stm32h7xx_hal_dma.c **** 
 557:Drivers/STM32H7xx_HAL_Driver/Src/stm32h7xx_hal_dma.c ****       /* Reset the DMAMUX request generator register */
 558:Drivers/STM32H7xx_HAL_Driver/Src/stm32h7xx_hal_dma.c ****       hdma->DMAmuxRequestGen->RGCR = 0U;
 559:Drivers/STM32H7xx_HAL_Driver/Src/stm32h7xx_hal_dma.c **** 
 560:Drivers/STM32H7xx_HAL_Driver/Src/stm32h7xx_hal_dma.c ****       /* Clear the DMAMUX request generator overrun flag */
 561:Drivers/STM32H7xx_HAL_Driver/Src/stm32h7xx_hal_dma.c ****       hdma->DMAmuxRequestGenStatus->RGCFR = hdma->DMAmuxRequestGenStatusMask;
 562:Drivers/STM32H7xx_HAL_Driver/Src/stm32h7xx_hal_dma.c ****     }
 563:Drivers/STM32H7xx_HAL_Driver/Src/stm32h7xx_hal_dma.c **** 
 564:Drivers/STM32H7xx_HAL_Driver/Src/stm32h7xx_hal_dma.c ****     hdma->DMAmuxRequestGen = 0U;
 565:Drivers/STM32H7xx_HAL_Driver/Src/stm32h7xx_hal_dma.c ****     hdma->DMAmuxRequestGenStatus = 0U;
 566:Drivers/STM32H7xx_HAL_Driver/Src/stm32h7xx_hal_dma.c ****     hdma->DMAmuxRequestGenStatusMask = 0U;
 567:Drivers/STM32H7xx_HAL_Driver/Src/stm32h7xx_hal_dma.c ****   }
 568:Drivers/STM32H7xx_HAL_Driver/Src/stm32h7xx_hal_dma.c **** 
 569:Drivers/STM32H7xx_HAL_Driver/Src/stm32h7xx_hal_dma.c **** 
 570:Drivers/STM32H7xx_HAL_Driver/Src/stm32h7xx_hal_dma.c ****   /* Clean callbacks */
 571:Drivers/STM32H7xx_HAL_Driver/Src/stm32h7xx_hal_dma.c ****   hdma->XferCpltCallback       = NULL;
 572:Drivers/STM32H7xx_HAL_Driver/Src/stm32h7xx_hal_dma.c ****   hdma->XferHalfCpltCallback   = NULL;
 573:Drivers/STM32H7xx_HAL_Driver/Src/stm32h7xx_hal_dma.c ****   hdma->XferM1CpltCallback     = NULL;
 574:Drivers/STM32H7xx_HAL_Driver/Src/stm32h7xx_hal_dma.c ****   hdma->XferM1HalfCpltCallback = NULL;
 575:Drivers/STM32H7xx_HAL_Driver/Src/stm32h7xx_hal_dma.c ****   hdma->XferErrorCallback      = NULL;
 576:Drivers/STM32H7xx_HAL_Driver/Src/stm32h7xx_hal_dma.c ****   hdma->XferAbortCallback      = NULL;
 577:Drivers/STM32H7xx_HAL_Driver/Src/stm32h7xx_hal_dma.c **** 
 578:Drivers/STM32H7xx_HAL_Driver/Src/stm32h7xx_hal_dma.c ****   /* Initialize the error code */
 579:Drivers/STM32H7xx_HAL_Driver/Src/stm32h7xx_hal_dma.c ****   hdma->ErrorCode = HAL_DMA_ERROR_NONE;
 580:Drivers/STM32H7xx_HAL_Driver/Src/stm32h7xx_hal_dma.c **** 
 581:Drivers/STM32H7xx_HAL_Driver/Src/stm32h7xx_hal_dma.c ****   /* Initialize the DMA state */
 582:Drivers/STM32H7xx_HAL_Driver/Src/stm32h7xx_hal_dma.c ****   hdma->State = HAL_DMA_STATE_RESET;
 583:Drivers/STM32H7xx_HAL_Driver/Src/stm32h7xx_hal_dma.c **** 
 584:Drivers/STM32H7xx_HAL_Driver/Src/stm32h7xx_hal_dma.c ****   /* Release Lock */
 585:Drivers/STM32H7xx_HAL_Driver/Src/stm32h7xx_hal_dma.c ****   __HAL_UNLOCK(hdma);
 586:Drivers/STM32H7xx_HAL_Driver/Src/stm32h7xx_hal_dma.c **** 
 587:Drivers/STM32H7xx_HAL_Driver/Src/stm32h7xx_hal_dma.c ****   return HAL_OK;
 588:Drivers/STM32H7xx_HAL_Driver/Src/stm32h7xx_hal_dma.c **** }
 589:Drivers/STM32H7xx_HAL_Driver/Src/stm32h7xx_hal_dma.c **** 
 590:Drivers/STM32H7xx_HAL_Driver/Src/stm32h7xx_hal_dma.c **** /**
 591:Drivers/STM32H7xx_HAL_Driver/Src/stm32h7xx_hal_dma.c ****   * @}
 592:Drivers/STM32H7xx_HAL_Driver/Src/stm32h7xx_hal_dma.c ****   */
 593:Drivers/STM32H7xx_HAL_Driver/Src/stm32h7xx_hal_dma.c **** 
 594:Drivers/STM32H7xx_HAL_Driver/Src/stm32h7xx_hal_dma.c **** /** @addtogroup DMA_Exported_Functions_Group2
 595:Drivers/STM32H7xx_HAL_Driver/Src/stm32h7xx_hal_dma.c ****   *
 596:Drivers/STM32H7xx_HAL_Driver/Src/stm32h7xx_hal_dma.c **** @verbatim
 597:Drivers/STM32H7xx_HAL_Driver/Src/stm32h7xx_hal_dma.c ****  ===============================================================================
 598:Drivers/STM32H7xx_HAL_Driver/Src/stm32h7xx_hal_dma.c ****                       #####  IO operation functions  #####
 599:Drivers/STM32H7xx_HAL_Driver/Src/stm32h7xx_hal_dma.c ****  ===============================================================================
 600:Drivers/STM32H7xx_HAL_Driver/Src/stm32h7xx_hal_dma.c ****     [..]  This section provides functions allowing to:
 601:Drivers/STM32H7xx_HAL_Driver/Src/stm32h7xx_hal_dma.c ****       (+) Configure the source, destination address and data length and Start DMA transfer
ARM GAS  /tmp/ccMjPS5V.s 			page 12


 602:Drivers/STM32H7xx_HAL_Driver/Src/stm32h7xx_hal_dma.c ****       (+) Configure the source, destination address and data length and
 603:Drivers/STM32H7xx_HAL_Driver/Src/stm32h7xx_hal_dma.c ****           Start DMA transfer with interrupt
 604:Drivers/STM32H7xx_HAL_Driver/Src/stm32h7xx_hal_dma.c ****       (+) Register and Unregister DMA callbacks
 605:Drivers/STM32H7xx_HAL_Driver/Src/stm32h7xx_hal_dma.c ****       (+) Abort DMA transfer
 606:Drivers/STM32H7xx_HAL_Driver/Src/stm32h7xx_hal_dma.c ****       (+) Poll for transfer complete
 607:Drivers/STM32H7xx_HAL_Driver/Src/stm32h7xx_hal_dma.c ****       (+) Handle DMA interrupt request
 608:Drivers/STM32H7xx_HAL_Driver/Src/stm32h7xx_hal_dma.c **** 
 609:Drivers/STM32H7xx_HAL_Driver/Src/stm32h7xx_hal_dma.c **** @endverbatim
 610:Drivers/STM32H7xx_HAL_Driver/Src/stm32h7xx_hal_dma.c ****   * @{
 611:Drivers/STM32H7xx_HAL_Driver/Src/stm32h7xx_hal_dma.c ****   */
 612:Drivers/STM32H7xx_HAL_Driver/Src/stm32h7xx_hal_dma.c **** 
 613:Drivers/STM32H7xx_HAL_Driver/Src/stm32h7xx_hal_dma.c **** /**
 614:Drivers/STM32H7xx_HAL_Driver/Src/stm32h7xx_hal_dma.c ****   * @brief  Starts the DMA Transfer.
 615:Drivers/STM32H7xx_HAL_Driver/Src/stm32h7xx_hal_dma.c ****   * @param  hdma      : pointer to a DMA_HandleTypeDef structure that contains
 616:Drivers/STM32H7xx_HAL_Driver/Src/stm32h7xx_hal_dma.c ****   *                     the configuration information for the specified DMA Stream.
 617:Drivers/STM32H7xx_HAL_Driver/Src/stm32h7xx_hal_dma.c ****   * @param  SrcAddress: The source memory Buffer address
 618:Drivers/STM32H7xx_HAL_Driver/Src/stm32h7xx_hal_dma.c ****   * @param  DstAddress: The destination memory Buffer address
 619:Drivers/STM32H7xx_HAL_Driver/Src/stm32h7xx_hal_dma.c ****   * @param  DataLength: The length of data to be transferred from source to destination
 620:Drivers/STM32H7xx_HAL_Driver/Src/stm32h7xx_hal_dma.c ****   * @retval HAL status
 621:Drivers/STM32H7xx_HAL_Driver/Src/stm32h7xx_hal_dma.c ****   */
 622:Drivers/STM32H7xx_HAL_Driver/Src/stm32h7xx_hal_dma.c **** HAL_StatusTypeDef HAL_DMA_Start(DMA_HandleTypeDef *hdma, uint32_t SrcAddress, uint32_t DstAddress, 
 623:Drivers/STM32H7xx_HAL_Driver/Src/stm32h7xx_hal_dma.c **** {
 624:Drivers/STM32H7xx_HAL_Driver/Src/stm32h7xx_hal_dma.c ****   HAL_StatusTypeDef status = HAL_OK;
 625:Drivers/STM32H7xx_HAL_Driver/Src/stm32h7xx_hal_dma.c **** 
 626:Drivers/STM32H7xx_HAL_Driver/Src/stm32h7xx_hal_dma.c ****   /* Check the parameters */
 627:Drivers/STM32H7xx_HAL_Driver/Src/stm32h7xx_hal_dma.c ****   assert_param(IS_DMA_BUFFER_SIZE(DataLength));
 628:Drivers/STM32H7xx_HAL_Driver/Src/stm32h7xx_hal_dma.c **** 
 629:Drivers/STM32H7xx_HAL_Driver/Src/stm32h7xx_hal_dma.c ****   /* Check the DMA peripheral handle */
 630:Drivers/STM32H7xx_HAL_Driver/Src/stm32h7xx_hal_dma.c ****   if(hdma == NULL)
 631:Drivers/STM32H7xx_HAL_Driver/Src/stm32h7xx_hal_dma.c ****   {
 632:Drivers/STM32H7xx_HAL_Driver/Src/stm32h7xx_hal_dma.c ****     return HAL_ERROR;
 633:Drivers/STM32H7xx_HAL_Driver/Src/stm32h7xx_hal_dma.c ****   }
 634:Drivers/STM32H7xx_HAL_Driver/Src/stm32h7xx_hal_dma.c **** 
 635:Drivers/STM32H7xx_HAL_Driver/Src/stm32h7xx_hal_dma.c ****   /* Process locked */
 636:Drivers/STM32H7xx_HAL_Driver/Src/stm32h7xx_hal_dma.c ****   __HAL_LOCK(hdma);
 637:Drivers/STM32H7xx_HAL_Driver/Src/stm32h7xx_hal_dma.c **** 
 638:Drivers/STM32H7xx_HAL_Driver/Src/stm32h7xx_hal_dma.c ****   if(HAL_DMA_STATE_READY == hdma->State)
 639:Drivers/STM32H7xx_HAL_Driver/Src/stm32h7xx_hal_dma.c ****   {
 640:Drivers/STM32H7xx_HAL_Driver/Src/stm32h7xx_hal_dma.c ****     /* Change DMA peripheral state */
 641:Drivers/STM32H7xx_HAL_Driver/Src/stm32h7xx_hal_dma.c ****     hdma->State = HAL_DMA_STATE_BUSY;
 642:Drivers/STM32H7xx_HAL_Driver/Src/stm32h7xx_hal_dma.c **** 
 643:Drivers/STM32H7xx_HAL_Driver/Src/stm32h7xx_hal_dma.c ****     /* Initialize the error code */
 644:Drivers/STM32H7xx_HAL_Driver/Src/stm32h7xx_hal_dma.c ****     hdma->ErrorCode = HAL_DMA_ERROR_NONE;
 645:Drivers/STM32H7xx_HAL_Driver/Src/stm32h7xx_hal_dma.c **** 
 646:Drivers/STM32H7xx_HAL_Driver/Src/stm32h7xx_hal_dma.c ****     /* Disable the peripheral */
 647:Drivers/STM32H7xx_HAL_Driver/Src/stm32h7xx_hal_dma.c ****     __HAL_DMA_DISABLE(hdma);
 648:Drivers/STM32H7xx_HAL_Driver/Src/stm32h7xx_hal_dma.c **** 
 649:Drivers/STM32H7xx_HAL_Driver/Src/stm32h7xx_hal_dma.c ****     /* Configure the source, destination address and the data length */
 650:Drivers/STM32H7xx_HAL_Driver/Src/stm32h7xx_hal_dma.c ****     DMA_SetConfig(hdma, SrcAddress, DstAddress, DataLength);
 651:Drivers/STM32H7xx_HAL_Driver/Src/stm32h7xx_hal_dma.c **** 
 652:Drivers/STM32H7xx_HAL_Driver/Src/stm32h7xx_hal_dma.c ****     /* Enable the Peripheral */
 653:Drivers/STM32H7xx_HAL_Driver/Src/stm32h7xx_hal_dma.c ****     __HAL_DMA_ENABLE(hdma);
 654:Drivers/STM32H7xx_HAL_Driver/Src/stm32h7xx_hal_dma.c ****   }
 655:Drivers/STM32H7xx_HAL_Driver/Src/stm32h7xx_hal_dma.c ****   else
 656:Drivers/STM32H7xx_HAL_Driver/Src/stm32h7xx_hal_dma.c ****   {
 657:Drivers/STM32H7xx_HAL_Driver/Src/stm32h7xx_hal_dma.c ****     /* Set the error code to busy */
 658:Drivers/STM32H7xx_HAL_Driver/Src/stm32h7xx_hal_dma.c ****     hdma->ErrorCode = HAL_DMA_ERROR_BUSY;
ARM GAS  /tmp/ccMjPS5V.s 			page 13


 659:Drivers/STM32H7xx_HAL_Driver/Src/stm32h7xx_hal_dma.c **** 
 660:Drivers/STM32H7xx_HAL_Driver/Src/stm32h7xx_hal_dma.c ****     /* Process unlocked */
 661:Drivers/STM32H7xx_HAL_Driver/Src/stm32h7xx_hal_dma.c ****     __HAL_UNLOCK(hdma);
 662:Drivers/STM32H7xx_HAL_Driver/Src/stm32h7xx_hal_dma.c **** 
 663:Drivers/STM32H7xx_HAL_Driver/Src/stm32h7xx_hal_dma.c ****     /* Return error status */
 664:Drivers/STM32H7xx_HAL_Driver/Src/stm32h7xx_hal_dma.c ****     status = HAL_ERROR;
 665:Drivers/STM32H7xx_HAL_Driver/Src/stm32h7xx_hal_dma.c ****   }
 666:Drivers/STM32H7xx_HAL_Driver/Src/stm32h7xx_hal_dma.c ****   return status;
 667:Drivers/STM32H7xx_HAL_Driver/Src/stm32h7xx_hal_dma.c **** }
 668:Drivers/STM32H7xx_HAL_Driver/Src/stm32h7xx_hal_dma.c **** 
 669:Drivers/STM32H7xx_HAL_Driver/Src/stm32h7xx_hal_dma.c **** /**
 670:Drivers/STM32H7xx_HAL_Driver/Src/stm32h7xx_hal_dma.c ****   * @brief  Start the DMA Transfer with interrupt enabled.
 671:Drivers/STM32H7xx_HAL_Driver/Src/stm32h7xx_hal_dma.c ****   * @param  hdma:       pointer to a DMA_HandleTypeDef structure that contains
 672:Drivers/STM32H7xx_HAL_Driver/Src/stm32h7xx_hal_dma.c ****   *                     the configuration information for the specified DMA Stream.
 673:Drivers/STM32H7xx_HAL_Driver/Src/stm32h7xx_hal_dma.c ****   * @param  SrcAddress: The source memory Buffer address
 674:Drivers/STM32H7xx_HAL_Driver/Src/stm32h7xx_hal_dma.c ****   * @param  DstAddress: The destination memory Buffer address
 675:Drivers/STM32H7xx_HAL_Driver/Src/stm32h7xx_hal_dma.c ****   * @param  DataLength: The length of data to be transferred from source to destination
 676:Drivers/STM32H7xx_HAL_Driver/Src/stm32h7xx_hal_dma.c ****   * @retval HAL status
 677:Drivers/STM32H7xx_HAL_Driver/Src/stm32h7xx_hal_dma.c ****   */
 678:Drivers/STM32H7xx_HAL_Driver/Src/stm32h7xx_hal_dma.c **** HAL_StatusTypeDef HAL_DMA_Start_IT(DMA_HandleTypeDef *hdma, uint32_t SrcAddress, uint32_t DstAddres
 679:Drivers/STM32H7xx_HAL_Driver/Src/stm32h7xx_hal_dma.c **** {
 680:Drivers/STM32H7xx_HAL_Driver/Src/stm32h7xx_hal_dma.c ****   HAL_StatusTypeDef status = HAL_OK;
 681:Drivers/STM32H7xx_HAL_Driver/Src/stm32h7xx_hal_dma.c **** 
 682:Drivers/STM32H7xx_HAL_Driver/Src/stm32h7xx_hal_dma.c ****   /* Check the parameters */
 683:Drivers/STM32H7xx_HAL_Driver/Src/stm32h7xx_hal_dma.c ****   assert_param(IS_DMA_BUFFER_SIZE(DataLength));
 684:Drivers/STM32H7xx_HAL_Driver/Src/stm32h7xx_hal_dma.c **** 
 685:Drivers/STM32H7xx_HAL_Driver/Src/stm32h7xx_hal_dma.c ****   /* Check the DMA peripheral handle */
 686:Drivers/STM32H7xx_HAL_Driver/Src/stm32h7xx_hal_dma.c ****   if(hdma == NULL)
 687:Drivers/STM32H7xx_HAL_Driver/Src/stm32h7xx_hal_dma.c ****   {
 688:Drivers/STM32H7xx_HAL_Driver/Src/stm32h7xx_hal_dma.c ****     return HAL_ERROR;
 689:Drivers/STM32H7xx_HAL_Driver/Src/stm32h7xx_hal_dma.c ****   }
 690:Drivers/STM32H7xx_HAL_Driver/Src/stm32h7xx_hal_dma.c **** 
 691:Drivers/STM32H7xx_HAL_Driver/Src/stm32h7xx_hal_dma.c ****   /* Process locked */
 692:Drivers/STM32H7xx_HAL_Driver/Src/stm32h7xx_hal_dma.c ****   __HAL_LOCK(hdma);
 693:Drivers/STM32H7xx_HAL_Driver/Src/stm32h7xx_hal_dma.c **** 
 694:Drivers/STM32H7xx_HAL_Driver/Src/stm32h7xx_hal_dma.c ****   if(HAL_DMA_STATE_READY == hdma->State)
 695:Drivers/STM32H7xx_HAL_Driver/Src/stm32h7xx_hal_dma.c ****   {
 696:Drivers/STM32H7xx_HAL_Driver/Src/stm32h7xx_hal_dma.c ****     /* Change DMA peripheral state */
 697:Drivers/STM32H7xx_HAL_Driver/Src/stm32h7xx_hal_dma.c ****     hdma->State = HAL_DMA_STATE_BUSY;
 698:Drivers/STM32H7xx_HAL_Driver/Src/stm32h7xx_hal_dma.c **** 
 699:Drivers/STM32H7xx_HAL_Driver/Src/stm32h7xx_hal_dma.c ****     /* Initialize the error code */
 700:Drivers/STM32H7xx_HAL_Driver/Src/stm32h7xx_hal_dma.c ****     hdma->ErrorCode = HAL_DMA_ERROR_NONE;
 701:Drivers/STM32H7xx_HAL_Driver/Src/stm32h7xx_hal_dma.c **** 
 702:Drivers/STM32H7xx_HAL_Driver/Src/stm32h7xx_hal_dma.c ****     /* Disable the peripheral */
 703:Drivers/STM32H7xx_HAL_Driver/Src/stm32h7xx_hal_dma.c ****     __HAL_DMA_DISABLE(hdma);
 704:Drivers/STM32H7xx_HAL_Driver/Src/stm32h7xx_hal_dma.c **** 
 705:Drivers/STM32H7xx_HAL_Driver/Src/stm32h7xx_hal_dma.c ****     /* Configure the source, destination address and the data length */
 706:Drivers/STM32H7xx_HAL_Driver/Src/stm32h7xx_hal_dma.c ****     DMA_SetConfig(hdma, SrcAddress, DstAddress, DataLength);
 707:Drivers/STM32H7xx_HAL_Driver/Src/stm32h7xx_hal_dma.c **** 
 708:Drivers/STM32H7xx_HAL_Driver/Src/stm32h7xx_hal_dma.c ****     if(IS_DMA_STREAM_INSTANCE(hdma->Instance) != 0U) /* DMA1 or DMA2 instance */
 709:Drivers/STM32H7xx_HAL_Driver/Src/stm32h7xx_hal_dma.c ****     {
 710:Drivers/STM32H7xx_HAL_Driver/Src/stm32h7xx_hal_dma.c ****       /* Enable Common interrupts*/
 711:Drivers/STM32H7xx_HAL_Driver/Src/stm32h7xx_hal_dma.c ****       MODIFY_REG(((DMA_Stream_TypeDef   *)hdma->Instance)->CR, (DMA_IT_TC | DMA_IT_TE | DMA_IT_DME 
 712:Drivers/STM32H7xx_HAL_Driver/Src/stm32h7xx_hal_dma.c **** 
 713:Drivers/STM32H7xx_HAL_Driver/Src/stm32h7xx_hal_dma.c ****       if(hdma->XferHalfCpltCallback != NULL)
 714:Drivers/STM32H7xx_HAL_Driver/Src/stm32h7xx_hal_dma.c ****       {
 715:Drivers/STM32H7xx_HAL_Driver/Src/stm32h7xx_hal_dma.c ****         /* Enable Half Transfer IT if corresponding Callback is set */
ARM GAS  /tmp/ccMjPS5V.s 			page 14


 716:Drivers/STM32H7xx_HAL_Driver/Src/stm32h7xx_hal_dma.c ****         ((DMA_Stream_TypeDef   *)hdma->Instance)->CR  |= DMA_IT_HT;
 717:Drivers/STM32H7xx_HAL_Driver/Src/stm32h7xx_hal_dma.c ****       }
 718:Drivers/STM32H7xx_HAL_Driver/Src/stm32h7xx_hal_dma.c ****     }
 719:Drivers/STM32H7xx_HAL_Driver/Src/stm32h7xx_hal_dma.c ****     else /* BDMA channel */
 720:Drivers/STM32H7xx_HAL_Driver/Src/stm32h7xx_hal_dma.c ****     {
 721:Drivers/STM32H7xx_HAL_Driver/Src/stm32h7xx_hal_dma.c ****       /* Enable Common interrupts */
 722:Drivers/STM32H7xx_HAL_Driver/Src/stm32h7xx_hal_dma.c ****       MODIFY_REG(((BDMA_Channel_TypeDef   *)hdma->Instance)->CCR, (BDMA_CCR_TCIE | BDMA_CCR_HTIE | 
 723:Drivers/STM32H7xx_HAL_Driver/Src/stm32h7xx_hal_dma.c **** 
 724:Drivers/STM32H7xx_HAL_Driver/Src/stm32h7xx_hal_dma.c ****       if(hdma->XferHalfCpltCallback != NULL)
 725:Drivers/STM32H7xx_HAL_Driver/Src/stm32h7xx_hal_dma.c ****       {
 726:Drivers/STM32H7xx_HAL_Driver/Src/stm32h7xx_hal_dma.c ****         /*Enable Half Transfer IT if corresponding Callback is set */
 727:Drivers/STM32H7xx_HAL_Driver/Src/stm32h7xx_hal_dma.c ****         ((BDMA_Channel_TypeDef   *)hdma->Instance)->CCR  |= BDMA_CCR_HTIE;
 728:Drivers/STM32H7xx_HAL_Driver/Src/stm32h7xx_hal_dma.c ****       }
 729:Drivers/STM32H7xx_HAL_Driver/Src/stm32h7xx_hal_dma.c ****     }
 730:Drivers/STM32H7xx_HAL_Driver/Src/stm32h7xx_hal_dma.c **** 
 731:Drivers/STM32H7xx_HAL_Driver/Src/stm32h7xx_hal_dma.c ****     if(IS_DMA_DMAMUX_ALL_INSTANCE(hdma->Instance) != 0U) /* No DMAMUX available for BDMA1 */
 732:Drivers/STM32H7xx_HAL_Driver/Src/stm32h7xx_hal_dma.c ****     {
 733:Drivers/STM32H7xx_HAL_Driver/Src/stm32h7xx_hal_dma.c ****       /* Check if DMAMUX Synchronization is enabled */
 734:Drivers/STM32H7xx_HAL_Driver/Src/stm32h7xx_hal_dma.c ****       if((hdma->DMAmuxChannel->CCR & DMAMUX_CxCR_SE) != 0U)
 735:Drivers/STM32H7xx_HAL_Driver/Src/stm32h7xx_hal_dma.c ****       {
 736:Drivers/STM32H7xx_HAL_Driver/Src/stm32h7xx_hal_dma.c ****         /* Enable DMAMUX sync overrun IT*/
 737:Drivers/STM32H7xx_HAL_Driver/Src/stm32h7xx_hal_dma.c ****         hdma->DMAmuxChannel->CCR |= DMAMUX_CxCR_SOIE;
 738:Drivers/STM32H7xx_HAL_Driver/Src/stm32h7xx_hal_dma.c ****       }
 739:Drivers/STM32H7xx_HAL_Driver/Src/stm32h7xx_hal_dma.c **** 
 740:Drivers/STM32H7xx_HAL_Driver/Src/stm32h7xx_hal_dma.c ****       if(hdma->DMAmuxRequestGen != 0U)
 741:Drivers/STM32H7xx_HAL_Driver/Src/stm32h7xx_hal_dma.c ****       {
 742:Drivers/STM32H7xx_HAL_Driver/Src/stm32h7xx_hal_dma.c ****         /* if using DMAMUX request generator, enable the DMAMUX request generator overrun IT*/
 743:Drivers/STM32H7xx_HAL_Driver/Src/stm32h7xx_hal_dma.c ****         /* enable the request gen overrun IT */
 744:Drivers/STM32H7xx_HAL_Driver/Src/stm32h7xx_hal_dma.c ****         hdma->DMAmuxRequestGen->RGCR |= DMAMUX_RGxCR_OIE;
 745:Drivers/STM32H7xx_HAL_Driver/Src/stm32h7xx_hal_dma.c ****       }
 746:Drivers/STM32H7xx_HAL_Driver/Src/stm32h7xx_hal_dma.c ****     }
 747:Drivers/STM32H7xx_HAL_Driver/Src/stm32h7xx_hal_dma.c **** 
 748:Drivers/STM32H7xx_HAL_Driver/Src/stm32h7xx_hal_dma.c ****     /* Enable the Peripheral */
 749:Drivers/STM32H7xx_HAL_Driver/Src/stm32h7xx_hal_dma.c ****     __HAL_DMA_ENABLE(hdma);
 750:Drivers/STM32H7xx_HAL_Driver/Src/stm32h7xx_hal_dma.c ****   }
 751:Drivers/STM32H7xx_HAL_Driver/Src/stm32h7xx_hal_dma.c ****   else
 752:Drivers/STM32H7xx_HAL_Driver/Src/stm32h7xx_hal_dma.c ****   {
 753:Drivers/STM32H7xx_HAL_Driver/Src/stm32h7xx_hal_dma.c ****     /* Set the error code to busy */
 754:Drivers/STM32H7xx_HAL_Driver/Src/stm32h7xx_hal_dma.c ****     hdma->ErrorCode = HAL_DMA_ERROR_BUSY;
 755:Drivers/STM32H7xx_HAL_Driver/Src/stm32h7xx_hal_dma.c **** 
 756:Drivers/STM32H7xx_HAL_Driver/Src/stm32h7xx_hal_dma.c ****     /* Process unlocked */
 757:Drivers/STM32H7xx_HAL_Driver/Src/stm32h7xx_hal_dma.c ****     __HAL_UNLOCK(hdma);
 758:Drivers/STM32H7xx_HAL_Driver/Src/stm32h7xx_hal_dma.c **** 
 759:Drivers/STM32H7xx_HAL_Driver/Src/stm32h7xx_hal_dma.c ****     /* Return error status */
 760:Drivers/STM32H7xx_HAL_Driver/Src/stm32h7xx_hal_dma.c ****     status = HAL_ERROR;
 761:Drivers/STM32H7xx_HAL_Driver/Src/stm32h7xx_hal_dma.c ****   }
 762:Drivers/STM32H7xx_HAL_Driver/Src/stm32h7xx_hal_dma.c **** 
 763:Drivers/STM32H7xx_HAL_Driver/Src/stm32h7xx_hal_dma.c ****   return status;
 764:Drivers/STM32H7xx_HAL_Driver/Src/stm32h7xx_hal_dma.c **** }
 765:Drivers/STM32H7xx_HAL_Driver/Src/stm32h7xx_hal_dma.c **** 
 766:Drivers/STM32H7xx_HAL_Driver/Src/stm32h7xx_hal_dma.c **** /**
 767:Drivers/STM32H7xx_HAL_Driver/Src/stm32h7xx_hal_dma.c ****   * @brief  Aborts the DMA Transfer.
 768:Drivers/STM32H7xx_HAL_Driver/Src/stm32h7xx_hal_dma.c ****   * @param  hdma  : pointer to a DMA_HandleTypeDef structure that contains
 769:Drivers/STM32H7xx_HAL_Driver/Src/stm32h7xx_hal_dma.c ****   *                 the configuration information for the specified DMA Stream.
 770:Drivers/STM32H7xx_HAL_Driver/Src/stm32h7xx_hal_dma.c ****   *
 771:Drivers/STM32H7xx_HAL_Driver/Src/stm32h7xx_hal_dma.c ****   * @note  After disabling a DMA Stream, a check for wait until the DMA Stream is
 772:Drivers/STM32H7xx_HAL_Driver/Src/stm32h7xx_hal_dma.c ****   *        effectively disabled is added. If a Stream is disabled
ARM GAS  /tmp/ccMjPS5V.s 			page 15


 773:Drivers/STM32H7xx_HAL_Driver/Src/stm32h7xx_hal_dma.c ****   *        while a data transfer is ongoing, the current data will be transferred
 774:Drivers/STM32H7xx_HAL_Driver/Src/stm32h7xx_hal_dma.c ****   *        and the Stream will be effectively disabled only after the transfer of
 775:Drivers/STM32H7xx_HAL_Driver/Src/stm32h7xx_hal_dma.c ****   *        this single data is finished.
 776:Drivers/STM32H7xx_HAL_Driver/Src/stm32h7xx_hal_dma.c ****   * @retval HAL status
 777:Drivers/STM32H7xx_HAL_Driver/Src/stm32h7xx_hal_dma.c ****   */
 778:Drivers/STM32H7xx_HAL_Driver/Src/stm32h7xx_hal_dma.c **** HAL_StatusTypeDef HAL_DMA_Abort(DMA_HandleTypeDef *hdma)
 779:Drivers/STM32H7xx_HAL_Driver/Src/stm32h7xx_hal_dma.c **** {
 780:Drivers/STM32H7xx_HAL_Driver/Src/stm32h7xx_hal_dma.c ****   /* calculate DMA base and stream number */
 781:Drivers/STM32H7xx_HAL_Driver/Src/stm32h7xx_hal_dma.c ****   DMA_Base_Registers *regs_dma;
 782:Drivers/STM32H7xx_HAL_Driver/Src/stm32h7xx_hal_dma.c ****   BDMA_Base_Registers *regs_bdma;
 783:Drivers/STM32H7xx_HAL_Driver/Src/stm32h7xx_hal_dma.c ****   const __IO uint32_t *enableRegister;
 784:Drivers/STM32H7xx_HAL_Driver/Src/stm32h7xx_hal_dma.c **** 
 785:Drivers/STM32H7xx_HAL_Driver/Src/stm32h7xx_hal_dma.c ****   uint32_t tickstart = HAL_GetTick();
 786:Drivers/STM32H7xx_HAL_Driver/Src/stm32h7xx_hal_dma.c **** 
 787:Drivers/STM32H7xx_HAL_Driver/Src/stm32h7xx_hal_dma.c ****  /* Check the DMA peripheral handle */
 788:Drivers/STM32H7xx_HAL_Driver/Src/stm32h7xx_hal_dma.c ****   if(hdma == NULL)
 789:Drivers/STM32H7xx_HAL_Driver/Src/stm32h7xx_hal_dma.c ****   {
 790:Drivers/STM32H7xx_HAL_Driver/Src/stm32h7xx_hal_dma.c ****     return HAL_ERROR;
 791:Drivers/STM32H7xx_HAL_Driver/Src/stm32h7xx_hal_dma.c ****   }
 792:Drivers/STM32H7xx_HAL_Driver/Src/stm32h7xx_hal_dma.c **** 
 793:Drivers/STM32H7xx_HAL_Driver/Src/stm32h7xx_hal_dma.c ****   /* Check the DMA peripheral state */
 794:Drivers/STM32H7xx_HAL_Driver/Src/stm32h7xx_hal_dma.c ****   if(hdma->State != HAL_DMA_STATE_BUSY)
 795:Drivers/STM32H7xx_HAL_Driver/Src/stm32h7xx_hal_dma.c ****   {
 796:Drivers/STM32H7xx_HAL_Driver/Src/stm32h7xx_hal_dma.c ****     hdma->ErrorCode = HAL_DMA_ERROR_NO_XFER;
 797:Drivers/STM32H7xx_HAL_Driver/Src/stm32h7xx_hal_dma.c **** 
 798:Drivers/STM32H7xx_HAL_Driver/Src/stm32h7xx_hal_dma.c ****     /* Process Unlocked */
 799:Drivers/STM32H7xx_HAL_Driver/Src/stm32h7xx_hal_dma.c ****     __HAL_UNLOCK(hdma);
 800:Drivers/STM32H7xx_HAL_Driver/Src/stm32h7xx_hal_dma.c **** 
 801:Drivers/STM32H7xx_HAL_Driver/Src/stm32h7xx_hal_dma.c ****     return HAL_ERROR;
 802:Drivers/STM32H7xx_HAL_Driver/Src/stm32h7xx_hal_dma.c ****   }
 803:Drivers/STM32H7xx_HAL_Driver/Src/stm32h7xx_hal_dma.c ****   else
 804:Drivers/STM32H7xx_HAL_Driver/Src/stm32h7xx_hal_dma.c ****   {
 805:Drivers/STM32H7xx_HAL_Driver/Src/stm32h7xx_hal_dma.c ****     /* Disable the stream/channel */
 806:Drivers/STM32H7xx_HAL_Driver/Src/stm32h7xx_hal_dma.c ****     __HAL_DMA_DISABLE(hdma);
 807:Drivers/STM32H7xx_HAL_Driver/Src/stm32h7xx_hal_dma.c **** 
 808:Drivers/STM32H7xx_HAL_Driver/Src/stm32h7xx_hal_dma.c ****     /* Disable all the transfer interrupts */
 809:Drivers/STM32H7xx_HAL_Driver/Src/stm32h7xx_hal_dma.c ****     if(IS_DMA_STREAM_INSTANCE(hdma->Instance) != 0U) /* DMA1 or DMA2 instance */
 810:Drivers/STM32H7xx_HAL_Driver/Src/stm32h7xx_hal_dma.c ****     {
 811:Drivers/STM32H7xx_HAL_Driver/Src/stm32h7xx_hal_dma.c ****        /* Disable DMA All Interrupts  */
 812:Drivers/STM32H7xx_HAL_Driver/Src/stm32h7xx_hal_dma.c ****       ((DMA_Stream_TypeDef   *)hdma->Instance)->CR  &= ~(DMA_IT_TC | DMA_IT_TE | DMA_IT_DME | DMA_I
 813:Drivers/STM32H7xx_HAL_Driver/Src/stm32h7xx_hal_dma.c ****       ((DMA_Stream_TypeDef   *)hdma->Instance)->FCR &= ~(DMA_IT_FE);
 814:Drivers/STM32H7xx_HAL_Driver/Src/stm32h7xx_hal_dma.c **** 
 815:Drivers/STM32H7xx_HAL_Driver/Src/stm32h7xx_hal_dma.c ****       enableRegister = (__IO uint32_t *)(&(((DMA_Stream_TypeDef   *)hdma->Instance)->CR));
 816:Drivers/STM32H7xx_HAL_Driver/Src/stm32h7xx_hal_dma.c ****     }
 817:Drivers/STM32H7xx_HAL_Driver/Src/stm32h7xx_hal_dma.c ****     else /* BDMA channel */
 818:Drivers/STM32H7xx_HAL_Driver/Src/stm32h7xx_hal_dma.c ****     {
 819:Drivers/STM32H7xx_HAL_Driver/Src/stm32h7xx_hal_dma.c ****       /* Disable DMA All Interrupts */
 820:Drivers/STM32H7xx_HAL_Driver/Src/stm32h7xx_hal_dma.c ****       ((BDMA_Channel_TypeDef   *)hdma->Instance)->CCR  &= ~(BDMA_CCR_TCIE | BDMA_CCR_HTIE | BDMA_CC
 821:Drivers/STM32H7xx_HAL_Driver/Src/stm32h7xx_hal_dma.c **** 
 822:Drivers/STM32H7xx_HAL_Driver/Src/stm32h7xx_hal_dma.c ****       enableRegister = (__IO uint32_t *)(&(((BDMA_Channel_TypeDef   *)hdma->Instance)->CCR));
 823:Drivers/STM32H7xx_HAL_Driver/Src/stm32h7xx_hal_dma.c ****     }
 824:Drivers/STM32H7xx_HAL_Driver/Src/stm32h7xx_hal_dma.c **** 
 825:Drivers/STM32H7xx_HAL_Driver/Src/stm32h7xx_hal_dma.c ****     if(IS_DMA_DMAMUX_ALL_INSTANCE(hdma->Instance) != 0U) /* No DMAMUX available for BDMA1 */
 826:Drivers/STM32H7xx_HAL_Driver/Src/stm32h7xx_hal_dma.c ****     {
 827:Drivers/STM32H7xx_HAL_Driver/Src/stm32h7xx_hal_dma.c ****       /* disable the DMAMUX sync overrun IT */
 828:Drivers/STM32H7xx_HAL_Driver/Src/stm32h7xx_hal_dma.c ****       hdma->DMAmuxChannel->CCR &= ~DMAMUX_CxCR_SOIE;
 829:Drivers/STM32H7xx_HAL_Driver/Src/stm32h7xx_hal_dma.c ****     }
ARM GAS  /tmp/ccMjPS5V.s 			page 16


 830:Drivers/STM32H7xx_HAL_Driver/Src/stm32h7xx_hal_dma.c **** 
 831:Drivers/STM32H7xx_HAL_Driver/Src/stm32h7xx_hal_dma.c ****     /* Check if the DMA Stream is effectively disabled */
 832:Drivers/STM32H7xx_HAL_Driver/Src/stm32h7xx_hal_dma.c ****     while(((*enableRegister) & DMA_SxCR_EN) != 0U)
 833:Drivers/STM32H7xx_HAL_Driver/Src/stm32h7xx_hal_dma.c ****     {
 834:Drivers/STM32H7xx_HAL_Driver/Src/stm32h7xx_hal_dma.c ****       /* Check for the Timeout */
 835:Drivers/STM32H7xx_HAL_Driver/Src/stm32h7xx_hal_dma.c ****       if((HAL_GetTick() - tickstart ) > HAL_TIMEOUT_DMA_ABORT)
 836:Drivers/STM32H7xx_HAL_Driver/Src/stm32h7xx_hal_dma.c ****       {
 837:Drivers/STM32H7xx_HAL_Driver/Src/stm32h7xx_hal_dma.c ****         /* Update error code */
 838:Drivers/STM32H7xx_HAL_Driver/Src/stm32h7xx_hal_dma.c ****         hdma->ErrorCode = HAL_DMA_ERROR_TIMEOUT;
 839:Drivers/STM32H7xx_HAL_Driver/Src/stm32h7xx_hal_dma.c **** 
 840:Drivers/STM32H7xx_HAL_Driver/Src/stm32h7xx_hal_dma.c ****         /* Change the DMA state */
 841:Drivers/STM32H7xx_HAL_Driver/Src/stm32h7xx_hal_dma.c ****         hdma->State = HAL_DMA_STATE_ERROR;
 842:Drivers/STM32H7xx_HAL_Driver/Src/stm32h7xx_hal_dma.c **** 
 843:Drivers/STM32H7xx_HAL_Driver/Src/stm32h7xx_hal_dma.c ****         /* Process Unlocked */
 844:Drivers/STM32H7xx_HAL_Driver/Src/stm32h7xx_hal_dma.c ****         __HAL_UNLOCK(hdma);
 845:Drivers/STM32H7xx_HAL_Driver/Src/stm32h7xx_hal_dma.c **** 
 846:Drivers/STM32H7xx_HAL_Driver/Src/stm32h7xx_hal_dma.c ****         return HAL_ERROR;
 847:Drivers/STM32H7xx_HAL_Driver/Src/stm32h7xx_hal_dma.c ****       }
 848:Drivers/STM32H7xx_HAL_Driver/Src/stm32h7xx_hal_dma.c ****     }
 849:Drivers/STM32H7xx_HAL_Driver/Src/stm32h7xx_hal_dma.c **** 
 850:Drivers/STM32H7xx_HAL_Driver/Src/stm32h7xx_hal_dma.c ****     /* Clear all interrupt flags at correct offset within the register */
 851:Drivers/STM32H7xx_HAL_Driver/Src/stm32h7xx_hal_dma.c ****     if(IS_DMA_STREAM_INSTANCE(hdma->Instance) != 0U) /* DMA1 or DMA2 instance */
 852:Drivers/STM32H7xx_HAL_Driver/Src/stm32h7xx_hal_dma.c ****     {
 853:Drivers/STM32H7xx_HAL_Driver/Src/stm32h7xx_hal_dma.c ****       regs_dma = (DMA_Base_Registers *)hdma->StreamBaseAddress;
 854:Drivers/STM32H7xx_HAL_Driver/Src/stm32h7xx_hal_dma.c ****       regs_dma->IFCR = 0x3FUL << (hdma->StreamIndex & 0x1FU);
 855:Drivers/STM32H7xx_HAL_Driver/Src/stm32h7xx_hal_dma.c ****     }
 856:Drivers/STM32H7xx_HAL_Driver/Src/stm32h7xx_hal_dma.c ****     else /* BDMA channel */
 857:Drivers/STM32H7xx_HAL_Driver/Src/stm32h7xx_hal_dma.c ****     {
 858:Drivers/STM32H7xx_HAL_Driver/Src/stm32h7xx_hal_dma.c ****       regs_bdma = (BDMA_Base_Registers *)hdma->StreamBaseAddress;
 859:Drivers/STM32H7xx_HAL_Driver/Src/stm32h7xx_hal_dma.c ****       regs_bdma->IFCR = ((BDMA_IFCR_CGIF0) << (hdma->StreamIndex & 0x1FU));
 860:Drivers/STM32H7xx_HAL_Driver/Src/stm32h7xx_hal_dma.c ****     }
 861:Drivers/STM32H7xx_HAL_Driver/Src/stm32h7xx_hal_dma.c **** 
 862:Drivers/STM32H7xx_HAL_Driver/Src/stm32h7xx_hal_dma.c ****     if(IS_DMA_DMAMUX_ALL_INSTANCE(hdma->Instance) != 0U) /* No DMAMUX available for BDMA1 */
 863:Drivers/STM32H7xx_HAL_Driver/Src/stm32h7xx_hal_dma.c ****     {
 864:Drivers/STM32H7xx_HAL_Driver/Src/stm32h7xx_hal_dma.c ****       /* Clear the DMAMUX synchro overrun flag */
 865:Drivers/STM32H7xx_HAL_Driver/Src/stm32h7xx_hal_dma.c ****       hdma->DMAmuxChannelStatus->CFR = hdma->DMAmuxChannelStatusMask;
 866:Drivers/STM32H7xx_HAL_Driver/Src/stm32h7xx_hal_dma.c **** 
 867:Drivers/STM32H7xx_HAL_Driver/Src/stm32h7xx_hal_dma.c ****       if(hdma->DMAmuxRequestGen != 0U)
 868:Drivers/STM32H7xx_HAL_Driver/Src/stm32h7xx_hal_dma.c ****       {
 869:Drivers/STM32H7xx_HAL_Driver/Src/stm32h7xx_hal_dma.c ****         /* if using DMAMUX request generator, disable the DMAMUX request generator overrun IT */
 870:Drivers/STM32H7xx_HAL_Driver/Src/stm32h7xx_hal_dma.c ****         /* disable the request gen overrun IT */
 871:Drivers/STM32H7xx_HAL_Driver/Src/stm32h7xx_hal_dma.c ****         hdma->DMAmuxRequestGen->RGCR &= ~DMAMUX_RGxCR_OIE;
 872:Drivers/STM32H7xx_HAL_Driver/Src/stm32h7xx_hal_dma.c **** 
 873:Drivers/STM32H7xx_HAL_Driver/Src/stm32h7xx_hal_dma.c ****         /* Clear the DMAMUX request generator overrun flag */
 874:Drivers/STM32H7xx_HAL_Driver/Src/stm32h7xx_hal_dma.c ****         hdma->DMAmuxRequestGenStatus->RGCFR = hdma->DMAmuxRequestGenStatusMask;
 875:Drivers/STM32H7xx_HAL_Driver/Src/stm32h7xx_hal_dma.c ****       }
 876:Drivers/STM32H7xx_HAL_Driver/Src/stm32h7xx_hal_dma.c ****     }
 877:Drivers/STM32H7xx_HAL_Driver/Src/stm32h7xx_hal_dma.c **** 
 878:Drivers/STM32H7xx_HAL_Driver/Src/stm32h7xx_hal_dma.c ****     /* Change the DMA state */
 879:Drivers/STM32H7xx_HAL_Driver/Src/stm32h7xx_hal_dma.c ****     hdma->State = HAL_DMA_STATE_READY;
 880:Drivers/STM32H7xx_HAL_Driver/Src/stm32h7xx_hal_dma.c **** 
 881:Drivers/STM32H7xx_HAL_Driver/Src/stm32h7xx_hal_dma.c ****     /* Process Unlocked */
 882:Drivers/STM32H7xx_HAL_Driver/Src/stm32h7xx_hal_dma.c ****     __HAL_UNLOCK(hdma);
 883:Drivers/STM32H7xx_HAL_Driver/Src/stm32h7xx_hal_dma.c ****   }
 884:Drivers/STM32H7xx_HAL_Driver/Src/stm32h7xx_hal_dma.c **** 
 885:Drivers/STM32H7xx_HAL_Driver/Src/stm32h7xx_hal_dma.c ****   return HAL_OK;
 886:Drivers/STM32H7xx_HAL_Driver/Src/stm32h7xx_hal_dma.c **** }
ARM GAS  /tmp/ccMjPS5V.s 			page 17


 887:Drivers/STM32H7xx_HAL_Driver/Src/stm32h7xx_hal_dma.c **** 
 888:Drivers/STM32H7xx_HAL_Driver/Src/stm32h7xx_hal_dma.c **** /**
 889:Drivers/STM32H7xx_HAL_Driver/Src/stm32h7xx_hal_dma.c ****   * @brief  Aborts the DMA Transfer in Interrupt mode.
 890:Drivers/STM32H7xx_HAL_Driver/Src/stm32h7xx_hal_dma.c ****   * @param  hdma  : pointer to a DMA_HandleTypeDef structure that contains
 891:Drivers/STM32H7xx_HAL_Driver/Src/stm32h7xx_hal_dma.c ****   *                 the configuration information for the specified DMA Stream.
 892:Drivers/STM32H7xx_HAL_Driver/Src/stm32h7xx_hal_dma.c ****   * @retval HAL status
 893:Drivers/STM32H7xx_HAL_Driver/Src/stm32h7xx_hal_dma.c ****   */
 894:Drivers/STM32H7xx_HAL_Driver/Src/stm32h7xx_hal_dma.c **** HAL_StatusTypeDef HAL_DMA_Abort_IT(DMA_HandleTypeDef *hdma)
 895:Drivers/STM32H7xx_HAL_Driver/Src/stm32h7xx_hal_dma.c **** {
 896:Drivers/STM32H7xx_HAL_Driver/Src/stm32h7xx_hal_dma.c ****   BDMA_Base_Registers *regs_bdma;
 897:Drivers/STM32H7xx_HAL_Driver/Src/stm32h7xx_hal_dma.c **** 
 898:Drivers/STM32H7xx_HAL_Driver/Src/stm32h7xx_hal_dma.c ****   /* Check the DMA peripheral handle */
 899:Drivers/STM32H7xx_HAL_Driver/Src/stm32h7xx_hal_dma.c ****   if(hdma == NULL)
 900:Drivers/STM32H7xx_HAL_Driver/Src/stm32h7xx_hal_dma.c ****   {
 901:Drivers/STM32H7xx_HAL_Driver/Src/stm32h7xx_hal_dma.c ****     return HAL_ERROR;
 902:Drivers/STM32H7xx_HAL_Driver/Src/stm32h7xx_hal_dma.c ****   }
 903:Drivers/STM32H7xx_HAL_Driver/Src/stm32h7xx_hal_dma.c **** 
 904:Drivers/STM32H7xx_HAL_Driver/Src/stm32h7xx_hal_dma.c ****   if(hdma->State != HAL_DMA_STATE_BUSY)
 905:Drivers/STM32H7xx_HAL_Driver/Src/stm32h7xx_hal_dma.c ****   {
 906:Drivers/STM32H7xx_HAL_Driver/Src/stm32h7xx_hal_dma.c ****     hdma->ErrorCode = HAL_DMA_ERROR_NO_XFER;
 907:Drivers/STM32H7xx_HAL_Driver/Src/stm32h7xx_hal_dma.c ****     return HAL_ERROR;
 908:Drivers/STM32H7xx_HAL_Driver/Src/stm32h7xx_hal_dma.c ****   }
 909:Drivers/STM32H7xx_HAL_Driver/Src/stm32h7xx_hal_dma.c ****   else
 910:Drivers/STM32H7xx_HAL_Driver/Src/stm32h7xx_hal_dma.c ****   {
 911:Drivers/STM32H7xx_HAL_Driver/Src/stm32h7xx_hal_dma.c ****     if(IS_DMA_STREAM_INSTANCE(hdma->Instance) != 0U) /* DMA1 or DMA2 instance */
 912:Drivers/STM32H7xx_HAL_Driver/Src/stm32h7xx_hal_dma.c ****     {
 913:Drivers/STM32H7xx_HAL_Driver/Src/stm32h7xx_hal_dma.c ****       /* Set Abort State  */
 914:Drivers/STM32H7xx_HAL_Driver/Src/stm32h7xx_hal_dma.c ****       hdma->State = HAL_DMA_STATE_ABORT;
 915:Drivers/STM32H7xx_HAL_Driver/Src/stm32h7xx_hal_dma.c **** 
 916:Drivers/STM32H7xx_HAL_Driver/Src/stm32h7xx_hal_dma.c ****       /* Disable the stream */
 917:Drivers/STM32H7xx_HAL_Driver/Src/stm32h7xx_hal_dma.c ****       __HAL_DMA_DISABLE(hdma);
 918:Drivers/STM32H7xx_HAL_Driver/Src/stm32h7xx_hal_dma.c ****     }
 919:Drivers/STM32H7xx_HAL_Driver/Src/stm32h7xx_hal_dma.c ****     else /* BDMA channel */
 920:Drivers/STM32H7xx_HAL_Driver/Src/stm32h7xx_hal_dma.c ****     {
 921:Drivers/STM32H7xx_HAL_Driver/Src/stm32h7xx_hal_dma.c ****       /* Disable the channel */
 922:Drivers/STM32H7xx_HAL_Driver/Src/stm32h7xx_hal_dma.c ****       __HAL_DMA_DISABLE(hdma);
 923:Drivers/STM32H7xx_HAL_Driver/Src/stm32h7xx_hal_dma.c **** 
 924:Drivers/STM32H7xx_HAL_Driver/Src/stm32h7xx_hal_dma.c ****       /* Disable DMA All Interrupts  */
 925:Drivers/STM32H7xx_HAL_Driver/Src/stm32h7xx_hal_dma.c ****       ((BDMA_Channel_TypeDef *)hdma->Instance)->CCR  &= ~(BDMA_CCR_TCIE | BDMA_CCR_HTIE | BDMA_CCR_
 926:Drivers/STM32H7xx_HAL_Driver/Src/stm32h7xx_hal_dma.c **** 
 927:Drivers/STM32H7xx_HAL_Driver/Src/stm32h7xx_hal_dma.c ****       if(IS_DMA_DMAMUX_ALL_INSTANCE(hdma->Instance) != 0U) /* No DMAMUX available for BDMA1 */
 928:Drivers/STM32H7xx_HAL_Driver/Src/stm32h7xx_hal_dma.c ****       {
 929:Drivers/STM32H7xx_HAL_Driver/Src/stm32h7xx_hal_dma.c ****         /* disable the DMAMUX sync overrun IT */
 930:Drivers/STM32H7xx_HAL_Driver/Src/stm32h7xx_hal_dma.c ****         hdma->DMAmuxChannel->CCR &= ~DMAMUX_CxCR_SOIE;
 931:Drivers/STM32H7xx_HAL_Driver/Src/stm32h7xx_hal_dma.c **** 
 932:Drivers/STM32H7xx_HAL_Driver/Src/stm32h7xx_hal_dma.c ****         /* Clear all flags */
 933:Drivers/STM32H7xx_HAL_Driver/Src/stm32h7xx_hal_dma.c ****         regs_bdma = (BDMA_Base_Registers *)hdma->StreamBaseAddress;
 934:Drivers/STM32H7xx_HAL_Driver/Src/stm32h7xx_hal_dma.c ****         regs_bdma->IFCR = ((BDMA_IFCR_CGIF0) << (hdma->StreamIndex & 0x1FU));
 935:Drivers/STM32H7xx_HAL_Driver/Src/stm32h7xx_hal_dma.c **** 
 936:Drivers/STM32H7xx_HAL_Driver/Src/stm32h7xx_hal_dma.c ****         /* Clear the DMAMUX synchro overrun flag */
 937:Drivers/STM32H7xx_HAL_Driver/Src/stm32h7xx_hal_dma.c ****         hdma->DMAmuxChannelStatus->CFR = hdma->DMAmuxChannelStatusMask;
 938:Drivers/STM32H7xx_HAL_Driver/Src/stm32h7xx_hal_dma.c **** 
 939:Drivers/STM32H7xx_HAL_Driver/Src/stm32h7xx_hal_dma.c ****         if(hdma->DMAmuxRequestGen != 0U)
 940:Drivers/STM32H7xx_HAL_Driver/Src/stm32h7xx_hal_dma.c ****         {
 941:Drivers/STM32H7xx_HAL_Driver/Src/stm32h7xx_hal_dma.c ****           /* if using DMAMUX request generator, disable the DMAMUX request generator overrun IT*/
 942:Drivers/STM32H7xx_HAL_Driver/Src/stm32h7xx_hal_dma.c ****           /* disable the request gen overrun IT */
 943:Drivers/STM32H7xx_HAL_Driver/Src/stm32h7xx_hal_dma.c ****           hdma->DMAmuxRequestGen->RGCR &= ~DMAMUX_RGxCR_OIE;
ARM GAS  /tmp/ccMjPS5V.s 			page 18


 944:Drivers/STM32H7xx_HAL_Driver/Src/stm32h7xx_hal_dma.c **** 
 945:Drivers/STM32H7xx_HAL_Driver/Src/stm32h7xx_hal_dma.c ****           /* Clear the DMAMUX request generator overrun flag */
 946:Drivers/STM32H7xx_HAL_Driver/Src/stm32h7xx_hal_dma.c ****           hdma->DMAmuxRequestGenStatus->RGCFR = hdma->DMAmuxRequestGenStatusMask;
 947:Drivers/STM32H7xx_HAL_Driver/Src/stm32h7xx_hal_dma.c ****         }
 948:Drivers/STM32H7xx_HAL_Driver/Src/stm32h7xx_hal_dma.c ****       }
 949:Drivers/STM32H7xx_HAL_Driver/Src/stm32h7xx_hal_dma.c **** 
 950:Drivers/STM32H7xx_HAL_Driver/Src/stm32h7xx_hal_dma.c ****       /* Change the DMA state */
 951:Drivers/STM32H7xx_HAL_Driver/Src/stm32h7xx_hal_dma.c ****       hdma->State = HAL_DMA_STATE_READY;
 952:Drivers/STM32H7xx_HAL_Driver/Src/stm32h7xx_hal_dma.c **** 
 953:Drivers/STM32H7xx_HAL_Driver/Src/stm32h7xx_hal_dma.c ****       /* Process Unlocked */
 954:Drivers/STM32H7xx_HAL_Driver/Src/stm32h7xx_hal_dma.c ****       __HAL_UNLOCK(hdma);
 955:Drivers/STM32H7xx_HAL_Driver/Src/stm32h7xx_hal_dma.c **** 
 956:Drivers/STM32H7xx_HAL_Driver/Src/stm32h7xx_hal_dma.c ****       /* Call User Abort callback */
 957:Drivers/STM32H7xx_HAL_Driver/Src/stm32h7xx_hal_dma.c ****       if(hdma->XferAbortCallback != NULL)
 958:Drivers/STM32H7xx_HAL_Driver/Src/stm32h7xx_hal_dma.c ****       {
 959:Drivers/STM32H7xx_HAL_Driver/Src/stm32h7xx_hal_dma.c ****         hdma->XferAbortCallback(hdma);
 960:Drivers/STM32H7xx_HAL_Driver/Src/stm32h7xx_hal_dma.c ****       }
 961:Drivers/STM32H7xx_HAL_Driver/Src/stm32h7xx_hal_dma.c ****     }
 962:Drivers/STM32H7xx_HAL_Driver/Src/stm32h7xx_hal_dma.c ****   }
 963:Drivers/STM32H7xx_HAL_Driver/Src/stm32h7xx_hal_dma.c **** 
 964:Drivers/STM32H7xx_HAL_Driver/Src/stm32h7xx_hal_dma.c ****   return HAL_OK;
 965:Drivers/STM32H7xx_HAL_Driver/Src/stm32h7xx_hal_dma.c **** }
 966:Drivers/STM32H7xx_HAL_Driver/Src/stm32h7xx_hal_dma.c **** 
 967:Drivers/STM32H7xx_HAL_Driver/Src/stm32h7xx_hal_dma.c **** /**
 968:Drivers/STM32H7xx_HAL_Driver/Src/stm32h7xx_hal_dma.c ****   * @brief  Polling for transfer complete.
 969:Drivers/STM32H7xx_HAL_Driver/Src/stm32h7xx_hal_dma.c ****   * @param  hdma:          pointer to a DMA_HandleTypeDef structure that contains
 970:Drivers/STM32H7xx_HAL_Driver/Src/stm32h7xx_hal_dma.c ****   *                        the configuration information for the specified DMA Stream.
 971:Drivers/STM32H7xx_HAL_Driver/Src/stm32h7xx_hal_dma.c ****   * @param  CompleteLevel: Specifies the DMA level complete.
 972:Drivers/STM32H7xx_HAL_Driver/Src/stm32h7xx_hal_dma.c ****   * @note   The polling mode is kept in this version for legacy. it is recommended to use the IT mo
 973:Drivers/STM32H7xx_HAL_Driver/Src/stm32h7xx_hal_dma.c ****   *         This model could be used for debug purpose.
 974:Drivers/STM32H7xx_HAL_Driver/Src/stm32h7xx_hal_dma.c ****   * @note   The HAL_DMA_PollForTransfer API cannot be used in circular and double buffering mode (a
 975:Drivers/STM32H7xx_HAL_Driver/Src/stm32h7xx_hal_dma.c ****   * @param  Timeout:       Timeout duration.
 976:Drivers/STM32H7xx_HAL_Driver/Src/stm32h7xx_hal_dma.c ****   * @retval HAL status
 977:Drivers/STM32H7xx_HAL_Driver/Src/stm32h7xx_hal_dma.c ****   */
 978:Drivers/STM32H7xx_HAL_Driver/Src/stm32h7xx_hal_dma.c **** HAL_StatusTypeDef HAL_DMA_PollForTransfer(DMA_HandleTypeDef *hdma, HAL_DMA_LevelCompleteTypeDef Com
 979:Drivers/STM32H7xx_HAL_Driver/Src/stm32h7xx_hal_dma.c **** {
 980:Drivers/STM32H7xx_HAL_Driver/Src/stm32h7xx_hal_dma.c ****   HAL_StatusTypeDef status = HAL_OK;
 981:Drivers/STM32H7xx_HAL_Driver/Src/stm32h7xx_hal_dma.c ****   uint32_t cpltlevel_mask;
 982:Drivers/STM32H7xx_HAL_Driver/Src/stm32h7xx_hal_dma.c ****   uint32_t tickstart = HAL_GetTick();
 983:Drivers/STM32H7xx_HAL_Driver/Src/stm32h7xx_hal_dma.c **** 
 984:Drivers/STM32H7xx_HAL_Driver/Src/stm32h7xx_hal_dma.c ****   /* IT status register */
 985:Drivers/STM32H7xx_HAL_Driver/Src/stm32h7xx_hal_dma.c ****   __IO uint32_t *isr_reg;
 986:Drivers/STM32H7xx_HAL_Driver/Src/stm32h7xx_hal_dma.c ****   /* IT clear flag register */
 987:Drivers/STM32H7xx_HAL_Driver/Src/stm32h7xx_hal_dma.c ****   __IO uint32_t *ifcr_reg;
 988:Drivers/STM32H7xx_HAL_Driver/Src/stm32h7xx_hal_dma.c **** 
 989:Drivers/STM32H7xx_HAL_Driver/Src/stm32h7xx_hal_dma.c ****   /* Check the DMA peripheral handle */
 990:Drivers/STM32H7xx_HAL_Driver/Src/stm32h7xx_hal_dma.c ****   if(hdma == NULL)
 991:Drivers/STM32H7xx_HAL_Driver/Src/stm32h7xx_hal_dma.c ****   {
 992:Drivers/STM32H7xx_HAL_Driver/Src/stm32h7xx_hal_dma.c ****     return HAL_ERROR;
 993:Drivers/STM32H7xx_HAL_Driver/Src/stm32h7xx_hal_dma.c ****   }
 994:Drivers/STM32H7xx_HAL_Driver/Src/stm32h7xx_hal_dma.c **** 
 995:Drivers/STM32H7xx_HAL_Driver/Src/stm32h7xx_hal_dma.c ****   if(HAL_DMA_STATE_BUSY != hdma->State)
 996:Drivers/STM32H7xx_HAL_Driver/Src/stm32h7xx_hal_dma.c ****   {
 997:Drivers/STM32H7xx_HAL_Driver/Src/stm32h7xx_hal_dma.c ****     /* No transfer ongoing */
 998:Drivers/STM32H7xx_HAL_Driver/Src/stm32h7xx_hal_dma.c ****     hdma->ErrorCode = HAL_DMA_ERROR_NO_XFER;
 999:Drivers/STM32H7xx_HAL_Driver/Src/stm32h7xx_hal_dma.c ****     __HAL_UNLOCK(hdma);
1000:Drivers/STM32H7xx_HAL_Driver/Src/stm32h7xx_hal_dma.c **** 
ARM GAS  /tmp/ccMjPS5V.s 			page 19


1001:Drivers/STM32H7xx_HAL_Driver/Src/stm32h7xx_hal_dma.c ****     return HAL_ERROR;
1002:Drivers/STM32H7xx_HAL_Driver/Src/stm32h7xx_hal_dma.c ****   }
1003:Drivers/STM32H7xx_HAL_Driver/Src/stm32h7xx_hal_dma.c **** 
1004:Drivers/STM32H7xx_HAL_Driver/Src/stm32h7xx_hal_dma.c ****   if(IS_DMA_STREAM_INSTANCE(hdma->Instance) != 0U) /* DMA1 or DMA2 instance */
1005:Drivers/STM32H7xx_HAL_Driver/Src/stm32h7xx_hal_dma.c ****   {
1006:Drivers/STM32H7xx_HAL_Driver/Src/stm32h7xx_hal_dma.c ****     /* Polling mode not supported in circular mode and double buffering mode */
1007:Drivers/STM32H7xx_HAL_Driver/Src/stm32h7xx_hal_dma.c ****     if ((((DMA_Stream_TypeDef   *)hdma->Instance)->CR & DMA_SxCR_CIRC) != 0U)
1008:Drivers/STM32H7xx_HAL_Driver/Src/stm32h7xx_hal_dma.c ****     {
1009:Drivers/STM32H7xx_HAL_Driver/Src/stm32h7xx_hal_dma.c ****       hdma->ErrorCode = HAL_DMA_ERROR_NOT_SUPPORTED;
1010:Drivers/STM32H7xx_HAL_Driver/Src/stm32h7xx_hal_dma.c ****       return HAL_ERROR;
1011:Drivers/STM32H7xx_HAL_Driver/Src/stm32h7xx_hal_dma.c ****     }
1012:Drivers/STM32H7xx_HAL_Driver/Src/stm32h7xx_hal_dma.c **** 
1013:Drivers/STM32H7xx_HAL_Driver/Src/stm32h7xx_hal_dma.c ****     /* Get the level transfer complete flag */
1014:Drivers/STM32H7xx_HAL_Driver/Src/stm32h7xx_hal_dma.c ****     if(CompleteLevel == HAL_DMA_FULL_TRANSFER)
1015:Drivers/STM32H7xx_HAL_Driver/Src/stm32h7xx_hal_dma.c ****     {
1016:Drivers/STM32H7xx_HAL_Driver/Src/stm32h7xx_hal_dma.c ****       /* Transfer Complete flag */
1017:Drivers/STM32H7xx_HAL_Driver/Src/stm32h7xx_hal_dma.c ****       cpltlevel_mask = DMA_FLAG_TCIF0_4 << (hdma->StreamIndex & 0x1FU);
1018:Drivers/STM32H7xx_HAL_Driver/Src/stm32h7xx_hal_dma.c ****     }
1019:Drivers/STM32H7xx_HAL_Driver/Src/stm32h7xx_hal_dma.c ****     else
1020:Drivers/STM32H7xx_HAL_Driver/Src/stm32h7xx_hal_dma.c ****     {
1021:Drivers/STM32H7xx_HAL_Driver/Src/stm32h7xx_hal_dma.c ****       /* Half Transfer Complete flag */
1022:Drivers/STM32H7xx_HAL_Driver/Src/stm32h7xx_hal_dma.c ****       cpltlevel_mask = DMA_FLAG_HTIF0_4 << (hdma->StreamIndex & 0x1FU);
1023:Drivers/STM32H7xx_HAL_Driver/Src/stm32h7xx_hal_dma.c ****     }
1024:Drivers/STM32H7xx_HAL_Driver/Src/stm32h7xx_hal_dma.c **** 
1025:Drivers/STM32H7xx_HAL_Driver/Src/stm32h7xx_hal_dma.c ****     isr_reg  = &(((DMA_Base_Registers *)hdma->StreamBaseAddress)->ISR);
1026:Drivers/STM32H7xx_HAL_Driver/Src/stm32h7xx_hal_dma.c ****     ifcr_reg = &(((DMA_Base_Registers *)hdma->StreamBaseAddress)->IFCR);
1027:Drivers/STM32H7xx_HAL_Driver/Src/stm32h7xx_hal_dma.c ****   }
1028:Drivers/STM32H7xx_HAL_Driver/Src/stm32h7xx_hal_dma.c ****   else /* BDMA channel */
1029:Drivers/STM32H7xx_HAL_Driver/Src/stm32h7xx_hal_dma.c ****   {
1030:Drivers/STM32H7xx_HAL_Driver/Src/stm32h7xx_hal_dma.c ****     /* Polling mode not supported in circular mode */
1031:Drivers/STM32H7xx_HAL_Driver/Src/stm32h7xx_hal_dma.c ****     if ((((BDMA_Channel_TypeDef   *)hdma->Instance)->CCR & BDMA_CCR_CIRC) != 0U)
1032:Drivers/STM32H7xx_HAL_Driver/Src/stm32h7xx_hal_dma.c ****     {
1033:Drivers/STM32H7xx_HAL_Driver/Src/stm32h7xx_hal_dma.c ****       hdma->ErrorCode = HAL_DMA_ERROR_NOT_SUPPORTED;
1034:Drivers/STM32H7xx_HAL_Driver/Src/stm32h7xx_hal_dma.c ****       return HAL_ERROR;
1035:Drivers/STM32H7xx_HAL_Driver/Src/stm32h7xx_hal_dma.c ****     }
1036:Drivers/STM32H7xx_HAL_Driver/Src/stm32h7xx_hal_dma.c **** 
1037:Drivers/STM32H7xx_HAL_Driver/Src/stm32h7xx_hal_dma.c ****     /* Get the level transfer complete flag */
1038:Drivers/STM32H7xx_HAL_Driver/Src/stm32h7xx_hal_dma.c ****     if(CompleteLevel == HAL_DMA_FULL_TRANSFER)
1039:Drivers/STM32H7xx_HAL_Driver/Src/stm32h7xx_hal_dma.c ****     {
1040:Drivers/STM32H7xx_HAL_Driver/Src/stm32h7xx_hal_dma.c ****       /* Transfer Complete flag */
1041:Drivers/STM32H7xx_HAL_Driver/Src/stm32h7xx_hal_dma.c ****       cpltlevel_mask = BDMA_FLAG_TC0 << (hdma->StreamIndex & 0x1FU);
1042:Drivers/STM32H7xx_HAL_Driver/Src/stm32h7xx_hal_dma.c ****     }
1043:Drivers/STM32H7xx_HAL_Driver/Src/stm32h7xx_hal_dma.c ****     else
1044:Drivers/STM32H7xx_HAL_Driver/Src/stm32h7xx_hal_dma.c ****     {
1045:Drivers/STM32H7xx_HAL_Driver/Src/stm32h7xx_hal_dma.c ****       /* Half Transfer Complete flag */
1046:Drivers/STM32H7xx_HAL_Driver/Src/stm32h7xx_hal_dma.c ****       cpltlevel_mask = BDMA_FLAG_HT0 << (hdma->StreamIndex & 0x1FU);
1047:Drivers/STM32H7xx_HAL_Driver/Src/stm32h7xx_hal_dma.c ****     }
1048:Drivers/STM32H7xx_HAL_Driver/Src/stm32h7xx_hal_dma.c **** 
1049:Drivers/STM32H7xx_HAL_Driver/Src/stm32h7xx_hal_dma.c ****     isr_reg  = &(((BDMA_Base_Registers *)hdma->StreamBaseAddress)->ISR);
1050:Drivers/STM32H7xx_HAL_Driver/Src/stm32h7xx_hal_dma.c ****     ifcr_reg = &(((BDMA_Base_Registers *)hdma->StreamBaseAddress)->IFCR);
1051:Drivers/STM32H7xx_HAL_Driver/Src/stm32h7xx_hal_dma.c ****   }
1052:Drivers/STM32H7xx_HAL_Driver/Src/stm32h7xx_hal_dma.c **** 
1053:Drivers/STM32H7xx_HAL_Driver/Src/stm32h7xx_hal_dma.c ****   while(((*isr_reg) & cpltlevel_mask) == 0U)
1054:Drivers/STM32H7xx_HAL_Driver/Src/stm32h7xx_hal_dma.c ****   {
1055:Drivers/STM32H7xx_HAL_Driver/Src/stm32h7xx_hal_dma.c ****     if(IS_DMA_STREAM_INSTANCE(hdma->Instance) != 0U) /* DMA1 or DMA2 instance */
1056:Drivers/STM32H7xx_HAL_Driver/Src/stm32h7xx_hal_dma.c ****     {
1057:Drivers/STM32H7xx_HAL_Driver/Src/stm32h7xx_hal_dma.c ****       if(((*isr_reg) & (DMA_FLAG_FEIF0_4 << (hdma->StreamIndex & 0x1FU))) != 0U)
ARM GAS  /tmp/ccMjPS5V.s 			page 20


1058:Drivers/STM32H7xx_HAL_Driver/Src/stm32h7xx_hal_dma.c ****       {
1059:Drivers/STM32H7xx_HAL_Driver/Src/stm32h7xx_hal_dma.c ****         /* Update error code */
1060:Drivers/STM32H7xx_HAL_Driver/Src/stm32h7xx_hal_dma.c ****         hdma->ErrorCode |= HAL_DMA_ERROR_FE;
1061:Drivers/STM32H7xx_HAL_Driver/Src/stm32h7xx_hal_dma.c **** 
1062:Drivers/STM32H7xx_HAL_Driver/Src/stm32h7xx_hal_dma.c ****         /* Clear the FIFO error flag */
1063:Drivers/STM32H7xx_HAL_Driver/Src/stm32h7xx_hal_dma.c ****         (*ifcr_reg) = DMA_FLAG_FEIF0_4 << (hdma->StreamIndex & 0x1FU);
1064:Drivers/STM32H7xx_HAL_Driver/Src/stm32h7xx_hal_dma.c ****       }
1065:Drivers/STM32H7xx_HAL_Driver/Src/stm32h7xx_hal_dma.c **** 
1066:Drivers/STM32H7xx_HAL_Driver/Src/stm32h7xx_hal_dma.c ****       if(((*isr_reg) & (DMA_FLAG_DMEIF0_4 << (hdma->StreamIndex & 0x1FU))) != 0U)
1067:Drivers/STM32H7xx_HAL_Driver/Src/stm32h7xx_hal_dma.c ****       {
1068:Drivers/STM32H7xx_HAL_Driver/Src/stm32h7xx_hal_dma.c ****         /* Update error code */
1069:Drivers/STM32H7xx_HAL_Driver/Src/stm32h7xx_hal_dma.c ****         hdma->ErrorCode |= HAL_DMA_ERROR_DME;
1070:Drivers/STM32H7xx_HAL_Driver/Src/stm32h7xx_hal_dma.c **** 
1071:Drivers/STM32H7xx_HAL_Driver/Src/stm32h7xx_hal_dma.c ****         /* Clear the Direct Mode error flag */
1072:Drivers/STM32H7xx_HAL_Driver/Src/stm32h7xx_hal_dma.c ****         (*ifcr_reg) = DMA_FLAG_DMEIF0_4 << (hdma->StreamIndex & 0x1FU);
1073:Drivers/STM32H7xx_HAL_Driver/Src/stm32h7xx_hal_dma.c ****       }
1074:Drivers/STM32H7xx_HAL_Driver/Src/stm32h7xx_hal_dma.c **** 
1075:Drivers/STM32H7xx_HAL_Driver/Src/stm32h7xx_hal_dma.c ****       if(((*isr_reg) & (DMA_FLAG_TEIF0_4 << (hdma->StreamIndex & 0x1FU))) != 0U)
1076:Drivers/STM32H7xx_HAL_Driver/Src/stm32h7xx_hal_dma.c ****       {
1077:Drivers/STM32H7xx_HAL_Driver/Src/stm32h7xx_hal_dma.c ****         /* Update error code */
1078:Drivers/STM32H7xx_HAL_Driver/Src/stm32h7xx_hal_dma.c ****         hdma->ErrorCode |= HAL_DMA_ERROR_TE;
1079:Drivers/STM32H7xx_HAL_Driver/Src/stm32h7xx_hal_dma.c **** 
1080:Drivers/STM32H7xx_HAL_Driver/Src/stm32h7xx_hal_dma.c ****         /* Clear the transfer error flag */
1081:Drivers/STM32H7xx_HAL_Driver/Src/stm32h7xx_hal_dma.c ****         (*ifcr_reg) = DMA_FLAG_TEIF0_4 << (hdma->StreamIndex & 0x1FU);
1082:Drivers/STM32H7xx_HAL_Driver/Src/stm32h7xx_hal_dma.c **** 
1083:Drivers/STM32H7xx_HAL_Driver/Src/stm32h7xx_hal_dma.c ****         /* Change the DMA state */
1084:Drivers/STM32H7xx_HAL_Driver/Src/stm32h7xx_hal_dma.c ****         hdma->State = HAL_DMA_STATE_READY;
1085:Drivers/STM32H7xx_HAL_Driver/Src/stm32h7xx_hal_dma.c **** 
1086:Drivers/STM32H7xx_HAL_Driver/Src/stm32h7xx_hal_dma.c ****         /* Process Unlocked */
1087:Drivers/STM32H7xx_HAL_Driver/Src/stm32h7xx_hal_dma.c ****         __HAL_UNLOCK(hdma);
1088:Drivers/STM32H7xx_HAL_Driver/Src/stm32h7xx_hal_dma.c **** 
1089:Drivers/STM32H7xx_HAL_Driver/Src/stm32h7xx_hal_dma.c ****         return HAL_ERROR;
1090:Drivers/STM32H7xx_HAL_Driver/Src/stm32h7xx_hal_dma.c ****       }
1091:Drivers/STM32H7xx_HAL_Driver/Src/stm32h7xx_hal_dma.c ****     }
1092:Drivers/STM32H7xx_HAL_Driver/Src/stm32h7xx_hal_dma.c ****     else /* BDMA channel */
1093:Drivers/STM32H7xx_HAL_Driver/Src/stm32h7xx_hal_dma.c ****     {
1094:Drivers/STM32H7xx_HAL_Driver/Src/stm32h7xx_hal_dma.c ****       if(((*isr_reg) & (BDMA_FLAG_TE0 << (hdma->StreamIndex & 0x1FU))) != 0U)
1095:Drivers/STM32H7xx_HAL_Driver/Src/stm32h7xx_hal_dma.c ****       {
1096:Drivers/STM32H7xx_HAL_Driver/Src/stm32h7xx_hal_dma.c ****         /* When a DMA transfer error occurs */
1097:Drivers/STM32H7xx_HAL_Driver/Src/stm32h7xx_hal_dma.c ****         /* A hardware clear of its EN bits is performed */
1098:Drivers/STM32H7xx_HAL_Driver/Src/stm32h7xx_hal_dma.c ****         /* Clear all flags */
1099:Drivers/STM32H7xx_HAL_Driver/Src/stm32h7xx_hal_dma.c ****         (*isr_reg) = ((BDMA_ISR_GIF0) << (hdma->StreamIndex & 0x1FU));
1100:Drivers/STM32H7xx_HAL_Driver/Src/stm32h7xx_hal_dma.c **** 
1101:Drivers/STM32H7xx_HAL_Driver/Src/stm32h7xx_hal_dma.c ****         /* Update error code */
1102:Drivers/STM32H7xx_HAL_Driver/Src/stm32h7xx_hal_dma.c ****         hdma->ErrorCode = HAL_DMA_ERROR_TE;
1103:Drivers/STM32H7xx_HAL_Driver/Src/stm32h7xx_hal_dma.c **** 
1104:Drivers/STM32H7xx_HAL_Driver/Src/stm32h7xx_hal_dma.c ****         /* Change the DMA state */
1105:Drivers/STM32H7xx_HAL_Driver/Src/stm32h7xx_hal_dma.c ****         hdma->State = HAL_DMA_STATE_READY;
1106:Drivers/STM32H7xx_HAL_Driver/Src/stm32h7xx_hal_dma.c **** 
1107:Drivers/STM32H7xx_HAL_Driver/Src/stm32h7xx_hal_dma.c ****         /* Process Unlocked */
1108:Drivers/STM32H7xx_HAL_Driver/Src/stm32h7xx_hal_dma.c ****         __HAL_UNLOCK(hdma);
1109:Drivers/STM32H7xx_HAL_Driver/Src/stm32h7xx_hal_dma.c **** 
1110:Drivers/STM32H7xx_HAL_Driver/Src/stm32h7xx_hal_dma.c ****         return HAL_ERROR;
1111:Drivers/STM32H7xx_HAL_Driver/Src/stm32h7xx_hal_dma.c ****       }
1112:Drivers/STM32H7xx_HAL_Driver/Src/stm32h7xx_hal_dma.c ****     }
1113:Drivers/STM32H7xx_HAL_Driver/Src/stm32h7xx_hal_dma.c **** 
1114:Drivers/STM32H7xx_HAL_Driver/Src/stm32h7xx_hal_dma.c ****     /* Check for the Timeout (Not applicable in circular mode)*/
ARM GAS  /tmp/ccMjPS5V.s 			page 21


1115:Drivers/STM32H7xx_HAL_Driver/Src/stm32h7xx_hal_dma.c ****     if(Timeout != HAL_MAX_DELAY)
1116:Drivers/STM32H7xx_HAL_Driver/Src/stm32h7xx_hal_dma.c ****     {
1117:Drivers/STM32H7xx_HAL_Driver/Src/stm32h7xx_hal_dma.c ****       if(((HAL_GetTick() - tickstart ) > Timeout)||(Timeout == 0U))
1118:Drivers/STM32H7xx_HAL_Driver/Src/stm32h7xx_hal_dma.c ****       {
1119:Drivers/STM32H7xx_HAL_Driver/Src/stm32h7xx_hal_dma.c ****         /* Update error code */
1120:Drivers/STM32H7xx_HAL_Driver/Src/stm32h7xx_hal_dma.c ****         hdma->ErrorCode = HAL_DMA_ERROR_TIMEOUT;
1121:Drivers/STM32H7xx_HAL_Driver/Src/stm32h7xx_hal_dma.c **** 
1122:Drivers/STM32H7xx_HAL_Driver/Src/stm32h7xx_hal_dma.c ****         /* if timeout then abort the current transfer */
1123:Drivers/STM32H7xx_HAL_Driver/Src/stm32h7xx_hal_dma.c ****         /* No need to check return value: as in this case we will return HAL_ERROR with HAL_DMA_ERR
1124:Drivers/STM32H7xx_HAL_Driver/Src/stm32h7xx_hal_dma.c ****         (void) HAL_DMA_Abort(hdma);
1125:Drivers/STM32H7xx_HAL_Driver/Src/stm32h7xx_hal_dma.c ****           /*
1126:Drivers/STM32H7xx_HAL_Driver/Src/stm32h7xx_hal_dma.c ****             Note that the Abort function will
1127:Drivers/STM32H7xx_HAL_Driver/Src/stm32h7xx_hal_dma.c ****               - Clear the transfer error flags
1128:Drivers/STM32H7xx_HAL_Driver/Src/stm32h7xx_hal_dma.c ****               - Unlock
1129:Drivers/STM32H7xx_HAL_Driver/Src/stm32h7xx_hal_dma.c ****               - Set the State
1130:Drivers/STM32H7xx_HAL_Driver/Src/stm32h7xx_hal_dma.c ****           */
1131:Drivers/STM32H7xx_HAL_Driver/Src/stm32h7xx_hal_dma.c **** 
1132:Drivers/STM32H7xx_HAL_Driver/Src/stm32h7xx_hal_dma.c ****         return HAL_ERROR;
1133:Drivers/STM32H7xx_HAL_Driver/Src/stm32h7xx_hal_dma.c ****       }
1134:Drivers/STM32H7xx_HAL_Driver/Src/stm32h7xx_hal_dma.c ****     }
1135:Drivers/STM32H7xx_HAL_Driver/Src/stm32h7xx_hal_dma.c **** 
1136:Drivers/STM32H7xx_HAL_Driver/Src/stm32h7xx_hal_dma.c ****     if(IS_DMA_DMAMUX_ALL_INSTANCE(hdma->Instance) != 0U) /* No DMAMUX available for BDMA1 */
1137:Drivers/STM32H7xx_HAL_Driver/Src/stm32h7xx_hal_dma.c ****     {
1138:Drivers/STM32H7xx_HAL_Driver/Src/stm32h7xx_hal_dma.c ****       /* Check for DMAMUX Request generator (if used) overrun status */
1139:Drivers/STM32H7xx_HAL_Driver/Src/stm32h7xx_hal_dma.c ****       if(hdma->DMAmuxRequestGen != 0U)
1140:Drivers/STM32H7xx_HAL_Driver/Src/stm32h7xx_hal_dma.c ****       {
1141:Drivers/STM32H7xx_HAL_Driver/Src/stm32h7xx_hal_dma.c ****         /* if using DMAMUX request generator Check for DMAMUX request generator overrun */
1142:Drivers/STM32H7xx_HAL_Driver/Src/stm32h7xx_hal_dma.c ****         if((hdma->DMAmuxRequestGenStatus->RGSR & hdma->DMAmuxRequestGenStatusMask) != 0U)
1143:Drivers/STM32H7xx_HAL_Driver/Src/stm32h7xx_hal_dma.c ****         {
1144:Drivers/STM32H7xx_HAL_Driver/Src/stm32h7xx_hal_dma.c ****           /* Clear the DMAMUX request generator overrun flag */
1145:Drivers/STM32H7xx_HAL_Driver/Src/stm32h7xx_hal_dma.c ****           hdma->DMAmuxRequestGenStatus->RGCFR = hdma->DMAmuxRequestGenStatusMask;
1146:Drivers/STM32H7xx_HAL_Driver/Src/stm32h7xx_hal_dma.c **** 
1147:Drivers/STM32H7xx_HAL_Driver/Src/stm32h7xx_hal_dma.c ****           /* Update error code */
1148:Drivers/STM32H7xx_HAL_Driver/Src/stm32h7xx_hal_dma.c ****           hdma->ErrorCode |= HAL_DMA_ERROR_REQGEN;
1149:Drivers/STM32H7xx_HAL_Driver/Src/stm32h7xx_hal_dma.c ****         }
1150:Drivers/STM32H7xx_HAL_Driver/Src/stm32h7xx_hal_dma.c ****       }
1151:Drivers/STM32H7xx_HAL_Driver/Src/stm32h7xx_hal_dma.c **** 
1152:Drivers/STM32H7xx_HAL_Driver/Src/stm32h7xx_hal_dma.c ****       /* Check for DMAMUX Synchronization overrun */
1153:Drivers/STM32H7xx_HAL_Driver/Src/stm32h7xx_hal_dma.c ****       if((hdma->DMAmuxChannelStatus->CSR & hdma->DMAmuxChannelStatusMask) != 0U)
1154:Drivers/STM32H7xx_HAL_Driver/Src/stm32h7xx_hal_dma.c ****       {
1155:Drivers/STM32H7xx_HAL_Driver/Src/stm32h7xx_hal_dma.c ****         /* Clear the DMAMUX synchro overrun flag */
1156:Drivers/STM32H7xx_HAL_Driver/Src/stm32h7xx_hal_dma.c ****         hdma->DMAmuxChannelStatus->CFR = hdma->DMAmuxChannelStatusMask;
1157:Drivers/STM32H7xx_HAL_Driver/Src/stm32h7xx_hal_dma.c **** 
1158:Drivers/STM32H7xx_HAL_Driver/Src/stm32h7xx_hal_dma.c ****         /* Update error code */
1159:Drivers/STM32H7xx_HAL_Driver/Src/stm32h7xx_hal_dma.c ****         hdma->ErrorCode |= HAL_DMA_ERROR_SYNC;
1160:Drivers/STM32H7xx_HAL_Driver/Src/stm32h7xx_hal_dma.c ****       }
1161:Drivers/STM32H7xx_HAL_Driver/Src/stm32h7xx_hal_dma.c ****     }
1162:Drivers/STM32H7xx_HAL_Driver/Src/stm32h7xx_hal_dma.c ****   }
1163:Drivers/STM32H7xx_HAL_Driver/Src/stm32h7xx_hal_dma.c **** 
1164:Drivers/STM32H7xx_HAL_Driver/Src/stm32h7xx_hal_dma.c **** 
1165:Drivers/STM32H7xx_HAL_Driver/Src/stm32h7xx_hal_dma.c ****   /* Get the level transfer complete flag */
1166:Drivers/STM32H7xx_HAL_Driver/Src/stm32h7xx_hal_dma.c ****   if(CompleteLevel == HAL_DMA_FULL_TRANSFER)
1167:Drivers/STM32H7xx_HAL_Driver/Src/stm32h7xx_hal_dma.c ****   {
1168:Drivers/STM32H7xx_HAL_Driver/Src/stm32h7xx_hal_dma.c ****     /* Clear the half transfer and transfer complete flags */
1169:Drivers/STM32H7xx_HAL_Driver/Src/stm32h7xx_hal_dma.c ****     if(IS_DMA_STREAM_INSTANCE(hdma->Instance) != 0U) /* DMA1 or DMA2 instance */
1170:Drivers/STM32H7xx_HAL_Driver/Src/stm32h7xx_hal_dma.c ****     {
1171:Drivers/STM32H7xx_HAL_Driver/Src/stm32h7xx_hal_dma.c ****       (*ifcr_reg) = (DMA_FLAG_HTIF0_4 | DMA_FLAG_TCIF0_4) << (hdma->StreamIndex & 0x1FU);
ARM GAS  /tmp/ccMjPS5V.s 			page 22


1172:Drivers/STM32H7xx_HAL_Driver/Src/stm32h7xx_hal_dma.c ****     }
1173:Drivers/STM32H7xx_HAL_Driver/Src/stm32h7xx_hal_dma.c ****     else /* BDMA channel */
1174:Drivers/STM32H7xx_HAL_Driver/Src/stm32h7xx_hal_dma.c ****     {
1175:Drivers/STM32H7xx_HAL_Driver/Src/stm32h7xx_hal_dma.c ****       (*ifcr_reg) = (BDMA_FLAG_TC0 << (hdma->StreamIndex & 0x1FU));
1176:Drivers/STM32H7xx_HAL_Driver/Src/stm32h7xx_hal_dma.c ****     }
1177:Drivers/STM32H7xx_HAL_Driver/Src/stm32h7xx_hal_dma.c **** 
1178:Drivers/STM32H7xx_HAL_Driver/Src/stm32h7xx_hal_dma.c ****     hdma->State = HAL_DMA_STATE_READY;
1179:Drivers/STM32H7xx_HAL_Driver/Src/stm32h7xx_hal_dma.c **** 
1180:Drivers/STM32H7xx_HAL_Driver/Src/stm32h7xx_hal_dma.c ****     /* Process Unlocked */
1181:Drivers/STM32H7xx_HAL_Driver/Src/stm32h7xx_hal_dma.c ****     __HAL_UNLOCK(hdma);
1182:Drivers/STM32H7xx_HAL_Driver/Src/stm32h7xx_hal_dma.c ****   }
1183:Drivers/STM32H7xx_HAL_Driver/Src/stm32h7xx_hal_dma.c ****   else /*CompleteLevel = HAL_DMA_HALF_TRANSFER*/
1184:Drivers/STM32H7xx_HAL_Driver/Src/stm32h7xx_hal_dma.c ****   {
1185:Drivers/STM32H7xx_HAL_Driver/Src/stm32h7xx_hal_dma.c ****     /* Clear the half transfer and transfer complete flags */
1186:Drivers/STM32H7xx_HAL_Driver/Src/stm32h7xx_hal_dma.c ****     if(IS_DMA_STREAM_INSTANCE(hdma->Instance) != 0U) /* DMA1 or DMA2 instance */
1187:Drivers/STM32H7xx_HAL_Driver/Src/stm32h7xx_hal_dma.c ****     {
1188:Drivers/STM32H7xx_HAL_Driver/Src/stm32h7xx_hal_dma.c ****       (*ifcr_reg) = (DMA_FLAG_HTIF0_4) << (hdma->StreamIndex & 0x1FU);
1189:Drivers/STM32H7xx_HAL_Driver/Src/stm32h7xx_hal_dma.c ****     }
1190:Drivers/STM32H7xx_HAL_Driver/Src/stm32h7xx_hal_dma.c ****     else /* BDMA channel */
1191:Drivers/STM32H7xx_HAL_Driver/Src/stm32h7xx_hal_dma.c ****     {
1192:Drivers/STM32H7xx_HAL_Driver/Src/stm32h7xx_hal_dma.c ****       (*ifcr_reg) = (BDMA_FLAG_HT0 << (hdma->StreamIndex & 0x1FU));
1193:Drivers/STM32H7xx_HAL_Driver/Src/stm32h7xx_hal_dma.c ****     }
1194:Drivers/STM32H7xx_HAL_Driver/Src/stm32h7xx_hal_dma.c ****   }
1195:Drivers/STM32H7xx_HAL_Driver/Src/stm32h7xx_hal_dma.c **** 
1196:Drivers/STM32H7xx_HAL_Driver/Src/stm32h7xx_hal_dma.c ****   return status;
1197:Drivers/STM32H7xx_HAL_Driver/Src/stm32h7xx_hal_dma.c **** }
1198:Drivers/STM32H7xx_HAL_Driver/Src/stm32h7xx_hal_dma.c **** 
1199:Drivers/STM32H7xx_HAL_Driver/Src/stm32h7xx_hal_dma.c **** /**
1200:Drivers/STM32H7xx_HAL_Driver/Src/stm32h7xx_hal_dma.c ****   * @brief  Handles DMA interrupt request.
1201:Drivers/STM32H7xx_HAL_Driver/Src/stm32h7xx_hal_dma.c ****   * @param  hdma: pointer to a DMA_HandleTypeDef structure that contains
1202:Drivers/STM32H7xx_HAL_Driver/Src/stm32h7xx_hal_dma.c ****   *               the configuration information for the specified DMA Stream.
1203:Drivers/STM32H7xx_HAL_Driver/Src/stm32h7xx_hal_dma.c ****   * @retval None
1204:Drivers/STM32H7xx_HAL_Driver/Src/stm32h7xx_hal_dma.c ****   */
1205:Drivers/STM32H7xx_HAL_Driver/Src/stm32h7xx_hal_dma.c **** void HAL_DMA_IRQHandler(DMA_HandleTypeDef *hdma)
1206:Drivers/STM32H7xx_HAL_Driver/Src/stm32h7xx_hal_dma.c **** {
1207:Drivers/STM32H7xx_HAL_Driver/Src/stm32h7xx_hal_dma.c ****   uint32_t tmpisr_dma, tmpisr_bdma;
1208:Drivers/STM32H7xx_HAL_Driver/Src/stm32h7xx_hal_dma.c ****   uint32_t ccr_reg;
1209:Drivers/STM32H7xx_HAL_Driver/Src/stm32h7xx_hal_dma.c ****   __IO uint32_t count = 0U;
1210:Drivers/STM32H7xx_HAL_Driver/Src/stm32h7xx_hal_dma.c ****   uint32_t timeout = SystemCoreClock / 9600U;
1211:Drivers/STM32H7xx_HAL_Driver/Src/stm32h7xx_hal_dma.c **** 
1212:Drivers/STM32H7xx_HAL_Driver/Src/stm32h7xx_hal_dma.c ****   /* calculate DMA base and stream number */
1213:Drivers/STM32H7xx_HAL_Driver/Src/stm32h7xx_hal_dma.c ****   DMA_Base_Registers  *regs_dma  = (DMA_Base_Registers *)hdma->StreamBaseAddress;
1214:Drivers/STM32H7xx_HAL_Driver/Src/stm32h7xx_hal_dma.c ****   BDMA_Base_Registers *regs_bdma = (BDMA_Base_Registers *)hdma->StreamBaseAddress;
1215:Drivers/STM32H7xx_HAL_Driver/Src/stm32h7xx_hal_dma.c **** 
1216:Drivers/STM32H7xx_HAL_Driver/Src/stm32h7xx_hal_dma.c ****   tmpisr_dma  = regs_dma->ISR;
1217:Drivers/STM32H7xx_HAL_Driver/Src/stm32h7xx_hal_dma.c ****   tmpisr_bdma = regs_bdma->ISR;
1218:Drivers/STM32H7xx_HAL_Driver/Src/stm32h7xx_hal_dma.c **** 
1219:Drivers/STM32H7xx_HAL_Driver/Src/stm32h7xx_hal_dma.c ****   if(IS_DMA_STREAM_INSTANCE(hdma->Instance) != 0U)  /* DMA1 or DMA2 instance */
1220:Drivers/STM32H7xx_HAL_Driver/Src/stm32h7xx_hal_dma.c ****   {
1221:Drivers/STM32H7xx_HAL_Driver/Src/stm32h7xx_hal_dma.c ****     /* Transfer Error Interrupt management ***************************************/
1222:Drivers/STM32H7xx_HAL_Driver/Src/stm32h7xx_hal_dma.c ****     if ((tmpisr_dma & (DMA_FLAG_TEIF0_4 << (hdma->StreamIndex & 0x1FU))) != 0U)
1223:Drivers/STM32H7xx_HAL_Driver/Src/stm32h7xx_hal_dma.c ****     {
1224:Drivers/STM32H7xx_HAL_Driver/Src/stm32h7xx_hal_dma.c ****       if(__HAL_DMA_GET_IT_SOURCE(hdma, DMA_IT_TE) != 0U)
1225:Drivers/STM32H7xx_HAL_Driver/Src/stm32h7xx_hal_dma.c ****       {
1226:Drivers/STM32H7xx_HAL_Driver/Src/stm32h7xx_hal_dma.c ****         /* Disable the transfer error interrupt */
1227:Drivers/STM32H7xx_HAL_Driver/Src/stm32h7xx_hal_dma.c ****         ((DMA_Stream_TypeDef   *)hdma->Instance)->CR  &= ~(DMA_IT_TE);
1228:Drivers/STM32H7xx_HAL_Driver/Src/stm32h7xx_hal_dma.c **** 
ARM GAS  /tmp/ccMjPS5V.s 			page 23


1229:Drivers/STM32H7xx_HAL_Driver/Src/stm32h7xx_hal_dma.c ****         /* Clear the transfer error flag */
1230:Drivers/STM32H7xx_HAL_Driver/Src/stm32h7xx_hal_dma.c ****         regs_dma->IFCR = DMA_FLAG_TEIF0_4 << (hdma->StreamIndex & 0x1FU);
1231:Drivers/STM32H7xx_HAL_Driver/Src/stm32h7xx_hal_dma.c **** 
1232:Drivers/STM32H7xx_HAL_Driver/Src/stm32h7xx_hal_dma.c ****         /* Update error code */
1233:Drivers/STM32H7xx_HAL_Driver/Src/stm32h7xx_hal_dma.c ****         hdma->ErrorCode |= HAL_DMA_ERROR_TE;
1234:Drivers/STM32H7xx_HAL_Driver/Src/stm32h7xx_hal_dma.c ****       }
1235:Drivers/STM32H7xx_HAL_Driver/Src/stm32h7xx_hal_dma.c ****     }
1236:Drivers/STM32H7xx_HAL_Driver/Src/stm32h7xx_hal_dma.c ****     /* FIFO Error Interrupt management ******************************************/
1237:Drivers/STM32H7xx_HAL_Driver/Src/stm32h7xx_hal_dma.c ****     if ((tmpisr_dma & (DMA_FLAG_FEIF0_4 << (hdma->StreamIndex & 0x1FU))) != 0U)
1238:Drivers/STM32H7xx_HAL_Driver/Src/stm32h7xx_hal_dma.c ****     {
1239:Drivers/STM32H7xx_HAL_Driver/Src/stm32h7xx_hal_dma.c ****       if(__HAL_DMA_GET_IT_SOURCE(hdma, DMA_IT_FE) != 0U)
1240:Drivers/STM32H7xx_HAL_Driver/Src/stm32h7xx_hal_dma.c ****       {
1241:Drivers/STM32H7xx_HAL_Driver/Src/stm32h7xx_hal_dma.c ****         /* Clear the FIFO error flag */
1242:Drivers/STM32H7xx_HAL_Driver/Src/stm32h7xx_hal_dma.c ****         regs_dma->IFCR = DMA_FLAG_FEIF0_4 << (hdma->StreamIndex & 0x1FU);
1243:Drivers/STM32H7xx_HAL_Driver/Src/stm32h7xx_hal_dma.c **** 
1244:Drivers/STM32H7xx_HAL_Driver/Src/stm32h7xx_hal_dma.c ****         /* Update error code */
1245:Drivers/STM32H7xx_HAL_Driver/Src/stm32h7xx_hal_dma.c ****         hdma->ErrorCode |= HAL_DMA_ERROR_FE;
1246:Drivers/STM32H7xx_HAL_Driver/Src/stm32h7xx_hal_dma.c ****       }
1247:Drivers/STM32H7xx_HAL_Driver/Src/stm32h7xx_hal_dma.c ****     }
1248:Drivers/STM32H7xx_HAL_Driver/Src/stm32h7xx_hal_dma.c ****     /* Direct Mode Error Interrupt management ***********************************/
1249:Drivers/STM32H7xx_HAL_Driver/Src/stm32h7xx_hal_dma.c ****     if ((tmpisr_dma & (DMA_FLAG_DMEIF0_4 << (hdma->StreamIndex & 0x1FU))) != 0U)
1250:Drivers/STM32H7xx_HAL_Driver/Src/stm32h7xx_hal_dma.c ****     {
1251:Drivers/STM32H7xx_HAL_Driver/Src/stm32h7xx_hal_dma.c ****       if(__HAL_DMA_GET_IT_SOURCE(hdma, DMA_IT_DME) != 0U)
1252:Drivers/STM32H7xx_HAL_Driver/Src/stm32h7xx_hal_dma.c ****       {
1253:Drivers/STM32H7xx_HAL_Driver/Src/stm32h7xx_hal_dma.c ****         /* Clear the direct mode error flag */
1254:Drivers/STM32H7xx_HAL_Driver/Src/stm32h7xx_hal_dma.c ****         regs_dma->IFCR = DMA_FLAG_DMEIF0_4 << (hdma->StreamIndex & 0x1FU);
1255:Drivers/STM32H7xx_HAL_Driver/Src/stm32h7xx_hal_dma.c **** 
1256:Drivers/STM32H7xx_HAL_Driver/Src/stm32h7xx_hal_dma.c ****         /* Update error code */
1257:Drivers/STM32H7xx_HAL_Driver/Src/stm32h7xx_hal_dma.c ****         hdma->ErrorCode |= HAL_DMA_ERROR_DME;
1258:Drivers/STM32H7xx_HAL_Driver/Src/stm32h7xx_hal_dma.c ****       }
1259:Drivers/STM32H7xx_HAL_Driver/Src/stm32h7xx_hal_dma.c ****     }
1260:Drivers/STM32H7xx_HAL_Driver/Src/stm32h7xx_hal_dma.c ****     /* Half Transfer Complete Interrupt management ******************************/
1261:Drivers/STM32H7xx_HAL_Driver/Src/stm32h7xx_hal_dma.c ****     if ((tmpisr_dma & (DMA_FLAG_HTIF0_4 << (hdma->StreamIndex & 0x1FU))) != 0U)
1262:Drivers/STM32H7xx_HAL_Driver/Src/stm32h7xx_hal_dma.c ****     {
1263:Drivers/STM32H7xx_HAL_Driver/Src/stm32h7xx_hal_dma.c ****       if(__HAL_DMA_GET_IT_SOURCE(hdma, DMA_IT_HT) != 0U)
1264:Drivers/STM32H7xx_HAL_Driver/Src/stm32h7xx_hal_dma.c ****       {
1265:Drivers/STM32H7xx_HAL_Driver/Src/stm32h7xx_hal_dma.c ****         /* Clear the half transfer complete flag */
1266:Drivers/STM32H7xx_HAL_Driver/Src/stm32h7xx_hal_dma.c ****         regs_dma->IFCR = DMA_FLAG_HTIF0_4 << (hdma->StreamIndex & 0x1FU);
1267:Drivers/STM32H7xx_HAL_Driver/Src/stm32h7xx_hal_dma.c **** 
1268:Drivers/STM32H7xx_HAL_Driver/Src/stm32h7xx_hal_dma.c ****         /* Multi_Buffering mode enabled */
1269:Drivers/STM32H7xx_HAL_Driver/Src/stm32h7xx_hal_dma.c ****         if(((((DMA_Stream_TypeDef   *)hdma->Instance)->CR) & (uint32_t)(DMA_SxCR_DBM)) != 0U)
1270:Drivers/STM32H7xx_HAL_Driver/Src/stm32h7xx_hal_dma.c ****         {
1271:Drivers/STM32H7xx_HAL_Driver/Src/stm32h7xx_hal_dma.c ****           /* Current memory buffer used is Memory 0 */
1272:Drivers/STM32H7xx_HAL_Driver/Src/stm32h7xx_hal_dma.c ****           if((((DMA_Stream_TypeDef   *)hdma->Instance)->CR & DMA_SxCR_CT) == 0U)
1273:Drivers/STM32H7xx_HAL_Driver/Src/stm32h7xx_hal_dma.c ****           {
1274:Drivers/STM32H7xx_HAL_Driver/Src/stm32h7xx_hal_dma.c ****             if(hdma->XferHalfCpltCallback != NULL)
1275:Drivers/STM32H7xx_HAL_Driver/Src/stm32h7xx_hal_dma.c ****             {
1276:Drivers/STM32H7xx_HAL_Driver/Src/stm32h7xx_hal_dma.c ****               /* Half transfer callback */
1277:Drivers/STM32H7xx_HAL_Driver/Src/stm32h7xx_hal_dma.c ****               hdma->XferHalfCpltCallback(hdma);
1278:Drivers/STM32H7xx_HAL_Driver/Src/stm32h7xx_hal_dma.c ****             }
1279:Drivers/STM32H7xx_HAL_Driver/Src/stm32h7xx_hal_dma.c ****           }
1280:Drivers/STM32H7xx_HAL_Driver/Src/stm32h7xx_hal_dma.c ****           /* Current memory buffer used is Memory 1 */
1281:Drivers/STM32H7xx_HAL_Driver/Src/stm32h7xx_hal_dma.c ****           else
1282:Drivers/STM32H7xx_HAL_Driver/Src/stm32h7xx_hal_dma.c ****           {
1283:Drivers/STM32H7xx_HAL_Driver/Src/stm32h7xx_hal_dma.c ****             if(hdma->XferM1HalfCpltCallback != NULL)
1284:Drivers/STM32H7xx_HAL_Driver/Src/stm32h7xx_hal_dma.c ****             {
1285:Drivers/STM32H7xx_HAL_Driver/Src/stm32h7xx_hal_dma.c ****               /* Half transfer callback */
ARM GAS  /tmp/ccMjPS5V.s 			page 24


1286:Drivers/STM32H7xx_HAL_Driver/Src/stm32h7xx_hal_dma.c ****               hdma->XferM1HalfCpltCallback(hdma);
1287:Drivers/STM32H7xx_HAL_Driver/Src/stm32h7xx_hal_dma.c ****             }
1288:Drivers/STM32H7xx_HAL_Driver/Src/stm32h7xx_hal_dma.c ****           }
1289:Drivers/STM32H7xx_HAL_Driver/Src/stm32h7xx_hal_dma.c ****         }
1290:Drivers/STM32H7xx_HAL_Driver/Src/stm32h7xx_hal_dma.c ****         else
1291:Drivers/STM32H7xx_HAL_Driver/Src/stm32h7xx_hal_dma.c ****         {
1292:Drivers/STM32H7xx_HAL_Driver/Src/stm32h7xx_hal_dma.c ****           /* Disable the half transfer interrupt if the DMA mode is not CIRCULAR */
1293:Drivers/STM32H7xx_HAL_Driver/Src/stm32h7xx_hal_dma.c ****           if((((DMA_Stream_TypeDef   *)hdma->Instance)->CR & DMA_SxCR_CIRC) == 0U)
1294:Drivers/STM32H7xx_HAL_Driver/Src/stm32h7xx_hal_dma.c ****           {
1295:Drivers/STM32H7xx_HAL_Driver/Src/stm32h7xx_hal_dma.c ****             /* Disable the half transfer interrupt */
1296:Drivers/STM32H7xx_HAL_Driver/Src/stm32h7xx_hal_dma.c ****             ((DMA_Stream_TypeDef   *)hdma->Instance)->CR  &= ~(DMA_IT_HT);
1297:Drivers/STM32H7xx_HAL_Driver/Src/stm32h7xx_hal_dma.c ****           }
1298:Drivers/STM32H7xx_HAL_Driver/Src/stm32h7xx_hal_dma.c **** 
1299:Drivers/STM32H7xx_HAL_Driver/Src/stm32h7xx_hal_dma.c ****           if(hdma->XferHalfCpltCallback != NULL)
1300:Drivers/STM32H7xx_HAL_Driver/Src/stm32h7xx_hal_dma.c ****           {
1301:Drivers/STM32H7xx_HAL_Driver/Src/stm32h7xx_hal_dma.c ****             /* Half transfer callback */
1302:Drivers/STM32H7xx_HAL_Driver/Src/stm32h7xx_hal_dma.c ****             hdma->XferHalfCpltCallback(hdma);
1303:Drivers/STM32H7xx_HAL_Driver/Src/stm32h7xx_hal_dma.c ****           }
1304:Drivers/STM32H7xx_HAL_Driver/Src/stm32h7xx_hal_dma.c ****         }
1305:Drivers/STM32H7xx_HAL_Driver/Src/stm32h7xx_hal_dma.c ****       }
1306:Drivers/STM32H7xx_HAL_Driver/Src/stm32h7xx_hal_dma.c ****     }
1307:Drivers/STM32H7xx_HAL_Driver/Src/stm32h7xx_hal_dma.c ****     /* Transfer Complete Interrupt management ***********************************/
1308:Drivers/STM32H7xx_HAL_Driver/Src/stm32h7xx_hal_dma.c ****     if ((tmpisr_dma & (DMA_FLAG_TCIF0_4 << (hdma->StreamIndex & 0x1FU))) != 0U)
1309:Drivers/STM32H7xx_HAL_Driver/Src/stm32h7xx_hal_dma.c ****     {
1310:Drivers/STM32H7xx_HAL_Driver/Src/stm32h7xx_hal_dma.c ****       if(__HAL_DMA_GET_IT_SOURCE(hdma, DMA_IT_TC) != 0U)
1311:Drivers/STM32H7xx_HAL_Driver/Src/stm32h7xx_hal_dma.c ****       {
1312:Drivers/STM32H7xx_HAL_Driver/Src/stm32h7xx_hal_dma.c ****         /* Clear the transfer complete flag */
1313:Drivers/STM32H7xx_HAL_Driver/Src/stm32h7xx_hal_dma.c ****         regs_dma->IFCR = DMA_FLAG_TCIF0_4 << (hdma->StreamIndex & 0x1FU);
1314:Drivers/STM32H7xx_HAL_Driver/Src/stm32h7xx_hal_dma.c **** 
1315:Drivers/STM32H7xx_HAL_Driver/Src/stm32h7xx_hal_dma.c ****         if(HAL_DMA_STATE_ABORT == hdma->State)
1316:Drivers/STM32H7xx_HAL_Driver/Src/stm32h7xx_hal_dma.c ****         {
1317:Drivers/STM32H7xx_HAL_Driver/Src/stm32h7xx_hal_dma.c ****           /* Disable all the transfer interrupts */
1318:Drivers/STM32H7xx_HAL_Driver/Src/stm32h7xx_hal_dma.c ****           ((DMA_Stream_TypeDef   *)hdma->Instance)->CR  &= ~(DMA_IT_TC | DMA_IT_TE | DMA_IT_DME);
1319:Drivers/STM32H7xx_HAL_Driver/Src/stm32h7xx_hal_dma.c ****           ((DMA_Stream_TypeDef   *)hdma->Instance)->FCR &= ~(DMA_IT_FE);
1320:Drivers/STM32H7xx_HAL_Driver/Src/stm32h7xx_hal_dma.c **** 
1321:Drivers/STM32H7xx_HAL_Driver/Src/stm32h7xx_hal_dma.c ****           if((hdma->XferHalfCpltCallback != NULL) || (hdma->XferM1HalfCpltCallback != NULL))
1322:Drivers/STM32H7xx_HAL_Driver/Src/stm32h7xx_hal_dma.c ****           {
1323:Drivers/STM32H7xx_HAL_Driver/Src/stm32h7xx_hal_dma.c ****             ((DMA_Stream_TypeDef   *)hdma->Instance)->CR  &= ~(DMA_IT_HT);
1324:Drivers/STM32H7xx_HAL_Driver/Src/stm32h7xx_hal_dma.c ****           }
1325:Drivers/STM32H7xx_HAL_Driver/Src/stm32h7xx_hal_dma.c **** 
1326:Drivers/STM32H7xx_HAL_Driver/Src/stm32h7xx_hal_dma.c ****           /* Clear all interrupt flags at correct offset within the register */
1327:Drivers/STM32H7xx_HAL_Driver/Src/stm32h7xx_hal_dma.c ****           regs_dma->IFCR = 0x3FUL << (hdma->StreamIndex & 0x1FU);
1328:Drivers/STM32H7xx_HAL_Driver/Src/stm32h7xx_hal_dma.c **** 
1329:Drivers/STM32H7xx_HAL_Driver/Src/stm32h7xx_hal_dma.c ****           /* Change the DMA state */
1330:Drivers/STM32H7xx_HAL_Driver/Src/stm32h7xx_hal_dma.c ****           hdma->State = HAL_DMA_STATE_READY;
1331:Drivers/STM32H7xx_HAL_Driver/Src/stm32h7xx_hal_dma.c **** 
1332:Drivers/STM32H7xx_HAL_Driver/Src/stm32h7xx_hal_dma.c ****           /* Process Unlocked */
1333:Drivers/STM32H7xx_HAL_Driver/Src/stm32h7xx_hal_dma.c ****           __HAL_UNLOCK(hdma);
1334:Drivers/STM32H7xx_HAL_Driver/Src/stm32h7xx_hal_dma.c **** 
1335:Drivers/STM32H7xx_HAL_Driver/Src/stm32h7xx_hal_dma.c ****           if(hdma->XferAbortCallback != NULL)
1336:Drivers/STM32H7xx_HAL_Driver/Src/stm32h7xx_hal_dma.c ****           {
1337:Drivers/STM32H7xx_HAL_Driver/Src/stm32h7xx_hal_dma.c ****             hdma->XferAbortCallback(hdma);
1338:Drivers/STM32H7xx_HAL_Driver/Src/stm32h7xx_hal_dma.c ****           }
1339:Drivers/STM32H7xx_HAL_Driver/Src/stm32h7xx_hal_dma.c ****           return;
1340:Drivers/STM32H7xx_HAL_Driver/Src/stm32h7xx_hal_dma.c ****         }
1341:Drivers/STM32H7xx_HAL_Driver/Src/stm32h7xx_hal_dma.c **** 
1342:Drivers/STM32H7xx_HAL_Driver/Src/stm32h7xx_hal_dma.c ****         if(((((DMA_Stream_TypeDef   *)hdma->Instance)->CR) & (uint32_t)(DMA_SxCR_DBM)) != 0U)
ARM GAS  /tmp/ccMjPS5V.s 			page 25


1343:Drivers/STM32H7xx_HAL_Driver/Src/stm32h7xx_hal_dma.c ****         {
1344:Drivers/STM32H7xx_HAL_Driver/Src/stm32h7xx_hal_dma.c ****           /* Current memory buffer used is Memory 1 */
1345:Drivers/STM32H7xx_HAL_Driver/Src/stm32h7xx_hal_dma.c ****           if((((DMA_Stream_TypeDef   *)hdma->Instance)->CR & DMA_SxCR_CT) != 0U)
1346:Drivers/STM32H7xx_HAL_Driver/Src/stm32h7xx_hal_dma.c ****           {
1347:Drivers/STM32H7xx_HAL_Driver/Src/stm32h7xx_hal_dma.c ****             if(hdma->XferM1CpltCallback != NULL)
1348:Drivers/STM32H7xx_HAL_Driver/Src/stm32h7xx_hal_dma.c ****             {
1349:Drivers/STM32H7xx_HAL_Driver/Src/stm32h7xx_hal_dma.c ****               /* Transfer complete Callback for memory1 */
1350:Drivers/STM32H7xx_HAL_Driver/Src/stm32h7xx_hal_dma.c ****               hdma->XferM1CpltCallback(hdma);
1351:Drivers/STM32H7xx_HAL_Driver/Src/stm32h7xx_hal_dma.c ****             }
1352:Drivers/STM32H7xx_HAL_Driver/Src/stm32h7xx_hal_dma.c ****           }
1353:Drivers/STM32H7xx_HAL_Driver/Src/stm32h7xx_hal_dma.c ****           /* Current memory buffer used is Memory 0 */
1354:Drivers/STM32H7xx_HAL_Driver/Src/stm32h7xx_hal_dma.c ****           else
1355:Drivers/STM32H7xx_HAL_Driver/Src/stm32h7xx_hal_dma.c ****           {
1356:Drivers/STM32H7xx_HAL_Driver/Src/stm32h7xx_hal_dma.c ****             if(hdma->XferCpltCallback != NULL)
1357:Drivers/STM32H7xx_HAL_Driver/Src/stm32h7xx_hal_dma.c ****             {
1358:Drivers/STM32H7xx_HAL_Driver/Src/stm32h7xx_hal_dma.c ****               /* Transfer complete Callback for memory0 */
1359:Drivers/STM32H7xx_HAL_Driver/Src/stm32h7xx_hal_dma.c ****               hdma->XferCpltCallback(hdma);
1360:Drivers/STM32H7xx_HAL_Driver/Src/stm32h7xx_hal_dma.c ****             }
1361:Drivers/STM32H7xx_HAL_Driver/Src/stm32h7xx_hal_dma.c ****           }
1362:Drivers/STM32H7xx_HAL_Driver/Src/stm32h7xx_hal_dma.c ****         }
1363:Drivers/STM32H7xx_HAL_Driver/Src/stm32h7xx_hal_dma.c ****         /* Disable the transfer complete interrupt if the DMA mode is not CIRCULAR */
1364:Drivers/STM32H7xx_HAL_Driver/Src/stm32h7xx_hal_dma.c ****         else
1365:Drivers/STM32H7xx_HAL_Driver/Src/stm32h7xx_hal_dma.c ****         {
1366:Drivers/STM32H7xx_HAL_Driver/Src/stm32h7xx_hal_dma.c ****           if((((DMA_Stream_TypeDef   *)hdma->Instance)->CR & DMA_SxCR_CIRC) == 0U)
1367:Drivers/STM32H7xx_HAL_Driver/Src/stm32h7xx_hal_dma.c ****           {
1368:Drivers/STM32H7xx_HAL_Driver/Src/stm32h7xx_hal_dma.c ****             /* Disable the transfer complete interrupt */
1369:Drivers/STM32H7xx_HAL_Driver/Src/stm32h7xx_hal_dma.c ****             ((DMA_Stream_TypeDef   *)hdma->Instance)->CR  &= ~(DMA_IT_TC);
1370:Drivers/STM32H7xx_HAL_Driver/Src/stm32h7xx_hal_dma.c **** 
1371:Drivers/STM32H7xx_HAL_Driver/Src/stm32h7xx_hal_dma.c ****             /* Change the DMA state */
1372:Drivers/STM32H7xx_HAL_Driver/Src/stm32h7xx_hal_dma.c ****             hdma->State = HAL_DMA_STATE_READY;
1373:Drivers/STM32H7xx_HAL_Driver/Src/stm32h7xx_hal_dma.c **** 
1374:Drivers/STM32H7xx_HAL_Driver/Src/stm32h7xx_hal_dma.c ****             /* Process Unlocked */
1375:Drivers/STM32H7xx_HAL_Driver/Src/stm32h7xx_hal_dma.c ****             __HAL_UNLOCK(hdma);
1376:Drivers/STM32H7xx_HAL_Driver/Src/stm32h7xx_hal_dma.c ****           }
1377:Drivers/STM32H7xx_HAL_Driver/Src/stm32h7xx_hal_dma.c **** 
1378:Drivers/STM32H7xx_HAL_Driver/Src/stm32h7xx_hal_dma.c ****           if(hdma->XferCpltCallback != NULL)
1379:Drivers/STM32H7xx_HAL_Driver/Src/stm32h7xx_hal_dma.c ****           {
1380:Drivers/STM32H7xx_HAL_Driver/Src/stm32h7xx_hal_dma.c ****             /* Transfer complete callback */
1381:Drivers/STM32H7xx_HAL_Driver/Src/stm32h7xx_hal_dma.c ****             hdma->XferCpltCallback(hdma);
1382:Drivers/STM32H7xx_HAL_Driver/Src/stm32h7xx_hal_dma.c ****           }
1383:Drivers/STM32H7xx_HAL_Driver/Src/stm32h7xx_hal_dma.c ****         }
1384:Drivers/STM32H7xx_HAL_Driver/Src/stm32h7xx_hal_dma.c ****       }
1385:Drivers/STM32H7xx_HAL_Driver/Src/stm32h7xx_hal_dma.c ****     }
1386:Drivers/STM32H7xx_HAL_Driver/Src/stm32h7xx_hal_dma.c **** 
1387:Drivers/STM32H7xx_HAL_Driver/Src/stm32h7xx_hal_dma.c ****     /* manage error case */
1388:Drivers/STM32H7xx_HAL_Driver/Src/stm32h7xx_hal_dma.c ****     if(hdma->ErrorCode != HAL_DMA_ERROR_NONE)
1389:Drivers/STM32H7xx_HAL_Driver/Src/stm32h7xx_hal_dma.c ****     {
1390:Drivers/STM32H7xx_HAL_Driver/Src/stm32h7xx_hal_dma.c ****       if((hdma->ErrorCode & HAL_DMA_ERROR_TE) != 0U)
1391:Drivers/STM32H7xx_HAL_Driver/Src/stm32h7xx_hal_dma.c ****       {
1392:Drivers/STM32H7xx_HAL_Driver/Src/stm32h7xx_hal_dma.c ****         hdma->State = HAL_DMA_STATE_ABORT;
1393:Drivers/STM32H7xx_HAL_Driver/Src/stm32h7xx_hal_dma.c **** 
1394:Drivers/STM32H7xx_HAL_Driver/Src/stm32h7xx_hal_dma.c ****         /* Disable the stream */
1395:Drivers/STM32H7xx_HAL_Driver/Src/stm32h7xx_hal_dma.c ****         __HAL_DMA_DISABLE(hdma);
1396:Drivers/STM32H7xx_HAL_Driver/Src/stm32h7xx_hal_dma.c **** 
1397:Drivers/STM32H7xx_HAL_Driver/Src/stm32h7xx_hal_dma.c ****         do
1398:Drivers/STM32H7xx_HAL_Driver/Src/stm32h7xx_hal_dma.c ****         {
1399:Drivers/STM32H7xx_HAL_Driver/Src/stm32h7xx_hal_dma.c ****           if (++count > timeout)
ARM GAS  /tmp/ccMjPS5V.s 			page 26


1400:Drivers/STM32H7xx_HAL_Driver/Src/stm32h7xx_hal_dma.c ****           {
1401:Drivers/STM32H7xx_HAL_Driver/Src/stm32h7xx_hal_dma.c ****             break;
1402:Drivers/STM32H7xx_HAL_Driver/Src/stm32h7xx_hal_dma.c ****           }
1403:Drivers/STM32H7xx_HAL_Driver/Src/stm32h7xx_hal_dma.c ****         }
1404:Drivers/STM32H7xx_HAL_Driver/Src/stm32h7xx_hal_dma.c ****         while((((DMA_Stream_TypeDef   *)hdma->Instance)->CR & DMA_SxCR_EN) != 0U);
1405:Drivers/STM32H7xx_HAL_Driver/Src/stm32h7xx_hal_dma.c **** 
1406:Drivers/STM32H7xx_HAL_Driver/Src/stm32h7xx_hal_dma.c ****         if((((DMA_Stream_TypeDef   *)hdma->Instance)->CR & DMA_SxCR_EN) != 0U)
1407:Drivers/STM32H7xx_HAL_Driver/Src/stm32h7xx_hal_dma.c ****         {
1408:Drivers/STM32H7xx_HAL_Driver/Src/stm32h7xx_hal_dma.c ****           /* Change the DMA state to error if DMA disable fails */
1409:Drivers/STM32H7xx_HAL_Driver/Src/stm32h7xx_hal_dma.c ****           hdma->State = HAL_DMA_STATE_ERROR;
1410:Drivers/STM32H7xx_HAL_Driver/Src/stm32h7xx_hal_dma.c ****         }
1411:Drivers/STM32H7xx_HAL_Driver/Src/stm32h7xx_hal_dma.c ****         else
1412:Drivers/STM32H7xx_HAL_Driver/Src/stm32h7xx_hal_dma.c ****         {
1413:Drivers/STM32H7xx_HAL_Driver/Src/stm32h7xx_hal_dma.c ****           /* Change the DMA state to Ready if DMA disable success */
1414:Drivers/STM32H7xx_HAL_Driver/Src/stm32h7xx_hal_dma.c ****           hdma->State = HAL_DMA_STATE_READY;
1415:Drivers/STM32H7xx_HAL_Driver/Src/stm32h7xx_hal_dma.c ****         }
1416:Drivers/STM32H7xx_HAL_Driver/Src/stm32h7xx_hal_dma.c **** 
1417:Drivers/STM32H7xx_HAL_Driver/Src/stm32h7xx_hal_dma.c ****         /* Process Unlocked */
1418:Drivers/STM32H7xx_HAL_Driver/Src/stm32h7xx_hal_dma.c ****         __HAL_UNLOCK(hdma);
1419:Drivers/STM32H7xx_HAL_Driver/Src/stm32h7xx_hal_dma.c ****       }
1420:Drivers/STM32H7xx_HAL_Driver/Src/stm32h7xx_hal_dma.c **** 
1421:Drivers/STM32H7xx_HAL_Driver/Src/stm32h7xx_hal_dma.c ****       if(hdma->XferErrorCallback != NULL)
1422:Drivers/STM32H7xx_HAL_Driver/Src/stm32h7xx_hal_dma.c ****       {
1423:Drivers/STM32H7xx_HAL_Driver/Src/stm32h7xx_hal_dma.c ****         /* Transfer error callback */
1424:Drivers/STM32H7xx_HAL_Driver/Src/stm32h7xx_hal_dma.c ****         hdma->XferErrorCallback(hdma);
1425:Drivers/STM32H7xx_HAL_Driver/Src/stm32h7xx_hal_dma.c ****       }
1426:Drivers/STM32H7xx_HAL_Driver/Src/stm32h7xx_hal_dma.c ****     }
1427:Drivers/STM32H7xx_HAL_Driver/Src/stm32h7xx_hal_dma.c ****   }
1428:Drivers/STM32H7xx_HAL_Driver/Src/stm32h7xx_hal_dma.c ****   else if(IS_BDMA_CHANNEL_INSTANCE(hdma->Instance) != 0U)  /* BDMA instance(s) */
1429:Drivers/STM32H7xx_HAL_Driver/Src/stm32h7xx_hal_dma.c ****   {
1430:Drivers/STM32H7xx_HAL_Driver/Src/stm32h7xx_hal_dma.c ****     ccr_reg = (((BDMA_Channel_TypeDef   *)hdma->Instance)->CCR);
1431:Drivers/STM32H7xx_HAL_Driver/Src/stm32h7xx_hal_dma.c **** 
1432:Drivers/STM32H7xx_HAL_Driver/Src/stm32h7xx_hal_dma.c ****     /* Half Transfer Complete Interrupt management ******************************/
1433:Drivers/STM32H7xx_HAL_Driver/Src/stm32h7xx_hal_dma.c ****     if (((tmpisr_bdma & (BDMA_FLAG_HT0 << (hdma->StreamIndex & 0x1FU))) != 0U) && ((ccr_reg & BDMA_
1434:Drivers/STM32H7xx_HAL_Driver/Src/stm32h7xx_hal_dma.c ****     {
1435:Drivers/STM32H7xx_HAL_Driver/Src/stm32h7xx_hal_dma.c ****       /* Clear the half transfer complete flag */
1436:Drivers/STM32H7xx_HAL_Driver/Src/stm32h7xx_hal_dma.c ****       regs_bdma->IFCR = (BDMA_ISR_HTIF0 << (hdma->StreamIndex & 0x1FU));
1437:Drivers/STM32H7xx_HAL_Driver/Src/stm32h7xx_hal_dma.c **** 
1438:Drivers/STM32H7xx_HAL_Driver/Src/stm32h7xx_hal_dma.c ****       /* Disable the transfer complete interrupt if the DMA mode is Double Buffering */
1439:Drivers/STM32H7xx_HAL_Driver/Src/stm32h7xx_hal_dma.c ****       if((ccr_reg & BDMA_CCR_DBM) != 0U)
1440:Drivers/STM32H7xx_HAL_Driver/Src/stm32h7xx_hal_dma.c ****       {
1441:Drivers/STM32H7xx_HAL_Driver/Src/stm32h7xx_hal_dma.c ****         /* Current memory buffer used is Memory 1 */
1442:Drivers/STM32H7xx_HAL_Driver/Src/stm32h7xx_hal_dma.c ****         if((ccr_reg & BDMA_CCR_CT) != 0U)
1443:Drivers/STM32H7xx_HAL_Driver/Src/stm32h7xx_hal_dma.c ****         {
1444:Drivers/STM32H7xx_HAL_Driver/Src/stm32h7xx_hal_dma.c ****           if(hdma->XferM1HalfCpltCallback != NULL)
1445:Drivers/STM32H7xx_HAL_Driver/Src/stm32h7xx_hal_dma.c ****           {
1446:Drivers/STM32H7xx_HAL_Driver/Src/stm32h7xx_hal_dma.c ****             /* Half transfer Callback for Memory 1 */
1447:Drivers/STM32H7xx_HAL_Driver/Src/stm32h7xx_hal_dma.c ****             hdma->XferM1HalfCpltCallback(hdma);
1448:Drivers/STM32H7xx_HAL_Driver/Src/stm32h7xx_hal_dma.c ****           }
1449:Drivers/STM32H7xx_HAL_Driver/Src/stm32h7xx_hal_dma.c ****         }
1450:Drivers/STM32H7xx_HAL_Driver/Src/stm32h7xx_hal_dma.c ****         /* Current memory buffer used is Memory 0 */
1451:Drivers/STM32H7xx_HAL_Driver/Src/stm32h7xx_hal_dma.c ****         else
1452:Drivers/STM32H7xx_HAL_Driver/Src/stm32h7xx_hal_dma.c ****         {
1453:Drivers/STM32H7xx_HAL_Driver/Src/stm32h7xx_hal_dma.c ****           if(hdma->XferHalfCpltCallback != NULL)
1454:Drivers/STM32H7xx_HAL_Driver/Src/stm32h7xx_hal_dma.c ****           {
1455:Drivers/STM32H7xx_HAL_Driver/Src/stm32h7xx_hal_dma.c ****             /* Half transfer Callback for Memory 0 */
1456:Drivers/STM32H7xx_HAL_Driver/Src/stm32h7xx_hal_dma.c ****             hdma->XferHalfCpltCallback(hdma);
ARM GAS  /tmp/ccMjPS5V.s 			page 27


1457:Drivers/STM32H7xx_HAL_Driver/Src/stm32h7xx_hal_dma.c ****           }
1458:Drivers/STM32H7xx_HAL_Driver/Src/stm32h7xx_hal_dma.c ****         }
1459:Drivers/STM32H7xx_HAL_Driver/Src/stm32h7xx_hal_dma.c ****       }
1460:Drivers/STM32H7xx_HAL_Driver/Src/stm32h7xx_hal_dma.c ****       else
1461:Drivers/STM32H7xx_HAL_Driver/Src/stm32h7xx_hal_dma.c ****       {
1462:Drivers/STM32H7xx_HAL_Driver/Src/stm32h7xx_hal_dma.c ****         if((ccr_reg & BDMA_CCR_CIRC) == 0U)
1463:Drivers/STM32H7xx_HAL_Driver/Src/stm32h7xx_hal_dma.c ****         {
1464:Drivers/STM32H7xx_HAL_Driver/Src/stm32h7xx_hal_dma.c ****           /* Disable the half transfer interrupt */
1465:Drivers/STM32H7xx_HAL_Driver/Src/stm32h7xx_hal_dma.c ****           __HAL_DMA_DISABLE_IT(hdma, DMA_IT_HT);
1466:Drivers/STM32H7xx_HAL_Driver/Src/stm32h7xx_hal_dma.c ****         }
1467:Drivers/STM32H7xx_HAL_Driver/Src/stm32h7xx_hal_dma.c **** 
1468:Drivers/STM32H7xx_HAL_Driver/Src/stm32h7xx_hal_dma.c ****         /* DMA peripheral state is not updated in Half Transfer */
1469:Drivers/STM32H7xx_HAL_Driver/Src/stm32h7xx_hal_dma.c ****         /* but in Transfer Complete case */
1470:Drivers/STM32H7xx_HAL_Driver/Src/stm32h7xx_hal_dma.c **** 
1471:Drivers/STM32H7xx_HAL_Driver/Src/stm32h7xx_hal_dma.c ****        if(hdma->XferHalfCpltCallback != NULL)
1472:Drivers/STM32H7xx_HAL_Driver/Src/stm32h7xx_hal_dma.c ****         {
1473:Drivers/STM32H7xx_HAL_Driver/Src/stm32h7xx_hal_dma.c ****           /* Half transfer callback */
1474:Drivers/STM32H7xx_HAL_Driver/Src/stm32h7xx_hal_dma.c ****           hdma->XferHalfCpltCallback(hdma);
1475:Drivers/STM32H7xx_HAL_Driver/Src/stm32h7xx_hal_dma.c ****         }
1476:Drivers/STM32H7xx_HAL_Driver/Src/stm32h7xx_hal_dma.c ****       }
1477:Drivers/STM32H7xx_HAL_Driver/Src/stm32h7xx_hal_dma.c ****     }
1478:Drivers/STM32H7xx_HAL_Driver/Src/stm32h7xx_hal_dma.c **** 
1479:Drivers/STM32H7xx_HAL_Driver/Src/stm32h7xx_hal_dma.c ****     /* Transfer Complete Interrupt management ***********************************/
1480:Drivers/STM32H7xx_HAL_Driver/Src/stm32h7xx_hal_dma.c ****     else if (((tmpisr_bdma & (BDMA_FLAG_TC0 << (hdma->StreamIndex & 0x1FU))) != 0U) && ((ccr_reg & 
1481:Drivers/STM32H7xx_HAL_Driver/Src/stm32h7xx_hal_dma.c ****     {
1482:Drivers/STM32H7xx_HAL_Driver/Src/stm32h7xx_hal_dma.c ****       /* Clear the transfer complete flag */
1483:Drivers/STM32H7xx_HAL_Driver/Src/stm32h7xx_hal_dma.c ****       regs_bdma->IFCR = (BDMA_ISR_TCIF0) << (hdma->StreamIndex & 0x1FU);
1484:Drivers/STM32H7xx_HAL_Driver/Src/stm32h7xx_hal_dma.c **** 
1485:Drivers/STM32H7xx_HAL_Driver/Src/stm32h7xx_hal_dma.c ****       /* Disable the transfer complete interrupt if the DMA mode is Double Buffering */
1486:Drivers/STM32H7xx_HAL_Driver/Src/stm32h7xx_hal_dma.c ****       if((ccr_reg & BDMA_CCR_DBM) != 0U)
1487:Drivers/STM32H7xx_HAL_Driver/Src/stm32h7xx_hal_dma.c ****       {
1488:Drivers/STM32H7xx_HAL_Driver/Src/stm32h7xx_hal_dma.c ****         /* Current memory buffer used is Memory 0 */
1489:Drivers/STM32H7xx_HAL_Driver/Src/stm32h7xx_hal_dma.c ****         if((ccr_reg & BDMA_CCR_CT) == 0U)
1490:Drivers/STM32H7xx_HAL_Driver/Src/stm32h7xx_hal_dma.c ****         {
1491:Drivers/STM32H7xx_HAL_Driver/Src/stm32h7xx_hal_dma.c ****           if(hdma->XferM1CpltCallback != NULL)
1492:Drivers/STM32H7xx_HAL_Driver/Src/stm32h7xx_hal_dma.c ****           {
1493:Drivers/STM32H7xx_HAL_Driver/Src/stm32h7xx_hal_dma.c ****             /* Transfer complete Callback for Memory 1 */
1494:Drivers/STM32H7xx_HAL_Driver/Src/stm32h7xx_hal_dma.c ****             hdma->XferM1CpltCallback(hdma);
1495:Drivers/STM32H7xx_HAL_Driver/Src/stm32h7xx_hal_dma.c ****           }
1496:Drivers/STM32H7xx_HAL_Driver/Src/stm32h7xx_hal_dma.c ****         }
1497:Drivers/STM32H7xx_HAL_Driver/Src/stm32h7xx_hal_dma.c ****         /* Current memory buffer used is Memory 1 */
1498:Drivers/STM32H7xx_HAL_Driver/Src/stm32h7xx_hal_dma.c ****         else
1499:Drivers/STM32H7xx_HAL_Driver/Src/stm32h7xx_hal_dma.c ****         {
1500:Drivers/STM32H7xx_HAL_Driver/Src/stm32h7xx_hal_dma.c ****           if(hdma->XferCpltCallback != NULL)
1501:Drivers/STM32H7xx_HAL_Driver/Src/stm32h7xx_hal_dma.c ****           {
1502:Drivers/STM32H7xx_HAL_Driver/Src/stm32h7xx_hal_dma.c ****             /* Transfer complete Callback for Memory 0 */
1503:Drivers/STM32H7xx_HAL_Driver/Src/stm32h7xx_hal_dma.c ****             hdma->XferCpltCallback(hdma);
1504:Drivers/STM32H7xx_HAL_Driver/Src/stm32h7xx_hal_dma.c ****           }
1505:Drivers/STM32H7xx_HAL_Driver/Src/stm32h7xx_hal_dma.c ****         }
1506:Drivers/STM32H7xx_HAL_Driver/Src/stm32h7xx_hal_dma.c ****       }
1507:Drivers/STM32H7xx_HAL_Driver/Src/stm32h7xx_hal_dma.c ****       else
1508:Drivers/STM32H7xx_HAL_Driver/Src/stm32h7xx_hal_dma.c ****       {
1509:Drivers/STM32H7xx_HAL_Driver/Src/stm32h7xx_hal_dma.c ****         if((ccr_reg & BDMA_CCR_CIRC) == 0U)
1510:Drivers/STM32H7xx_HAL_Driver/Src/stm32h7xx_hal_dma.c ****         {
1511:Drivers/STM32H7xx_HAL_Driver/Src/stm32h7xx_hal_dma.c ****           /* Disable the transfer complete and error interrupt, if the DMA mode is not CIRCULAR */
1512:Drivers/STM32H7xx_HAL_Driver/Src/stm32h7xx_hal_dma.c ****           __HAL_DMA_DISABLE_IT(hdma, DMA_IT_TE | DMA_IT_TC);
1513:Drivers/STM32H7xx_HAL_Driver/Src/stm32h7xx_hal_dma.c **** 
ARM GAS  /tmp/ccMjPS5V.s 			page 28


1514:Drivers/STM32H7xx_HAL_Driver/Src/stm32h7xx_hal_dma.c ****           /* Change the DMA state */
1515:Drivers/STM32H7xx_HAL_Driver/Src/stm32h7xx_hal_dma.c ****           hdma->State = HAL_DMA_STATE_READY;
1516:Drivers/STM32H7xx_HAL_Driver/Src/stm32h7xx_hal_dma.c **** 
1517:Drivers/STM32H7xx_HAL_Driver/Src/stm32h7xx_hal_dma.c ****           /* Process Unlocked */
1518:Drivers/STM32H7xx_HAL_Driver/Src/stm32h7xx_hal_dma.c ****           __HAL_UNLOCK(hdma);
1519:Drivers/STM32H7xx_HAL_Driver/Src/stm32h7xx_hal_dma.c ****         }
1520:Drivers/STM32H7xx_HAL_Driver/Src/stm32h7xx_hal_dma.c **** 
1521:Drivers/STM32H7xx_HAL_Driver/Src/stm32h7xx_hal_dma.c ****         if(hdma->XferCpltCallback != NULL)
1522:Drivers/STM32H7xx_HAL_Driver/Src/stm32h7xx_hal_dma.c ****         {
1523:Drivers/STM32H7xx_HAL_Driver/Src/stm32h7xx_hal_dma.c ****           /* Transfer complete callback */
1524:Drivers/STM32H7xx_HAL_Driver/Src/stm32h7xx_hal_dma.c ****           hdma->XferCpltCallback(hdma);
1525:Drivers/STM32H7xx_HAL_Driver/Src/stm32h7xx_hal_dma.c ****         }
1526:Drivers/STM32H7xx_HAL_Driver/Src/stm32h7xx_hal_dma.c ****       }
1527:Drivers/STM32H7xx_HAL_Driver/Src/stm32h7xx_hal_dma.c ****     }
1528:Drivers/STM32H7xx_HAL_Driver/Src/stm32h7xx_hal_dma.c ****     /* Transfer Error Interrupt management **************************************/
1529:Drivers/STM32H7xx_HAL_Driver/Src/stm32h7xx_hal_dma.c ****     else if (((tmpisr_bdma & (BDMA_FLAG_TE0 << (hdma->StreamIndex & 0x1FU))) != 0U) && ((ccr_reg & 
1530:Drivers/STM32H7xx_HAL_Driver/Src/stm32h7xx_hal_dma.c ****     {
1531:Drivers/STM32H7xx_HAL_Driver/Src/stm32h7xx_hal_dma.c ****       /* When a DMA transfer error occurs */
1532:Drivers/STM32H7xx_HAL_Driver/Src/stm32h7xx_hal_dma.c ****       /* A hardware clear of its EN bits is performed */
1533:Drivers/STM32H7xx_HAL_Driver/Src/stm32h7xx_hal_dma.c ****       /* Disable ALL DMA IT */
1534:Drivers/STM32H7xx_HAL_Driver/Src/stm32h7xx_hal_dma.c ****       __HAL_DMA_DISABLE_IT(hdma, (DMA_IT_TC | DMA_IT_HT | DMA_IT_TE));
1535:Drivers/STM32H7xx_HAL_Driver/Src/stm32h7xx_hal_dma.c **** 
1536:Drivers/STM32H7xx_HAL_Driver/Src/stm32h7xx_hal_dma.c ****       /* Clear all flags */
1537:Drivers/STM32H7xx_HAL_Driver/Src/stm32h7xx_hal_dma.c ****       regs_bdma->IFCR = (BDMA_ISR_GIF0) << (hdma->StreamIndex & 0x1FU);
1538:Drivers/STM32H7xx_HAL_Driver/Src/stm32h7xx_hal_dma.c **** 
1539:Drivers/STM32H7xx_HAL_Driver/Src/stm32h7xx_hal_dma.c ****       /* Update error code */
1540:Drivers/STM32H7xx_HAL_Driver/Src/stm32h7xx_hal_dma.c ****       hdma->ErrorCode = HAL_DMA_ERROR_TE;
1541:Drivers/STM32H7xx_HAL_Driver/Src/stm32h7xx_hal_dma.c **** 
1542:Drivers/STM32H7xx_HAL_Driver/Src/stm32h7xx_hal_dma.c ****       /* Change the DMA state */
1543:Drivers/STM32H7xx_HAL_Driver/Src/stm32h7xx_hal_dma.c ****       hdma->State = HAL_DMA_STATE_READY;
1544:Drivers/STM32H7xx_HAL_Driver/Src/stm32h7xx_hal_dma.c **** 
1545:Drivers/STM32H7xx_HAL_Driver/Src/stm32h7xx_hal_dma.c ****       /* Process Unlocked */
1546:Drivers/STM32H7xx_HAL_Driver/Src/stm32h7xx_hal_dma.c ****       __HAL_UNLOCK(hdma);
1547:Drivers/STM32H7xx_HAL_Driver/Src/stm32h7xx_hal_dma.c **** 
1548:Drivers/STM32H7xx_HAL_Driver/Src/stm32h7xx_hal_dma.c ****       if (hdma->XferErrorCallback != NULL)
1549:Drivers/STM32H7xx_HAL_Driver/Src/stm32h7xx_hal_dma.c ****       {
1550:Drivers/STM32H7xx_HAL_Driver/Src/stm32h7xx_hal_dma.c ****         /* Transfer error callback */
1551:Drivers/STM32H7xx_HAL_Driver/Src/stm32h7xx_hal_dma.c ****         hdma->XferErrorCallback(hdma);
1552:Drivers/STM32H7xx_HAL_Driver/Src/stm32h7xx_hal_dma.c ****       }
1553:Drivers/STM32H7xx_HAL_Driver/Src/stm32h7xx_hal_dma.c ****     }
1554:Drivers/STM32H7xx_HAL_Driver/Src/stm32h7xx_hal_dma.c ****     else
1555:Drivers/STM32H7xx_HAL_Driver/Src/stm32h7xx_hal_dma.c ****     {
1556:Drivers/STM32H7xx_HAL_Driver/Src/stm32h7xx_hal_dma.c ****       /* Nothing To Do */
1557:Drivers/STM32H7xx_HAL_Driver/Src/stm32h7xx_hal_dma.c ****     }
1558:Drivers/STM32H7xx_HAL_Driver/Src/stm32h7xx_hal_dma.c ****   }
1559:Drivers/STM32H7xx_HAL_Driver/Src/stm32h7xx_hal_dma.c ****   else
1560:Drivers/STM32H7xx_HAL_Driver/Src/stm32h7xx_hal_dma.c ****   {
1561:Drivers/STM32H7xx_HAL_Driver/Src/stm32h7xx_hal_dma.c ****     /* Nothing To Do */
1562:Drivers/STM32H7xx_HAL_Driver/Src/stm32h7xx_hal_dma.c ****   }
1563:Drivers/STM32H7xx_HAL_Driver/Src/stm32h7xx_hal_dma.c **** }
1564:Drivers/STM32H7xx_HAL_Driver/Src/stm32h7xx_hal_dma.c **** 
1565:Drivers/STM32H7xx_HAL_Driver/Src/stm32h7xx_hal_dma.c **** /**
1566:Drivers/STM32H7xx_HAL_Driver/Src/stm32h7xx_hal_dma.c ****   * @brief  Register callbacks
1567:Drivers/STM32H7xx_HAL_Driver/Src/stm32h7xx_hal_dma.c ****   * @param  hdma:                 pointer to a DMA_HandleTypeDef structure that contains
1568:Drivers/STM32H7xx_HAL_Driver/Src/stm32h7xx_hal_dma.c ****   *                               the configuration information for the specified DMA Stream.
1569:Drivers/STM32H7xx_HAL_Driver/Src/stm32h7xx_hal_dma.c ****   * @param  CallbackID:           User Callback identifier
1570:Drivers/STM32H7xx_HAL_Driver/Src/stm32h7xx_hal_dma.c ****   *                               a DMA_HandleTypeDef structure as parameter.
ARM GAS  /tmp/ccMjPS5V.s 			page 29


1571:Drivers/STM32H7xx_HAL_Driver/Src/stm32h7xx_hal_dma.c ****   * @param  pCallback:            pointer to private callback function which has pointer to
1572:Drivers/STM32H7xx_HAL_Driver/Src/stm32h7xx_hal_dma.c ****   *                               a DMA_HandleTypeDef structure as parameter.
1573:Drivers/STM32H7xx_HAL_Driver/Src/stm32h7xx_hal_dma.c ****   * @retval HAL status
1574:Drivers/STM32H7xx_HAL_Driver/Src/stm32h7xx_hal_dma.c ****   */
1575:Drivers/STM32H7xx_HAL_Driver/Src/stm32h7xx_hal_dma.c **** HAL_StatusTypeDef HAL_DMA_RegisterCallback(DMA_HandleTypeDef *hdma, HAL_DMA_CallbackIDTypeDef Callb
1576:Drivers/STM32H7xx_HAL_Driver/Src/stm32h7xx_hal_dma.c **** {
1577:Drivers/STM32H7xx_HAL_Driver/Src/stm32h7xx_hal_dma.c **** 
1578:Drivers/STM32H7xx_HAL_Driver/Src/stm32h7xx_hal_dma.c ****   HAL_StatusTypeDef status = HAL_OK;
1579:Drivers/STM32H7xx_HAL_Driver/Src/stm32h7xx_hal_dma.c **** 
1580:Drivers/STM32H7xx_HAL_Driver/Src/stm32h7xx_hal_dma.c ****   /* Check the DMA peripheral handle */
1581:Drivers/STM32H7xx_HAL_Driver/Src/stm32h7xx_hal_dma.c ****   if(hdma == NULL)
1582:Drivers/STM32H7xx_HAL_Driver/Src/stm32h7xx_hal_dma.c ****   {
1583:Drivers/STM32H7xx_HAL_Driver/Src/stm32h7xx_hal_dma.c ****     return HAL_ERROR;
1584:Drivers/STM32H7xx_HAL_Driver/Src/stm32h7xx_hal_dma.c ****   }
1585:Drivers/STM32H7xx_HAL_Driver/Src/stm32h7xx_hal_dma.c **** 
1586:Drivers/STM32H7xx_HAL_Driver/Src/stm32h7xx_hal_dma.c ****   /* Process locked */
1587:Drivers/STM32H7xx_HAL_Driver/Src/stm32h7xx_hal_dma.c ****   __HAL_LOCK(hdma);
1588:Drivers/STM32H7xx_HAL_Driver/Src/stm32h7xx_hal_dma.c **** 
1589:Drivers/STM32H7xx_HAL_Driver/Src/stm32h7xx_hal_dma.c ****   if(HAL_DMA_STATE_READY == hdma->State)
1590:Drivers/STM32H7xx_HAL_Driver/Src/stm32h7xx_hal_dma.c ****   {
1591:Drivers/STM32H7xx_HAL_Driver/Src/stm32h7xx_hal_dma.c ****     switch (CallbackID)
1592:Drivers/STM32H7xx_HAL_Driver/Src/stm32h7xx_hal_dma.c ****     {
1593:Drivers/STM32H7xx_HAL_Driver/Src/stm32h7xx_hal_dma.c ****     case  HAL_DMA_XFER_CPLT_CB_ID:
1594:Drivers/STM32H7xx_HAL_Driver/Src/stm32h7xx_hal_dma.c ****       hdma->XferCpltCallback = pCallback;
1595:Drivers/STM32H7xx_HAL_Driver/Src/stm32h7xx_hal_dma.c ****       break;
1596:Drivers/STM32H7xx_HAL_Driver/Src/stm32h7xx_hal_dma.c **** 
1597:Drivers/STM32H7xx_HAL_Driver/Src/stm32h7xx_hal_dma.c ****     case  HAL_DMA_XFER_HALFCPLT_CB_ID:
1598:Drivers/STM32H7xx_HAL_Driver/Src/stm32h7xx_hal_dma.c ****       hdma->XferHalfCpltCallback = pCallback;
1599:Drivers/STM32H7xx_HAL_Driver/Src/stm32h7xx_hal_dma.c ****       break;
1600:Drivers/STM32H7xx_HAL_Driver/Src/stm32h7xx_hal_dma.c **** 
1601:Drivers/STM32H7xx_HAL_Driver/Src/stm32h7xx_hal_dma.c ****     case  HAL_DMA_XFER_M1CPLT_CB_ID:
1602:Drivers/STM32H7xx_HAL_Driver/Src/stm32h7xx_hal_dma.c ****       hdma->XferM1CpltCallback = pCallback;
1603:Drivers/STM32H7xx_HAL_Driver/Src/stm32h7xx_hal_dma.c ****       break;
1604:Drivers/STM32H7xx_HAL_Driver/Src/stm32h7xx_hal_dma.c **** 
1605:Drivers/STM32H7xx_HAL_Driver/Src/stm32h7xx_hal_dma.c ****     case  HAL_DMA_XFER_M1HALFCPLT_CB_ID:
1606:Drivers/STM32H7xx_HAL_Driver/Src/stm32h7xx_hal_dma.c ****       hdma->XferM1HalfCpltCallback = pCallback;
1607:Drivers/STM32H7xx_HAL_Driver/Src/stm32h7xx_hal_dma.c ****       break;
1608:Drivers/STM32H7xx_HAL_Driver/Src/stm32h7xx_hal_dma.c **** 
1609:Drivers/STM32H7xx_HAL_Driver/Src/stm32h7xx_hal_dma.c ****     case  HAL_DMA_XFER_ERROR_CB_ID:
1610:Drivers/STM32H7xx_HAL_Driver/Src/stm32h7xx_hal_dma.c ****       hdma->XferErrorCallback = pCallback;
1611:Drivers/STM32H7xx_HAL_Driver/Src/stm32h7xx_hal_dma.c ****       break;
1612:Drivers/STM32H7xx_HAL_Driver/Src/stm32h7xx_hal_dma.c **** 
1613:Drivers/STM32H7xx_HAL_Driver/Src/stm32h7xx_hal_dma.c ****     case  HAL_DMA_XFER_ABORT_CB_ID:
1614:Drivers/STM32H7xx_HAL_Driver/Src/stm32h7xx_hal_dma.c ****       hdma->XferAbortCallback = pCallback;
1615:Drivers/STM32H7xx_HAL_Driver/Src/stm32h7xx_hal_dma.c ****       break;
1616:Drivers/STM32H7xx_HAL_Driver/Src/stm32h7xx_hal_dma.c **** 
1617:Drivers/STM32H7xx_HAL_Driver/Src/stm32h7xx_hal_dma.c ****     default:
1618:Drivers/STM32H7xx_HAL_Driver/Src/stm32h7xx_hal_dma.c ****       status =  HAL_ERROR;
1619:Drivers/STM32H7xx_HAL_Driver/Src/stm32h7xx_hal_dma.c ****       break;
1620:Drivers/STM32H7xx_HAL_Driver/Src/stm32h7xx_hal_dma.c ****     }
1621:Drivers/STM32H7xx_HAL_Driver/Src/stm32h7xx_hal_dma.c ****   }
1622:Drivers/STM32H7xx_HAL_Driver/Src/stm32h7xx_hal_dma.c ****   else
1623:Drivers/STM32H7xx_HAL_Driver/Src/stm32h7xx_hal_dma.c ****   {
1624:Drivers/STM32H7xx_HAL_Driver/Src/stm32h7xx_hal_dma.c ****     /* Return error status */
1625:Drivers/STM32H7xx_HAL_Driver/Src/stm32h7xx_hal_dma.c ****     status =  HAL_ERROR;
1626:Drivers/STM32H7xx_HAL_Driver/Src/stm32h7xx_hal_dma.c ****   }
1627:Drivers/STM32H7xx_HAL_Driver/Src/stm32h7xx_hal_dma.c **** 
ARM GAS  /tmp/ccMjPS5V.s 			page 30


1628:Drivers/STM32H7xx_HAL_Driver/Src/stm32h7xx_hal_dma.c ****   /* Release Lock */
1629:Drivers/STM32H7xx_HAL_Driver/Src/stm32h7xx_hal_dma.c ****   __HAL_UNLOCK(hdma);
1630:Drivers/STM32H7xx_HAL_Driver/Src/stm32h7xx_hal_dma.c **** 
1631:Drivers/STM32H7xx_HAL_Driver/Src/stm32h7xx_hal_dma.c ****   return status;
1632:Drivers/STM32H7xx_HAL_Driver/Src/stm32h7xx_hal_dma.c **** }
1633:Drivers/STM32H7xx_HAL_Driver/Src/stm32h7xx_hal_dma.c **** 
1634:Drivers/STM32H7xx_HAL_Driver/Src/stm32h7xx_hal_dma.c **** /**
1635:Drivers/STM32H7xx_HAL_Driver/Src/stm32h7xx_hal_dma.c ****   * @brief  UnRegister callbacks
1636:Drivers/STM32H7xx_HAL_Driver/Src/stm32h7xx_hal_dma.c ****   * @param  hdma:                 pointer to a DMA_HandleTypeDef structure that contains
1637:Drivers/STM32H7xx_HAL_Driver/Src/stm32h7xx_hal_dma.c ****   *                               the configuration information for the specified DMA Stream.
1638:Drivers/STM32H7xx_HAL_Driver/Src/stm32h7xx_hal_dma.c ****   * @param  CallbackID:           User Callback identifier
1639:Drivers/STM32H7xx_HAL_Driver/Src/stm32h7xx_hal_dma.c ****   *                               a HAL_DMA_CallbackIDTypeDef ENUM as parameter.
1640:Drivers/STM32H7xx_HAL_Driver/Src/stm32h7xx_hal_dma.c ****   * @retval HAL status
1641:Drivers/STM32H7xx_HAL_Driver/Src/stm32h7xx_hal_dma.c ****   */
1642:Drivers/STM32H7xx_HAL_Driver/Src/stm32h7xx_hal_dma.c **** HAL_StatusTypeDef HAL_DMA_UnRegisterCallback(DMA_HandleTypeDef *hdma, HAL_DMA_CallbackIDTypeDef Cal
1643:Drivers/STM32H7xx_HAL_Driver/Src/stm32h7xx_hal_dma.c **** {
1644:Drivers/STM32H7xx_HAL_Driver/Src/stm32h7xx_hal_dma.c ****   HAL_StatusTypeDef status = HAL_OK;
1645:Drivers/STM32H7xx_HAL_Driver/Src/stm32h7xx_hal_dma.c **** 
1646:Drivers/STM32H7xx_HAL_Driver/Src/stm32h7xx_hal_dma.c ****   /* Check the DMA peripheral handle */
1647:Drivers/STM32H7xx_HAL_Driver/Src/stm32h7xx_hal_dma.c ****   if(hdma == NULL)
1648:Drivers/STM32H7xx_HAL_Driver/Src/stm32h7xx_hal_dma.c ****   {
1649:Drivers/STM32H7xx_HAL_Driver/Src/stm32h7xx_hal_dma.c ****     return HAL_ERROR;
1650:Drivers/STM32H7xx_HAL_Driver/Src/stm32h7xx_hal_dma.c ****   }
1651:Drivers/STM32H7xx_HAL_Driver/Src/stm32h7xx_hal_dma.c **** 
1652:Drivers/STM32H7xx_HAL_Driver/Src/stm32h7xx_hal_dma.c ****   /* Process locked */
1653:Drivers/STM32H7xx_HAL_Driver/Src/stm32h7xx_hal_dma.c ****   __HAL_LOCK(hdma);
1654:Drivers/STM32H7xx_HAL_Driver/Src/stm32h7xx_hal_dma.c **** 
1655:Drivers/STM32H7xx_HAL_Driver/Src/stm32h7xx_hal_dma.c ****   if(HAL_DMA_STATE_READY == hdma->State)
1656:Drivers/STM32H7xx_HAL_Driver/Src/stm32h7xx_hal_dma.c ****   {
1657:Drivers/STM32H7xx_HAL_Driver/Src/stm32h7xx_hal_dma.c ****     switch (CallbackID)
1658:Drivers/STM32H7xx_HAL_Driver/Src/stm32h7xx_hal_dma.c ****     {
1659:Drivers/STM32H7xx_HAL_Driver/Src/stm32h7xx_hal_dma.c ****     case  HAL_DMA_XFER_CPLT_CB_ID:
1660:Drivers/STM32H7xx_HAL_Driver/Src/stm32h7xx_hal_dma.c ****       hdma->XferCpltCallback = NULL;
1661:Drivers/STM32H7xx_HAL_Driver/Src/stm32h7xx_hal_dma.c ****       break;
1662:Drivers/STM32H7xx_HAL_Driver/Src/stm32h7xx_hal_dma.c **** 
1663:Drivers/STM32H7xx_HAL_Driver/Src/stm32h7xx_hal_dma.c ****     case  HAL_DMA_XFER_HALFCPLT_CB_ID:
1664:Drivers/STM32H7xx_HAL_Driver/Src/stm32h7xx_hal_dma.c ****       hdma->XferHalfCpltCallback = NULL;
1665:Drivers/STM32H7xx_HAL_Driver/Src/stm32h7xx_hal_dma.c ****       break;
1666:Drivers/STM32H7xx_HAL_Driver/Src/stm32h7xx_hal_dma.c **** 
1667:Drivers/STM32H7xx_HAL_Driver/Src/stm32h7xx_hal_dma.c ****     case  HAL_DMA_XFER_M1CPLT_CB_ID:
1668:Drivers/STM32H7xx_HAL_Driver/Src/stm32h7xx_hal_dma.c ****       hdma->XferM1CpltCallback = NULL;
1669:Drivers/STM32H7xx_HAL_Driver/Src/stm32h7xx_hal_dma.c ****       break;
1670:Drivers/STM32H7xx_HAL_Driver/Src/stm32h7xx_hal_dma.c **** 
1671:Drivers/STM32H7xx_HAL_Driver/Src/stm32h7xx_hal_dma.c ****     case  HAL_DMA_XFER_M1HALFCPLT_CB_ID:
1672:Drivers/STM32H7xx_HAL_Driver/Src/stm32h7xx_hal_dma.c ****       hdma->XferM1HalfCpltCallback = NULL;
1673:Drivers/STM32H7xx_HAL_Driver/Src/stm32h7xx_hal_dma.c ****       break;
1674:Drivers/STM32H7xx_HAL_Driver/Src/stm32h7xx_hal_dma.c **** 
1675:Drivers/STM32H7xx_HAL_Driver/Src/stm32h7xx_hal_dma.c ****     case  HAL_DMA_XFER_ERROR_CB_ID:
1676:Drivers/STM32H7xx_HAL_Driver/Src/stm32h7xx_hal_dma.c ****       hdma->XferErrorCallback = NULL;
1677:Drivers/STM32H7xx_HAL_Driver/Src/stm32h7xx_hal_dma.c ****       break;
1678:Drivers/STM32H7xx_HAL_Driver/Src/stm32h7xx_hal_dma.c **** 
1679:Drivers/STM32H7xx_HAL_Driver/Src/stm32h7xx_hal_dma.c ****     case  HAL_DMA_XFER_ABORT_CB_ID:
1680:Drivers/STM32H7xx_HAL_Driver/Src/stm32h7xx_hal_dma.c ****       hdma->XferAbortCallback = NULL;
1681:Drivers/STM32H7xx_HAL_Driver/Src/stm32h7xx_hal_dma.c ****       break;
1682:Drivers/STM32H7xx_HAL_Driver/Src/stm32h7xx_hal_dma.c **** 
1683:Drivers/STM32H7xx_HAL_Driver/Src/stm32h7xx_hal_dma.c ****     case   HAL_DMA_XFER_ALL_CB_ID:
1684:Drivers/STM32H7xx_HAL_Driver/Src/stm32h7xx_hal_dma.c ****       hdma->XferCpltCallback = NULL;
ARM GAS  /tmp/ccMjPS5V.s 			page 31


1685:Drivers/STM32H7xx_HAL_Driver/Src/stm32h7xx_hal_dma.c ****       hdma->XferHalfCpltCallback = NULL;
1686:Drivers/STM32H7xx_HAL_Driver/Src/stm32h7xx_hal_dma.c ****       hdma->XferM1CpltCallback = NULL;
1687:Drivers/STM32H7xx_HAL_Driver/Src/stm32h7xx_hal_dma.c ****       hdma->XferM1HalfCpltCallback = NULL;
1688:Drivers/STM32H7xx_HAL_Driver/Src/stm32h7xx_hal_dma.c ****       hdma->XferErrorCallback = NULL;
1689:Drivers/STM32H7xx_HAL_Driver/Src/stm32h7xx_hal_dma.c ****       hdma->XferAbortCallback = NULL;
1690:Drivers/STM32H7xx_HAL_Driver/Src/stm32h7xx_hal_dma.c ****       break;
1691:Drivers/STM32H7xx_HAL_Driver/Src/stm32h7xx_hal_dma.c **** 
1692:Drivers/STM32H7xx_HAL_Driver/Src/stm32h7xx_hal_dma.c ****     default:
1693:Drivers/STM32H7xx_HAL_Driver/Src/stm32h7xx_hal_dma.c ****       status = HAL_ERROR;
1694:Drivers/STM32H7xx_HAL_Driver/Src/stm32h7xx_hal_dma.c ****       break;
1695:Drivers/STM32H7xx_HAL_Driver/Src/stm32h7xx_hal_dma.c ****     }
1696:Drivers/STM32H7xx_HAL_Driver/Src/stm32h7xx_hal_dma.c ****   }
1697:Drivers/STM32H7xx_HAL_Driver/Src/stm32h7xx_hal_dma.c ****   else
1698:Drivers/STM32H7xx_HAL_Driver/Src/stm32h7xx_hal_dma.c ****   {
1699:Drivers/STM32H7xx_HAL_Driver/Src/stm32h7xx_hal_dma.c ****     status = HAL_ERROR;
1700:Drivers/STM32H7xx_HAL_Driver/Src/stm32h7xx_hal_dma.c ****   }
1701:Drivers/STM32H7xx_HAL_Driver/Src/stm32h7xx_hal_dma.c **** 
1702:Drivers/STM32H7xx_HAL_Driver/Src/stm32h7xx_hal_dma.c ****   /* Release Lock */
1703:Drivers/STM32H7xx_HAL_Driver/Src/stm32h7xx_hal_dma.c ****   __HAL_UNLOCK(hdma);
1704:Drivers/STM32H7xx_HAL_Driver/Src/stm32h7xx_hal_dma.c **** 
1705:Drivers/STM32H7xx_HAL_Driver/Src/stm32h7xx_hal_dma.c ****   return status;
1706:Drivers/STM32H7xx_HAL_Driver/Src/stm32h7xx_hal_dma.c **** }
1707:Drivers/STM32H7xx_HAL_Driver/Src/stm32h7xx_hal_dma.c **** 
1708:Drivers/STM32H7xx_HAL_Driver/Src/stm32h7xx_hal_dma.c **** /**
1709:Drivers/STM32H7xx_HAL_Driver/Src/stm32h7xx_hal_dma.c ****   * @}
1710:Drivers/STM32H7xx_HAL_Driver/Src/stm32h7xx_hal_dma.c ****   */
1711:Drivers/STM32H7xx_HAL_Driver/Src/stm32h7xx_hal_dma.c **** 
1712:Drivers/STM32H7xx_HAL_Driver/Src/stm32h7xx_hal_dma.c **** /** @addtogroup DMA_Exported_Functions_Group3
1713:Drivers/STM32H7xx_HAL_Driver/Src/stm32h7xx_hal_dma.c ****   *
1714:Drivers/STM32H7xx_HAL_Driver/Src/stm32h7xx_hal_dma.c **** @verbatim
1715:Drivers/STM32H7xx_HAL_Driver/Src/stm32h7xx_hal_dma.c ****  ===============================================================================
1716:Drivers/STM32H7xx_HAL_Driver/Src/stm32h7xx_hal_dma.c ****                     ##### State and Errors functions #####
1717:Drivers/STM32H7xx_HAL_Driver/Src/stm32h7xx_hal_dma.c ****  ===============================================================================
1718:Drivers/STM32H7xx_HAL_Driver/Src/stm32h7xx_hal_dma.c ****     [..]
1719:Drivers/STM32H7xx_HAL_Driver/Src/stm32h7xx_hal_dma.c ****     This subsection provides functions allowing to
1720:Drivers/STM32H7xx_HAL_Driver/Src/stm32h7xx_hal_dma.c ****       (+) Check the DMA state
1721:Drivers/STM32H7xx_HAL_Driver/Src/stm32h7xx_hal_dma.c ****       (+) Get error code
1722:Drivers/STM32H7xx_HAL_Driver/Src/stm32h7xx_hal_dma.c **** 
1723:Drivers/STM32H7xx_HAL_Driver/Src/stm32h7xx_hal_dma.c **** @endverbatim
1724:Drivers/STM32H7xx_HAL_Driver/Src/stm32h7xx_hal_dma.c ****   * @{
1725:Drivers/STM32H7xx_HAL_Driver/Src/stm32h7xx_hal_dma.c ****   */
1726:Drivers/STM32H7xx_HAL_Driver/Src/stm32h7xx_hal_dma.c **** 
1727:Drivers/STM32H7xx_HAL_Driver/Src/stm32h7xx_hal_dma.c **** /**
1728:Drivers/STM32H7xx_HAL_Driver/Src/stm32h7xx_hal_dma.c ****   * @brief  Returns the DMA state.
1729:Drivers/STM32H7xx_HAL_Driver/Src/stm32h7xx_hal_dma.c ****   * @param  hdma: pointer to a DMA_HandleTypeDef structure that contains
1730:Drivers/STM32H7xx_HAL_Driver/Src/stm32h7xx_hal_dma.c ****   *               the configuration information for the specified DMA Stream.
1731:Drivers/STM32H7xx_HAL_Driver/Src/stm32h7xx_hal_dma.c ****   * @retval HAL state
1732:Drivers/STM32H7xx_HAL_Driver/Src/stm32h7xx_hal_dma.c ****   */
1733:Drivers/STM32H7xx_HAL_Driver/Src/stm32h7xx_hal_dma.c **** HAL_DMA_StateTypeDef HAL_DMA_GetState(const DMA_HandleTypeDef *hdma)
1734:Drivers/STM32H7xx_HAL_Driver/Src/stm32h7xx_hal_dma.c **** {
1735:Drivers/STM32H7xx_HAL_Driver/Src/stm32h7xx_hal_dma.c ****   return hdma->State;
1736:Drivers/STM32H7xx_HAL_Driver/Src/stm32h7xx_hal_dma.c **** }
1737:Drivers/STM32H7xx_HAL_Driver/Src/stm32h7xx_hal_dma.c **** 
1738:Drivers/STM32H7xx_HAL_Driver/Src/stm32h7xx_hal_dma.c **** /**
1739:Drivers/STM32H7xx_HAL_Driver/Src/stm32h7xx_hal_dma.c ****   * @brief  Return the DMA error code
1740:Drivers/STM32H7xx_HAL_Driver/Src/stm32h7xx_hal_dma.c ****   * @param  hdma : pointer to a DMA_HandleTypeDef structure that contains
1741:Drivers/STM32H7xx_HAL_Driver/Src/stm32h7xx_hal_dma.c ****   *              the configuration information for the specified DMA Stream.
ARM GAS  /tmp/ccMjPS5V.s 			page 32


1742:Drivers/STM32H7xx_HAL_Driver/Src/stm32h7xx_hal_dma.c ****   * @retval DMA Error Code
1743:Drivers/STM32H7xx_HAL_Driver/Src/stm32h7xx_hal_dma.c ****   */
1744:Drivers/STM32H7xx_HAL_Driver/Src/stm32h7xx_hal_dma.c **** uint32_t HAL_DMA_GetError(const DMA_HandleTypeDef *hdma)
1745:Drivers/STM32H7xx_HAL_Driver/Src/stm32h7xx_hal_dma.c **** {
1746:Drivers/STM32H7xx_HAL_Driver/Src/stm32h7xx_hal_dma.c ****   return hdma->ErrorCode;
1747:Drivers/STM32H7xx_HAL_Driver/Src/stm32h7xx_hal_dma.c **** }
1748:Drivers/STM32H7xx_HAL_Driver/Src/stm32h7xx_hal_dma.c **** 
1749:Drivers/STM32H7xx_HAL_Driver/Src/stm32h7xx_hal_dma.c **** /**
1750:Drivers/STM32H7xx_HAL_Driver/Src/stm32h7xx_hal_dma.c ****   * @}
1751:Drivers/STM32H7xx_HAL_Driver/Src/stm32h7xx_hal_dma.c ****   */
1752:Drivers/STM32H7xx_HAL_Driver/Src/stm32h7xx_hal_dma.c **** 
1753:Drivers/STM32H7xx_HAL_Driver/Src/stm32h7xx_hal_dma.c **** /**
1754:Drivers/STM32H7xx_HAL_Driver/Src/stm32h7xx_hal_dma.c ****   * @}
1755:Drivers/STM32H7xx_HAL_Driver/Src/stm32h7xx_hal_dma.c ****   */
1756:Drivers/STM32H7xx_HAL_Driver/Src/stm32h7xx_hal_dma.c **** 
1757:Drivers/STM32H7xx_HAL_Driver/Src/stm32h7xx_hal_dma.c **** /** @addtogroup DMA_Private_Functions
1758:Drivers/STM32H7xx_HAL_Driver/Src/stm32h7xx_hal_dma.c ****   * @{
1759:Drivers/STM32H7xx_HAL_Driver/Src/stm32h7xx_hal_dma.c ****   */
1760:Drivers/STM32H7xx_HAL_Driver/Src/stm32h7xx_hal_dma.c **** 
1761:Drivers/STM32H7xx_HAL_Driver/Src/stm32h7xx_hal_dma.c **** /**
1762:Drivers/STM32H7xx_HAL_Driver/Src/stm32h7xx_hal_dma.c ****   * @brief  Sets the DMA Transfer parameter.
1763:Drivers/STM32H7xx_HAL_Driver/Src/stm32h7xx_hal_dma.c ****   * @param  hdma:       pointer to a DMA_HandleTypeDef structure that contains
1764:Drivers/STM32H7xx_HAL_Driver/Src/stm32h7xx_hal_dma.c ****   *                     the configuration information for the specified DMA Stream.
1765:Drivers/STM32H7xx_HAL_Driver/Src/stm32h7xx_hal_dma.c ****   * @param  SrcAddress: The source memory Buffer address
1766:Drivers/STM32H7xx_HAL_Driver/Src/stm32h7xx_hal_dma.c ****   * @param  DstAddress: The destination memory Buffer address
1767:Drivers/STM32H7xx_HAL_Driver/Src/stm32h7xx_hal_dma.c ****   * @param  DataLength: The length of data to be transferred from source to destination
1768:Drivers/STM32H7xx_HAL_Driver/Src/stm32h7xx_hal_dma.c ****   * @retval None
1769:Drivers/STM32H7xx_HAL_Driver/Src/stm32h7xx_hal_dma.c ****   */
1770:Drivers/STM32H7xx_HAL_Driver/Src/stm32h7xx_hal_dma.c **** static void DMA_SetConfig(DMA_HandleTypeDef *hdma, uint32_t SrcAddress, uint32_t DstAddress, uint32
1771:Drivers/STM32H7xx_HAL_Driver/Src/stm32h7xx_hal_dma.c **** {
  28              		.loc 1 1771 1 view -0
  29              		.cfi_startproc
  30              		@ args = 0, pretend = 0, frame = 0
  31              		@ frame_needed = 0, uses_anonymous_args = 0
  32              		@ link register save eliminated.
  33              		.loc 1 1771 1 is_stmt 0 view .LVU1
  34 0000 F0B4     		push	{r4, r5, r6, r7}
  35              	.LCFI0:
  36              		.cfi_def_cfa_offset 16
  37              		.cfi_offset 4, -16
  38              		.cfi_offset 5, -12
  39              		.cfi_offset 6, -8
  40              		.cfi_offset 7, -4
1772:Drivers/STM32H7xx_HAL_Driver/Src/stm32h7xx_hal_dma.c ****   /* calculate DMA base and stream number */
1773:Drivers/STM32H7xx_HAL_Driver/Src/stm32h7xx_hal_dma.c ****   DMA_Base_Registers  *regs_dma  = (DMA_Base_Registers *)hdma->StreamBaseAddress;
  41              		.loc 1 1773 3 is_stmt 1 view .LVU2
  42              		.loc 1 1773 62 is_stmt 0 view .LVU3
  43 0002 876D     		ldr	r7, [r0, #88]
  44              	.LVL1:
1774:Drivers/STM32H7xx_HAL_Driver/Src/stm32h7xx_hal_dma.c ****   BDMA_Base_Registers *regs_bdma = (BDMA_Base_Registers *)hdma->StreamBaseAddress;
  45              		.loc 1 1774 3 is_stmt 1 view .LVU4
1775:Drivers/STM32H7xx_HAL_Driver/Src/stm32h7xx_hal_dma.c **** 
1776:Drivers/STM32H7xx_HAL_Driver/Src/stm32h7xx_hal_dma.c ****   if(IS_DMA_DMAMUX_ALL_INSTANCE(hdma->Instance) != 0U) /* No DMAMUX available for BDMA1 */
  46              		.loc 1 1776 3 view .LVU5
  47              		.loc 1 1776 6 is_stmt 0 view .LVU6
  48 0004 0468     		ldr	r4, [r0]
  49 0006 664E     		ldr	r6, .L14
ARM GAS  /tmp/ccMjPS5V.s 			page 33


  50 0008 664D     		ldr	r5, .L14+4
  51 000a AC42     		cmp	r4, r5
  52 000c 18BF     		it	ne
  53 000e B442     		cmpne	r4, r6
  54 0010 42D0     		beq	.L2
  55              		.loc 1 1776 6 discriminator 2 view .LVU7
  56 0012 1835     		adds	r5, r5, #24
  57 0014 AC42     		cmp	r4, r5
  58 0016 3FD0     		beq	.L2
  59              		.loc 1 1776 6 discriminator 4 view .LVU8
  60 0018 1835     		adds	r5, r5, #24
  61 001a AC42     		cmp	r4, r5
  62 001c 3CD0     		beq	.L2
  63              		.loc 1 1776 6 discriminator 6 view .LVU9
  64 001e 1835     		adds	r5, r5, #24
  65 0020 AC42     		cmp	r4, r5
  66 0022 39D0     		beq	.L2
  67              		.loc 1 1776 6 discriminator 8 view .LVU10
  68 0024 1835     		adds	r5, r5, #24
  69 0026 AC42     		cmp	r4, r5
  70 0028 36D0     		beq	.L2
  71              		.loc 1 1776 6 discriminator 10 view .LVU11
  72 002a 1835     		adds	r5, r5, #24
  73 002c AC42     		cmp	r4, r5
  74 002e 33D0     		beq	.L2
  75              		.loc 1 1776 6 discriminator 12 view .LVU12
  76 0030 1835     		adds	r5, r5, #24
  77 0032 AC42     		cmp	r4, r5
  78 0034 30D0     		beq	.L2
  79              		.loc 1 1776 6 discriminator 14 view .LVU13
  80 0036 05F55675 		add	r5, r5, #856
  81 003a AC42     		cmp	r4, r5
  82 003c 2CD0     		beq	.L2
  83              		.loc 1 1776 6 discriminator 16 view .LVU14
  84 003e 1835     		adds	r5, r5, #24
  85 0040 AC42     		cmp	r4, r5
  86 0042 29D0     		beq	.L2
  87              		.loc 1 1776 6 discriminator 18 view .LVU15
  88 0044 1835     		adds	r5, r5, #24
  89 0046 AC42     		cmp	r4, r5
  90 0048 26D0     		beq	.L2
  91              		.loc 1 1776 6 discriminator 20 view .LVU16
  92 004a 1835     		adds	r5, r5, #24
  93 004c AC42     		cmp	r4, r5
  94 004e 23D0     		beq	.L2
  95              		.loc 1 1776 6 discriminator 22 view .LVU17
  96 0050 1835     		adds	r5, r5, #24
  97 0052 AC42     		cmp	r4, r5
  98 0054 20D0     		beq	.L2
  99              		.loc 1 1776 6 discriminator 24 view .LVU18
 100 0056 1835     		adds	r5, r5, #24
 101 0058 AC42     		cmp	r4, r5
 102 005a 1DD0     		beq	.L2
 103              		.loc 1 1776 6 discriminator 26 view .LVU19
 104 005c 1835     		adds	r5, r5, #24
 105 005e AC42     		cmp	r4, r5
 106 0060 1AD0     		beq	.L2
ARM GAS  /tmp/ccMjPS5V.s 			page 34


 107              		.loc 1 1776 6 discriminator 28 view .LVU20
 108 0062 1835     		adds	r5, r5, #24
 109 0064 AC42     		cmp	r4, r5
 110 0066 17D0     		beq	.L2
 111              		.loc 1 1776 6 discriminator 30 view .LVU21
 112 0068 4F4D     		ldr	r5, .L14+8
 113 006a AC42     		cmp	r4, r5
 114 006c 14D0     		beq	.L2
 115              		.loc 1 1776 6 discriminator 32 view .LVU22
 116 006e 1435     		adds	r5, r5, #20
 117 0070 AC42     		cmp	r4, r5
 118 0072 11D0     		beq	.L2
 119              		.loc 1 1776 6 discriminator 34 view .LVU23
 120 0074 1435     		adds	r5, r5, #20
 121 0076 AC42     		cmp	r4, r5
 122 0078 0ED0     		beq	.L2
 123              		.loc 1 1776 6 discriminator 36 view .LVU24
 124 007a 1435     		adds	r5, r5, #20
 125 007c AC42     		cmp	r4, r5
 126 007e 0BD0     		beq	.L2
 127              		.loc 1 1776 6 discriminator 38 view .LVU25
 128 0080 1435     		adds	r5, r5, #20
 129 0082 AC42     		cmp	r4, r5
 130 0084 08D0     		beq	.L2
 131              		.loc 1 1776 6 discriminator 40 view .LVU26
 132 0086 1435     		adds	r5, r5, #20
 133 0088 AC42     		cmp	r4, r5
 134 008a 05D0     		beq	.L2
 135              		.loc 1 1776 6 discriminator 42 view .LVU27
 136 008c 1435     		adds	r5, r5, #20
 137 008e AC42     		cmp	r4, r5
 138 0090 02D0     		beq	.L2
 139              		.loc 1 1776 6 discriminator 44 view .LVU28
 140 0092 1435     		adds	r5, r5, #20
 141 0094 AC42     		cmp	r4, r5
 142 0096 07D1     		bne	.L3
 143              	.L2:
1777:Drivers/STM32H7xx_HAL_Driver/Src/stm32h7xx_hal_dma.c ****   {
1778:Drivers/STM32H7xx_HAL_Driver/Src/stm32h7xx_hal_dma.c ****     /* Clear the DMAMUX synchro overrun flag */
1779:Drivers/STM32H7xx_HAL_Driver/Src/stm32h7xx_hal_dma.c ****     hdma->DMAmuxChannelStatus->CFR = hdma->DMAmuxChannelStatusMask;
 144              		.loc 1 1779 5 is_stmt 1 view .LVU29
 145              		.loc 1 1779 9 is_stmt 0 view .LVU30
 146 0098 446E     		ldr	r4, [r0, #100]
 147              		.loc 1 1779 42 view .LVU31
 148 009a 856E     		ldr	r5, [r0, #104]
 149              		.loc 1 1779 36 view .LVU32
 150 009c 6560     		str	r5, [r4, #4]
1780:Drivers/STM32H7xx_HAL_Driver/Src/stm32h7xx_hal_dma.c **** 
1781:Drivers/STM32H7xx_HAL_Driver/Src/stm32h7xx_hal_dma.c ****     if(hdma->DMAmuxRequestGen != 0U)
 151              		.loc 1 1781 5 is_stmt 1 view .LVU33
 152              		.loc 1 1781 12 is_stmt 0 view .LVU34
 153 009e C46E     		ldr	r4, [r0, #108]
 154              		.loc 1 1781 7 view .LVU35
 155 00a0 14B1     		cbz	r4, .L3
1782:Drivers/STM32H7xx_HAL_Driver/Src/stm32h7xx_hal_dma.c ****     {
1783:Drivers/STM32H7xx_HAL_Driver/Src/stm32h7xx_hal_dma.c ****       /* Clear the DMAMUX request generator overrun flag */
1784:Drivers/STM32H7xx_HAL_Driver/Src/stm32h7xx_hal_dma.c ****       hdma->DMAmuxRequestGenStatus->RGCFR = hdma->DMAmuxRequestGenStatusMask;
ARM GAS  /tmp/ccMjPS5V.s 			page 35


 156              		.loc 1 1784 7 is_stmt 1 view .LVU36
 157              		.loc 1 1784 11 is_stmt 0 view .LVU37
 158 00a2 046F     		ldr	r4, [r0, #112]
 159              		.loc 1 1784 49 view .LVU38
 160 00a4 456F     		ldr	r5, [r0, #116]
 161              		.loc 1 1784 43 view .LVU39
 162 00a6 6560     		str	r5, [r4, #4]
 163              	.L3:
1785:Drivers/STM32H7xx_HAL_Driver/Src/stm32h7xx_hal_dma.c ****     }
1786:Drivers/STM32H7xx_HAL_Driver/Src/stm32h7xx_hal_dma.c ****   }
1787:Drivers/STM32H7xx_HAL_Driver/Src/stm32h7xx_hal_dma.c **** 
1788:Drivers/STM32H7xx_HAL_Driver/Src/stm32h7xx_hal_dma.c ****   if(IS_DMA_STREAM_INSTANCE(hdma->Instance) != 0U) /* DMA1 or DMA2 instance */
 164              		.loc 1 1788 3 is_stmt 1 view .LVU40
 165              		.loc 1 1788 6 is_stmt 0 view .LVU41
 166 00a8 0468     		ldr	r4, [r0]
 167 00aa 3D4E     		ldr	r6, .L14
 168 00ac 3D4D     		ldr	r5, .L14+4
 169 00ae AC42     		cmp	r4, r5
 170 00b0 18BF     		it	ne
 171 00b2 B442     		cmpne	r4, r6
 172 00b4 52D0     		beq	.L4
 173              		.loc 1 1788 6 discriminator 2 view .LVU42
 174 00b6 1835     		adds	r5, r5, #24
 175 00b8 AC42     		cmp	r4, r5
 176 00ba 4FD0     		beq	.L4
 177              		.loc 1 1788 6 discriminator 4 view .LVU43
 178 00bc 1835     		adds	r5, r5, #24
 179 00be AC42     		cmp	r4, r5
 180 00c0 4CD0     		beq	.L4
 181              		.loc 1 1788 6 discriminator 6 view .LVU44
 182 00c2 1835     		adds	r5, r5, #24
 183 00c4 AC42     		cmp	r4, r5
 184 00c6 49D0     		beq	.L4
 185              		.loc 1 1788 6 discriminator 8 view .LVU45
 186 00c8 1835     		adds	r5, r5, #24
 187 00ca AC42     		cmp	r4, r5
 188 00cc 46D0     		beq	.L4
 189              		.loc 1 1788 6 discriminator 10 view .LVU46
 190 00ce 1835     		adds	r5, r5, #24
 191 00d0 AC42     		cmp	r4, r5
 192 00d2 43D0     		beq	.L4
 193              		.loc 1 1788 6 discriminator 12 view .LVU47
 194 00d4 1835     		adds	r5, r5, #24
 195 00d6 AC42     		cmp	r4, r5
 196 00d8 40D0     		beq	.L4
 197              		.loc 1 1788 6 discriminator 14 view .LVU48
 198 00da 05F55675 		add	r5, r5, #856
 199 00de AC42     		cmp	r4, r5
 200 00e0 3CD0     		beq	.L4
 201              		.loc 1 1788 6 discriminator 16 view .LVU49
 202 00e2 1835     		adds	r5, r5, #24
 203 00e4 AC42     		cmp	r4, r5
 204 00e6 39D0     		beq	.L4
 205              		.loc 1 1788 6 discriminator 18 view .LVU50
 206 00e8 1835     		adds	r5, r5, #24
 207 00ea AC42     		cmp	r4, r5
 208 00ec 36D0     		beq	.L4
ARM GAS  /tmp/ccMjPS5V.s 			page 36


 209              		.loc 1 1788 6 discriminator 20 view .LVU51
 210 00ee 1835     		adds	r5, r5, #24
 211 00f0 AC42     		cmp	r4, r5
 212 00f2 33D0     		beq	.L4
 213              		.loc 1 1788 6 discriminator 22 view .LVU52
 214 00f4 1835     		adds	r5, r5, #24
 215 00f6 AC42     		cmp	r4, r5
 216 00f8 30D0     		beq	.L4
 217              		.loc 1 1788 6 discriminator 24 view .LVU53
 218 00fa 1835     		adds	r5, r5, #24
 219 00fc AC42     		cmp	r4, r5
 220 00fe 2DD0     		beq	.L4
 221              		.loc 1 1788 6 discriminator 26 view .LVU54
 222 0100 1835     		adds	r5, r5, #24
 223 0102 AC42     		cmp	r4, r5
 224 0104 2AD0     		beq	.L4
 225              		.loc 1 1788 6 discriminator 28 view .LVU55
 226 0106 1835     		adds	r5, r5, #24
 227 0108 AC42     		cmp	r4, r5
 228 010a 27D0     		beq	.L4
1789:Drivers/STM32H7xx_HAL_Driver/Src/stm32h7xx_hal_dma.c ****   {
1790:Drivers/STM32H7xx_HAL_Driver/Src/stm32h7xx_hal_dma.c ****     /* Clear all interrupt flags at correct offset within the register */
1791:Drivers/STM32H7xx_HAL_Driver/Src/stm32h7xx_hal_dma.c ****     regs_dma->IFCR = 0x3FUL << (hdma->StreamIndex & 0x1FU);
1792:Drivers/STM32H7xx_HAL_Driver/Src/stm32h7xx_hal_dma.c **** 
1793:Drivers/STM32H7xx_HAL_Driver/Src/stm32h7xx_hal_dma.c ****     /* Clear DBM bit */
1794:Drivers/STM32H7xx_HAL_Driver/Src/stm32h7xx_hal_dma.c ****     ((DMA_Stream_TypeDef *)hdma->Instance)->CR &= (uint32_t)(~DMA_SxCR_DBM);
1795:Drivers/STM32H7xx_HAL_Driver/Src/stm32h7xx_hal_dma.c **** 
1796:Drivers/STM32H7xx_HAL_Driver/Src/stm32h7xx_hal_dma.c ****     /* Configure DMA Stream data length */
1797:Drivers/STM32H7xx_HAL_Driver/Src/stm32h7xx_hal_dma.c ****     ((DMA_Stream_TypeDef *)hdma->Instance)->NDTR = DataLength;
1798:Drivers/STM32H7xx_HAL_Driver/Src/stm32h7xx_hal_dma.c **** 
1799:Drivers/STM32H7xx_HAL_Driver/Src/stm32h7xx_hal_dma.c ****     /* Memory to Peripheral */
1800:Drivers/STM32H7xx_HAL_Driver/Src/stm32h7xx_hal_dma.c ****     if((hdma->Init.Direction) == DMA_MEMORY_TO_PERIPH)
1801:Drivers/STM32H7xx_HAL_Driver/Src/stm32h7xx_hal_dma.c ****     {
1802:Drivers/STM32H7xx_HAL_Driver/Src/stm32h7xx_hal_dma.c ****       /* Configure DMA Stream destination address */
1803:Drivers/STM32H7xx_HAL_Driver/Src/stm32h7xx_hal_dma.c ****       ((DMA_Stream_TypeDef *)hdma->Instance)->PAR = DstAddress;
1804:Drivers/STM32H7xx_HAL_Driver/Src/stm32h7xx_hal_dma.c **** 
1805:Drivers/STM32H7xx_HAL_Driver/Src/stm32h7xx_hal_dma.c ****       /* Configure DMA Stream source address */
1806:Drivers/STM32H7xx_HAL_Driver/Src/stm32h7xx_hal_dma.c ****       ((DMA_Stream_TypeDef *)hdma->Instance)->M0AR = SrcAddress;
1807:Drivers/STM32H7xx_HAL_Driver/Src/stm32h7xx_hal_dma.c ****     }
1808:Drivers/STM32H7xx_HAL_Driver/Src/stm32h7xx_hal_dma.c ****     /* Peripheral to Memory */
1809:Drivers/STM32H7xx_HAL_Driver/Src/stm32h7xx_hal_dma.c ****     else
1810:Drivers/STM32H7xx_HAL_Driver/Src/stm32h7xx_hal_dma.c ****     {
1811:Drivers/STM32H7xx_HAL_Driver/Src/stm32h7xx_hal_dma.c ****       /* Configure DMA Stream source address */
1812:Drivers/STM32H7xx_HAL_Driver/Src/stm32h7xx_hal_dma.c ****       ((DMA_Stream_TypeDef *)hdma->Instance)->PAR = SrcAddress;
1813:Drivers/STM32H7xx_HAL_Driver/Src/stm32h7xx_hal_dma.c **** 
1814:Drivers/STM32H7xx_HAL_Driver/Src/stm32h7xx_hal_dma.c ****       /* Configure DMA Stream destination address */
1815:Drivers/STM32H7xx_HAL_Driver/Src/stm32h7xx_hal_dma.c ****       ((DMA_Stream_TypeDef *)hdma->Instance)->M0AR = DstAddress;
1816:Drivers/STM32H7xx_HAL_Driver/Src/stm32h7xx_hal_dma.c ****     }
1817:Drivers/STM32H7xx_HAL_Driver/Src/stm32h7xx_hal_dma.c ****   }
1818:Drivers/STM32H7xx_HAL_Driver/Src/stm32h7xx_hal_dma.c ****   else if(IS_BDMA_CHANNEL_INSTANCE(hdma->Instance) != 0U) /* BDMA instance(s) */
 229              		.loc 1 1818 8 is_stmt 1 view .LVU56
 230              		.loc 1 1818 11 is_stmt 0 view .LVU57
 231 010c 264E     		ldr	r6, .L14+8
 232 010e 274D     		ldr	r5, .L14+12
 233 0110 AC42     		cmp	r4, r5
 234 0112 18BF     		it	ne
 235 0114 B442     		cmpne	r4, r6
ARM GAS  /tmp/ccMjPS5V.s 			page 37


 236 0116 11D0     		beq	.L5
 237              		.loc 1 1818 11 discriminator 2 view .LVU58
 238 0118 254D     		ldr	r5, .L14+16
 239 011a AC42     		cmp	r4, r5
 240 011c 0ED0     		beq	.L5
 241              		.loc 1 1818 11 discriminator 4 view .LVU59
 242 011e 1435     		adds	r5, r5, #20
 243 0120 AC42     		cmp	r4, r5
 244 0122 0BD0     		beq	.L5
 245              		.loc 1 1818 11 discriminator 6 view .LVU60
 246 0124 1435     		adds	r5, r5, #20
 247 0126 AC42     		cmp	r4, r5
 248 0128 08D0     		beq	.L5
 249              		.loc 1 1818 11 discriminator 8 view .LVU61
 250 012a 1435     		adds	r5, r5, #20
 251 012c AC42     		cmp	r4, r5
 252 012e 05D0     		beq	.L5
 253              		.loc 1 1818 11 discriminator 10 view .LVU62
 254 0130 1435     		adds	r5, r5, #20
 255 0132 AC42     		cmp	r4, r5
 256 0134 02D0     		beq	.L5
 257              		.loc 1 1818 11 discriminator 12 view .LVU63
 258 0136 1435     		adds	r5, r5, #20
 259 0138 AC42     		cmp	r4, r5
 260 013a 24D1     		bne	.L1
 261              	.L5:
1819:Drivers/STM32H7xx_HAL_Driver/Src/stm32h7xx_hal_dma.c ****   {
1820:Drivers/STM32H7xx_HAL_Driver/Src/stm32h7xx_hal_dma.c ****     /* Clear all flags */
1821:Drivers/STM32H7xx_HAL_Driver/Src/stm32h7xx_hal_dma.c ****     regs_bdma->IFCR = (BDMA_ISR_GIF0) << (hdma->StreamIndex & 0x1FU);
 262              		.loc 1 1821 5 is_stmt 1 view .LVU64
 263              		.loc 1 1821 47 is_stmt 0 view .LVU65
 264 013c C46D     		ldr	r4, [r0, #92]
 265              		.loc 1 1821 61 view .LVU66
 266 013e 04F01F05 		and	r5, r4, #31
 267              		.loc 1 1821 39 view .LVU67
 268 0142 0124     		movs	r4, #1
 269 0144 AC40     		lsls	r4, r4, r5
 270              		.loc 1 1821 21 view .LVU68
 271 0146 7C60     		str	r4, [r7, #4]
1822:Drivers/STM32H7xx_HAL_Driver/Src/stm32h7xx_hal_dma.c **** 
1823:Drivers/STM32H7xx_HAL_Driver/Src/stm32h7xx_hal_dma.c ****     /* Configure DMA Channel data length */
1824:Drivers/STM32H7xx_HAL_Driver/Src/stm32h7xx_hal_dma.c ****     ((BDMA_Channel_TypeDef *)hdma->Instance)->CNDTR = DataLength;
 272              		.loc 1 1824 5 is_stmt 1 view .LVU69
 273              		.loc 1 1824 34 is_stmt 0 view .LVU70
 274 0148 0468     		ldr	r4, [r0]
 275              		.loc 1 1824 53 view .LVU71
 276 014a 6360     		str	r3, [r4, #4]
1825:Drivers/STM32H7xx_HAL_Driver/Src/stm32h7xx_hal_dma.c **** 
1826:Drivers/STM32H7xx_HAL_Driver/Src/stm32h7xx_hal_dma.c ****     /* Memory to Peripheral */
1827:Drivers/STM32H7xx_HAL_Driver/Src/stm32h7xx_hal_dma.c ****     if((hdma->Init.Direction) == DMA_MEMORY_TO_PERIPH)
 277              		.loc 1 1827 5 is_stmt 1 view .LVU72
 278              		.loc 1 1827 19 is_stmt 0 view .LVU73
 279 014c 8368     		ldr	r3, [r0, #8]
 280              	.LVL2:
 281              		.loc 1 1827 7 view .LVU74
 282 014e 402B     		cmp	r3, #64
 283 0150 20D0     		beq	.L12
ARM GAS  /tmp/ccMjPS5V.s 			page 38


1828:Drivers/STM32H7xx_HAL_Driver/Src/stm32h7xx_hal_dma.c ****     {
1829:Drivers/STM32H7xx_HAL_Driver/Src/stm32h7xx_hal_dma.c ****       /* Configure DMA Channel destination address */
1830:Drivers/STM32H7xx_HAL_Driver/Src/stm32h7xx_hal_dma.c ****       ((BDMA_Channel_TypeDef *)hdma->Instance)->CPAR = DstAddress;
1831:Drivers/STM32H7xx_HAL_Driver/Src/stm32h7xx_hal_dma.c **** 
1832:Drivers/STM32H7xx_HAL_Driver/Src/stm32h7xx_hal_dma.c ****       /* Configure DMA Channel source address */
1833:Drivers/STM32H7xx_HAL_Driver/Src/stm32h7xx_hal_dma.c ****       ((BDMA_Channel_TypeDef *)hdma->Instance)->CM0AR = SrcAddress;
1834:Drivers/STM32H7xx_HAL_Driver/Src/stm32h7xx_hal_dma.c ****     }
1835:Drivers/STM32H7xx_HAL_Driver/Src/stm32h7xx_hal_dma.c ****     /* Peripheral to Memory*/
1836:Drivers/STM32H7xx_HAL_Driver/Src/stm32h7xx_hal_dma.c ****     else
1837:Drivers/STM32H7xx_HAL_Driver/Src/stm32h7xx_hal_dma.c ****     {
1838:Drivers/STM32H7xx_HAL_Driver/Src/stm32h7xx_hal_dma.c ****       /* Configure DMA Channel source address */
1839:Drivers/STM32H7xx_HAL_Driver/Src/stm32h7xx_hal_dma.c ****       ((BDMA_Channel_TypeDef *)hdma->Instance)->CPAR = SrcAddress;
 284              		.loc 1 1839 7 is_stmt 1 view .LVU75
 285              		.loc 1 1839 36 is_stmt 0 view .LVU76
 286 0152 0368     		ldr	r3, [r0]
 287              		.loc 1 1839 54 view .LVU77
 288 0154 9960     		str	r1, [r3, #8]
 289              	.LVL3:
1840:Drivers/STM32H7xx_HAL_Driver/Src/stm32h7xx_hal_dma.c **** 
1841:Drivers/STM32H7xx_HAL_Driver/Src/stm32h7xx_hal_dma.c ****       /* Configure DMA Channel destination address */
1842:Drivers/STM32H7xx_HAL_Driver/Src/stm32h7xx_hal_dma.c ****       ((BDMA_Channel_TypeDef *)hdma->Instance)->CM0AR = DstAddress;
 290              		.loc 1 1842 7 is_stmt 1 view .LVU78
 291              		.loc 1 1842 36 is_stmt 0 view .LVU79
 292 0156 0368     		ldr	r3, [r0]
 293              		.loc 1 1842 55 view .LVU80
 294 0158 DA60     		str	r2, [r3, #12]
1843:Drivers/STM32H7xx_HAL_Driver/Src/stm32h7xx_hal_dma.c ****     }
1844:Drivers/STM32H7xx_HAL_Driver/Src/stm32h7xx_hal_dma.c ****   }
1845:Drivers/STM32H7xx_HAL_Driver/Src/stm32h7xx_hal_dma.c ****   else
1846:Drivers/STM32H7xx_HAL_Driver/Src/stm32h7xx_hal_dma.c ****   {
1847:Drivers/STM32H7xx_HAL_Driver/Src/stm32h7xx_hal_dma.c ****     /* Nothing To Do */
1848:Drivers/STM32H7xx_HAL_Driver/Src/stm32h7xx_hal_dma.c ****   }
 295              		.loc 1 1848 3 is_stmt 1 view .LVU81
1849:Drivers/STM32H7xx_HAL_Driver/Src/stm32h7xx_hal_dma.c **** }
 296              		.loc 1 1849 1 is_stmt 0 view .LVU82
 297 015a 14E0     		b	.L1
 298              	.LVL4:
 299              	.L4:
1791:Drivers/STM32H7xx_HAL_Driver/Src/stm32h7xx_hal_dma.c **** 
 300              		.loc 1 1791 5 is_stmt 1 view .LVU83
1791:Drivers/STM32H7xx_HAL_Driver/Src/stm32h7xx_hal_dma.c **** 
 301              		.loc 1 1791 37 is_stmt 0 view .LVU84
 302 015c C46D     		ldr	r4, [r0, #92]
1791:Drivers/STM32H7xx_HAL_Driver/Src/stm32h7xx_hal_dma.c **** 
 303              		.loc 1 1791 51 view .LVU85
 304 015e 04F01F0C 		and	ip, r4, #31
1791:Drivers/STM32H7xx_HAL_Driver/Src/stm32h7xx_hal_dma.c **** 
 305              		.loc 1 1791 29 view .LVU86
 306 0162 3F24     		movs	r4, #63
 307 0164 04FA0CF4 		lsl	r4, r4, ip
1791:Drivers/STM32H7xx_HAL_Driver/Src/stm32h7xx_hal_dma.c **** 
 308              		.loc 1 1791 20 view .LVU87
 309 0168 BC60     		str	r4, [r7, #8]
1794:Drivers/STM32H7xx_HAL_Driver/Src/stm32h7xx_hal_dma.c **** 
 310              		.loc 1 1794 5 is_stmt 1 view .LVU88
1794:Drivers/STM32H7xx_HAL_Driver/Src/stm32h7xx_hal_dma.c **** 
 311              		.loc 1 1794 32 is_stmt 0 view .LVU89
ARM GAS  /tmp/ccMjPS5V.s 			page 39


 312 016a 0568     		ldr	r5, [r0]
1794:Drivers/STM32H7xx_HAL_Driver/Src/stm32h7xx_hal_dma.c **** 
 313              		.loc 1 1794 43 view .LVU90
 314 016c 2C68     		ldr	r4, [r5]
1794:Drivers/STM32H7xx_HAL_Driver/Src/stm32h7xx_hal_dma.c **** 
 315              		.loc 1 1794 48 view .LVU91
 316 016e 24F48024 		bic	r4, r4, #262144
 317 0172 2C60     		str	r4, [r5]
1797:Drivers/STM32H7xx_HAL_Driver/Src/stm32h7xx_hal_dma.c **** 
 318              		.loc 1 1797 5 is_stmt 1 view .LVU92
1797:Drivers/STM32H7xx_HAL_Driver/Src/stm32h7xx_hal_dma.c **** 
 319              		.loc 1 1797 32 is_stmt 0 view .LVU93
 320 0174 0468     		ldr	r4, [r0]
1797:Drivers/STM32H7xx_HAL_Driver/Src/stm32h7xx_hal_dma.c **** 
 321              		.loc 1 1797 50 view .LVU94
 322 0176 6360     		str	r3, [r4, #4]
1800:Drivers/STM32H7xx_HAL_Driver/Src/stm32h7xx_hal_dma.c ****     {
 323              		.loc 1 1800 5 is_stmt 1 view .LVU95
1800:Drivers/STM32H7xx_HAL_Driver/Src/stm32h7xx_hal_dma.c ****     {
 324              		.loc 1 1800 19 is_stmt 0 view .LVU96
 325 0178 8368     		ldr	r3, [r0, #8]
 326              	.LVL5:
1800:Drivers/STM32H7xx_HAL_Driver/Src/stm32h7xx_hal_dma.c ****     {
 327              		.loc 1 1800 7 view .LVU97
 328 017a 402B     		cmp	r3, #64
 329 017c 05D0     		beq	.L13
1812:Drivers/STM32H7xx_HAL_Driver/Src/stm32h7xx_hal_dma.c **** 
 330              		.loc 1 1812 7 is_stmt 1 view .LVU98
1812:Drivers/STM32H7xx_HAL_Driver/Src/stm32h7xx_hal_dma.c **** 
 331              		.loc 1 1812 34 is_stmt 0 view .LVU99
 332 017e 0368     		ldr	r3, [r0]
1812:Drivers/STM32H7xx_HAL_Driver/Src/stm32h7xx_hal_dma.c **** 
 333              		.loc 1 1812 51 view .LVU100
 334 0180 9960     		str	r1, [r3, #8]
 335              	.LVL6:
1815:Drivers/STM32H7xx_HAL_Driver/Src/stm32h7xx_hal_dma.c ****     }
 336              		.loc 1 1815 7 is_stmt 1 view .LVU101
1815:Drivers/STM32H7xx_HAL_Driver/Src/stm32h7xx_hal_dma.c ****     }
 337              		.loc 1 1815 34 is_stmt 0 view .LVU102
 338 0182 0368     		ldr	r3, [r0]
1815:Drivers/STM32H7xx_HAL_Driver/Src/stm32h7xx_hal_dma.c ****     }
 339              		.loc 1 1815 52 view .LVU103
 340 0184 DA60     		str	r2, [r3, #12]
 341              	.L1:
 342              		.loc 1 1849 1 view .LVU104
 343 0186 F0BC     		pop	{r4, r5, r6, r7}
 344              	.LCFI1:
 345              		.cfi_remember_state
 346              		.cfi_restore 7
 347              		.cfi_restore 6
 348              		.cfi_restore 5
 349              		.cfi_restore 4
 350              		.cfi_def_cfa_offset 0
 351              	.LVL7:
 352              		.loc 1 1849 1 view .LVU105
 353 0188 7047     		bx	lr
 354              	.LVL8:
ARM GAS  /tmp/ccMjPS5V.s 			page 40


 355              	.L13:
 356              	.LCFI2:
 357              		.cfi_restore_state
1803:Drivers/STM32H7xx_HAL_Driver/Src/stm32h7xx_hal_dma.c **** 
 358              		.loc 1 1803 7 is_stmt 1 view .LVU106
1803:Drivers/STM32H7xx_HAL_Driver/Src/stm32h7xx_hal_dma.c **** 
 359              		.loc 1 1803 34 is_stmt 0 view .LVU107
 360 018a 0368     		ldr	r3, [r0]
1803:Drivers/STM32H7xx_HAL_Driver/Src/stm32h7xx_hal_dma.c **** 
 361              		.loc 1 1803 51 view .LVU108
 362 018c 9A60     		str	r2, [r3, #8]
 363              	.LVL9:
1806:Drivers/STM32H7xx_HAL_Driver/Src/stm32h7xx_hal_dma.c ****     }
 364              		.loc 1 1806 7 is_stmt 1 view .LVU109
1806:Drivers/STM32H7xx_HAL_Driver/Src/stm32h7xx_hal_dma.c ****     }
 365              		.loc 1 1806 34 is_stmt 0 view .LVU110
 366 018e 0368     		ldr	r3, [r0]
1806:Drivers/STM32H7xx_HAL_Driver/Src/stm32h7xx_hal_dma.c ****     }
 367              		.loc 1 1806 52 view .LVU111
 368 0190 D960     		str	r1, [r3, #12]
 369 0192 F8E7     		b	.L1
 370              	.LVL10:
 371              	.L12:
1830:Drivers/STM32H7xx_HAL_Driver/Src/stm32h7xx_hal_dma.c **** 
 372              		.loc 1 1830 7 is_stmt 1 view .LVU112
1830:Drivers/STM32H7xx_HAL_Driver/Src/stm32h7xx_hal_dma.c **** 
 373              		.loc 1 1830 36 is_stmt 0 view .LVU113
 374 0194 0368     		ldr	r3, [r0]
1830:Drivers/STM32H7xx_HAL_Driver/Src/stm32h7xx_hal_dma.c **** 
 375              		.loc 1 1830 54 view .LVU114
 376 0196 9A60     		str	r2, [r3, #8]
 377              	.LVL11:
1833:Drivers/STM32H7xx_HAL_Driver/Src/stm32h7xx_hal_dma.c ****     }
 378              		.loc 1 1833 7 is_stmt 1 view .LVU115
1833:Drivers/STM32H7xx_HAL_Driver/Src/stm32h7xx_hal_dma.c ****     }
 379              		.loc 1 1833 36 is_stmt 0 view .LVU116
 380 0198 0368     		ldr	r3, [r0]
1833:Drivers/STM32H7xx_HAL_Driver/Src/stm32h7xx_hal_dma.c ****     }
 381              		.loc 1 1833 55 view .LVU117
 382 019a D960     		str	r1, [r3, #12]
 383 019c F3E7     		b	.L1
 384              	.L15:
 385 019e 00BF     		.align	2
 386              	.L14:
 387 01a0 10000240 		.word	1073872912
 388 01a4 28000240 		.word	1073872936
 389 01a8 08540258 		.word	1476547592
 390 01ac 1C540258 		.word	1476547612
 391 01b0 30540258 		.word	1476547632
 392              		.cfi_endproc
 393              	.LFE158:
 395              		.section	.text.DMA_CalcBaseAndBitshift,"ax",%progbits
 396              		.align	1
 397              		.syntax unified
 398              		.thumb
 399              		.thumb_func
 401              	DMA_CalcBaseAndBitshift:
ARM GAS  /tmp/ccMjPS5V.s 			page 41


 402              	.LVL12:
 403              	.LFB159:
1850:Drivers/STM32H7xx_HAL_Driver/Src/stm32h7xx_hal_dma.c **** 
1851:Drivers/STM32H7xx_HAL_Driver/Src/stm32h7xx_hal_dma.c **** /**
1852:Drivers/STM32H7xx_HAL_Driver/Src/stm32h7xx_hal_dma.c ****   * @brief  Returns the DMA Stream base address depending on stream number
1853:Drivers/STM32H7xx_HAL_Driver/Src/stm32h7xx_hal_dma.c ****   * @param  hdma:       pointer to a DMA_HandleTypeDef structure that contains
1854:Drivers/STM32H7xx_HAL_Driver/Src/stm32h7xx_hal_dma.c ****   *                     the configuration information for the specified DMA Stream.
1855:Drivers/STM32H7xx_HAL_Driver/Src/stm32h7xx_hal_dma.c ****   * @retval Stream base address
1856:Drivers/STM32H7xx_HAL_Driver/Src/stm32h7xx_hal_dma.c ****   */
1857:Drivers/STM32H7xx_HAL_Driver/Src/stm32h7xx_hal_dma.c **** static uint32_t DMA_CalcBaseAndBitshift(DMA_HandleTypeDef *hdma)
1858:Drivers/STM32H7xx_HAL_Driver/Src/stm32h7xx_hal_dma.c **** {
 404              		.loc 1 1858 1 is_stmt 1 view -0
 405              		.cfi_startproc
 406              		@ args = 0, pretend = 0, frame = 0
 407              		@ frame_needed = 0, uses_anonymous_args = 0
 408              		@ link register save eliminated.
1859:Drivers/STM32H7xx_HAL_Driver/Src/stm32h7xx_hal_dma.c ****   if(IS_DMA_STREAM_INSTANCE(hdma->Instance) != 0U) /* DMA1 or DMA2 instance */
 409              		.loc 1 1859 3 view .LVU119
 410              		.loc 1 1859 6 is_stmt 0 view .LVU120
 411 0000 0368     		ldr	r3, [r0]
 412 0002 2749     		ldr	r1, .L23
 413 0004 274A     		ldr	r2, .L23+4
 414 0006 9342     		cmp	r3, r2
 415 0008 18BF     		it	ne
 416 000a 8B42     		cmpne	r3, r1
 417 000c 2FD0     		beq	.L17
 418              		.loc 1 1859 6 discriminator 2 view .LVU121
 419 000e 1832     		adds	r2, r2, #24
 420 0010 9342     		cmp	r3, r2
 421 0012 2CD0     		beq	.L17
 422              		.loc 1 1859 6 discriminator 4 view .LVU122
 423 0014 1832     		adds	r2, r2, #24
 424 0016 9342     		cmp	r3, r2
 425 0018 29D0     		beq	.L17
 426              		.loc 1 1859 6 discriminator 6 view .LVU123
 427 001a 1832     		adds	r2, r2, #24
 428 001c 9342     		cmp	r3, r2
 429 001e 26D0     		beq	.L17
 430              		.loc 1 1859 6 discriminator 8 view .LVU124
 431 0020 1832     		adds	r2, r2, #24
 432 0022 9342     		cmp	r3, r2
 433 0024 23D0     		beq	.L17
 434              		.loc 1 1859 6 discriminator 10 view .LVU125
 435 0026 1832     		adds	r2, r2, #24
 436 0028 9342     		cmp	r3, r2
 437 002a 20D0     		beq	.L17
 438              		.loc 1 1859 6 discriminator 12 view .LVU126
 439 002c 1832     		adds	r2, r2, #24
 440 002e 9342     		cmp	r3, r2
 441 0030 1DD0     		beq	.L17
 442              		.loc 1 1859 6 discriminator 14 view .LVU127
 443 0032 02F55672 		add	r2, r2, #856
 444 0036 9342     		cmp	r3, r2
 445 0038 19D0     		beq	.L17
 446              		.loc 1 1859 6 discriminator 16 view .LVU128
 447 003a 1832     		adds	r2, r2, #24
 448 003c 9342     		cmp	r3, r2
ARM GAS  /tmp/ccMjPS5V.s 			page 42


 449 003e 16D0     		beq	.L17
 450              		.loc 1 1859 6 discriminator 18 view .LVU129
 451 0040 1832     		adds	r2, r2, #24
 452 0042 9342     		cmp	r3, r2
 453 0044 13D0     		beq	.L17
 454              		.loc 1 1859 6 discriminator 20 view .LVU130
 455 0046 1832     		adds	r2, r2, #24
 456 0048 9342     		cmp	r3, r2
 457 004a 10D0     		beq	.L17
 458              		.loc 1 1859 6 discriminator 22 view .LVU131
 459 004c 1832     		adds	r2, r2, #24
 460 004e 9342     		cmp	r3, r2
 461 0050 0DD0     		beq	.L17
 462              		.loc 1 1859 6 discriminator 24 view .LVU132
 463 0052 1832     		adds	r2, r2, #24
 464 0054 9342     		cmp	r3, r2
 465 0056 0AD0     		beq	.L17
 466              		.loc 1 1859 6 discriminator 26 view .LVU133
 467 0058 1832     		adds	r2, r2, #24
 468 005a 9342     		cmp	r3, r2
 469 005c 07D0     		beq	.L17
 470              		.loc 1 1859 6 discriminator 28 view .LVU134
 471 005e 1832     		adds	r2, r2, #24
 472 0060 9342     		cmp	r3, r2
 473 0062 04D0     		beq	.L17
1860:Drivers/STM32H7xx_HAL_Driver/Src/stm32h7xx_hal_dma.c ****   {
1861:Drivers/STM32H7xx_HAL_Driver/Src/stm32h7xx_hal_dma.c ****     uint32_t stream_number = (((uint32_t)((uint32_t*)hdma->Instance) & 0xFFU) - 16U) / 24U;
1862:Drivers/STM32H7xx_HAL_Driver/Src/stm32h7xx_hal_dma.c **** 
1863:Drivers/STM32H7xx_HAL_Driver/Src/stm32h7xx_hal_dma.c ****     /* lookup table for necessary bitshift of flags within status registers */
1864:Drivers/STM32H7xx_HAL_Driver/Src/stm32h7xx_hal_dma.c ****     static const uint8_t flagBitshiftOffset[8U] = {0U, 6U, 16U, 22U, 0U, 6U, 16U, 22U};
1865:Drivers/STM32H7xx_HAL_Driver/Src/stm32h7xx_hal_dma.c ****     hdma->StreamIndex = flagBitshiftOffset[stream_number & 0x7U];
1866:Drivers/STM32H7xx_HAL_Driver/Src/stm32h7xx_hal_dma.c **** 
1867:Drivers/STM32H7xx_HAL_Driver/Src/stm32h7xx_hal_dma.c ****     if (stream_number > 3U)
1868:Drivers/STM32H7xx_HAL_Driver/Src/stm32h7xx_hal_dma.c ****     {
1869:Drivers/STM32H7xx_HAL_Driver/Src/stm32h7xx_hal_dma.c ****       /* return pointer to HISR and HIFCR */
1870:Drivers/STM32H7xx_HAL_Driver/Src/stm32h7xx_hal_dma.c ****       hdma->StreamBaseAddress = (((uint32_t)((uint32_t*)hdma->Instance) & (uint32_t)(~0x3FFU)) + 4U
1871:Drivers/STM32H7xx_HAL_Driver/Src/stm32h7xx_hal_dma.c ****     }
1872:Drivers/STM32H7xx_HAL_Driver/Src/stm32h7xx_hal_dma.c ****     else
1873:Drivers/STM32H7xx_HAL_Driver/Src/stm32h7xx_hal_dma.c ****     {
1874:Drivers/STM32H7xx_HAL_Driver/Src/stm32h7xx_hal_dma.c ****       /* return pointer to LISR and LIFCR */
1875:Drivers/STM32H7xx_HAL_Driver/Src/stm32h7xx_hal_dma.c ****       hdma->StreamBaseAddress = ((uint32_t)((uint32_t*)hdma->Instance) & (uint32_t)(~0x3FFU));
1876:Drivers/STM32H7xx_HAL_Driver/Src/stm32h7xx_hal_dma.c ****     }
1877:Drivers/STM32H7xx_HAL_Driver/Src/stm32h7xx_hal_dma.c ****   }
1878:Drivers/STM32H7xx_HAL_Driver/Src/stm32h7xx_hal_dma.c ****   else /* BDMA instance(s) */
1879:Drivers/STM32H7xx_HAL_Driver/Src/stm32h7xx_hal_dma.c ****   {
1880:Drivers/STM32H7xx_HAL_Driver/Src/stm32h7xx_hal_dma.c ****     /* return pointer to ISR and IFCR */
1881:Drivers/STM32H7xx_HAL_Driver/Src/stm32h7xx_hal_dma.c ****     hdma->StreamBaseAddress = ((uint32_t)((uint32_t*)hdma->Instance) & (uint32_t)(~0xFFU));
 474              		.loc 1 1881 5 is_stmt 1 view .LVU135
 475              		.loc 1 1881 70 is_stmt 0 view .LVU136
 476 0064 23F0FF03 		bic	r3, r3, #255
 477              		.loc 1 1881 29 view .LVU137
 478 0068 8365     		str	r3, [r0, #88]
1882:Drivers/STM32H7xx_HAL_Driver/Src/stm32h7xx_hal_dma.c ****   }
1883:Drivers/STM32H7xx_HAL_Driver/Src/stm32h7xx_hal_dma.c **** 
1884:Drivers/STM32H7xx_HAL_Driver/Src/stm32h7xx_hal_dma.c ****   return hdma->StreamBaseAddress;
 479              		.loc 1 1884 3 is_stmt 1 view .LVU138
1885:Drivers/STM32H7xx_HAL_Driver/Src/stm32h7xx_hal_dma.c **** }
ARM GAS  /tmp/ccMjPS5V.s 			page 43


 480              		.loc 1 1885 1 is_stmt 0 view .LVU139
 481 006a 806D     		ldr	r0, [r0, #88]
 482              	.LVL13:
 483              		.loc 1 1885 1 view .LVU140
 484 006c 7047     		bx	lr
 485              	.LVL14:
 486              	.L17:
1858:Drivers/STM32H7xx_HAL_Driver/Src/stm32h7xx_hal_dma.c ****   if(IS_DMA_STREAM_INSTANCE(hdma->Instance) != 0U) /* DMA1 or DMA2 instance */
 487              		.loc 1 1858 1 view .LVU141
 488 006e 10B4     		push	{r4}
 489              	.LCFI3:
 490              		.cfi_def_cfa_offset 4
 491              		.cfi_offset 4, -4
 492              	.LBB2:
1861:Drivers/STM32H7xx_HAL_Driver/Src/stm32h7xx_hal_dma.c **** 
 493              		.loc 1 1861 5 is_stmt 1 view .LVU142
1861:Drivers/STM32H7xx_HAL_Driver/Src/stm32h7xx_hal_dma.c **** 
 494              		.loc 1 1861 70 is_stmt 0 view .LVU143
 495 0070 D9B2     		uxtb	r1, r3
1861:Drivers/STM32H7xx_HAL_Driver/Src/stm32h7xx_hal_dma.c **** 
 496              		.loc 1 1861 79 view .LVU144
 497 0072 1039     		subs	r1, r1, #16
1861:Drivers/STM32H7xx_HAL_Driver/Src/stm32h7xx_hal_dma.c **** 
 498              		.loc 1 1861 14 view .LVU145
 499 0074 0C4A     		ldr	r2, .L23+8
 500 0076 A2FB0142 		umull	r4, r2, r2, r1
 501              	.LVL15:
1864:Drivers/STM32H7xx_HAL_Driver/Src/stm32h7xx_hal_dma.c ****     hdma->StreamIndex = flagBitshiftOffset[stream_number & 0x7U];
 502              		.loc 1 1864 5 is_stmt 1 view .LVU146
1865:Drivers/STM32H7xx_HAL_Driver/Src/stm32h7xx_hal_dma.c **** 
 503              		.loc 1 1865 5 view .LVU147
1865:Drivers/STM32H7xx_HAL_Driver/Src/stm32h7xx_hal_dma.c **** 
 504              		.loc 1 1865 58 is_stmt 0 view .LVU148
 505 007a C2F30212 		ubfx	r2, r2, #4, #3
 506              	.LVL16:
1865:Drivers/STM32H7xx_HAL_Driver/Src/stm32h7xx_hal_dma.c **** 
 507              		.loc 1 1865 43 view .LVU149
 508 007e 0B4C     		ldr	r4, .L23+12
 509 0080 A25C     		ldrb	r2, [r4, r2]	@ zero_extendqisi2
1865:Drivers/STM32H7xx_HAL_Driver/Src/stm32h7xx_hal_dma.c **** 
 510              		.loc 1 1865 23 view .LVU150
 511 0082 C265     		str	r2, [r0, #92]
1867:Drivers/STM32H7xx_HAL_Driver/Src/stm32h7xx_hal_dma.c ****     {
 512              		.loc 1 1867 5 is_stmt 1 view .LVU151
1867:Drivers/STM32H7xx_HAL_Driver/Src/stm32h7xx_hal_dma.c ****     {
 513              		.loc 1 1867 8 is_stmt 0 view .LVU152
 514 0084 5F29     		cmp	r1, #95
 515 0086 07D9     		bls	.L19
1870:Drivers/STM32H7xx_HAL_Driver/Src/stm32h7xx_hal_dma.c ****     }
 516              		.loc 1 1870 7 is_stmt 1 view .LVU153
1870:Drivers/STM32H7xx_HAL_Driver/Src/stm32h7xx_hal_dma.c ****     }
 517              		.loc 1 1870 73 is_stmt 0 view .LVU154
 518 0088 6FF30903 		bfc	r3, #0, #10
1870:Drivers/STM32H7xx_HAL_Driver/Src/stm32h7xx_hal_dma.c ****     }
 519              		.loc 1 1870 96 view .LVU155
 520 008c 0433     		adds	r3, r3, #4
1870:Drivers/STM32H7xx_HAL_Driver/Src/stm32h7xx_hal_dma.c ****     }
ARM GAS  /tmp/ccMjPS5V.s 			page 44


 521              		.loc 1 1870 31 view .LVU156
 522 008e 8365     		str	r3, [r0, #88]
 523              	.L18:
 524              	.LBE2:
1884:Drivers/STM32H7xx_HAL_Driver/Src/stm32h7xx_hal_dma.c **** }
 525              		.loc 1 1884 3 is_stmt 1 view .LVU157
 526              		.loc 1 1885 1 is_stmt 0 view .LVU158
 527 0090 806D     		ldr	r0, [r0, #88]
 528              	.LVL17:
 529              		.loc 1 1885 1 view .LVU159
 530 0092 5DF8044B 		ldr	r4, [sp], #4
 531              	.LCFI4:
 532              		.cfi_remember_state
 533              		.cfi_restore 4
 534              		.cfi_def_cfa_offset 0
 535 0096 7047     		bx	lr
 536              	.LVL18:
 537              	.L19:
 538              	.LCFI5:
 539              		.cfi_restore_state
 540              	.LBB3:
1875:Drivers/STM32H7xx_HAL_Driver/Src/stm32h7xx_hal_dma.c ****     }
 541              		.loc 1 1875 7 is_stmt 1 view .LVU160
1875:Drivers/STM32H7xx_HAL_Driver/Src/stm32h7xx_hal_dma.c ****     }
 542              		.loc 1 1875 72 is_stmt 0 view .LVU161
 543 0098 6FF30903 		bfc	r3, #0, #10
1875:Drivers/STM32H7xx_HAL_Driver/Src/stm32h7xx_hal_dma.c ****     }
 544              		.loc 1 1875 31 view .LVU162
 545 009c 8365     		str	r3, [r0, #88]
 546 009e F7E7     		b	.L18
 547              	.L24:
 548              		.align	2
 549              	.L23:
 550 00a0 10000240 		.word	1073872912
 551 00a4 28000240 		.word	1073872936
 552 00a8 ABAAAAAA 		.word	-1431655765
 553 00ac 00000000 		.word	flagBitshiftOffset.0
 554              	.LBE3:
 555              		.cfi_endproc
 556              	.LFE159:
 558              		.section	.text.DMA_CheckFifoParam,"ax",%progbits
 559              		.align	1
 560              		.syntax unified
 561              		.thumb
 562              		.thumb_func
 564              	DMA_CheckFifoParam:
 565              	.LVL19:
 566              	.LFB160:
1886:Drivers/STM32H7xx_HAL_Driver/Src/stm32h7xx_hal_dma.c **** 
1887:Drivers/STM32H7xx_HAL_Driver/Src/stm32h7xx_hal_dma.c **** /**
1888:Drivers/STM32H7xx_HAL_Driver/Src/stm32h7xx_hal_dma.c ****   * @brief  Check compatibility between FIFO threshold level and size of the memory burst
1889:Drivers/STM32H7xx_HAL_Driver/Src/stm32h7xx_hal_dma.c ****   * @param  hdma:       pointer to a DMA_HandleTypeDef structure that contains
1890:Drivers/STM32H7xx_HAL_Driver/Src/stm32h7xx_hal_dma.c ****   *                     the configuration information for the specified DMA Stream.
1891:Drivers/STM32H7xx_HAL_Driver/Src/stm32h7xx_hal_dma.c ****   * @retval HAL status
1892:Drivers/STM32H7xx_HAL_Driver/Src/stm32h7xx_hal_dma.c ****   */
1893:Drivers/STM32H7xx_HAL_Driver/Src/stm32h7xx_hal_dma.c **** static HAL_StatusTypeDef DMA_CheckFifoParam(const DMA_HandleTypeDef *hdma)
1894:Drivers/STM32H7xx_HAL_Driver/Src/stm32h7xx_hal_dma.c **** {
ARM GAS  /tmp/ccMjPS5V.s 			page 45


 567              		.loc 1 1894 1 is_stmt 1 view -0
 568              		.cfi_startproc
 569              		@ args = 0, pretend = 0, frame = 0
 570              		@ frame_needed = 0, uses_anonymous_args = 0
 571              		@ link register save eliminated.
1895:Drivers/STM32H7xx_HAL_Driver/Src/stm32h7xx_hal_dma.c ****   HAL_StatusTypeDef status = HAL_OK;
 572              		.loc 1 1895 3 view .LVU164
1896:Drivers/STM32H7xx_HAL_Driver/Src/stm32h7xx_hal_dma.c **** 
1897:Drivers/STM32H7xx_HAL_Driver/Src/stm32h7xx_hal_dma.c ****   /* Memory Data size equal to Byte */
1898:Drivers/STM32H7xx_HAL_Driver/Src/stm32h7xx_hal_dma.c ****   if (hdma->Init.MemDataAlignment == DMA_MDATAALIGN_BYTE)
 573              		.loc 1 1898 3 view .LVU165
 574              		.loc 1 1898 17 is_stmt 0 view .LVU166
 575 0000 8369     		ldr	r3, [r0, #24]
 576              		.loc 1 1898 6 view .LVU167
 577 0002 9BB9     		cbnz	r3, .L26
1899:Drivers/STM32H7xx_HAL_Driver/Src/stm32h7xx_hal_dma.c ****   {
1900:Drivers/STM32H7xx_HAL_Driver/Src/stm32h7xx_hal_dma.c ****     switch (hdma->Init.FIFOThreshold)
 578              		.loc 1 1900 5 is_stmt 1 view .LVU168
 579              		.loc 1 1900 23 is_stmt 0 view .LVU169
 580 0004 836A     		ldr	r3, [r0, #40]
 581              		.loc 1 1900 5 view .LVU170
 582 0006 012B     		cmp	r3, #1
 583 0008 0AD0     		beq	.L27
 584 000a 022B     		cmp	r3, #2
 585 000c 02D0     		beq	.L28
 586 000e 0BB1     		cbz	r3, .L28
 587 0010 0020     		movs	r0, #0
 588              	.LVL20:
 589              		.loc 1 1900 5 view .LVU171
 590 0012 7047     		bx	lr
 591              	.LVL21:
 592              	.L28:
1901:Drivers/STM32H7xx_HAL_Driver/Src/stm32h7xx_hal_dma.c ****     {
1902:Drivers/STM32H7xx_HAL_Driver/Src/stm32h7xx_hal_dma.c ****       case DMA_FIFO_THRESHOLD_1QUARTERFULL:
1903:Drivers/STM32H7xx_HAL_Driver/Src/stm32h7xx_hal_dma.c ****       case DMA_FIFO_THRESHOLD_3QUARTERSFULL:
1904:Drivers/STM32H7xx_HAL_Driver/Src/stm32h7xx_hal_dma.c **** 
1905:Drivers/STM32H7xx_HAL_Driver/Src/stm32h7xx_hal_dma.c ****         if ((hdma->Init.MemBurst & DMA_SxCR_MBURST_1) == DMA_SxCR_MBURST_1)
 593              		.loc 1 1905 9 is_stmt 1 view .LVU172
 594              		.loc 1 1905 24 is_stmt 0 view .LVU173
 595 0014 C36A     		ldr	r3, [r0, #44]
 596              		.loc 1 1905 12 view .LVU174
 597 0016 13F0807F 		tst	r3, #16777216
 598 001a 2AD1     		bne	.L36
1895:Drivers/STM32H7xx_HAL_Driver/Src/stm32h7xx_hal_dma.c **** 
 599              		.loc 1 1895 21 view .LVU175
 600 001c 0020     		movs	r0, #0
 601              	.LVL22:
1895:Drivers/STM32H7xx_HAL_Driver/Src/stm32h7xx_hal_dma.c **** 
 602              		.loc 1 1895 21 view .LVU176
 603 001e 7047     		bx	lr
 604              	.LVL23:
 605              	.L27:
1906:Drivers/STM32H7xx_HAL_Driver/Src/stm32h7xx_hal_dma.c ****         {
1907:Drivers/STM32H7xx_HAL_Driver/Src/stm32h7xx_hal_dma.c ****           status = HAL_ERROR;
1908:Drivers/STM32H7xx_HAL_Driver/Src/stm32h7xx_hal_dma.c ****         }
1909:Drivers/STM32H7xx_HAL_Driver/Src/stm32h7xx_hal_dma.c ****         break;
1910:Drivers/STM32H7xx_HAL_Driver/Src/stm32h7xx_hal_dma.c **** 
ARM GAS  /tmp/ccMjPS5V.s 			page 46


1911:Drivers/STM32H7xx_HAL_Driver/Src/stm32h7xx_hal_dma.c ****       case DMA_FIFO_THRESHOLD_HALFFULL:
1912:Drivers/STM32H7xx_HAL_Driver/Src/stm32h7xx_hal_dma.c ****         if (hdma->Init.MemBurst == DMA_MBURST_INC16)
 606              		.loc 1 1912 9 is_stmt 1 view .LVU177
 607              		.loc 1 1912 23 is_stmt 0 view .LVU178
 608 0020 C36A     		ldr	r3, [r0, #44]
 609              		.loc 1 1912 12 view .LVU179
 610 0022 B3F1C07F 		cmp	r3, #25165824
 611 0026 26D0     		beq	.L37
1895:Drivers/STM32H7xx_HAL_Driver/Src/stm32h7xx_hal_dma.c **** 
 612              		.loc 1 1895 21 view .LVU180
 613 0028 0020     		movs	r0, #0
 614              	.LVL24:
1895:Drivers/STM32H7xx_HAL_Driver/Src/stm32h7xx_hal_dma.c **** 
 615              		.loc 1 1895 21 view .LVU181
 616 002a 7047     		bx	lr
 617              	.LVL25:
 618              	.L26:
1913:Drivers/STM32H7xx_HAL_Driver/Src/stm32h7xx_hal_dma.c ****         {
1914:Drivers/STM32H7xx_HAL_Driver/Src/stm32h7xx_hal_dma.c ****           status = HAL_ERROR;
1915:Drivers/STM32H7xx_HAL_Driver/Src/stm32h7xx_hal_dma.c ****         }
1916:Drivers/STM32H7xx_HAL_Driver/Src/stm32h7xx_hal_dma.c ****         break;
1917:Drivers/STM32H7xx_HAL_Driver/Src/stm32h7xx_hal_dma.c **** 
1918:Drivers/STM32H7xx_HAL_Driver/Src/stm32h7xx_hal_dma.c ****       case DMA_FIFO_THRESHOLD_FULL:
1919:Drivers/STM32H7xx_HAL_Driver/Src/stm32h7xx_hal_dma.c ****         break;
1920:Drivers/STM32H7xx_HAL_Driver/Src/stm32h7xx_hal_dma.c **** 
1921:Drivers/STM32H7xx_HAL_Driver/Src/stm32h7xx_hal_dma.c ****       default:
1922:Drivers/STM32H7xx_HAL_Driver/Src/stm32h7xx_hal_dma.c ****         break;
1923:Drivers/STM32H7xx_HAL_Driver/Src/stm32h7xx_hal_dma.c ****     }
1924:Drivers/STM32H7xx_HAL_Driver/Src/stm32h7xx_hal_dma.c ****   }
1925:Drivers/STM32H7xx_HAL_Driver/Src/stm32h7xx_hal_dma.c **** 
1926:Drivers/STM32H7xx_HAL_Driver/Src/stm32h7xx_hal_dma.c ****   /* Memory Data size equal to Half-Word */
1927:Drivers/STM32H7xx_HAL_Driver/Src/stm32h7xx_hal_dma.c ****   else if (hdma->Init.MemDataAlignment == DMA_MDATAALIGN_HALFWORD)
 619              		.loc 1 1927 8 is_stmt 1 view .LVU182
 620              		.loc 1 1927 11 is_stmt 0 view .LVU183
 621 002c B3F5005F 		cmp	r3, #8192
 622 0030 0AD0     		beq	.L44
1928:Drivers/STM32H7xx_HAL_Driver/Src/stm32h7xx_hal_dma.c ****   {
1929:Drivers/STM32H7xx_HAL_Driver/Src/stm32h7xx_hal_dma.c ****     switch (hdma->Init.FIFOThreshold)
1930:Drivers/STM32H7xx_HAL_Driver/Src/stm32h7xx_hal_dma.c ****     {
1931:Drivers/STM32H7xx_HAL_Driver/Src/stm32h7xx_hal_dma.c ****       case DMA_FIFO_THRESHOLD_1QUARTERFULL:
1932:Drivers/STM32H7xx_HAL_Driver/Src/stm32h7xx_hal_dma.c ****       case DMA_FIFO_THRESHOLD_3QUARTERSFULL:
1933:Drivers/STM32H7xx_HAL_Driver/Src/stm32h7xx_hal_dma.c ****         status = HAL_ERROR;
1934:Drivers/STM32H7xx_HAL_Driver/Src/stm32h7xx_hal_dma.c ****         break;
1935:Drivers/STM32H7xx_HAL_Driver/Src/stm32h7xx_hal_dma.c **** 
1936:Drivers/STM32H7xx_HAL_Driver/Src/stm32h7xx_hal_dma.c ****       case DMA_FIFO_THRESHOLD_HALFFULL:
1937:Drivers/STM32H7xx_HAL_Driver/Src/stm32h7xx_hal_dma.c ****         if ((hdma->Init.MemBurst & DMA_SxCR_MBURST_1) == DMA_SxCR_MBURST_1)
1938:Drivers/STM32H7xx_HAL_Driver/Src/stm32h7xx_hal_dma.c ****         {
1939:Drivers/STM32H7xx_HAL_Driver/Src/stm32h7xx_hal_dma.c ****           status = HAL_ERROR;
1940:Drivers/STM32H7xx_HAL_Driver/Src/stm32h7xx_hal_dma.c ****         }
1941:Drivers/STM32H7xx_HAL_Driver/Src/stm32h7xx_hal_dma.c ****         break;
1942:Drivers/STM32H7xx_HAL_Driver/Src/stm32h7xx_hal_dma.c **** 
1943:Drivers/STM32H7xx_HAL_Driver/Src/stm32h7xx_hal_dma.c ****       case DMA_FIFO_THRESHOLD_FULL:
1944:Drivers/STM32H7xx_HAL_Driver/Src/stm32h7xx_hal_dma.c ****         if (hdma->Init.MemBurst == DMA_MBURST_INC16)
1945:Drivers/STM32H7xx_HAL_Driver/Src/stm32h7xx_hal_dma.c ****         {
1946:Drivers/STM32H7xx_HAL_Driver/Src/stm32h7xx_hal_dma.c ****           status = HAL_ERROR;
1947:Drivers/STM32H7xx_HAL_Driver/Src/stm32h7xx_hal_dma.c ****         }
1948:Drivers/STM32H7xx_HAL_Driver/Src/stm32h7xx_hal_dma.c ****         break;
ARM GAS  /tmp/ccMjPS5V.s 			page 47


1949:Drivers/STM32H7xx_HAL_Driver/Src/stm32h7xx_hal_dma.c **** 
1950:Drivers/STM32H7xx_HAL_Driver/Src/stm32h7xx_hal_dma.c ****       default:
1951:Drivers/STM32H7xx_HAL_Driver/Src/stm32h7xx_hal_dma.c ****         break;
1952:Drivers/STM32H7xx_HAL_Driver/Src/stm32h7xx_hal_dma.c ****     }
1953:Drivers/STM32H7xx_HAL_Driver/Src/stm32h7xx_hal_dma.c ****   }
1954:Drivers/STM32H7xx_HAL_Driver/Src/stm32h7xx_hal_dma.c **** 
1955:Drivers/STM32H7xx_HAL_Driver/Src/stm32h7xx_hal_dma.c ****   /* Memory Data size equal to Word */
1956:Drivers/STM32H7xx_HAL_Driver/Src/stm32h7xx_hal_dma.c ****   else
1957:Drivers/STM32H7xx_HAL_Driver/Src/stm32h7xx_hal_dma.c ****   {
1958:Drivers/STM32H7xx_HAL_Driver/Src/stm32h7xx_hal_dma.c ****     switch (hdma->Init.FIFOThreshold)
 623              		.loc 1 1958 5 is_stmt 1 view .LVU184
 624              		.loc 1 1958 23 is_stmt 0 view .LVU185
 625 0032 836A     		ldr	r3, [r0, #40]
 626              		.loc 1 1958 5 view .LVU186
 627 0034 022B     		cmp	r3, #2
 628 0036 26D9     		bls	.L41
 629 0038 032B     		cmp	r3, #3
 630 003a 26D1     		bne	.L42
1959:Drivers/STM32H7xx_HAL_Driver/Src/stm32h7xx_hal_dma.c ****     {
1960:Drivers/STM32H7xx_HAL_Driver/Src/stm32h7xx_hal_dma.c ****       case DMA_FIFO_THRESHOLD_1QUARTERFULL:
1961:Drivers/STM32H7xx_HAL_Driver/Src/stm32h7xx_hal_dma.c ****       case DMA_FIFO_THRESHOLD_HALFFULL:
1962:Drivers/STM32H7xx_HAL_Driver/Src/stm32h7xx_hal_dma.c ****       case DMA_FIFO_THRESHOLD_3QUARTERSFULL:
1963:Drivers/STM32H7xx_HAL_Driver/Src/stm32h7xx_hal_dma.c ****         status = HAL_ERROR;
1964:Drivers/STM32H7xx_HAL_Driver/Src/stm32h7xx_hal_dma.c ****         break;
1965:Drivers/STM32H7xx_HAL_Driver/Src/stm32h7xx_hal_dma.c **** 
1966:Drivers/STM32H7xx_HAL_Driver/Src/stm32h7xx_hal_dma.c ****       case DMA_FIFO_THRESHOLD_FULL:
1967:Drivers/STM32H7xx_HAL_Driver/Src/stm32h7xx_hal_dma.c ****         if ((hdma->Init.MemBurst & DMA_SxCR_MBURST_1) == DMA_SxCR_MBURST_1)
 631              		.loc 1 1967 9 is_stmt 1 view .LVU187
 632              		.loc 1 1967 24 is_stmt 0 view .LVU188
 633 003c C36A     		ldr	r3, [r0, #44]
 634              		.loc 1 1967 12 view .LVU189
 635 003e 13F0807F 		tst	r3, #16777216
 636 0042 24D1     		bne	.L43
1895:Drivers/STM32H7xx_HAL_Driver/Src/stm32h7xx_hal_dma.c **** 
 637              		.loc 1 1895 21 view .LVU190
 638 0044 0020     		movs	r0, #0
 639              	.LVL26:
1895:Drivers/STM32H7xx_HAL_Driver/Src/stm32h7xx_hal_dma.c **** 
 640              		.loc 1 1895 21 view .LVU191
 641 0046 7047     		bx	lr
 642              	.LVL27:
 643              	.L44:
1929:Drivers/STM32H7xx_HAL_Driver/Src/stm32h7xx_hal_dma.c ****     {
 644              		.loc 1 1929 5 is_stmt 1 view .LVU192
1929:Drivers/STM32H7xx_HAL_Driver/Src/stm32h7xx_hal_dma.c ****     {
 645              		.loc 1 1929 23 is_stmt 0 view .LVU193
 646 0048 836A     		ldr	r3, [r0, #40]
1929:Drivers/STM32H7xx_HAL_Driver/Src/stm32h7xx_hal_dma.c ****     {
 647              		.loc 1 1929 5 view .LVU194
 648 004a 032B     		cmp	r3, #3
 649 004c 03D8     		bhi	.L31
 650 004e DFE803F0 		tbb	[pc, r3]
 651              	.L33:
 652 0052 14       		.byte	(.L38-.L33)/2
 653 0053 04       		.byte	(.L34-.L33)/2
 654 0054 14       		.byte	(.L38-.L33)/2
 655 0055 0A       		.byte	(.L32-.L33)/2
ARM GAS  /tmp/ccMjPS5V.s 			page 48


 656              		.p2align 1
 657              	.L31:
 658 0056 0020     		movs	r0, #0
 659              	.LVL28:
1929:Drivers/STM32H7xx_HAL_Driver/Src/stm32h7xx_hal_dma.c ****     {
 660              		.loc 1 1929 5 view .LVU195
 661 0058 7047     		bx	lr
 662              	.LVL29:
 663              	.L34:
1937:Drivers/STM32H7xx_HAL_Driver/Src/stm32h7xx_hal_dma.c ****         {
 664              		.loc 1 1937 9 is_stmt 1 view .LVU196
1937:Drivers/STM32H7xx_HAL_Driver/Src/stm32h7xx_hal_dma.c ****         {
 665              		.loc 1 1937 24 is_stmt 0 view .LVU197
 666 005a C36A     		ldr	r3, [r0, #44]
1937:Drivers/STM32H7xx_HAL_Driver/Src/stm32h7xx_hal_dma.c ****         {
 667              		.loc 1 1937 12 view .LVU198
 668 005c 13F0807F 		tst	r3, #16777216
 669 0060 0DD1     		bne	.L39
1895:Drivers/STM32H7xx_HAL_Driver/Src/stm32h7xx_hal_dma.c **** 
 670              		.loc 1 1895 21 view .LVU199
 671 0062 0020     		movs	r0, #0
 672              	.LVL30:
1895:Drivers/STM32H7xx_HAL_Driver/Src/stm32h7xx_hal_dma.c **** 
 673              		.loc 1 1895 21 view .LVU200
 674 0064 7047     		bx	lr
 675              	.LVL31:
 676              	.L32:
1944:Drivers/STM32H7xx_HAL_Driver/Src/stm32h7xx_hal_dma.c ****         {
 677              		.loc 1 1944 9 is_stmt 1 view .LVU201
1944:Drivers/STM32H7xx_HAL_Driver/Src/stm32h7xx_hal_dma.c ****         {
 678              		.loc 1 1944 23 is_stmt 0 view .LVU202
 679 0066 C36A     		ldr	r3, [r0, #44]
1944:Drivers/STM32H7xx_HAL_Driver/Src/stm32h7xx_hal_dma.c ****         {
 680              		.loc 1 1944 12 view .LVU203
 681 0068 B3F1C07F 		cmp	r3, #25165824
 682 006c 09D0     		beq	.L40
1895:Drivers/STM32H7xx_HAL_Driver/Src/stm32h7xx_hal_dma.c **** 
 683              		.loc 1 1895 21 view .LVU204
 684 006e 0020     		movs	r0, #0
 685              	.LVL32:
1895:Drivers/STM32H7xx_HAL_Driver/Src/stm32h7xx_hal_dma.c **** 
 686              		.loc 1 1895 21 view .LVU205
 687 0070 7047     		bx	lr
 688              	.LVL33:
 689              	.L36:
1907:Drivers/STM32H7xx_HAL_Driver/Src/stm32h7xx_hal_dma.c ****         }
 690              		.loc 1 1907 18 view .LVU206
 691 0072 0120     		movs	r0, #1
 692              	.LVL34:
1907:Drivers/STM32H7xx_HAL_Driver/Src/stm32h7xx_hal_dma.c ****         }
 693              		.loc 1 1907 18 view .LVU207
 694 0074 7047     		bx	lr
 695              	.LVL35:
 696              	.L37:
1914:Drivers/STM32H7xx_HAL_Driver/Src/stm32h7xx_hal_dma.c ****         }
 697              		.loc 1 1914 18 view .LVU208
 698 0076 0120     		movs	r0, #1
ARM GAS  /tmp/ccMjPS5V.s 			page 49


 699              	.LVL36:
1914:Drivers/STM32H7xx_HAL_Driver/Src/stm32h7xx_hal_dma.c ****         }
 700              		.loc 1 1914 18 view .LVU209
 701 0078 7047     		bx	lr
 702              	.LVL37:
 703              	.L38:
1933:Drivers/STM32H7xx_HAL_Driver/Src/stm32h7xx_hal_dma.c ****         break;
 704              		.loc 1 1933 16 view .LVU210
 705 007a 0120     		movs	r0, #1
 706              	.LVL38:
1933:Drivers/STM32H7xx_HAL_Driver/Src/stm32h7xx_hal_dma.c ****         break;
 707              		.loc 1 1933 16 view .LVU211
 708 007c 7047     		bx	lr
 709              	.LVL39:
 710              	.L39:
1939:Drivers/STM32H7xx_HAL_Driver/Src/stm32h7xx_hal_dma.c ****         }
 711              		.loc 1 1939 18 view .LVU212
 712 007e 0120     		movs	r0, #1
 713              	.LVL40:
1939:Drivers/STM32H7xx_HAL_Driver/Src/stm32h7xx_hal_dma.c ****         }
 714              		.loc 1 1939 18 view .LVU213
 715 0080 7047     		bx	lr
 716              	.LVL41:
 717              	.L40:
1946:Drivers/STM32H7xx_HAL_Driver/Src/stm32h7xx_hal_dma.c ****         }
 718              		.loc 1 1946 18 view .LVU214
 719 0082 0120     		movs	r0, #1
 720              	.LVL42:
1946:Drivers/STM32H7xx_HAL_Driver/Src/stm32h7xx_hal_dma.c ****         }
 721              		.loc 1 1946 18 view .LVU215
 722 0084 7047     		bx	lr
 723              	.LVL43:
 724              	.L41:
1963:Drivers/STM32H7xx_HAL_Driver/Src/stm32h7xx_hal_dma.c ****         break;
 725              		.loc 1 1963 16 view .LVU216
 726 0086 0120     		movs	r0, #1
 727              	.LVL44:
1963:Drivers/STM32H7xx_HAL_Driver/Src/stm32h7xx_hal_dma.c ****         break;
 728              		.loc 1 1963 16 view .LVU217
 729 0088 7047     		bx	lr
 730              	.LVL45:
 731              	.L42:
1958:Drivers/STM32H7xx_HAL_Driver/Src/stm32h7xx_hal_dma.c ****     {
 732              		.loc 1 1958 5 view .LVU218
 733 008a 0020     		movs	r0, #0
 734              	.LVL46:
1958:Drivers/STM32H7xx_HAL_Driver/Src/stm32h7xx_hal_dma.c ****     {
 735              		.loc 1 1958 5 view .LVU219
 736 008c 7047     		bx	lr
 737              	.LVL47:
 738              	.L43:
1968:Drivers/STM32H7xx_HAL_Driver/Src/stm32h7xx_hal_dma.c ****         {
1969:Drivers/STM32H7xx_HAL_Driver/Src/stm32h7xx_hal_dma.c ****           status = HAL_ERROR;
 739              		.loc 1 1969 18 view .LVU220
 740 008e 0120     		movs	r0, #1
 741              	.LVL48:
1970:Drivers/STM32H7xx_HAL_Driver/Src/stm32h7xx_hal_dma.c ****         }
ARM GAS  /tmp/ccMjPS5V.s 			page 50


1971:Drivers/STM32H7xx_HAL_Driver/Src/stm32h7xx_hal_dma.c ****     break;
1972:Drivers/STM32H7xx_HAL_Driver/Src/stm32h7xx_hal_dma.c **** 
1973:Drivers/STM32H7xx_HAL_Driver/Src/stm32h7xx_hal_dma.c ****       default:
1974:Drivers/STM32H7xx_HAL_Driver/Src/stm32h7xx_hal_dma.c ****         break;
1975:Drivers/STM32H7xx_HAL_Driver/Src/stm32h7xx_hal_dma.c ****     }
1976:Drivers/STM32H7xx_HAL_Driver/Src/stm32h7xx_hal_dma.c ****   }
1977:Drivers/STM32H7xx_HAL_Driver/Src/stm32h7xx_hal_dma.c **** 
1978:Drivers/STM32H7xx_HAL_Driver/Src/stm32h7xx_hal_dma.c ****   return status;
 742              		.loc 1 1978 3 is_stmt 1 view .LVU221
1979:Drivers/STM32H7xx_HAL_Driver/Src/stm32h7xx_hal_dma.c **** }
 743              		.loc 1 1979 1 is_stmt 0 view .LVU222
 744 0090 7047     		bx	lr
 745              		.cfi_endproc
 746              	.LFE160:
 748              		.section	.text.DMA_CalcDMAMUXChannelBaseAndMask,"ax",%progbits
 749              		.align	1
 750              		.syntax unified
 751              		.thumb
 752              		.thumb_func
 754              	DMA_CalcDMAMUXChannelBaseAndMask:
 755              	.LVL49:
 756              	.LFB161:
1980:Drivers/STM32H7xx_HAL_Driver/Src/stm32h7xx_hal_dma.c **** 
1981:Drivers/STM32H7xx_HAL_Driver/Src/stm32h7xx_hal_dma.c **** /**
1982:Drivers/STM32H7xx_HAL_Driver/Src/stm32h7xx_hal_dma.c ****   * @brief  Updates the DMA handle with the DMAMUX  channel and status mask depending on stream num
1983:Drivers/STM32H7xx_HAL_Driver/Src/stm32h7xx_hal_dma.c ****   * @param  hdma:       pointer to a DMA_HandleTypeDef structure that contains
1984:Drivers/STM32H7xx_HAL_Driver/Src/stm32h7xx_hal_dma.c ****   *                     the configuration information for the specified DMA Stream.
1985:Drivers/STM32H7xx_HAL_Driver/Src/stm32h7xx_hal_dma.c ****   * @retval HAL status
1986:Drivers/STM32H7xx_HAL_Driver/Src/stm32h7xx_hal_dma.c ****   */
1987:Drivers/STM32H7xx_HAL_Driver/Src/stm32h7xx_hal_dma.c **** static void DMA_CalcDMAMUXChannelBaseAndMask(DMA_HandleTypeDef *hdma)
1988:Drivers/STM32H7xx_HAL_Driver/Src/stm32h7xx_hal_dma.c **** {
 757              		.loc 1 1988 1 is_stmt 1 view -0
 758              		.cfi_startproc
 759              		@ args = 0, pretend = 0, frame = 0
 760              		@ frame_needed = 0, uses_anonymous_args = 0
 761              		@ link register save eliminated.
1989:Drivers/STM32H7xx_HAL_Driver/Src/stm32h7xx_hal_dma.c ****   uint32_t stream_number;
 762              		.loc 1 1989 3 view .LVU224
1990:Drivers/STM32H7xx_HAL_Driver/Src/stm32h7xx_hal_dma.c ****   uint32_t stream_baseaddress = (uint32_t)((uint32_t*)hdma->Instance);
 763              		.loc 1 1990 3 view .LVU225
 764              		.loc 1 1990 59 is_stmt 0 view .LVU226
 765 0000 0368     		ldr	r3, [r0]
 766              	.LVL50:
1991:Drivers/STM32H7xx_HAL_Driver/Src/stm32h7xx_hal_dma.c **** 
1992:Drivers/STM32H7xx_HAL_Driver/Src/stm32h7xx_hal_dma.c ****   if(IS_BDMA_CHANNEL_DMAMUX_INSTANCE(hdma->Instance) != 0U)
 767              		.loc 1 1992 3 is_stmt 1 view .LVU227
 768              		.loc 1 1992 6 is_stmt 0 view .LVU228
 769 0002 2149     		ldr	r1, .L50
 770 0004 214A     		ldr	r2, .L50+4
 771 0006 9342     		cmp	r3, r2
 772 0008 18BF     		it	ne
 773 000a 8B42     		cmpne	r3, r1
 774 000c 27D0     		beq	.L46
 775              		.loc 1 1992 6 discriminator 2 view .LVU229
 776 000e 1432     		adds	r2, r2, #20
 777 0010 9342     		cmp	r3, r2
 778 0012 24D0     		beq	.L46
ARM GAS  /tmp/ccMjPS5V.s 			page 51


 779              		.loc 1 1992 6 discriminator 4 view .LVU230
 780 0014 1432     		adds	r2, r2, #20
 781 0016 9342     		cmp	r3, r2
 782 0018 21D0     		beq	.L46
 783              		.loc 1 1992 6 discriminator 6 view .LVU231
 784 001a 1432     		adds	r2, r2, #20
 785 001c 9342     		cmp	r3, r2
 786 001e 1ED0     		beq	.L46
 787              		.loc 1 1992 6 discriminator 8 view .LVU232
 788 0020 1432     		adds	r2, r2, #20
 789 0022 9342     		cmp	r3, r2
 790 0024 1BD0     		beq	.L46
 791              		.loc 1 1992 6 discriminator 10 view .LVU233
 792 0026 1432     		adds	r2, r2, #20
 793 0028 9342     		cmp	r3, r2
 794 002a 18D0     		beq	.L46
 795              		.loc 1 1992 6 discriminator 12 view .LVU234
 796 002c 1432     		adds	r2, r2, #20
 797 002e 9342     		cmp	r3, r2
 798 0030 15D0     		beq	.L46
1993:Drivers/STM32H7xx_HAL_Driver/Src/stm32h7xx_hal_dma.c ****   {
1994:Drivers/STM32H7xx_HAL_Driver/Src/stm32h7xx_hal_dma.c ****     /* BDMA Channels are connected to DMAMUX2 channels */
1995:Drivers/STM32H7xx_HAL_Driver/Src/stm32h7xx_hal_dma.c ****     stream_number = (((uint32_t)((uint32_t*)hdma->Instance) & 0xFFU) - 8U) / 20U;
1996:Drivers/STM32H7xx_HAL_Driver/Src/stm32h7xx_hal_dma.c ****     hdma->DMAmuxChannel = (DMAMUX_Channel_TypeDef *)((uint32_t)(((uint32_t)DMAMUX2_Channel0) + (str
1997:Drivers/STM32H7xx_HAL_Driver/Src/stm32h7xx_hal_dma.c ****     hdma->DMAmuxChannelStatus = DMAMUX2_ChannelStatus;
1998:Drivers/STM32H7xx_HAL_Driver/Src/stm32h7xx_hal_dma.c ****     hdma->DMAmuxChannelStatusMask = 1UL << (stream_number & 0x1FU);
1999:Drivers/STM32H7xx_HAL_Driver/Src/stm32h7xx_hal_dma.c ****   }
2000:Drivers/STM32H7xx_HAL_Driver/Src/stm32h7xx_hal_dma.c ****   else
2001:Drivers/STM32H7xx_HAL_Driver/Src/stm32h7xx_hal_dma.c ****   {
2002:Drivers/STM32H7xx_HAL_Driver/Src/stm32h7xx_hal_dma.c ****     /* DMA1/DMA2 Streams are connected to DMAMUX1 channels */
2003:Drivers/STM32H7xx_HAL_Driver/Src/stm32h7xx_hal_dma.c ****     stream_number = (((uint32_t)((uint32_t*)hdma->Instance) & 0xFFU) - 16U) / 24U;
 799              		.loc 1 2003 5 is_stmt 1 view .LVU235
 800              		.loc 1 2003 61 is_stmt 0 view .LVU236
 801 0032 DAB2     		uxtb	r2, r3
 802              		.loc 1 2003 70 view .LVU237
 803 0034 103A     		subs	r2, r2, #16
 804              		.loc 1 2003 19 view .LVU238
 805 0036 1649     		ldr	r1, .L50+8
 806 0038 A1FB0212 		umull	r1, r2, r1, r2
 807 003c 1209     		lsrs	r2, r2, #4
 808              	.LVL51:
2004:Drivers/STM32H7xx_HAL_Driver/Src/stm32h7xx_hal_dma.c **** 
2005:Drivers/STM32H7xx_HAL_Driver/Src/stm32h7xx_hal_dma.c ****     if((stream_baseaddress <= ((uint32_t)DMA2_Stream7) ) && \
 809              		.loc 1 2005 5 is_stmt 1 view .LVU239
 810              		.loc 1 2005 58 is_stmt 0 view .LVU240
 811 003e 1549     		ldr	r1, .L50+12
 812 0040 1944     		add	r1, r1, r3
 813              		.loc 1 2005 7 view .LVU241
 814 0042 A829     		cmp	r1, #168
 815 0044 1ED9     		bls	.L47
 816              	.L48:
2006:Drivers/STM32H7xx_HAL_Driver/Src/stm32h7xx_hal_dma.c ****        (stream_baseaddress >= ((uint32_t)DMA2_Stream0)))
2007:Drivers/STM32H7xx_HAL_Driver/Src/stm32h7xx_hal_dma.c ****     {
2008:Drivers/STM32H7xx_HAL_Driver/Src/stm32h7xx_hal_dma.c ****       stream_number += 8U;
2009:Drivers/STM32H7xx_HAL_Driver/Src/stm32h7xx_hal_dma.c ****     }
2010:Drivers/STM32H7xx_HAL_Driver/Src/stm32h7xx_hal_dma.c ****     hdma->DMAmuxChannel = (DMAMUX_Channel_TypeDef *)((uint32_t)(((uint32_t)DMAMUX1_Channel0) + (str
 817              		.loc 1 2010 5 is_stmt 1 view .LVU242
ARM GAS  /tmp/ccMjPS5V.s 			page 52


 818              		.loc 1 2010 54 is_stmt 0 view .LVU243
 819 0046 144B     		ldr	r3, .L50+16
 820              	.LVL52:
 821              		.loc 1 2010 54 view .LVU244
 822 0048 1344     		add	r3, r3, r2
 823 004a 9B00     		lsls	r3, r3, #2
 824              		.loc 1 2010 25 view .LVU245
 825 004c 0366     		str	r3, [r0, #96]
2011:Drivers/STM32H7xx_HAL_Driver/Src/stm32h7xx_hal_dma.c ****     hdma->DMAmuxChannelStatus = DMAMUX1_ChannelStatus;
 826              		.loc 1 2011 5 is_stmt 1 view .LVU246
 827              		.loc 1 2011 31 is_stmt 0 view .LVU247
 828 004e 134B     		ldr	r3, .L50+20
 829 0050 4366     		str	r3, [r0, #100]
2012:Drivers/STM32H7xx_HAL_Driver/Src/stm32h7xx_hal_dma.c ****     hdma->DMAmuxChannelStatusMask = 1UL << (stream_number & 0x1FU);
 830              		.loc 1 2012 5 is_stmt 1 view .LVU248
 831              		.loc 1 2012 59 is_stmt 0 view .LVU249
 832 0052 02F01F02 		and	r2, r2, #31
 833              	.LVL53:
 834              		.loc 1 2012 41 view .LVU250
 835 0056 0123     		movs	r3, #1
 836 0058 9340     		lsls	r3, r3, r2
 837              		.loc 1 2012 35 view .LVU251
 838 005a 8366     		str	r3, [r0, #104]
2013:Drivers/STM32H7xx_HAL_Driver/Src/stm32h7xx_hal_dma.c ****   }
2014:Drivers/STM32H7xx_HAL_Driver/Src/stm32h7xx_hal_dma.c **** }
 839              		.loc 1 2014 1 view .LVU252
 840 005c 7047     		bx	lr
 841              	.LVL54:
 842              	.L46:
1995:Drivers/STM32H7xx_HAL_Driver/Src/stm32h7xx_hal_dma.c ****     hdma->DMAmuxChannel = (DMAMUX_Channel_TypeDef *)((uint32_t)(((uint32_t)DMAMUX2_Channel0) + (str
 843              		.loc 1 1995 5 is_stmt 1 view .LVU253
1995:Drivers/STM32H7xx_HAL_Driver/Src/stm32h7xx_hal_dma.c ****     hdma->DMAmuxChannel = (DMAMUX_Channel_TypeDef *)((uint32_t)(((uint32_t)DMAMUX2_Channel0) + (str
 844              		.loc 1 1995 61 is_stmt 0 view .LVU254
 845 005e DBB2     		uxtb	r3, r3
 846              	.LVL55:
1995:Drivers/STM32H7xx_HAL_Driver/Src/stm32h7xx_hal_dma.c ****     hdma->DMAmuxChannel = (DMAMUX_Channel_TypeDef *)((uint32_t)(((uint32_t)DMAMUX2_Channel0) + (str
 847              		.loc 1 1995 70 view .LVU255
 848 0060 083B     		subs	r3, r3, #8
1995:Drivers/STM32H7xx_HAL_Driver/Src/stm32h7xx_hal_dma.c ****     hdma->DMAmuxChannel = (DMAMUX_Channel_TypeDef *)((uint32_t)(((uint32_t)DMAMUX2_Channel0) + (str
 849              		.loc 1 1995 19 view .LVU256
 850 0062 0F4A     		ldr	r2, .L50+24
 851 0064 A2FB0323 		umull	r2, r3, r2, r3
 852              	.LVL56:
1996:Drivers/STM32H7xx_HAL_Driver/Src/stm32h7xx_hal_dma.c ****     hdma->DMAmuxChannelStatus = DMAMUX2_ChannelStatus;
 853              		.loc 1 1996 5 is_stmt 1 view .LVU257
1996:Drivers/STM32H7xx_HAL_Driver/Src/stm32h7xx_hal_dma.c ****     hdma->DMAmuxChannelStatus = DMAMUX2_ChannelStatus;
 854              		.loc 1 1996 54 is_stmt 0 view .LVU258
 855 0068 0E4A     		ldr	r2, .L50+28
 856 006a 02EB1312 		add	r2, r2, r3, lsr #4
 857 006e 9200     		lsls	r2, r2, #2
1996:Drivers/STM32H7xx_HAL_Driver/Src/stm32h7xx_hal_dma.c ****     hdma->DMAmuxChannelStatus = DMAMUX2_ChannelStatus;
 858              		.loc 1 1996 25 view .LVU259
 859 0070 0266     		str	r2, [r0, #96]
1997:Drivers/STM32H7xx_HAL_Driver/Src/stm32h7xx_hal_dma.c ****     hdma->DMAmuxChannelStatusMask = 1UL << (stream_number & 0x1FU);
 860              		.loc 1 1997 5 is_stmt 1 view .LVU260
1997:Drivers/STM32H7xx_HAL_Driver/Src/stm32h7xx_hal_dma.c ****     hdma->DMAmuxChannelStatusMask = 1UL << (stream_number & 0x1FU);
 861              		.loc 1 1997 31 is_stmt 0 view .LVU261
ARM GAS  /tmp/ccMjPS5V.s 			page 53


 862 0072 0D4A     		ldr	r2, .L50+32
 863 0074 4266     		str	r2, [r0, #100]
1998:Drivers/STM32H7xx_HAL_Driver/Src/stm32h7xx_hal_dma.c ****   }
 864              		.loc 1 1998 5 is_stmt 1 view .LVU262
1998:Drivers/STM32H7xx_HAL_Driver/Src/stm32h7xx_hal_dma.c ****   }
 865              		.loc 1 1998 59 is_stmt 0 view .LVU263
 866 0076 C3F30413 		ubfx	r3, r3, #4, #5
 867              	.LVL57:
1998:Drivers/STM32H7xx_HAL_Driver/Src/stm32h7xx_hal_dma.c ****   }
 868              		.loc 1 1998 41 view .LVU264
 869 007a 0122     		movs	r2, #1
 870 007c 02FA03F3 		lsl	r3, r2, r3
1998:Drivers/STM32H7xx_HAL_Driver/Src/stm32h7xx_hal_dma.c ****   }
 871              		.loc 1 1998 35 view .LVU265
 872 0080 8366     		str	r3, [r0, #104]
 873 0082 7047     		bx	lr
 874              	.LVL58:
 875              	.L47:
2008:Drivers/STM32H7xx_HAL_Driver/Src/stm32h7xx_hal_dma.c ****     }
 876              		.loc 1 2008 7 is_stmt 1 view .LVU266
2008:Drivers/STM32H7xx_HAL_Driver/Src/stm32h7xx_hal_dma.c ****     }
 877              		.loc 1 2008 21 is_stmt 0 view .LVU267
 878 0084 0832     		adds	r2, r2, #8
 879              	.LVL59:
2008:Drivers/STM32H7xx_HAL_Driver/Src/stm32h7xx_hal_dma.c ****     }
 880              		.loc 1 2008 21 view .LVU268
 881 0086 DEE7     		b	.L48
 882              	.L51:
 883              		.align	2
 884              	.L50:
 885 0088 08540258 		.word	1476547592
 886 008c 1C540258 		.word	1476547612
 887 0090 ABAAAAAA 		.word	-1431655765
 888 0094 F0FBFDBF 		.word	-1073873936
 889 0098 00820010 		.word	268468736
 890 009c 80080240 		.word	1073875072
 891 00a0 CDCCCCCC 		.word	-858993459
 892 00a4 00960016 		.word	369137152
 893 00a8 80580258 		.word	1476548736
 894              		.cfi_endproc
 895              	.LFE161:
 897              		.section	.text.DMA_CalcDMAMUXRequestGenBaseAndMask,"ax",%progbits
 898              		.align	1
 899              		.syntax unified
 900              		.thumb
 901              		.thumb_func
 903              	DMA_CalcDMAMUXRequestGenBaseAndMask:
 904              	.LVL60:
 905              	.LFB162:
2015:Drivers/STM32H7xx_HAL_Driver/Src/stm32h7xx_hal_dma.c **** 
2016:Drivers/STM32H7xx_HAL_Driver/Src/stm32h7xx_hal_dma.c **** /**
2017:Drivers/STM32H7xx_HAL_Driver/Src/stm32h7xx_hal_dma.c ****   * @brief  Updates the DMA handle with the DMAMUX  request generator params
2018:Drivers/STM32H7xx_HAL_Driver/Src/stm32h7xx_hal_dma.c ****   * @param  hdma:       pointer to a DMA_HandleTypeDef structure that contains
2019:Drivers/STM32H7xx_HAL_Driver/Src/stm32h7xx_hal_dma.c ****   *                     the configuration information for the specified DMA Stream.
2020:Drivers/STM32H7xx_HAL_Driver/Src/stm32h7xx_hal_dma.c ****   * @retval HAL status
2021:Drivers/STM32H7xx_HAL_Driver/Src/stm32h7xx_hal_dma.c ****   */
2022:Drivers/STM32H7xx_HAL_Driver/Src/stm32h7xx_hal_dma.c **** static void DMA_CalcDMAMUXRequestGenBaseAndMask(DMA_HandleTypeDef *hdma)
ARM GAS  /tmp/ccMjPS5V.s 			page 54


2023:Drivers/STM32H7xx_HAL_Driver/Src/stm32h7xx_hal_dma.c **** {
 906              		.loc 1 2023 1 is_stmt 1 view -0
 907              		.cfi_startproc
 908              		@ args = 0, pretend = 0, frame = 0
 909              		@ frame_needed = 0, uses_anonymous_args = 0
 910              		@ link register save eliminated.
2024:Drivers/STM32H7xx_HAL_Driver/Src/stm32h7xx_hal_dma.c ****   uint32_t request =  hdma->Init.Request & DMAMUX_CxCR_DMAREQ_ID;
 911              		.loc 1 2024 3 view .LVU270
 912              		.loc 1 2024 12 is_stmt 0 view .LVU271
 913 0000 0179     		ldrb	r1, [r0, #4]	@ zero_extendqisi2
 914              	.LVL61:
2025:Drivers/STM32H7xx_HAL_Driver/Src/stm32h7xx_hal_dma.c **** 
2026:Drivers/STM32H7xx_HAL_Driver/Src/stm32h7xx_hal_dma.c ****   if((request >= DMA_REQUEST_GENERATOR0) && (request <= DMA_REQUEST_GENERATOR7))
 915              		.loc 1 2026 3 is_stmt 1 view .LVU272
 916              		.loc 1 2026 42 is_stmt 0 view .LVU273
 917 0002 4A1E     		subs	r2, r1, #1
 918              		.loc 1 2026 5 view .LVU274
 919 0004 072A     		cmp	r2, #7
 920 0006 2BD8     		bhi	.L57
2023:Drivers/STM32H7xx_HAL_Driver/Src/stm32h7xx_hal_dma.c ****   uint32_t request =  hdma->Init.Request & DMAMUX_CxCR_DMAREQ_ID;
 921              		.loc 1 2023 1 view .LVU275
 922 0008 30B4     		push	{r4, r5}
 923              	.LCFI6:
 924              		.cfi_def_cfa_offset 8
 925              		.cfi_offset 4, -8
 926              		.cfi_offset 5, -4
2027:Drivers/STM32H7xx_HAL_Driver/Src/stm32h7xx_hal_dma.c ****   {
2028:Drivers/STM32H7xx_HAL_Driver/Src/stm32h7xx_hal_dma.c ****     if(IS_BDMA_CHANNEL_DMAMUX_INSTANCE(hdma->Instance) != 0U)
 927              		.loc 1 2028 5 is_stmt 1 view .LVU276
 928              		.loc 1 2028 8 is_stmt 0 view .LVU277
 929 000a 0368     		ldr	r3, [r0]
 930 000c 154D     		ldr	r5, .L60
 931 000e 164C     		ldr	r4, .L60+4
 932 0010 A342     		cmp	r3, r4
 933 0012 18BF     		it	ne
 934 0014 AB42     		cmpne	r3, r5
 935 0016 18D0     		beq	.L54
 936              		.loc 1 2028 8 discriminator 2 view .LVU278
 937 0018 1434     		adds	r4, r4, #20
 938 001a A342     		cmp	r3, r4
 939 001c 15D0     		beq	.L54
 940              		.loc 1 2028 8 discriminator 4 view .LVU279
 941 001e 1434     		adds	r4, r4, #20
 942 0020 A342     		cmp	r3, r4
 943 0022 12D0     		beq	.L54
 944              		.loc 1 2028 8 discriminator 6 view .LVU280
 945 0024 1434     		adds	r4, r4, #20
 946 0026 A342     		cmp	r3, r4
 947 0028 0FD0     		beq	.L54
 948              		.loc 1 2028 8 discriminator 8 view .LVU281
 949 002a 1434     		adds	r4, r4, #20
 950 002c A342     		cmp	r3, r4
 951 002e 0CD0     		beq	.L54
 952              		.loc 1 2028 8 discriminator 10 view .LVU282
 953 0030 1434     		adds	r4, r4, #20
 954 0032 A342     		cmp	r3, r4
 955 0034 09D0     		beq	.L54
ARM GAS  /tmp/ccMjPS5V.s 			page 55


 956              		.loc 1 2028 8 discriminator 12 view .LVU283
 957 0036 1434     		adds	r4, r4, #20
 958 0038 A342     		cmp	r3, r4
 959 003a 06D0     		beq	.L54
2029:Drivers/STM32H7xx_HAL_Driver/Src/stm32h7xx_hal_dma.c ****     {
2030:Drivers/STM32H7xx_HAL_Driver/Src/stm32h7xx_hal_dma.c ****       /* BDMA Channels are connected to DMAMUX2 request generator blocks */
2031:Drivers/STM32H7xx_HAL_Driver/Src/stm32h7xx_hal_dma.c ****       hdma->DMAmuxRequestGen = (DMAMUX_RequestGen_TypeDef *)((uint32_t)(((uint32_t)DMAMUX2_RequestG
2032:Drivers/STM32H7xx_HAL_Driver/Src/stm32h7xx_hal_dma.c **** 
2033:Drivers/STM32H7xx_HAL_Driver/Src/stm32h7xx_hal_dma.c ****       hdma->DMAmuxRequestGenStatus = DMAMUX2_RequestGenStatus;
2034:Drivers/STM32H7xx_HAL_Driver/Src/stm32h7xx_hal_dma.c ****     }
2035:Drivers/STM32H7xx_HAL_Driver/Src/stm32h7xx_hal_dma.c ****     else
2036:Drivers/STM32H7xx_HAL_Driver/Src/stm32h7xx_hal_dma.c ****     {
2037:Drivers/STM32H7xx_HAL_Driver/Src/stm32h7xx_hal_dma.c ****       /* DMA1 and DMA2 Streams use DMAMUX1 request generator blocks */
2038:Drivers/STM32H7xx_HAL_Driver/Src/stm32h7xx_hal_dma.c ****       hdma->DMAmuxRequestGen = (DMAMUX_RequestGen_TypeDef *)((uint32_t)(((uint32_t)DMAMUX1_RequestG
 960              		.loc 1 2038 7 is_stmt 1 view .LVU284
 961              		.loc 1 2038 62 is_stmt 0 view .LVU285
 962 003c 0B4B     		ldr	r3, .L60+8
 963 003e 0B44     		add	r3, r3, r1
 964 0040 9B00     		lsls	r3, r3, #2
 965              		.loc 1 2038 30 view .LVU286
 966 0042 C366     		str	r3, [r0, #108]
2039:Drivers/STM32H7xx_HAL_Driver/Src/stm32h7xx_hal_dma.c **** 
2040:Drivers/STM32H7xx_HAL_Driver/Src/stm32h7xx_hal_dma.c ****       hdma->DMAmuxRequestGenStatus = DMAMUX1_RequestGenStatus;
 967              		.loc 1 2040 7 is_stmt 1 view .LVU287
 968              		.loc 1 2040 36 is_stmt 0 view .LVU288
 969 0044 0A4B     		ldr	r3, .L60+12
 970 0046 0367     		str	r3, [r0, #112]
 971 0048 05E0     		b	.L55
 972              	.L54:
2031:Drivers/STM32H7xx_HAL_Driver/Src/stm32h7xx_hal_dma.c **** 
 973              		.loc 1 2031 7 is_stmt 1 view .LVU289
2031:Drivers/STM32H7xx_HAL_Driver/Src/stm32h7xx_hal_dma.c **** 
 974              		.loc 1 2031 62 is_stmt 0 view .LVU290
 975 004a 0A4B     		ldr	r3, .L60+16
 976 004c 0B44     		add	r3, r3, r1
 977 004e 9B00     		lsls	r3, r3, #2
2031:Drivers/STM32H7xx_HAL_Driver/Src/stm32h7xx_hal_dma.c **** 
 978              		.loc 1 2031 30 view .LVU291
 979 0050 C366     		str	r3, [r0, #108]
2033:Drivers/STM32H7xx_HAL_Driver/Src/stm32h7xx_hal_dma.c ****     }
 980              		.loc 1 2033 7 is_stmt 1 view .LVU292
2033:Drivers/STM32H7xx_HAL_Driver/Src/stm32h7xx_hal_dma.c ****     }
 981              		.loc 1 2033 36 is_stmt 0 view .LVU293
 982 0052 094B     		ldr	r3, .L60+20
 983 0054 0367     		str	r3, [r0, #112]
 984              	.L55:
2041:Drivers/STM32H7xx_HAL_Driver/Src/stm32h7xx_hal_dma.c ****     }
2042:Drivers/STM32H7xx_HAL_Driver/Src/stm32h7xx_hal_dma.c **** 
2043:Drivers/STM32H7xx_HAL_Driver/Src/stm32h7xx_hal_dma.c ****     hdma->DMAmuxRequestGenStatusMask = 1UL << (request - 1U);
 985              		.loc 1 2043 5 is_stmt 1 view .LVU294
 986              		.loc 1 2043 44 is_stmt 0 view .LVU295
 987 0056 0123     		movs	r3, #1
 988 0058 9340     		lsls	r3, r3, r2
 989              		.loc 1 2043 38 view .LVU296
 990 005a 4367     		str	r3, [r0, #116]
2044:Drivers/STM32H7xx_HAL_Driver/Src/stm32h7xx_hal_dma.c ****   }
2045:Drivers/STM32H7xx_HAL_Driver/Src/stm32h7xx_hal_dma.c **** }
ARM GAS  /tmp/ccMjPS5V.s 			page 56


 991              		.loc 1 2045 1 view .LVU297
 992 005c 30BC     		pop	{r4, r5}
 993              	.LCFI7:
 994              		.cfi_restore 5
 995              		.cfi_restore 4
 996              		.cfi_def_cfa_offset 0
 997 005e 7047     		bx	lr
 998              	.L57:
 999              		.loc 1 2045 1 view .LVU298
 1000 0060 7047     		bx	lr
 1001              	.L61:
 1002 0062 00BF     		.align	2
 1003              	.L60:
 1004 0064 08540258 		.word	1476547592
 1005 0068 1C540258 		.word	1476547612
 1006 006c 3F820010 		.word	268468799
 1007 0070 40090240 		.word	1073875264
 1008 0074 3F960016 		.word	369137215
 1009 0078 40590258 		.word	1476548928
 1010              		.cfi_endproc
 1011              	.LFE162:
 1013              		.section	.text.HAL_DMA_Init,"ax",%progbits
 1014              		.align	1
 1015              		.global	HAL_DMA_Init
 1016              		.syntax unified
 1017              		.thumb
 1018              		.thumb_func
 1020              	HAL_DMA_Init:
 1021              	.LVL62:
 1022              	.LFB146:
 217:Drivers/STM32H7xx_HAL_Driver/Src/stm32h7xx_hal_dma.c ****   uint32_t registerValue;
 1023              		.loc 1 217 1 is_stmt 1 view -0
 1024              		.cfi_startproc
 1025              		@ args = 0, pretend = 0, frame = 0
 1026              		@ frame_needed = 0, uses_anonymous_args = 0
 217:Drivers/STM32H7xx_HAL_Driver/Src/stm32h7xx_hal_dma.c ****   uint32_t registerValue;
 1027              		.loc 1 217 1 is_stmt 0 view .LVU300
 1028 0000 70B5     		push	{r4, r5, r6, lr}
 1029              	.LCFI8:
 1030              		.cfi_def_cfa_offset 16
 1031              		.cfi_offset 4, -16
 1032              		.cfi_offset 5, -12
 1033              		.cfi_offset 6, -8
 1034              		.cfi_offset 14, -4
 1035 0002 0446     		mov	r4, r0
 218:Drivers/STM32H7xx_HAL_Driver/Src/stm32h7xx_hal_dma.c ****   uint32_t tickstart = HAL_GetTick();
 1036              		.loc 1 218 3 is_stmt 1 view .LVU301
 219:Drivers/STM32H7xx_HAL_Driver/Src/stm32h7xx_hal_dma.c ****   DMA_Base_Registers *regs_dma;
 1037              		.loc 1 219 3 view .LVU302
 219:Drivers/STM32H7xx_HAL_Driver/Src/stm32h7xx_hal_dma.c ****   DMA_Base_Registers *regs_dma;
 1038              		.loc 1 219 24 is_stmt 0 view .LVU303
 1039 0004 FFF7FEFF 		bl	HAL_GetTick
 1040              	.LVL63:
 220:Drivers/STM32H7xx_HAL_Driver/Src/stm32h7xx_hal_dma.c ****   BDMA_Base_Registers *regs_bdma;
 1041              		.loc 1 220 3 is_stmt 1 view .LVU304
 221:Drivers/STM32H7xx_HAL_Driver/Src/stm32h7xx_hal_dma.c **** 
 1042              		.loc 1 221 3 view .LVU305
ARM GAS  /tmp/ccMjPS5V.s 			page 57


 224:Drivers/STM32H7xx_HAL_Driver/Src/stm32h7xx_hal_dma.c ****   {
 1043              		.loc 1 224 3 view .LVU306
 224:Drivers/STM32H7xx_HAL_Driver/Src/stm32h7xx_hal_dma.c ****   {
 1044              		.loc 1 224 5 is_stmt 0 view .LVU307
 1045 0008 002C     		cmp	r4, #0
 1046 000a 00F0B981 		beq	.L84
 1047 000e 0546     		mov	r5, r0
 230:Drivers/STM32H7xx_HAL_Driver/Src/stm32h7xx_hal_dma.c ****   assert_param(IS_DMA_DIRECTION(hdma->Init.Direction));
 1048              		.loc 1 230 3 is_stmt 1 view .LVU308
 231:Drivers/STM32H7xx_HAL_Driver/Src/stm32h7xx_hal_dma.c ****   assert_param(IS_DMA_PERIPHERAL_INC_STATE(hdma->Init.PeriphInc));
 1049              		.loc 1 231 3 view .LVU309
 232:Drivers/STM32H7xx_HAL_Driver/Src/stm32h7xx_hal_dma.c ****   assert_param(IS_DMA_MEMORY_INC_STATE(hdma->Init.MemInc));
 1050              		.loc 1 232 3 view .LVU310
 233:Drivers/STM32H7xx_HAL_Driver/Src/stm32h7xx_hal_dma.c ****   assert_param(IS_DMA_PERIPHERAL_DATA_SIZE(hdma->Init.PeriphDataAlignment));
 1051              		.loc 1 233 3 view .LVU311
 234:Drivers/STM32H7xx_HAL_Driver/Src/stm32h7xx_hal_dma.c ****   assert_param(IS_DMA_MEMORY_DATA_SIZE(hdma->Init.MemDataAlignment));
 1052              		.loc 1 234 3 view .LVU312
 235:Drivers/STM32H7xx_HAL_Driver/Src/stm32h7xx_hal_dma.c ****   assert_param(IS_DMA_MODE(hdma->Init.Mode));
 1053              		.loc 1 235 3 view .LVU313
 236:Drivers/STM32H7xx_HAL_Driver/Src/stm32h7xx_hal_dma.c ****   assert_param(IS_DMA_PRIORITY(hdma->Init.Priority));
 1054              		.loc 1 236 3 view .LVU314
 237:Drivers/STM32H7xx_HAL_Driver/Src/stm32h7xx_hal_dma.c **** 
 1055              		.loc 1 237 3 view .LVU315
 239:Drivers/STM32H7xx_HAL_Driver/Src/stm32h7xx_hal_dma.c ****   {
 1056              		.loc 1 239 3 view .LVU316
 239:Drivers/STM32H7xx_HAL_Driver/Src/stm32h7xx_hal_dma.c ****   {
 1057              		.loc 1 239 6 is_stmt 0 view .LVU317
 1058 0010 2368     		ldr	r3, [r4]
 1059 0012 5349     		ldr	r1, .L96
 1060 0014 534A     		ldr	r2, .L96+4
 1061 0016 9342     		cmp	r3, r2
 1062 0018 18BF     		it	ne
 1063 001a 8B42     		cmpne	r3, r1
 1064 001c 0CBF     		ite	eq
 1065 001e 0121     		moveq	r1, #1
 1066 0020 0021     		movne	r1, #0
 1067 0022 50D0     		beq	.L64
 239:Drivers/STM32H7xx_HAL_Driver/Src/stm32h7xx_hal_dma.c ****   {
 1068              		.loc 1 239 6 discriminator 2 view .LVU318
 1069 0024 1832     		adds	r2, r2, #24
 1070 0026 9342     		cmp	r3, r2
 1071 0028 4DD0     		beq	.L64
 239:Drivers/STM32H7xx_HAL_Driver/Src/stm32h7xx_hal_dma.c ****   {
 1072              		.loc 1 239 6 discriminator 4 view .LVU319
 1073 002a 1832     		adds	r2, r2, #24
 1074 002c 9342     		cmp	r3, r2
 1075 002e 4AD0     		beq	.L64
 239:Drivers/STM32H7xx_HAL_Driver/Src/stm32h7xx_hal_dma.c ****   {
 1076              		.loc 1 239 6 discriminator 6 view .LVU320
 1077 0030 1832     		adds	r2, r2, #24
 1078 0032 9342     		cmp	r3, r2
 1079 0034 47D0     		beq	.L64
 239:Drivers/STM32H7xx_HAL_Driver/Src/stm32h7xx_hal_dma.c ****   {
 1080              		.loc 1 239 6 discriminator 8 view .LVU321
 1081 0036 1832     		adds	r2, r2, #24
 1082 0038 9342     		cmp	r3, r2
 1083 003a 44D0     		beq	.L64
ARM GAS  /tmp/ccMjPS5V.s 			page 58


 239:Drivers/STM32H7xx_HAL_Driver/Src/stm32h7xx_hal_dma.c ****   {
 1084              		.loc 1 239 6 discriminator 10 view .LVU322
 1085 003c 1832     		adds	r2, r2, #24
 1086 003e 9342     		cmp	r3, r2
 1087 0040 41D0     		beq	.L64
 239:Drivers/STM32H7xx_HAL_Driver/Src/stm32h7xx_hal_dma.c ****   {
 1088              		.loc 1 239 6 discriminator 12 view .LVU323
 1089 0042 1832     		adds	r2, r2, #24
 1090 0044 9342     		cmp	r3, r2
 1091 0046 3ED0     		beq	.L64
 239:Drivers/STM32H7xx_HAL_Driver/Src/stm32h7xx_hal_dma.c ****   {
 1092              		.loc 1 239 6 discriminator 14 view .LVU324
 1093 0048 02F55672 		add	r2, r2, #856
 1094 004c 9342     		cmp	r3, r2
 1095 004e 3AD0     		beq	.L64
 239:Drivers/STM32H7xx_HAL_Driver/Src/stm32h7xx_hal_dma.c ****   {
 1096              		.loc 1 239 6 discriminator 16 view .LVU325
 1097 0050 1832     		adds	r2, r2, #24
 1098 0052 9342     		cmp	r3, r2
 1099 0054 37D0     		beq	.L64
 239:Drivers/STM32H7xx_HAL_Driver/Src/stm32h7xx_hal_dma.c ****   {
 1100              		.loc 1 239 6 discriminator 18 view .LVU326
 1101 0056 1832     		adds	r2, r2, #24
 1102 0058 9342     		cmp	r3, r2
 1103 005a 34D0     		beq	.L64
 239:Drivers/STM32H7xx_HAL_Driver/Src/stm32h7xx_hal_dma.c ****   {
 1104              		.loc 1 239 6 discriminator 20 view .LVU327
 1105 005c 1832     		adds	r2, r2, #24
 1106 005e 9342     		cmp	r3, r2
 1107 0060 31D0     		beq	.L64
 239:Drivers/STM32H7xx_HAL_Driver/Src/stm32h7xx_hal_dma.c ****   {
 1108              		.loc 1 239 6 discriminator 22 view .LVU328
 1109 0062 1832     		adds	r2, r2, #24
 1110 0064 9342     		cmp	r3, r2
 1111 0066 2ED0     		beq	.L64
 239:Drivers/STM32H7xx_HAL_Driver/Src/stm32h7xx_hal_dma.c ****   {
 1112              		.loc 1 239 6 discriminator 24 view .LVU329
 1113 0068 1832     		adds	r2, r2, #24
 1114 006a 9342     		cmp	r3, r2
 1115 006c 2BD0     		beq	.L64
 239:Drivers/STM32H7xx_HAL_Driver/Src/stm32h7xx_hal_dma.c ****   {
 1116              		.loc 1 239 6 discriminator 26 view .LVU330
 1117 006e 1832     		adds	r2, r2, #24
 1118 0070 9342     		cmp	r3, r2
 1119 0072 28D0     		beq	.L64
 239:Drivers/STM32H7xx_HAL_Driver/Src/stm32h7xx_hal_dma.c ****   {
 1120              		.loc 1 239 6 discriminator 28 view .LVU331
 1121 0074 1832     		adds	r2, r2, #24
 1122 0076 9342     		cmp	r3, r2
 1123 0078 25D0     		beq	.L64
 355:Drivers/STM32H7xx_HAL_Driver/Src/stm32h7xx_hal_dma.c ****   {
 1124              		.loc 1 355 8 is_stmt 1 view .LVU332
 355:Drivers/STM32H7xx_HAL_Driver/Src/stm32h7xx_hal_dma.c ****   {
 1125              		.loc 1 355 11 is_stmt 0 view .LVU333
 1126 007a 3B49     		ldr	r1, .L96+8
 1127 007c 3B4A     		ldr	r2, .L96+12
 1128 007e 9342     		cmp	r3, r2
ARM GAS  /tmp/ccMjPS5V.s 			page 59


 1129 0080 18BF     		it	ne
 1130 0082 8B42     		cmpne	r3, r1
 1131 0084 00F03481 		beq	.L65
 355:Drivers/STM32H7xx_HAL_Driver/Src/stm32h7xx_hal_dma.c ****   {
 1132              		.loc 1 355 11 discriminator 2 view .LVU334
 1133 0088 394A     		ldr	r2, .L96+16
 1134 008a 9342     		cmp	r3, r2
 1135 008c 00F03081 		beq	.L65
 355:Drivers/STM32H7xx_HAL_Driver/Src/stm32h7xx_hal_dma.c ****   {
 1136              		.loc 1 355 11 discriminator 4 view .LVU335
 1137 0090 1432     		adds	r2, r2, #20
 1138 0092 9342     		cmp	r3, r2
 1139 0094 00F02C81 		beq	.L65
 355:Drivers/STM32H7xx_HAL_Driver/Src/stm32h7xx_hal_dma.c ****   {
 1140              		.loc 1 355 11 discriminator 6 view .LVU336
 1141 0098 1432     		adds	r2, r2, #20
 1142 009a 9342     		cmp	r3, r2
 1143 009c 00F02881 		beq	.L65
 355:Drivers/STM32H7xx_HAL_Driver/Src/stm32h7xx_hal_dma.c ****   {
 1144              		.loc 1 355 11 discriminator 8 view .LVU337
 1145 00a0 1432     		adds	r2, r2, #20
 1146 00a2 9342     		cmp	r3, r2
 1147 00a4 00F02481 		beq	.L65
 355:Drivers/STM32H7xx_HAL_Driver/Src/stm32h7xx_hal_dma.c ****   {
 1148              		.loc 1 355 11 discriminator 10 view .LVU338
 1149 00a8 1432     		adds	r2, r2, #20
 1150 00aa 9342     		cmp	r3, r2
 1151 00ac 00F02081 		beq	.L65
 355:Drivers/STM32H7xx_HAL_Driver/Src/stm32h7xx_hal_dma.c ****   {
 1152              		.loc 1 355 11 discriminator 12 view .LVU339
 1153 00b0 1432     		adds	r2, r2, #20
 1154 00b2 9342     		cmp	r3, r2
 1155 00b4 00F01C81 		beq	.L65
 402:Drivers/STM32H7xx_HAL_Driver/Src/stm32h7xx_hal_dma.c ****     hdma->State     = HAL_DMA_STATE_ERROR;
 1156              		.loc 1 402 5 is_stmt 1 view .LVU340
 402:Drivers/STM32H7xx_HAL_Driver/Src/stm32h7xx_hal_dma.c ****     hdma->State     = HAL_DMA_STATE_ERROR;
 1157              		.loc 1 402 21 is_stmt 0 view .LVU341
 1158 00b8 4023     		movs	r3, #64
 1159 00ba 6365     		str	r3, [r4, #84]
 403:Drivers/STM32H7xx_HAL_Driver/Src/stm32h7xx_hal_dma.c **** 
 1160              		.loc 1 403 5 is_stmt 1 view .LVU342
 403:Drivers/STM32H7xx_HAL_Driver/Src/stm32h7xx_hal_dma.c **** 
 1161              		.loc 1 403 21 is_stmt 0 view .LVU343
 1162 00bc 0323     		movs	r3, #3
 1163 00be 84F83530 		strb	r3, [r4, #53]
 405:Drivers/STM32H7xx_HAL_Driver/Src/stm32h7xx_hal_dma.c ****   }
 1164              		.loc 1 405 5 is_stmt 1 view .LVU344
 405:Drivers/STM32H7xx_HAL_Driver/Src/stm32h7xx_hal_dma.c ****   }
 1165              		.loc 1 405 12 is_stmt 0 view .LVU345
 1166 00c2 0120     		movs	r0, #1
 1167              	.LVL64:
 405:Drivers/STM32H7xx_HAL_Driver/Src/stm32h7xx_hal_dma.c ****   }
 1168              		.loc 1 405 12 view .LVU346
 1169 00c4 4AE0     		b	.L63
 1170              	.LVL65:
 1171              	.L64:
 241:Drivers/STM32H7xx_HAL_Driver/Src/stm32h7xx_hal_dma.c ****     assert_param(IS_DMA_FIFO_MODE_STATE(hdma->Init.FIFOMode));
ARM GAS  /tmp/ccMjPS5V.s 			page 60


 1172              		.loc 1 241 5 is_stmt 1 view .LVU347
 242:Drivers/STM32H7xx_HAL_Driver/Src/stm32h7xx_hal_dma.c ****     /* Check the memory burst, peripheral burst and FIFO threshold parameters only
 1173              		.loc 1 242 5 view .LVU348
 245:Drivers/STM32H7xx_HAL_Driver/Src/stm32h7xx_hal_dma.c ****     {
 1174              		.loc 1 245 5 view .LVU349
 247:Drivers/STM32H7xx_HAL_Driver/Src/stm32h7xx_hal_dma.c ****       assert_param(IS_DMA_MEMORY_BURST(hdma->Init.MemBurst));
 1175              		.loc 1 247 7 view .LVU350
 248:Drivers/STM32H7xx_HAL_Driver/Src/stm32h7xx_hal_dma.c ****       assert_param(IS_DMA_PERIPHERAL_BURST(hdma->Init.PeriphBurst));
 1176              		.loc 1 248 7 view .LVU351
 249:Drivers/STM32H7xx_HAL_Driver/Src/stm32h7xx_hal_dma.c ****     }
 1177              		.loc 1 249 7 view .LVU352
 253:Drivers/STM32H7xx_HAL_Driver/Src/stm32h7xx_hal_dma.c **** 
 1178              		.loc 1 253 5 view .LVU353
 253:Drivers/STM32H7xx_HAL_Driver/Src/stm32h7xx_hal_dma.c **** 
 1179              		.loc 1 253 17 is_stmt 0 view .LVU354
 1180 00c6 0222     		movs	r2, #2
 1181 00c8 84F83520 		strb	r2, [r4, #53]
 256:Drivers/STM32H7xx_HAL_Driver/Src/stm32h7xx_hal_dma.c **** 
 1182              		.loc 1 256 5 is_stmt 1 view .LVU355
 256:Drivers/STM32H7xx_HAL_Driver/Src/stm32h7xx_hal_dma.c **** 
 1183              		.loc 1 256 5 view .LVU356
 1184 00cc 0022     		movs	r2, #0
 1185 00ce 84F83420 		strb	r2, [r4, #52]
 256:Drivers/STM32H7xx_HAL_Driver/Src/stm32h7xx_hal_dma.c **** 
 1186              		.loc 1 256 5 view .LVU357
 259:Drivers/STM32H7xx_HAL_Driver/Src/stm32h7xx_hal_dma.c **** 
 1187              		.loc 1 259 5 view .LVU358
 1188 00d2 79BB     		cbnz	r1, .L67
 259:Drivers/STM32H7xx_HAL_Driver/Src/stm32h7xx_hal_dma.c **** 
 1189              		.loc 1 259 5 is_stmt 0 discriminator 2 view .LVU359
 1190 00d4 274A     		ldr	r2, .L96+20
 1191 00d6 9342     		cmp	r3, r2
 1192 00d8 2CD0     		beq	.L67
 259:Drivers/STM32H7xx_HAL_Driver/Src/stm32h7xx_hal_dma.c **** 
 1193              		.loc 1 259 5 discriminator 4 view .LVU360
 1194 00da 1832     		adds	r2, r2, #24
 1195 00dc 9342     		cmp	r3, r2
 1196 00de 29D0     		beq	.L67
 259:Drivers/STM32H7xx_HAL_Driver/Src/stm32h7xx_hal_dma.c **** 
 1197              		.loc 1 259 5 discriminator 6 view .LVU361
 1198 00e0 1832     		adds	r2, r2, #24
 1199 00e2 9342     		cmp	r3, r2
 1200 00e4 26D0     		beq	.L67
 259:Drivers/STM32H7xx_HAL_Driver/Src/stm32h7xx_hal_dma.c **** 
 1201              		.loc 1 259 5 discriminator 8 view .LVU362
 1202 00e6 1832     		adds	r2, r2, #24
 1203 00e8 9342     		cmp	r3, r2
 1204 00ea 23D0     		beq	.L67
 259:Drivers/STM32H7xx_HAL_Driver/Src/stm32h7xx_hal_dma.c **** 
 1205              		.loc 1 259 5 discriminator 10 view .LVU363
 1206 00ec 1832     		adds	r2, r2, #24
 1207 00ee 9342     		cmp	r3, r2
 1208 00f0 20D0     		beq	.L67
 259:Drivers/STM32H7xx_HAL_Driver/Src/stm32h7xx_hal_dma.c **** 
 1209              		.loc 1 259 5 discriminator 12 view .LVU364
 1210 00f2 1832     		adds	r2, r2, #24
 1211 00f4 9342     		cmp	r3, r2
ARM GAS  /tmp/ccMjPS5V.s 			page 61


 1212 00f6 1DD0     		beq	.L67
 259:Drivers/STM32H7xx_HAL_Driver/Src/stm32h7xx_hal_dma.c **** 
 1213              		.loc 1 259 5 discriminator 14 view .LVU365
 1214 00f8 02F55672 		add	r2, r2, #856
 1215 00fc 9342     		cmp	r3, r2
 1216 00fe 19D0     		beq	.L67
 259:Drivers/STM32H7xx_HAL_Driver/Src/stm32h7xx_hal_dma.c **** 
 1217              		.loc 1 259 5 discriminator 16 view .LVU366
 1218 0100 1832     		adds	r2, r2, #24
 1219 0102 9342     		cmp	r3, r2
 1220 0104 16D0     		beq	.L67
 259:Drivers/STM32H7xx_HAL_Driver/Src/stm32h7xx_hal_dma.c **** 
 1221              		.loc 1 259 5 discriminator 18 view .LVU367
 1222 0106 1832     		adds	r2, r2, #24
 1223 0108 9342     		cmp	r3, r2
 1224 010a 13D0     		beq	.L67
 259:Drivers/STM32H7xx_HAL_Driver/Src/stm32h7xx_hal_dma.c **** 
 1225              		.loc 1 259 5 discriminator 20 view .LVU368
 1226 010c 1832     		adds	r2, r2, #24
 1227 010e 9342     		cmp	r3, r2
 1228 0110 10D0     		beq	.L67
 259:Drivers/STM32H7xx_HAL_Driver/Src/stm32h7xx_hal_dma.c **** 
 1229              		.loc 1 259 5 discriminator 22 view .LVU369
 1230 0112 1832     		adds	r2, r2, #24
 1231 0114 9342     		cmp	r3, r2
 1232 0116 0DD0     		beq	.L67
 259:Drivers/STM32H7xx_HAL_Driver/Src/stm32h7xx_hal_dma.c **** 
 1233              		.loc 1 259 5 discriminator 24 view .LVU370
 1234 0118 1832     		adds	r2, r2, #24
 1235 011a 9342     		cmp	r3, r2
 1236 011c 0AD0     		beq	.L67
 259:Drivers/STM32H7xx_HAL_Driver/Src/stm32h7xx_hal_dma.c **** 
 1237              		.loc 1 259 5 discriminator 26 view .LVU371
 1238 011e 1832     		adds	r2, r2, #24
 1239 0120 9342     		cmp	r3, r2
 1240 0122 07D0     		beq	.L67
 259:Drivers/STM32H7xx_HAL_Driver/Src/stm32h7xx_hal_dma.c **** 
 1241              		.loc 1 259 5 discriminator 28 view .LVU372
 1242 0124 1832     		adds	r2, r2, #24
 1243 0126 9342     		cmp	r3, r2
 1244 0128 04D0     		beq	.L67
 259:Drivers/STM32H7xx_HAL_Driver/Src/stm32h7xx_hal_dma.c **** 
 1245              		.loc 1 259 5 discriminator 30 view .LVU373
 1246 012a 1A68     		ldr	r2, [r3]
 1247 012c 22F00102 		bic	r2, r2, #1
 1248 0130 1A60     		str	r2, [r3]
 1249 0132 03E0     		b	.L70
 1250              	.L67:
 259:Drivers/STM32H7xx_HAL_Driver/Src/stm32h7xx_hal_dma.c **** 
 1251              		.loc 1 259 5 discriminator 29 view .LVU374
 1252 0134 1A68     		ldr	r2, [r3]
 1253 0136 22F00102 		bic	r2, r2, #1
 1254 013a 1A60     		str	r2, [r3]
 1255              	.LVL66:
 1256              	.L70:
 262:Drivers/STM32H7xx_HAL_Driver/Src/stm32h7xx_hal_dma.c ****     {
 1257              		.loc 1 262 72 is_stmt 1 view .LVU375
ARM GAS  /tmp/ccMjPS5V.s 			page 62


 262:Drivers/STM32H7xx_HAL_Driver/Src/stm32h7xx_hal_dma.c ****     {
 1258              		.loc 1 262 41 is_stmt 0 view .LVU376
 1259 013c 2368     		ldr	r3, [r4]
 262:Drivers/STM32H7xx_HAL_Driver/Src/stm32h7xx_hal_dma.c ****     {
 1260              		.loc 1 262 52 view .LVU377
 1261 013e 1A68     		ldr	r2, [r3]
 262:Drivers/STM32H7xx_HAL_Driver/Src/stm32h7xx_hal_dma.c ****     {
 1262              		.loc 1 262 72 view .LVU378
 1263 0140 12F0010F 		tst	r2, #1
 1264 0144 18D0     		beq	.L89
 265:Drivers/STM32H7xx_HAL_Driver/Src/stm32h7xx_hal_dma.c ****       {
 1265              		.loc 1 265 7 is_stmt 1 view .LVU379
 265:Drivers/STM32H7xx_HAL_Driver/Src/stm32h7xx_hal_dma.c ****       {
 1266              		.loc 1 265 11 is_stmt 0 view .LVU380
 1267 0146 FFF7FEFF 		bl	HAL_GetTick
 1268              	.LVL67:
 265:Drivers/STM32H7xx_HAL_Driver/Src/stm32h7xx_hal_dma.c ****       {
 1269              		.loc 1 265 25 discriminator 1 view .LVU381
 1270 014a 431B     		subs	r3, r0, r5
 265:Drivers/STM32H7xx_HAL_Driver/Src/stm32h7xx_hal_dma.c ****       {
 1271              		.loc 1 265 9 discriminator 1 view .LVU382
 1272 014c 052B     		cmp	r3, #5
 1273 014e F5D9     		bls	.L70
 268:Drivers/STM32H7xx_HAL_Driver/Src/stm32h7xx_hal_dma.c **** 
 1274              		.loc 1 268 9 is_stmt 1 view .LVU383
 268:Drivers/STM32H7xx_HAL_Driver/Src/stm32h7xx_hal_dma.c **** 
 1275              		.loc 1 268 25 is_stmt 0 view .LVU384
 1276 0150 2023     		movs	r3, #32
 1277 0152 6365     		str	r3, [r4, #84]
 271:Drivers/STM32H7xx_HAL_Driver/Src/stm32h7xx_hal_dma.c **** 
 1278              		.loc 1 271 9 is_stmt 1 view .LVU385
 271:Drivers/STM32H7xx_HAL_Driver/Src/stm32h7xx_hal_dma.c **** 
 1279              		.loc 1 271 21 is_stmt 0 view .LVU386
 1280 0154 0323     		movs	r3, #3
 1281 0156 84F83530 		strb	r3, [r4, #53]
 273:Drivers/STM32H7xx_HAL_Driver/Src/stm32h7xx_hal_dma.c ****       }
 1282              		.loc 1 273 9 is_stmt 1 view .LVU387
 273:Drivers/STM32H7xx_HAL_Driver/Src/stm32h7xx_hal_dma.c ****       }
 1283              		.loc 1 273 16 is_stmt 0 view .LVU388
 1284 015a 0120     		movs	r0, #1
 1285              	.LVL68:
 1286              	.L63:
 457:Drivers/STM32H7xx_HAL_Driver/Src/stm32h7xx_hal_dma.c **** 
 1287              		.loc 1 457 1 view .LVU389
 1288 015c 70BD     		pop	{r4, r5, r6, pc}
 1289              	.LVL69:
 1290              	.L97:
 457:Drivers/STM32H7xx_HAL_Driver/Src/stm32h7xx_hal_dma.c **** 
 1291              		.loc 1 457 1 view .LVU390
 1292 015e 00BF     		.align	2
 1293              	.L96:
 1294 0160 10000240 		.word	1073872912
 1295 0164 28000240 		.word	1073872936
 1296 0168 08540258 		.word	1476547592
 1297 016c 1C540258 		.word	1476547612
 1298 0170 30540258 		.word	1476547632
 1299 0174 40000240 		.word	1073872960
ARM GAS  /tmp/ccMjPS5V.s 			page 63


 1300              	.LVL70:
 1301              	.L89:
 278:Drivers/STM32H7xx_HAL_Driver/Src/stm32h7xx_hal_dma.c **** 
 1302              		.loc 1 278 5 is_stmt 1 view .LVU391
 278:Drivers/STM32H7xx_HAL_Driver/Src/stm32h7xx_hal_dma.c **** 
 1303              		.loc 1 278 19 is_stmt 0 view .LVU392
 1304 0178 1A68     		ldr	r2, [r3]
 1305              	.LVL71:
 281:Drivers/STM32H7xx_HAL_Driver/Src/stm32h7xx_hal_dma.c ****                         DMA_SxCR_PL    | DMA_SxCR_MSIZE  | DMA_SxCR_PSIZE  | \
 1306              		.loc 1 281 5 is_stmt 1 view .LVU393
 281:Drivers/STM32H7xx_HAL_Driver/Src/stm32h7xx_hal_dma.c ****                         DMA_SxCR_PL    | DMA_SxCR_MSIZE  | DMA_SxCR_PSIZE  | \
 1307              		.loc 1 281 19 is_stmt 0 view .LVU394
 1308 017a 8249     		ldr	r1, .L98
 1309 017c 1140     		ands	r1, r1, r2
 1310              	.LVL72:
 287:Drivers/STM32H7xx_HAL_Driver/Src/stm32h7xx_hal_dma.c ****             hdma->Init.PeriphInc           | hdma->Init.MemInc           |
 1311              		.loc 1 287 5 is_stmt 1 view .LVU395
 287:Drivers/STM32H7xx_HAL_Driver/Src/stm32h7xx_hal_dma.c ****             hdma->Init.PeriphInc           | hdma->Init.MemInc           |
 1312              		.loc 1 287 33 is_stmt 0 view .LVU396
 1313 017e A268     		ldr	r2, [r4, #8]
 288:Drivers/STM32H7xx_HAL_Driver/Src/stm32h7xx_hal_dma.c ****             hdma->Init.PeriphDataAlignment | hdma->Init.MemDataAlignment |
 1314              		.loc 1 288 23 view .LVU397
 1315 0180 E068     		ldr	r0, [r4, #12]
 287:Drivers/STM32H7xx_HAL_Driver/Src/stm32h7xx_hal_dma.c ****             hdma->Init.PeriphInc           | hdma->Init.MemInc           |
 1316              		.loc 1 287 54 view .LVU398
 1317 0182 0243     		orrs	r2, r2, r0
 288:Drivers/STM32H7xx_HAL_Driver/Src/stm32h7xx_hal_dma.c ****             hdma->Init.PeriphDataAlignment | hdma->Init.MemDataAlignment |
 1318              		.loc 1 288 56 view .LVU399
 1319 0184 2069     		ldr	r0, [r4, #16]
 288:Drivers/STM32H7xx_HAL_Driver/Src/stm32h7xx_hal_dma.c ****             hdma->Init.PeriphDataAlignment | hdma->Init.MemDataAlignment |
 1320              		.loc 1 288 44 view .LVU400
 1321 0186 0243     		orrs	r2, r2, r0
 289:Drivers/STM32H7xx_HAL_Driver/Src/stm32h7xx_hal_dma.c ****             hdma->Init.Mode                | hdma->Init.Priority;
 1322              		.loc 1 289 23 view .LVU401
 1323 0188 6069     		ldr	r0, [r4, #20]
 288:Drivers/STM32H7xx_HAL_Driver/Src/stm32h7xx_hal_dma.c ****             hdma->Init.PeriphDataAlignment | hdma->Init.MemDataAlignment |
 1324              		.loc 1 288 74 view .LVU402
 1325 018a 0243     		orrs	r2, r2, r0
 289:Drivers/STM32H7xx_HAL_Driver/Src/stm32h7xx_hal_dma.c ****             hdma->Init.Mode                | hdma->Init.Priority;
 1326              		.loc 1 289 56 view .LVU403
 1327 018c A069     		ldr	r0, [r4, #24]
 289:Drivers/STM32H7xx_HAL_Driver/Src/stm32h7xx_hal_dma.c ****             hdma->Init.Mode                | hdma->Init.Priority;
 1328              		.loc 1 289 44 view .LVU404
 1329 018e 0243     		orrs	r2, r2, r0
 290:Drivers/STM32H7xx_HAL_Driver/Src/stm32h7xx_hal_dma.c **** 
 1330              		.loc 1 290 23 view .LVU405
 1331 0190 E069     		ldr	r0, [r4, #28]
 289:Drivers/STM32H7xx_HAL_Driver/Src/stm32h7xx_hal_dma.c ****             hdma->Init.Mode                | hdma->Init.Priority;
 1332              		.loc 1 289 74 view .LVU406
 1333 0192 0243     		orrs	r2, r2, r0
 290:Drivers/STM32H7xx_HAL_Driver/Src/stm32h7xx_hal_dma.c **** 
 1334              		.loc 1 290 56 view .LVU407
 1335 0194 206A     		ldr	r0, [r4, #32]
 290:Drivers/STM32H7xx_HAL_Driver/Src/stm32h7xx_hal_dma.c **** 
 1336              		.loc 1 290 44 view .LVU408
 1337 0196 0243     		orrs	r2, r2, r0
 287:Drivers/STM32H7xx_HAL_Driver/Src/stm32h7xx_hal_dma.c ****             hdma->Init.PeriphInc           | hdma->Init.MemInc           |
ARM GAS  /tmp/ccMjPS5V.s 			page 64


 1338              		.loc 1 287 19 view .LVU409
 1339 0198 0A43     		orrs	r2, r2, r1
 1340              	.LVL73:
 293:Drivers/STM32H7xx_HAL_Driver/Src/stm32h7xx_hal_dma.c ****     {
 1341              		.loc 1 293 5 is_stmt 1 view .LVU410
 293:Drivers/STM32H7xx_HAL_Driver/Src/stm32h7xx_hal_dma.c ****     {
 1342              		.loc 1 293 18 is_stmt 0 view .LVU411
 1343 019a 616A     		ldr	r1, [r4, #36]
 293:Drivers/STM32H7xx_HAL_Driver/Src/stm32h7xx_hal_dma.c ****     {
 1344              		.loc 1 293 7 view .LVU412
 1345 019c 0429     		cmp	r1, #4
 1346 019e 00F09880 		beq	.L90
 1347              	.L72:
 302:Drivers/STM32H7xx_HAL_Driver/Src/stm32h7xx_hal_dma.c **** #else
 1348              		.loc 1 302 5 is_stmt 1 view .LVU413
 302:Drivers/STM32H7xx_HAL_Driver/Src/stm32h7xx_hal_dma.c **** #else
 1349              		.loc 1 302 16 is_stmt 0 view .LVU414
 1350 01a2 7949     		ldr	r1, .L98+4
 1351 01a4 0968     		ldr	r1, [r1]
 302:Drivers/STM32H7xx_HAL_Driver/Src/stm32h7xx_hal_dma.c **** #else
 1352              		.loc 1 302 25 view .LVU415
 1353 01a6 6FF30F01 		bfc	r1, #0, #16
 302:Drivers/STM32H7xx_HAL_Driver/Src/stm32h7xx_hal_dma.c **** #else
 1354              		.loc 1 302 7 view .LVU416
 1355 01aa B1F1005F 		cmp	r1, #536870912
 1356 01ae 10D3     		bcc	.L73
 302:Drivers/STM32H7xx_HAL_Driver/Src/stm32h7xx_hal_dma.c **** #else
 1357              		.loc 1 302 60 discriminator 1 view .LVU417
 1358 01b0 6168     		ldr	r1, [r4, #4]
 1359 01b2 2E29     		cmp	r1, #46
 1360 01b4 40F29280 		bls	.L91
 1361 01b8 5229     		cmp	r1, #82
 1362 01ba 0AD8     		bhi	.L73
 1363 01bc 3F29     		cmp	r1, #63
 1364 01be 08D3     		bcc	.L73
 1365 01c0 3F39     		subs	r1, r1, #63
 1366 01c2 7248     		ldr	r0, .L98+8
 1367 01c4 20FA01F1 		lsr	r1, r0, r1
 1368 01c8 11F0010F 		tst	r1, #1
 1369 01cc 01D0     		beq	.L73
 1370              	.L75:
 307:Drivers/STM32H7xx_HAL_Driver/Src/stm32h7xx_hal_dma.c ****     }
 1371              		.loc 1 307 7 is_stmt 1 view .LVU418
 307:Drivers/STM32H7xx_HAL_Driver/Src/stm32h7xx_hal_dma.c ****     }
 1372              		.loc 1 307 21 is_stmt 0 view .LVU419
 1373 01ce 42F48012 		orr	r2, r2, #1048576
 1374              	.LVL74:
 1375              	.L73:
 311:Drivers/STM32H7xx_HAL_Driver/Src/stm32h7xx_hal_dma.c **** 
 1376              		.loc 1 311 5 is_stmt 1 view .LVU420
 311:Drivers/STM32H7xx_HAL_Driver/Src/stm32h7xx_hal_dma.c **** 
 1377              		.loc 1 311 50 is_stmt 0 view .LVU421
 1378 01d2 1A60     		str	r2, [r3]
 314:Drivers/STM32H7xx_HAL_Driver/Src/stm32h7xx_hal_dma.c **** 
 1379              		.loc 1 314 5 is_stmt 1 view .LVU422
 314:Drivers/STM32H7xx_HAL_Driver/Src/stm32h7xx_hal_dma.c **** 
 1380              		.loc 1 314 50 is_stmt 0 view .LVU423
ARM GAS  /tmp/ccMjPS5V.s 			page 65


 1381 01d4 2668     		ldr	r6, [r4]
 314:Drivers/STM32H7xx_HAL_Driver/Src/stm32h7xx_hal_dma.c **** 
 1382              		.loc 1 314 19 view .LVU424
 1383 01d6 7569     		ldr	r5, [r6, #20]
 1384              	.LVL75:
 317:Drivers/STM32H7xx_HAL_Driver/Src/stm32h7xx_hal_dma.c **** 
 1385              		.loc 1 317 5 is_stmt 1 view .LVU425
 317:Drivers/STM32H7xx_HAL_Driver/Src/stm32h7xx_hal_dma.c **** 
 1386              		.loc 1 317 19 is_stmt 0 view .LVU426
 1387 01d8 25F00705 		bic	r5, r5, #7
 1388              	.LVL76:
 320:Drivers/STM32H7xx_HAL_Driver/Src/stm32h7xx_hal_dma.c **** 
 1389              		.loc 1 320 5 is_stmt 1 view .LVU427
 320:Drivers/STM32H7xx_HAL_Driver/Src/stm32h7xx_hal_dma.c **** 
 1390              		.loc 1 320 32 is_stmt 0 view .LVU428
 1391 01dc 636A     		ldr	r3, [r4, #36]
 320:Drivers/STM32H7xx_HAL_Driver/Src/stm32h7xx_hal_dma.c **** 
 1392              		.loc 1 320 19 view .LVU429
 1393 01de 1D43     		orrs	r5, r5, r3
 1394              	.LVL77:
 323:Drivers/STM32H7xx_HAL_Driver/Src/stm32h7xx_hal_dma.c ****     {
 1395              		.loc 1 323 5 is_stmt 1 view .LVU430
 323:Drivers/STM32H7xx_HAL_Driver/Src/stm32h7xx_hal_dma.c ****     {
 1396              		.loc 1 323 7 is_stmt 0 view .LVU431
 1397 01e0 042B     		cmp	r3, #4
 1398 01e2 08D1     		bne	.L77
 326:Drivers/STM32H7xx_HAL_Driver/Src/stm32h7xx_hal_dma.c **** 
 1399              		.loc 1 326 7 is_stmt 1 view .LVU432
 326:Drivers/STM32H7xx_HAL_Driver/Src/stm32h7xx_hal_dma.c **** 
 1400              		.loc 1 326 34 is_stmt 0 view .LVU433
 1401 01e4 A36A     		ldr	r3, [r4, #40]
 326:Drivers/STM32H7xx_HAL_Driver/Src/stm32h7xx_hal_dma.c **** 
 1402              		.loc 1 326 21 view .LVU434
 1403 01e6 1D43     		orrs	r5, r5, r3
 1404              	.LVL78:
 330:Drivers/STM32H7xx_HAL_Driver/Src/stm32h7xx_hal_dma.c ****       {
 1405              		.loc 1 330 7 is_stmt 1 view .LVU435
 330:Drivers/STM32H7xx_HAL_Driver/Src/stm32h7xx_hal_dma.c ****       {
 1406              		.loc 1 330 20 is_stmt 0 view .LVU436
 1407 01e8 E36A     		ldr	r3, [r4, #44]
 330:Drivers/STM32H7xx_HAL_Driver/Src/stm32h7xx_hal_dma.c ****       {
 1408              		.loc 1 330 9 view .LVU437
 1409 01ea 23B1     		cbz	r3, .L77
 332:Drivers/STM32H7xx_HAL_Driver/Src/stm32h7xx_hal_dma.c ****         {
 1410              		.loc 1 332 9 is_stmt 1 view .LVU438
 332:Drivers/STM32H7xx_HAL_Driver/Src/stm32h7xx_hal_dma.c ****         {
 1411              		.loc 1 332 13 is_stmt 0 view .LVU439
 1412 01ec 2046     		mov	r0, r4
 1413 01ee FFF7FEFF 		bl	DMA_CheckFifoParam
 1414              	.LVL79:
 332:Drivers/STM32H7xx_HAL_Driver/Src/stm32h7xx_hal_dma.c ****         {
 1415              		.loc 1 332 12 discriminator 1 view .LVU440
 1416 01f2 0028     		cmp	r0, #0
 1417 01f4 76D1     		bne	.L92
 1418              	.L77:
 346:Drivers/STM32H7xx_HAL_Driver/Src/stm32h7xx_hal_dma.c **** 
 1419              		.loc 1 346 5 is_stmt 1 view .LVU441
ARM GAS  /tmp/ccMjPS5V.s 			page 66


 346:Drivers/STM32H7xx_HAL_Driver/Src/stm32h7xx_hal_dma.c **** 
 1420              		.loc 1 346 51 is_stmt 0 view .LVU442
 1421 01f6 7561     		str	r5, [r6, #20]
 350:Drivers/STM32H7xx_HAL_Driver/Src/stm32h7xx_hal_dma.c **** 
 1422              		.loc 1 350 5 is_stmt 1 view .LVU443
 350:Drivers/STM32H7xx_HAL_Driver/Src/stm32h7xx_hal_dma.c **** 
 1423              		.loc 1 350 38 is_stmt 0 view .LVU444
 1424 01f8 2046     		mov	r0, r4
 1425 01fa FFF7FEFF 		bl	DMA_CalcBaseAndBitshift
 1426              	.LVL80:
 353:Drivers/STM32H7xx_HAL_Driver/Src/stm32h7xx_hal_dma.c ****   }
 1427              		.loc 1 353 5 is_stmt 1 view .LVU445
 353:Drivers/STM32H7xx_HAL_Driver/Src/stm32h7xx_hal_dma.c ****   }
 1428              		.loc 1 353 37 is_stmt 0 view .LVU446
 1429 01fe E36D     		ldr	r3, [r4, #92]
 353:Drivers/STM32H7xx_HAL_Driver/Src/stm32h7xx_hal_dma.c ****   }
 1430              		.loc 1 353 51 view .LVU447
 1431 0200 03F01F02 		and	r2, r3, #31
 353:Drivers/STM32H7xx_HAL_Driver/Src/stm32h7xx_hal_dma.c ****   }
 1432              		.loc 1 353 29 view .LVU448
 1433 0204 3F23     		movs	r3, #63
 1434 0206 9340     		lsls	r3, r3, r2
 353:Drivers/STM32H7xx_HAL_Driver/Src/stm32h7xx_hal_dma.c ****   }
 1435              		.loc 1 353 20 view .LVU449
 1436 0208 8360     		str	r3, [r0, #8]
 1437              	.LVL81:
 1438              	.L78:
 408:Drivers/STM32H7xx_HAL_Driver/Src/stm32h7xx_hal_dma.c ****   {
 1439              		.loc 1 408 3 is_stmt 1 view .LVU450
 408:Drivers/STM32H7xx_HAL_Driver/Src/stm32h7xx_hal_dma.c ****   {
 1440              		.loc 1 408 6 is_stmt 0 view .LVU451
 1441 020a 2368     		ldr	r3, [r4]
 1442 020c 6049     		ldr	r1, .L98+12
 1443 020e 614A     		ldr	r2, .L98+16
 1444 0210 9342     		cmp	r3, r2
 1445 0212 18BF     		it	ne
 1446 0214 8B42     		cmpne	r3, r1
 1447 0216 42D0     		beq	.L80
 408:Drivers/STM32H7xx_HAL_Driver/Src/stm32h7xx_hal_dma.c ****   {
 1448              		.loc 1 408 6 discriminator 2 view .LVU452
 1449 0218 1832     		adds	r2, r2, #24
 1450 021a 9342     		cmp	r3, r2
 1451 021c 3FD0     		beq	.L80
 408:Drivers/STM32H7xx_HAL_Driver/Src/stm32h7xx_hal_dma.c ****   {
 1452              		.loc 1 408 6 discriminator 4 view .LVU453
 1453 021e 1832     		adds	r2, r2, #24
 1454 0220 9342     		cmp	r3, r2
 1455 0222 3CD0     		beq	.L80
 408:Drivers/STM32H7xx_HAL_Driver/Src/stm32h7xx_hal_dma.c ****   {
 1456              		.loc 1 408 6 discriminator 6 view .LVU454
 1457 0224 1832     		adds	r2, r2, #24
 1458 0226 9342     		cmp	r3, r2
 1459 0228 39D0     		beq	.L80
 408:Drivers/STM32H7xx_HAL_Driver/Src/stm32h7xx_hal_dma.c ****   {
 1460              		.loc 1 408 6 discriminator 8 view .LVU455
 1461 022a 1832     		adds	r2, r2, #24
 1462 022c 9342     		cmp	r3, r2
ARM GAS  /tmp/ccMjPS5V.s 			page 67


 1463 022e 36D0     		beq	.L80
 408:Drivers/STM32H7xx_HAL_Driver/Src/stm32h7xx_hal_dma.c ****   {
 1464              		.loc 1 408 6 discriminator 10 view .LVU456
 1465 0230 1832     		adds	r2, r2, #24
 1466 0232 9342     		cmp	r3, r2
 1467 0234 33D0     		beq	.L80
 408:Drivers/STM32H7xx_HAL_Driver/Src/stm32h7xx_hal_dma.c ****   {
 1468              		.loc 1 408 6 discriminator 12 view .LVU457
 1469 0236 1832     		adds	r2, r2, #24
 1470 0238 9342     		cmp	r3, r2
 1471 023a 30D0     		beq	.L80
 408:Drivers/STM32H7xx_HAL_Driver/Src/stm32h7xx_hal_dma.c ****   {
 1472              		.loc 1 408 6 discriminator 14 view .LVU458
 1473 023c 02F55672 		add	r2, r2, #856
 1474 0240 9342     		cmp	r3, r2
 1475 0242 2CD0     		beq	.L80
 408:Drivers/STM32H7xx_HAL_Driver/Src/stm32h7xx_hal_dma.c ****   {
 1476              		.loc 1 408 6 discriminator 16 view .LVU459
 1477 0244 1832     		adds	r2, r2, #24
 1478 0246 9342     		cmp	r3, r2
 1479 0248 29D0     		beq	.L80
 408:Drivers/STM32H7xx_HAL_Driver/Src/stm32h7xx_hal_dma.c ****   {
 1480              		.loc 1 408 6 discriminator 18 view .LVU460
 1481 024a 1832     		adds	r2, r2, #24
 1482 024c 9342     		cmp	r3, r2
 1483 024e 26D0     		beq	.L80
 408:Drivers/STM32H7xx_HAL_Driver/Src/stm32h7xx_hal_dma.c ****   {
 1484              		.loc 1 408 6 discriminator 20 view .LVU461
 1485 0250 1832     		adds	r2, r2, #24
 1486 0252 9342     		cmp	r3, r2
 1487 0254 23D0     		beq	.L80
 408:Drivers/STM32H7xx_HAL_Driver/Src/stm32h7xx_hal_dma.c ****   {
 1488              		.loc 1 408 6 discriminator 22 view .LVU462
 1489 0256 1832     		adds	r2, r2, #24
 1490 0258 9342     		cmp	r3, r2
 1491 025a 20D0     		beq	.L80
 408:Drivers/STM32H7xx_HAL_Driver/Src/stm32h7xx_hal_dma.c ****   {
 1492              		.loc 1 408 6 discriminator 24 view .LVU463
 1493 025c 1832     		adds	r2, r2, #24
 1494 025e 9342     		cmp	r3, r2
 1495 0260 1DD0     		beq	.L80
 408:Drivers/STM32H7xx_HAL_Driver/Src/stm32h7xx_hal_dma.c ****   {
 1496              		.loc 1 408 6 discriminator 26 view .LVU464
 1497 0262 1832     		adds	r2, r2, #24
 1498 0264 9342     		cmp	r3, r2
 1499 0266 1AD0     		beq	.L80
 408:Drivers/STM32H7xx_HAL_Driver/Src/stm32h7xx_hal_dma.c ****   {
 1500              		.loc 1 408 6 discriminator 28 view .LVU465
 1501 0268 1832     		adds	r2, r2, #24
 1502 026a 9342     		cmp	r3, r2
 1503 026c 17D0     		beq	.L80
 408:Drivers/STM32H7xx_HAL_Driver/Src/stm32h7xx_hal_dma.c ****   {
 1504              		.loc 1 408 6 discriminator 30 view .LVU466
 1505 026e 4A4A     		ldr	r2, .L98+20
 1506 0270 9342     		cmp	r3, r2
 1507 0272 14D0     		beq	.L80
 408:Drivers/STM32H7xx_HAL_Driver/Src/stm32h7xx_hal_dma.c ****   {
ARM GAS  /tmp/ccMjPS5V.s 			page 68


 1508              		.loc 1 408 6 discriminator 32 view .LVU467
 1509 0274 1432     		adds	r2, r2, #20
 1510 0276 9342     		cmp	r3, r2
 1511 0278 11D0     		beq	.L80
 408:Drivers/STM32H7xx_HAL_Driver/Src/stm32h7xx_hal_dma.c ****   {
 1512              		.loc 1 408 6 discriminator 34 view .LVU468
 1513 027a 1432     		adds	r2, r2, #20
 1514 027c 9342     		cmp	r3, r2
 1515 027e 0ED0     		beq	.L80
 408:Drivers/STM32H7xx_HAL_Driver/Src/stm32h7xx_hal_dma.c ****   {
 1516              		.loc 1 408 6 discriminator 36 view .LVU469
 1517 0280 1432     		adds	r2, r2, #20
 1518 0282 9342     		cmp	r3, r2
 1519 0284 0BD0     		beq	.L80
 408:Drivers/STM32H7xx_HAL_Driver/Src/stm32h7xx_hal_dma.c ****   {
 1520              		.loc 1 408 6 discriminator 38 view .LVU470
 1521 0286 1432     		adds	r2, r2, #20
 1522 0288 9342     		cmp	r3, r2
 1523 028a 08D0     		beq	.L80
 408:Drivers/STM32H7xx_HAL_Driver/Src/stm32h7xx_hal_dma.c ****   {
 1524              		.loc 1 408 6 discriminator 40 view .LVU471
 1525 028c 1432     		adds	r2, r2, #20
 1526 028e 9342     		cmp	r3, r2
 1527 0290 05D0     		beq	.L80
 408:Drivers/STM32H7xx_HAL_Driver/Src/stm32h7xx_hal_dma.c ****   {
 1528              		.loc 1 408 6 discriminator 42 view .LVU472
 1529 0292 1432     		adds	r2, r2, #20
 1530 0294 9342     		cmp	r3, r2
 1531 0296 02D0     		beq	.L80
 408:Drivers/STM32H7xx_HAL_Driver/Src/stm32h7xx_hal_dma.c ****   {
 1532              		.loc 1 408 6 discriminator 44 view .LVU473
 1533 0298 1432     		adds	r2, r2, #20
 1534 029a 9342     		cmp	r3, r2
 1535 029c 13D1     		bne	.L81
 1536              	.L80:
 413:Drivers/STM32H7xx_HAL_Driver/Src/stm32h7xx_hal_dma.c **** 
 1537              		.loc 1 413 5 is_stmt 1 view .LVU474
 1538 029e 2046     		mov	r0, r4
 1539 02a0 FFF7FEFF 		bl	DMA_CalcDMAMUXChannelBaseAndMask
 1540              	.LVL82:
 415:Drivers/STM32H7xx_HAL_Driver/Src/stm32h7xx_hal_dma.c ****     {
 1541              		.loc 1 415 5 view .LVU475
 415:Drivers/STM32H7xx_HAL_Driver/Src/stm32h7xx_hal_dma.c ****     {
 1542              		.loc 1 415 18 is_stmt 0 view .LVU476
 1543 02a4 A368     		ldr	r3, [r4, #8]
 415:Drivers/STM32H7xx_HAL_Driver/Src/stm32h7xx_hal_dma.c ****     {
 1544              		.loc 1 415 7 view .LVU477
 1545 02a6 802B     		cmp	r3, #128
 1546 02a8 5DD0     		beq	.L93
 1547              	.L82:
 422:Drivers/STM32H7xx_HAL_Driver/Src/stm32h7xx_hal_dma.c **** 
 1548              		.loc 1 422 5 is_stmt 1 view .LVU478
 422:Drivers/STM32H7xx_HAL_Driver/Src/stm32h7xx_hal_dma.c **** 
 1549              		.loc 1 422 9 is_stmt 0 view .LVU479
 1550 02aa 236E     		ldr	r3, [r4, #96]
 422:Drivers/STM32H7xx_HAL_Driver/Src/stm32h7xx_hal_dma.c **** 
 1551              		.loc 1 422 52 view .LVU480
ARM GAS  /tmp/ccMjPS5V.s 			page 69


 1552 02ac 2279     		ldrb	r2, [r4, #4]	@ zero_extendqisi2
 422:Drivers/STM32H7xx_HAL_Driver/Src/stm32h7xx_hal_dma.c **** 
 1553              		.loc 1 422 30 view .LVU481
 1554 02ae 1A60     		str	r2, [r3]
 425:Drivers/STM32H7xx_HAL_Driver/Src/stm32h7xx_hal_dma.c **** 
 1555              		.loc 1 425 5 is_stmt 1 view .LVU482
 425:Drivers/STM32H7xx_HAL_Driver/Src/stm32h7xx_hal_dma.c **** 
 1556              		.loc 1 425 9 is_stmt 0 view .LVU483
 1557 02b0 636E     		ldr	r3, [r4, #100]
 425:Drivers/STM32H7xx_HAL_Driver/Src/stm32h7xx_hal_dma.c **** 
 1558              		.loc 1 425 42 view .LVU484
 1559 02b2 A26E     		ldr	r2, [r4, #104]
 425:Drivers/STM32H7xx_HAL_Driver/Src/stm32h7xx_hal_dma.c **** 
 1560              		.loc 1 425 36 view .LVU485
 1561 02b4 5A60     		str	r2, [r3, #4]
 430:Drivers/STM32H7xx_HAL_Driver/Src/stm32h7xx_hal_dma.c ****     {
 1562              		.loc 1 430 5 is_stmt 1 view .LVU486
 430:Drivers/STM32H7xx_HAL_Driver/Src/stm32h7xx_hal_dma.c ****     {
 1563              		.loc 1 430 19 is_stmt 0 view .LVU487
 1564 02b6 6368     		ldr	r3, [r4, #4]
 430:Drivers/STM32H7xx_HAL_Driver/Src/stm32h7xx_hal_dma.c ****     {
 1565              		.loc 1 430 55 view .LVU488
 1566 02b8 013B     		subs	r3, r3, #1
 430:Drivers/STM32H7xx_HAL_Driver/Src/stm32h7xx_hal_dma.c ****     {
 1567              		.loc 1 430 7 view .LVU489
 1568 02ba 072B     		cmp	r3, #7
 1569 02bc 56D9     		bls	.L94
 444:Drivers/STM32H7xx_HAL_Driver/Src/stm32h7xx_hal_dma.c ****       hdma->DMAmuxRequestGenStatus = 0U;
 1570              		.loc 1 444 7 is_stmt 1 view .LVU490
 444:Drivers/STM32H7xx_HAL_Driver/Src/stm32h7xx_hal_dma.c ****       hdma->DMAmuxRequestGenStatus = 0U;
 1571              		.loc 1 444 30 is_stmt 0 view .LVU491
 1572 02be 0023     		movs	r3, #0
 1573 02c0 E366     		str	r3, [r4, #108]
 445:Drivers/STM32H7xx_HAL_Driver/Src/stm32h7xx_hal_dma.c ****       hdma->DMAmuxRequestGenStatusMask = 0U;
 1574              		.loc 1 445 7 is_stmt 1 view .LVU492
 445:Drivers/STM32H7xx_HAL_Driver/Src/stm32h7xx_hal_dma.c ****       hdma->DMAmuxRequestGenStatusMask = 0U;
 1575              		.loc 1 445 36 is_stmt 0 view .LVU493
 1576 02c2 2367     		str	r3, [r4, #112]
 446:Drivers/STM32H7xx_HAL_Driver/Src/stm32h7xx_hal_dma.c ****     }
 1577              		.loc 1 446 7 is_stmt 1 view .LVU494
 446:Drivers/STM32H7xx_HAL_Driver/Src/stm32h7xx_hal_dma.c ****     }
 1578              		.loc 1 446 40 is_stmt 0 view .LVU495
 1579 02c4 6367     		str	r3, [r4, #116]
 1580              	.L81:
 451:Drivers/STM32H7xx_HAL_Driver/Src/stm32h7xx_hal_dma.c **** 
 1581              		.loc 1 451 3 is_stmt 1 view .LVU496
 451:Drivers/STM32H7xx_HAL_Driver/Src/stm32h7xx_hal_dma.c **** 
 1582              		.loc 1 451 19 is_stmt 0 view .LVU497
 1583 02c6 0020     		movs	r0, #0
 1584 02c8 6065     		str	r0, [r4, #84]
 454:Drivers/STM32H7xx_HAL_Driver/Src/stm32h7xx_hal_dma.c **** 
 1585              		.loc 1 454 3 is_stmt 1 view .LVU498
 454:Drivers/STM32H7xx_HAL_Driver/Src/stm32h7xx_hal_dma.c **** 
 1586              		.loc 1 454 15 is_stmt 0 view .LVU499
 1587 02ca 0123     		movs	r3, #1
 1588 02cc 84F83530 		strb	r3, [r4, #53]
 456:Drivers/STM32H7xx_HAL_Driver/Src/stm32h7xx_hal_dma.c **** }
ARM GAS  /tmp/ccMjPS5V.s 			page 70


 1589              		.loc 1 456 3 is_stmt 1 view .LVU500
 456:Drivers/STM32H7xx_HAL_Driver/Src/stm32h7xx_hal_dma.c **** }
 1590              		.loc 1 456 10 is_stmt 0 view .LVU501
 1591 02d0 44E7     		b	.L63
 1592              	.LVL83:
 1593              	.L90:
 296:Drivers/STM32H7xx_HAL_Driver/Src/stm32h7xx_hal_dma.c ****     }
 1594              		.loc 1 296 7 is_stmt 1 view .LVU502
 296:Drivers/STM32H7xx_HAL_Driver/Src/stm32h7xx_hal_dma.c ****     }
 1595              		.loc 1 296 35 is_stmt 0 view .LVU503
 1596 02d2 E16A     		ldr	r1, [r4, #44]
 296:Drivers/STM32H7xx_HAL_Driver/Src/stm32h7xx_hal_dma.c ****     }
 1597              		.loc 1 296 57 view .LVU504
 1598 02d4 206B     		ldr	r0, [r4, #48]
 296:Drivers/STM32H7xx_HAL_Driver/Src/stm32h7xx_hal_dma.c ****     }
 1599              		.loc 1 296 45 view .LVU505
 1600 02d6 0143     		orrs	r1, r1, r0
 296:Drivers/STM32H7xx_HAL_Driver/Src/stm32h7xx_hal_dma.c ****     }
 1601              		.loc 1 296 21 view .LVU506
 1602 02d8 0A43     		orrs	r2, r2, r1
 1603              	.LVL84:
 296:Drivers/STM32H7xx_HAL_Driver/Src/stm32h7xx_hal_dma.c ****     }
 1604              		.loc 1 296 21 view .LVU507
 1605 02da 62E7     		b	.L72
 1606              	.L91:
 296:Drivers/STM32H7xx_HAL_Driver/Src/stm32h7xx_hal_dma.c ****     }
 1607              		.loc 1 296 21 view .LVU508
 1608 02dc 2929     		cmp	r1, #41
 1609 02de FFF478AF 		bcc	.L73
 1610 02e2 74E7     		b	.L75
 1611              	.LVL85:
 1612              	.L92:
 335:Drivers/STM32H7xx_HAL_Driver/Src/stm32h7xx_hal_dma.c **** 
 1613              		.loc 1 335 11 is_stmt 1 view .LVU509
 335:Drivers/STM32H7xx_HAL_Driver/Src/stm32h7xx_hal_dma.c **** 
 1614              		.loc 1 335 27 is_stmt 0 view .LVU510
 1615 02e4 4023     		movs	r3, #64
 1616 02e6 6365     		str	r3, [r4, #84]
 338:Drivers/STM32H7xx_HAL_Driver/Src/stm32h7xx_hal_dma.c **** 
 1617              		.loc 1 338 11 is_stmt 1 view .LVU511
 338:Drivers/STM32H7xx_HAL_Driver/Src/stm32h7xx_hal_dma.c **** 
 1618              		.loc 1 338 23 is_stmt 0 view .LVU512
 1619 02e8 0120     		movs	r0, #1
 1620 02ea 84F83500 		strb	r0, [r4, #53]
 340:Drivers/STM32H7xx_HAL_Driver/Src/stm32h7xx_hal_dma.c ****         }
 1621              		.loc 1 340 11 is_stmt 1 view .LVU513
 340:Drivers/STM32H7xx_HAL_Driver/Src/stm32h7xx_hal_dma.c ****         }
 1622              		.loc 1 340 18 is_stmt 0 view .LVU514
 1623 02ee 35E7     		b	.L63
 1624              	.LVL86:
 1625              	.L65:
 357:Drivers/STM32H7xx_HAL_Driver/Src/stm32h7xx_hal_dma.c ****     {
 1626              		.loc 1 357 5 is_stmt 1 view .LVU515
 360:Drivers/STM32H7xx_HAL_Driver/Src/stm32h7xx_hal_dma.c ****     }
 1627              		.loc 1 360 7 view .LVU516
 364:Drivers/STM32H7xx_HAL_Driver/Src/stm32h7xx_hal_dma.c **** 
 1628              		.loc 1 364 5 view .LVU517
ARM GAS  /tmp/ccMjPS5V.s 			page 71


 364:Drivers/STM32H7xx_HAL_Driver/Src/stm32h7xx_hal_dma.c **** 
 1629              		.loc 1 364 17 is_stmt 0 view .LVU518
 1630 02f0 0222     		movs	r2, #2
 1631 02f2 84F83520 		strb	r2, [r4, #53]
 367:Drivers/STM32H7xx_HAL_Driver/Src/stm32h7xx_hal_dma.c **** 
 1632              		.loc 1 367 5 is_stmt 1 view .LVU519
 367:Drivers/STM32H7xx_HAL_Driver/Src/stm32h7xx_hal_dma.c **** 
 1633              		.loc 1 367 5 view .LVU520
 1634 02f6 0022     		movs	r2, #0
 1635 02f8 84F83420 		strb	r2, [r4, #52]
 367:Drivers/STM32H7xx_HAL_Driver/Src/stm32h7xx_hal_dma.c **** 
 1636              		.loc 1 367 5 view .LVU521
 370:Drivers/STM32H7xx_HAL_Driver/Src/stm32h7xx_hal_dma.c **** 
 1637              		.loc 1 370 5 view .LVU522
 370:Drivers/STM32H7xx_HAL_Driver/Src/stm32h7xx_hal_dma.c **** 
 1638              		.loc 1 370 19 is_stmt 0 view .LVU523
 1639 02fc 1968     		ldr	r1, [r3]
 1640              	.LVL87:
 373:Drivers/STM32H7xx_HAL_Driver/Src/stm32h7xx_hal_dma.c ****                                   BDMA_CCR_MINC  | BDMA_CCR_PINC    | BDMA_CCR_CIRC   | \
 1641              		.loc 1 373 5 is_stmt 1 view .LVU524
 373:Drivers/STM32H7xx_HAL_Driver/Src/stm32h7xx_hal_dma.c ****                                   BDMA_CCR_MINC  | BDMA_CCR_PINC    | BDMA_CCR_CIRC   | \
 1642              		.loc 1 373 19 is_stmt 0 view .LVU525
 1643 02fe 6FF31011 		bfc	r1, #4, #13
 1644              	.LVL88:
 379:Drivers/STM32H7xx_HAL_Driver/Src/stm32h7xx_hal_dma.c ****                       DMA_TO_BDMA_PERIPHERAL_INC(hdma->Init.PeriphInc)       |
 1645              		.loc 1 379 5 is_stmt 1 view .LVU526
 379:Drivers/STM32H7xx_HAL_Driver/Src/stm32h7xx_hal_dma.c ****                       DMA_TO_BDMA_PERIPHERAL_INC(hdma->Init.PeriphInc)       |
 1646              		.loc 1 379 23 is_stmt 0 view .LVU527
 1647 0302 A268     		ldr	r2, [r4, #8]
 1648 0304 402A     		cmp	r2, #64
 1649 0306 2CD0     		beq	.L85
 379:Drivers/STM32H7xx_HAL_Driver/Src/stm32h7xx_hal_dma.c ****                       DMA_TO_BDMA_PERIPHERAL_INC(hdma->Init.PeriphInc)       |
 1650              		.loc 1 379 23 discriminator 1 view .LVU528
 1651 0308 802A     		cmp	r2, #128
 1652 030a 27D0     		beq	.L95
 379:Drivers/STM32H7xx_HAL_Driver/Src/stm32h7xx_hal_dma.c ****                       DMA_TO_BDMA_PERIPHERAL_INC(hdma->Init.PeriphInc)       |
 1653              		.loc 1 379 23 discriminator 4 view .LVU529
 1654 030c 0022     		movs	r2, #0
 1655              	.L79:
 380:Drivers/STM32H7xx_HAL_Driver/Src/stm32h7xx_hal_dma.c ****                       DMA_TO_BDMA_MEMORY_INC(hdma->Init.MemInc)              |
 1656              		.loc 1 380 23 view .LVU530
 1657 030e E068     		ldr	r0, [r4, #12]
 1658              	.LVL89:
 379:Drivers/STM32H7xx_HAL_Driver/Src/stm32h7xx_hal_dma.c ****                       DMA_TO_BDMA_PERIPHERAL_INC(hdma->Init.PeriphInc)       |
 1659              		.loc 1 379 78 view .LVU531
 1660 0310 42EAD002 		orr	r2, r2, r0, lsr #3
 381:Drivers/STM32H7xx_HAL_Driver/Src/stm32h7xx_hal_dma.c ****                       DMA_TO_BDMA_PDATA_SIZE(hdma->Init.PeriphDataAlignment) |
 1661              		.loc 1 381 23 view .LVU532
 1662 0314 2069     		ldr	r0, [r4, #16]
 380:Drivers/STM32H7xx_HAL_Driver/Src/stm32h7xx_hal_dma.c ****                       DMA_TO_BDMA_MEMORY_INC(hdma->Init.MemInc)              |
 1663              		.loc 1 380 78 view .LVU533
 1664 0316 42EAD002 		orr	r2, r2, r0, lsr #3
 382:Drivers/STM32H7xx_HAL_Driver/Src/stm32h7xx_hal_dma.c ****                       DMA_TO_BDMA_MDATA_SIZE(hdma->Init.MemDataAlignment)    |
 1665              		.loc 1 382 23 view .LVU534
 1666 031a 6069     		ldr	r0, [r4, #20]
 381:Drivers/STM32H7xx_HAL_Driver/Src/stm32h7xx_hal_dma.c ****                       DMA_TO_BDMA_PDATA_SIZE(hdma->Init.PeriphDataAlignment) |
 1667              		.loc 1 381 78 view .LVU535
ARM GAS  /tmp/ccMjPS5V.s 			page 72


 1668 031c 42EAD002 		orr	r2, r2, r0, lsr #3
 383:Drivers/STM32H7xx_HAL_Driver/Src/stm32h7xx_hal_dma.c ****                       DMA_TO_BDMA_MODE(hdma->Init.Mode)                      |
 1669              		.loc 1 383 23 view .LVU536
 1670 0320 A069     		ldr	r0, [r4, #24]
 382:Drivers/STM32H7xx_HAL_Driver/Src/stm32h7xx_hal_dma.c ****                       DMA_TO_BDMA_MDATA_SIZE(hdma->Init.MemDataAlignment)    |
 1671              		.loc 1 382 78 view .LVU537
 1672 0322 42EAD002 		orr	r2, r2, r0, lsr #3
 384:Drivers/STM32H7xx_HAL_Driver/Src/stm32h7xx_hal_dma.c ****                       DMA_TO_BDMA_PRIORITY(hdma->Init.Priority);
 1673              		.loc 1 384 23 view .LVU538
 1674 0326 E069     		ldr	r0, [r4, #28]
 383:Drivers/STM32H7xx_HAL_Driver/Src/stm32h7xx_hal_dma.c ****                       DMA_TO_BDMA_MODE(hdma->Init.Mode)                      |
 1675              		.loc 1 383 78 view .LVU539
 1676 0328 42EAD002 		orr	r2, r2, r0, lsr #3
 385:Drivers/STM32H7xx_HAL_Driver/Src/stm32h7xx_hal_dma.c **** 
 1677              		.loc 1 385 23 view .LVU540
 1678 032c 206A     		ldr	r0, [r4, #32]
 384:Drivers/STM32H7xx_HAL_Driver/Src/stm32h7xx_hal_dma.c ****                       DMA_TO_BDMA_PRIORITY(hdma->Init.Priority);
 1679              		.loc 1 384 78 view .LVU541
 1680 032e 42EA1012 		orr	r2, r2, r0, lsr #4
 379:Drivers/STM32H7xx_HAL_Driver/Src/stm32h7xx_hal_dma.c ****                       DMA_TO_BDMA_PERIPHERAL_INC(hdma->Init.PeriphInc)       |
 1681              		.loc 1 379 19 view .LVU542
 1682 0332 0A43     		orrs	r2, r2, r1
 1683              	.LVL90:
 388:Drivers/STM32H7xx_HAL_Driver/Src/stm32h7xx_hal_dma.c **** 
 1684              		.loc 1 388 5 is_stmt 1 view .LVU543
 388:Drivers/STM32H7xx_HAL_Driver/Src/stm32h7xx_hal_dma.c **** 
 1685              		.loc 1 388 51 is_stmt 0 view .LVU544
 1686 0334 1A60     		str	r2, [r3]
 391:Drivers/STM32H7xx_HAL_Driver/Src/stm32h7xx_hal_dma.c **** 
 1687              		.loc 1 391 5 is_stmt 1 view .LVU545
 391:Drivers/STM32H7xx_HAL_Driver/Src/stm32h7xx_hal_dma.c **** 
 1688              		.loc 1 391 53 is_stmt 0 view .LVU546
 1689 0336 2268     		ldr	r2, [r4]
 1690              	.LVL91:
 391:Drivers/STM32H7xx_HAL_Driver/Src/stm32h7xx_hal_dma.c **** 
 1691              		.loc 1 391 65 view .LVU547
 1692 0338 184B     		ldr	r3, .L98+24
 1693              	.LVL92:
 391:Drivers/STM32H7xx_HAL_Driver/Src/stm32h7xx_hal_dma.c **** 
 1694              		.loc 1 391 65 view .LVU548
 1695 033a 1344     		add	r3, r3, r2
 391:Drivers/STM32H7xx_HAL_Driver/Src/stm32h7xx_hal_dma.c **** 
 1696              		.loc 1 391 92 view .LVU549
 1697 033c 184A     		ldr	r2, .L98+28
 1698 033e A2FB0323 		umull	r2, r3, r2, r3
 1699 0342 1B09     		lsrs	r3, r3, #4
 391:Drivers/STM32H7xx_HAL_Driver/Src/stm32h7xx_hal_dma.c **** 
 1700              		.loc 1 391 147 view .LVU550
 1701 0344 9B00     		lsls	r3, r3, #2
 391:Drivers/STM32H7xx_HAL_Driver/Src/stm32h7xx_hal_dma.c **** 
 1702              		.loc 1 391 23 view .LVU551
 1703 0346 E365     		str	r3, [r4, #92]
 395:Drivers/STM32H7xx_HAL_Driver/Src/stm32h7xx_hal_dma.c **** 
 1704              		.loc 1 395 5 is_stmt 1 view .LVU552
 395:Drivers/STM32H7xx_HAL_Driver/Src/stm32h7xx_hal_dma.c **** 
 1705              		.loc 1 395 40 is_stmt 0 view .LVU553
 1706 0348 2046     		mov	r0, r4
ARM GAS  /tmp/ccMjPS5V.s 			page 73


 395:Drivers/STM32H7xx_HAL_Driver/Src/stm32h7xx_hal_dma.c **** 
 1707              		.loc 1 395 40 view .LVU554
 1708 034a FFF7FEFF 		bl	DMA_CalcBaseAndBitshift
 1709              	.LVL93:
 398:Drivers/STM32H7xx_HAL_Driver/Src/stm32h7xx_hal_dma.c ****   }
 1710              		.loc 1 398 5 is_stmt 1 view .LVU555
 398:Drivers/STM32H7xx_HAL_Driver/Src/stm32h7xx_hal_dma.c ****   }
 1711              		.loc 1 398 50 is_stmt 0 view .LVU556
 1712 034e E26D     		ldr	r2, [r4, #92]
 398:Drivers/STM32H7xx_HAL_Driver/Src/stm32h7xx_hal_dma.c ****   }
 1713              		.loc 1 398 64 view .LVU557
 1714 0350 02F01F01 		and	r1, r2, #31
 398:Drivers/STM32H7xx_HAL_Driver/Src/stm32h7xx_hal_dma.c ****   }
 1715              		.loc 1 398 42 view .LVU558
 1716 0354 0122     		movs	r2, #1
 1717 0356 8A40     		lsls	r2, r2, r1
 398:Drivers/STM32H7xx_HAL_Driver/Src/stm32h7xx_hal_dma.c ****   }
 1718              		.loc 1 398 21 view .LVU559
 1719 0358 4260     		str	r2, [r0, #4]
 1720 035a 56E7     		b	.L78
 1721              	.LVL94:
 1722              	.L95:
 379:Drivers/STM32H7xx_HAL_Driver/Src/stm32h7xx_hal_dma.c ****                       DMA_TO_BDMA_PERIPHERAL_INC(hdma->Init.PeriphInc)       |
 1723              		.loc 1 379 23 discriminator 3 view .LVU560
 1724 035c 4FF48042 		mov	r2, #16384
 1725 0360 D5E7     		b	.L79
 1726              	.L85:
 379:Drivers/STM32H7xx_HAL_Driver/Src/stm32h7xx_hal_dma.c ****                       DMA_TO_BDMA_PERIPHERAL_INC(hdma->Init.PeriphInc)       |
 1727              		.loc 1 379 23 discriminator 2 view .LVU561
 1728 0362 1022     		movs	r2, #16
 1729 0364 D3E7     		b	.L79
 1730              	.LVL95:
 1731              	.L93:
 418:Drivers/STM32H7xx_HAL_Driver/Src/stm32h7xx_hal_dma.c ****     }
 1732              		.loc 1 418 7 is_stmt 1 view .LVU562
 418:Drivers/STM32H7xx_HAL_Driver/Src/stm32h7xx_hal_dma.c ****     }
 1733              		.loc 1 418 26 is_stmt 0 view .LVU563
 1734 0366 0023     		movs	r3, #0
 1735 0368 6360     		str	r3, [r4, #4]
 1736 036a 9EE7     		b	.L82
 1737              	.L94:
 434:Drivers/STM32H7xx_HAL_Driver/Src/stm32h7xx_hal_dma.c **** 
 1738              		.loc 1 434 7 is_stmt 1 view .LVU564
 1739 036c 2046     		mov	r0, r4
 1740 036e FFF7FEFF 		bl	DMA_CalcDMAMUXRequestGenBaseAndMask
 1741              	.LVL96:
 437:Drivers/STM32H7xx_HAL_Driver/Src/stm32h7xx_hal_dma.c **** 
 1742              		.loc 1 437 7 view .LVU565
 437:Drivers/STM32H7xx_HAL_Driver/Src/stm32h7xx_hal_dma.c **** 
 1743              		.loc 1 437 11 is_stmt 0 view .LVU566
 1744 0372 E36E     		ldr	r3, [r4, #108]
 437:Drivers/STM32H7xx_HAL_Driver/Src/stm32h7xx_hal_dma.c **** 
 1745              		.loc 1 437 36 view .LVU567
 1746 0374 0022     		movs	r2, #0
 1747 0376 1A60     		str	r2, [r3]
 440:Drivers/STM32H7xx_HAL_Driver/Src/stm32h7xx_hal_dma.c ****     }
 1748              		.loc 1 440 7 is_stmt 1 view .LVU568
ARM GAS  /tmp/ccMjPS5V.s 			page 74


 440:Drivers/STM32H7xx_HAL_Driver/Src/stm32h7xx_hal_dma.c ****     }
 1749              		.loc 1 440 11 is_stmt 0 view .LVU569
 1750 0378 236F     		ldr	r3, [r4, #112]
 440:Drivers/STM32H7xx_HAL_Driver/Src/stm32h7xx_hal_dma.c ****     }
 1751              		.loc 1 440 49 view .LVU570
 1752 037a 626F     		ldr	r2, [r4, #116]
 440:Drivers/STM32H7xx_HAL_Driver/Src/stm32h7xx_hal_dma.c ****     }
 1753              		.loc 1 440 43 view .LVU571
 1754 037c 5A60     		str	r2, [r3, #4]
 1755 037e A2E7     		b	.L81
 1756              	.LVL97:
 1757              	.L84:
 226:Drivers/STM32H7xx_HAL_Driver/Src/stm32h7xx_hal_dma.c ****   }
 1758              		.loc 1 226 12 view .LVU572
 1759 0380 0120     		movs	r0, #1
 1760              	.LVL98:
 226:Drivers/STM32H7xx_HAL_Driver/Src/stm32h7xx_hal_dma.c ****   }
 1761              		.loc 1 226 12 view .LVU573
 1762 0382 EBE6     		b	.L63
 1763              	.L99:
 1764              		.align	2
 1765              	.L98:
 1766 0384 3F8010FE 		.word	-32473025
 1767 0388 0010005C 		.word	1543507968
 1768 038c 0F030F00 		.word	983823
 1769 0390 10000240 		.word	1073872912
 1770 0394 28000240 		.word	1073872936
 1771 0398 08540258 		.word	1476547592
 1772 039c F8ABFDA7 		.word	-1476547592
 1773 03a0 CDCCCCCC 		.word	-858993459
 1774              		.cfi_endproc
 1775              	.LFE146:
 1777              		.section	.text.HAL_DMA_DeInit,"ax",%progbits
 1778              		.align	1
 1779              		.global	HAL_DMA_DeInit
 1780              		.syntax unified
 1781              		.thumb
 1782              		.thumb_func
 1784              	HAL_DMA_DeInit:
 1785              	.LVL99:
 1786              	.LFB147:
 466:Drivers/STM32H7xx_HAL_Driver/Src/stm32h7xx_hal_dma.c ****   DMA_Base_Registers *regs_dma;
 1787              		.loc 1 466 1 is_stmt 1 view -0
 1788              		.cfi_startproc
 1789              		@ args = 0, pretend = 0, frame = 0
 1790              		@ frame_needed = 0, uses_anonymous_args = 0
 467:Drivers/STM32H7xx_HAL_Driver/Src/stm32h7xx_hal_dma.c ****   BDMA_Base_Registers *regs_bdma;
 1791              		.loc 1 467 3 view .LVU575
 468:Drivers/STM32H7xx_HAL_Driver/Src/stm32h7xx_hal_dma.c **** 
 1792              		.loc 1 468 3 view .LVU576
 471:Drivers/STM32H7xx_HAL_Driver/Src/stm32h7xx_hal_dma.c ****   {
 1793              		.loc 1 471 3 view .LVU577
 471:Drivers/STM32H7xx_HAL_Driver/Src/stm32h7xx_hal_dma.c ****   {
 1794              		.loc 1 471 5 is_stmt 0 view .LVU578
 1795 0000 0028     		cmp	r0, #0
 1796 0002 00F0DB80 		beq	.L111
 466:Drivers/STM32H7xx_HAL_Driver/Src/stm32h7xx_hal_dma.c ****   DMA_Base_Registers *regs_dma;
ARM GAS  /tmp/ccMjPS5V.s 			page 75


 1797              		.loc 1 466 1 view .LVU579
 1798 0006 10B5     		push	{r4, lr}
 1799              	.LCFI9:
 1800              		.cfi_def_cfa_offset 8
 1801              		.cfi_offset 4, -8
 1802              		.cfi_offset 14, -4
 1803 0008 0446     		mov	r4, r0
 477:Drivers/STM32H7xx_HAL_Driver/Src/stm32h7xx_hal_dma.c **** 
 1804              		.loc 1 477 3 is_stmt 1 view .LVU580
 1805 000a 0368     		ldr	r3, [r0]
 1806 000c 6C49     		ldr	r1, .L119
 1807 000e 6D4A     		ldr	r2, .L119+4
 1808 0010 9342     		cmp	r3, r2
 1809 0012 18BF     		it	ne
 1810 0014 8B42     		cmpne	r3, r1
 1811 0016 2FD0     		beq	.L102
 477:Drivers/STM32H7xx_HAL_Driver/Src/stm32h7xx_hal_dma.c **** 
 1812              		.loc 1 477 3 is_stmt 0 discriminator 2 view .LVU581
 1813 0018 1832     		adds	r2, r2, #24
 1814 001a 9342     		cmp	r3, r2
 1815 001c 2CD0     		beq	.L102
 477:Drivers/STM32H7xx_HAL_Driver/Src/stm32h7xx_hal_dma.c **** 
 1816              		.loc 1 477 3 discriminator 4 view .LVU582
 1817 001e 1832     		adds	r2, r2, #24
 1818 0020 9342     		cmp	r3, r2
 1819 0022 29D0     		beq	.L102
 477:Drivers/STM32H7xx_HAL_Driver/Src/stm32h7xx_hal_dma.c **** 
 1820              		.loc 1 477 3 discriminator 6 view .LVU583
 1821 0024 1832     		adds	r2, r2, #24
 1822 0026 9342     		cmp	r3, r2
 1823 0028 26D0     		beq	.L102
 477:Drivers/STM32H7xx_HAL_Driver/Src/stm32h7xx_hal_dma.c **** 
 1824              		.loc 1 477 3 discriminator 8 view .LVU584
 1825 002a 1832     		adds	r2, r2, #24
 1826 002c 9342     		cmp	r3, r2
 1827 002e 23D0     		beq	.L102
 477:Drivers/STM32H7xx_HAL_Driver/Src/stm32h7xx_hal_dma.c **** 
 1828              		.loc 1 477 3 discriminator 10 view .LVU585
 1829 0030 1832     		adds	r2, r2, #24
 1830 0032 9342     		cmp	r3, r2
 1831 0034 20D0     		beq	.L102
 477:Drivers/STM32H7xx_HAL_Driver/Src/stm32h7xx_hal_dma.c **** 
 1832              		.loc 1 477 3 discriminator 12 view .LVU586
 1833 0036 1832     		adds	r2, r2, #24
 1834 0038 9342     		cmp	r3, r2
 1835 003a 1DD0     		beq	.L102
 477:Drivers/STM32H7xx_HAL_Driver/Src/stm32h7xx_hal_dma.c **** 
 1836              		.loc 1 477 3 discriminator 14 view .LVU587
 1837 003c 02F55672 		add	r2, r2, #856
 1838 0040 9342     		cmp	r3, r2
 1839 0042 19D0     		beq	.L102
 477:Drivers/STM32H7xx_HAL_Driver/Src/stm32h7xx_hal_dma.c **** 
 1840              		.loc 1 477 3 discriminator 16 view .LVU588
 1841 0044 1832     		adds	r2, r2, #24
 1842 0046 9342     		cmp	r3, r2
 1843 0048 16D0     		beq	.L102
 477:Drivers/STM32H7xx_HAL_Driver/Src/stm32h7xx_hal_dma.c **** 
ARM GAS  /tmp/ccMjPS5V.s 			page 76


 1844              		.loc 1 477 3 discriminator 18 view .LVU589
 1845 004a 1832     		adds	r2, r2, #24
 1846 004c 9342     		cmp	r3, r2
 1847 004e 13D0     		beq	.L102
 477:Drivers/STM32H7xx_HAL_Driver/Src/stm32h7xx_hal_dma.c **** 
 1848              		.loc 1 477 3 discriminator 20 view .LVU590
 1849 0050 1832     		adds	r2, r2, #24
 1850 0052 9342     		cmp	r3, r2
 1851 0054 10D0     		beq	.L102
 477:Drivers/STM32H7xx_HAL_Driver/Src/stm32h7xx_hal_dma.c **** 
 1852              		.loc 1 477 3 discriminator 22 view .LVU591
 1853 0056 1832     		adds	r2, r2, #24
 1854 0058 9342     		cmp	r3, r2
 1855 005a 0DD0     		beq	.L102
 477:Drivers/STM32H7xx_HAL_Driver/Src/stm32h7xx_hal_dma.c **** 
 1856              		.loc 1 477 3 discriminator 24 view .LVU592
 1857 005c 1832     		adds	r2, r2, #24
 1858 005e 9342     		cmp	r3, r2
 1859 0060 0AD0     		beq	.L102
 477:Drivers/STM32H7xx_HAL_Driver/Src/stm32h7xx_hal_dma.c **** 
 1860              		.loc 1 477 3 discriminator 26 view .LVU593
 1861 0062 1832     		adds	r2, r2, #24
 1862 0064 9342     		cmp	r3, r2
 1863 0066 07D0     		beq	.L102
 477:Drivers/STM32H7xx_HAL_Driver/Src/stm32h7xx_hal_dma.c **** 
 1864              		.loc 1 477 3 discriminator 28 view .LVU594
 1865 0068 1832     		adds	r2, r2, #24
 1866 006a 9342     		cmp	r3, r2
 1867 006c 04D0     		beq	.L102
 477:Drivers/STM32H7xx_HAL_Driver/Src/stm32h7xx_hal_dma.c **** 
 1868              		.loc 1 477 3 discriminator 30 view .LVU595
 1869 006e 1A68     		ldr	r2, [r3]
 1870 0070 22F00102 		bic	r2, r2, #1
 1871 0074 1A60     		str	r2, [r3]
 1872 0076 03E0     		b	.L104
 1873              	.L102:
 477:Drivers/STM32H7xx_HAL_Driver/Src/stm32h7xx_hal_dma.c **** 
 1874              		.loc 1 477 3 discriminator 29 view .LVU596
 1875 0078 1A68     		ldr	r2, [r3]
 1876 007a 22F00102 		bic	r2, r2, #1
 1877 007e 1A60     		str	r2, [r3]
 1878              	.L104:
 479:Drivers/STM32H7xx_HAL_Driver/Src/stm32h7xx_hal_dma.c ****   {
 1879              		.loc 1 479 3 is_stmt 1 view .LVU597
 479:Drivers/STM32H7xx_HAL_Driver/Src/stm32h7xx_hal_dma.c ****   {
 1880              		.loc 1 479 6 is_stmt 0 view .LVU598
 1881 0080 2368     		ldr	r3, [r4]
 1882 0082 4F49     		ldr	r1, .L119
 1883 0084 4F4A     		ldr	r2, .L119+4
 1884 0086 9342     		cmp	r3, r2
 1885 0088 18BF     		it	ne
 1886 008a 8B42     		cmpne	r3, r1
 1887 008c 44D0     		beq	.L105
 479:Drivers/STM32H7xx_HAL_Driver/Src/stm32h7xx_hal_dma.c ****   {
 1888              		.loc 1 479 6 discriminator 2 view .LVU599
 1889 008e 1832     		adds	r2, r2, #24
 1890 0090 9342     		cmp	r3, r2
ARM GAS  /tmp/ccMjPS5V.s 			page 77


 1891 0092 41D0     		beq	.L105
 479:Drivers/STM32H7xx_HAL_Driver/Src/stm32h7xx_hal_dma.c ****   {
 1892              		.loc 1 479 6 discriminator 4 view .LVU600
 1893 0094 1832     		adds	r2, r2, #24
 1894 0096 9342     		cmp	r3, r2
 1895 0098 3ED0     		beq	.L105
 479:Drivers/STM32H7xx_HAL_Driver/Src/stm32h7xx_hal_dma.c ****   {
 1896              		.loc 1 479 6 discriminator 6 view .LVU601
 1897 009a 1832     		adds	r2, r2, #24
 1898 009c 9342     		cmp	r3, r2
 1899 009e 3BD0     		beq	.L105
 479:Drivers/STM32H7xx_HAL_Driver/Src/stm32h7xx_hal_dma.c ****   {
 1900              		.loc 1 479 6 discriminator 8 view .LVU602
 1901 00a0 1832     		adds	r2, r2, #24
 1902 00a2 9342     		cmp	r3, r2
 1903 00a4 38D0     		beq	.L105
 479:Drivers/STM32H7xx_HAL_Driver/Src/stm32h7xx_hal_dma.c ****   {
 1904              		.loc 1 479 6 discriminator 10 view .LVU603
 1905 00a6 1832     		adds	r2, r2, #24
 1906 00a8 9342     		cmp	r3, r2
 1907 00aa 35D0     		beq	.L105
 479:Drivers/STM32H7xx_HAL_Driver/Src/stm32h7xx_hal_dma.c ****   {
 1908              		.loc 1 479 6 discriminator 12 view .LVU604
 1909 00ac 1832     		adds	r2, r2, #24
 1910 00ae 9342     		cmp	r3, r2
 1911 00b0 32D0     		beq	.L105
 479:Drivers/STM32H7xx_HAL_Driver/Src/stm32h7xx_hal_dma.c ****   {
 1912              		.loc 1 479 6 discriminator 14 view .LVU605
 1913 00b2 02F55672 		add	r2, r2, #856
 1914 00b6 9342     		cmp	r3, r2
 1915 00b8 2ED0     		beq	.L105
 479:Drivers/STM32H7xx_HAL_Driver/Src/stm32h7xx_hal_dma.c ****   {
 1916              		.loc 1 479 6 discriminator 16 view .LVU606
 1917 00ba 1832     		adds	r2, r2, #24
 1918 00bc 9342     		cmp	r3, r2
 1919 00be 2BD0     		beq	.L105
 479:Drivers/STM32H7xx_HAL_Driver/Src/stm32h7xx_hal_dma.c ****   {
 1920              		.loc 1 479 6 discriminator 18 view .LVU607
 1921 00c0 1832     		adds	r2, r2, #24
 1922 00c2 9342     		cmp	r3, r2
 1923 00c4 28D0     		beq	.L105
 479:Drivers/STM32H7xx_HAL_Driver/Src/stm32h7xx_hal_dma.c ****   {
 1924              		.loc 1 479 6 discriminator 20 view .LVU608
 1925 00c6 1832     		adds	r2, r2, #24
 1926 00c8 9342     		cmp	r3, r2
 1927 00ca 25D0     		beq	.L105
 479:Drivers/STM32H7xx_HAL_Driver/Src/stm32h7xx_hal_dma.c ****   {
 1928              		.loc 1 479 6 discriminator 22 view .LVU609
 1929 00cc 1832     		adds	r2, r2, #24
 1930 00ce 9342     		cmp	r3, r2
 1931 00d0 22D0     		beq	.L105
 479:Drivers/STM32H7xx_HAL_Driver/Src/stm32h7xx_hal_dma.c ****   {
 1932              		.loc 1 479 6 discriminator 24 view .LVU610
 1933 00d2 1832     		adds	r2, r2, #24
 1934 00d4 9342     		cmp	r3, r2
 1935 00d6 1FD0     		beq	.L105
 479:Drivers/STM32H7xx_HAL_Driver/Src/stm32h7xx_hal_dma.c ****   {
ARM GAS  /tmp/ccMjPS5V.s 			page 78


 1936              		.loc 1 479 6 discriminator 26 view .LVU611
 1937 00d8 1832     		adds	r2, r2, #24
 1938 00da 9342     		cmp	r3, r2
 1939 00dc 1CD0     		beq	.L105
 479:Drivers/STM32H7xx_HAL_Driver/Src/stm32h7xx_hal_dma.c ****   {
 1940              		.loc 1 479 6 discriminator 28 view .LVU612
 1941 00de 1832     		adds	r2, r2, #24
 1942 00e0 9342     		cmp	r3, r2
 1943 00e2 19D0     		beq	.L105
 505:Drivers/STM32H7xx_HAL_Driver/Src/stm32h7xx_hal_dma.c ****   {
 1944              		.loc 1 505 8 is_stmt 1 view .LVU613
 505:Drivers/STM32H7xx_HAL_Driver/Src/stm32h7xx_hal_dma.c ****   {
 1945              		.loc 1 505 11 is_stmt 0 view .LVU614
 1946 00e4 3849     		ldr	r1, .L119+8
 1947 00e6 394A     		ldr	r2, .L119+12
 1948 00e8 9342     		cmp	r3, r2
 1949 00ea 18BF     		it	ne
 1950 00ec 8B42     		cmpne	r3, r1
 1951 00ee 47D0     		beq	.L106
 505:Drivers/STM32H7xx_HAL_Driver/Src/stm32h7xx_hal_dma.c ****   {
 1952              		.loc 1 505 11 discriminator 2 view .LVU615
 1953 00f0 374A     		ldr	r2, .L119+16
 1954 00f2 9342     		cmp	r3, r2
 1955 00f4 44D0     		beq	.L106
 505:Drivers/STM32H7xx_HAL_Driver/Src/stm32h7xx_hal_dma.c ****   {
 1956              		.loc 1 505 11 discriminator 4 view .LVU616
 1957 00f6 1432     		adds	r2, r2, #20
 1958 00f8 9342     		cmp	r3, r2
 1959 00fa 41D0     		beq	.L106
 505:Drivers/STM32H7xx_HAL_Driver/Src/stm32h7xx_hal_dma.c ****   {
 1960              		.loc 1 505 11 discriminator 6 view .LVU617
 1961 00fc 1432     		adds	r2, r2, #20
 1962 00fe 9342     		cmp	r3, r2
 1963 0100 3ED0     		beq	.L106
 505:Drivers/STM32H7xx_HAL_Driver/Src/stm32h7xx_hal_dma.c ****   {
 1964              		.loc 1 505 11 discriminator 8 view .LVU618
 1965 0102 1432     		adds	r2, r2, #20
 1966 0104 9342     		cmp	r3, r2
 1967 0106 3BD0     		beq	.L106
 505:Drivers/STM32H7xx_HAL_Driver/Src/stm32h7xx_hal_dma.c ****   {
 1968              		.loc 1 505 11 discriminator 10 view .LVU619
 1969 0108 1432     		adds	r2, r2, #20
 1970 010a 9342     		cmp	r3, r2
 1971 010c 38D0     		beq	.L106
 505:Drivers/STM32H7xx_HAL_Driver/Src/stm32h7xx_hal_dma.c ****   {
 1972              		.loc 1 505 11 discriminator 12 view .LVU620
 1973 010e 1432     		adds	r2, r2, #20
 1974 0110 9342     		cmp	r3, r2
 1975 0112 35D0     		beq	.L106
 531:Drivers/STM32H7xx_HAL_Driver/Src/stm32h7xx_hal_dma.c ****   }
 1976              		.loc 1 531 12 view .LVU621
 1977 0114 0120     		movs	r0, #1
 1978              	.LVL100:
 531:Drivers/STM32H7xx_HAL_Driver/Src/stm32h7xx_hal_dma.c ****   }
 1979              		.loc 1 531 12 view .LVU622
 1980 0116 32E0     		b	.L101
 1981              	.LVL101:
ARM GAS  /tmp/ccMjPS5V.s 			page 79


 1982              	.L105:
 482:Drivers/STM32H7xx_HAL_Driver/Src/stm32h7xx_hal_dma.c **** 
 1983              		.loc 1 482 5 is_stmt 1 view .LVU623
 482:Drivers/STM32H7xx_HAL_Driver/Src/stm32h7xx_hal_dma.c **** 
 1984              		.loc 1 482 52 is_stmt 0 view .LVU624
 1985 0118 0022     		movs	r2, #0
 1986 011a 1A60     		str	r2, [r3]
 485:Drivers/STM32H7xx_HAL_Driver/Src/stm32h7xx_hal_dma.c **** 
 1987              		.loc 1 485 5 is_stmt 1 view .LVU625
 485:Drivers/STM32H7xx_HAL_Driver/Src/stm32h7xx_hal_dma.c **** 
 1988              		.loc 1 485 34 is_stmt 0 view .LVU626
 1989 011c 2368     		ldr	r3, [r4]
 485:Drivers/STM32H7xx_HAL_Driver/Src/stm32h7xx_hal_dma.c **** 
 1990              		.loc 1 485 52 view .LVU627
 1991 011e 5A60     		str	r2, [r3, #4]
 488:Drivers/STM32H7xx_HAL_Driver/Src/stm32h7xx_hal_dma.c **** 
 1992              		.loc 1 488 5 is_stmt 1 view .LVU628
 488:Drivers/STM32H7xx_HAL_Driver/Src/stm32h7xx_hal_dma.c **** 
 1993              		.loc 1 488 34 is_stmt 0 view .LVU629
 1994 0120 2368     		ldr	r3, [r4]
 488:Drivers/STM32H7xx_HAL_Driver/Src/stm32h7xx_hal_dma.c **** 
 1995              		.loc 1 488 52 view .LVU630
 1996 0122 9A60     		str	r2, [r3, #8]
 491:Drivers/STM32H7xx_HAL_Driver/Src/stm32h7xx_hal_dma.c **** 
 1997              		.loc 1 491 5 is_stmt 1 view .LVU631
 491:Drivers/STM32H7xx_HAL_Driver/Src/stm32h7xx_hal_dma.c **** 
 1998              		.loc 1 491 34 is_stmt 0 view .LVU632
 1999 0124 2368     		ldr	r3, [r4]
 491:Drivers/STM32H7xx_HAL_Driver/Src/stm32h7xx_hal_dma.c **** 
 2000              		.loc 1 491 52 view .LVU633
 2001 0126 DA60     		str	r2, [r3, #12]
 494:Drivers/STM32H7xx_HAL_Driver/Src/stm32h7xx_hal_dma.c **** 
 2002              		.loc 1 494 5 is_stmt 1 view .LVU634
 494:Drivers/STM32H7xx_HAL_Driver/Src/stm32h7xx_hal_dma.c **** 
 2003              		.loc 1 494 34 is_stmt 0 view .LVU635
 2004 0128 2368     		ldr	r3, [r4]
 494:Drivers/STM32H7xx_HAL_Driver/Src/stm32h7xx_hal_dma.c **** 
 2005              		.loc 1 494 52 view .LVU636
 2006 012a 1A61     		str	r2, [r3, #16]
 497:Drivers/STM32H7xx_HAL_Driver/Src/stm32h7xx_hal_dma.c **** 
 2007              		.loc 1 497 5 is_stmt 1 view .LVU637
 497:Drivers/STM32H7xx_HAL_Driver/Src/stm32h7xx_hal_dma.c **** 
 2008              		.loc 1 497 34 is_stmt 0 view .LVU638
 2009 012c 2368     		ldr	r3, [r4]
 497:Drivers/STM32H7xx_HAL_Driver/Src/stm32h7xx_hal_dma.c **** 
 2010              		.loc 1 497 52 view .LVU639
 2011 012e 2122     		movs	r2, #33
 2012 0130 5A61     		str	r2, [r3, #20]
 500:Drivers/STM32H7xx_HAL_Driver/Src/stm32h7xx_hal_dma.c **** 
 2013              		.loc 1 500 5 is_stmt 1 view .LVU640
 500:Drivers/STM32H7xx_HAL_Driver/Src/stm32h7xx_hal_dma.c **** 
 2014              		.loc 1 500 38 is_stmt 0 view .LVU641
 2015 0132 2046     		mov	r0, r4
 2016              	.LVL102:
 500:Drivers/STM32H7xx_HAL_Driver/Src/stm32h7xx_hal_dma.c **** 
 2017              		.loc 1 500 38 view .LVU642
 2018 0134 FFF7FEFF 		bl	DMA_CalcBaseAndBitshift
ARM GAS  /tmp/ccMjPS5V.s 			page 80


 2019              	.LVL103:
 503:Drivers/STM32H7xx_HAL_Driver/Src/stm32h7xx_hal_dma.c ****   }
 2020              		.loc 1 503 5 is_stmt 1 view .LVU643
 503:Drivers/STM32H7xx_HAL_Driver/Src/stm32h7xx_hal_dma.c ****   }
 2021              		.loc 1 503 37 is_stmt 0 view .LVU644
 2022 0138 E36D     		ldr	r3, [r4, #92]
 503:Drivers/STM32H7xx_HAL_Driver/Src/stm32h7xx_hal_dma.c ****   }
 2023              		.loc 1 503 51 view .LVU645
 2024 013a 03F01F02 		and	r2, r3, #31
 503:Drivers/STM32H7xx_HAL_Driver/Src/stm32h7xx_hal_dma.c ****   }
 2025              		.loc 1 503 29 view .LVU646
 2026 013e 3F23     		movs	r3, #63
 2027 0140 9340     		lsls	r3, r3, r2
 503:Drivers/STM32H7xx_HAL_Driver/Src/stm32h7xx_hal_dma.c ****   }
 2028              		.loc 1 503 20 view .LVU647
 2029 0142 8360     		str	r3, [r0, #8]
 2030              	.LVL104:
 2031              	.L108:
 540:Drivers/STM32H7xx_HAL_Driver/Src/stm32h7xx_hal_dma.c **** 
 2032              		.loc 1 540 5 is_stmt 1 view .LVU648
 2033 0144 2046     		mov	r0, r4
 2034 0146 FFF7FEFF 		bl	DMA_CalcDMAMUXChannelBaseAndMask
 2035              	.LVL105:
 542:Drivers/STM32H7xx_HAL_Driver/Src/stm32h7xx_hal_dma.c ****     {
 2036              		.loc 1 542 5 view .LVU649
 542:Drivers/STM32H7xx_HAL_Driver/Src/stm32h7xx_hal_dma.c ****     {
 2037              		.loc 1 542 12 is_stmt 0 view .LVU650
 2038 014a 236E     		ldr	r3, [r4, #96]
 542:Drivers/STM32H7xx_HAL_Driver/Src/stm32h7xx_hal_dma.c ****     {
 2039              		.loc 1 542 7 view .LVU651
 2040 014c 23B1     		cbz	r3, .L109
 545:Drivers/STM32H7xx_HAL_Driver/Src/stm32h7xx_hal_dma.c **** 
 2041              		.loc 1 545 7 is_stmt 1 view .LVU652
 545:Drivers/STM32H7xx_HAL_Driver/Src/stm32h7xx_hal_dma.c **** 
 2042              		.loc 1 545 32 is_stmt 0 view .LVU653
 2043 014e 0022     		movs	r2, #0
 2044 0150 1A60     		str	r2, [r3]
 548:Drivers/STM32H7xx_HAL_Driver/Src/stm32h7xx_hal_dma.c ****     }
 2045              		.loc 1 548 7 is_stmt 1 view .LVU654
 548:Drivers/STM32H7xx_HAL_Driver/Src/stm32h7xx_hal_dma.c ****     }
 2046              		.loc 1 548 11 is_stmt 0 view .LVU655
 2047 0152 636E     		ldr	r3, [r4, #100]
 548:Drivers/STM32H7xx_HAL_Driver/Src/stm32h7xx_hal_dma.c ****     }
 2048              		.loc 1 548 44 view .LVU656
 2049 0154 A26E     		ldr	r2, [r4, #104]
 548:Drivers/STM32H7xx_HAL_Driver/Src/stm32h7xx_hal_dma.c ****     }
 2050              		.loc 1 548 38 view .LVU657
 2051 0156 5A60     		str	r2, [r3, #4]
 2052              	.L109:
 551:Drivers/STM32H7xx_HAL_Driver/Src/stm32h7xx_hal_dma.c ****     {
 2053              		.loc 1 551 5 is_stmt 1 view .LVU658
 551:Drivers/STM32H7xx_HAL_Driver/Src/stm32h7xx_hal_dma.c ****     {
 2054              		.loc 1 551 19 is_stmt 0 view .LVU659
 2055 0158 6368     		ldr	r3, [r4, #4]
 551:Drivers/STM32H7xx_HAL_Driver/Src/stm32h7xx_hal_dma.c ****     {
 2056              		.loc 1 551 55 view .LVU660
 2057 015a 013B     		subs	r3, r3, #1
ARM GAS  /tmp/ccMjPS5V.s 			page 81


 551:Drivers/STM32H7xx_HAL_Driver/Src/stm32h7xx_hal_dma.c ****     {
 2058              		.loc 1 551 7 view .LVU661
 2059 015c 072B     		cmp	r3, #7
 2060 015e 23D9     		bls	.L118
 2061              	.L110:
 564:Drivers/STM32H7xx_HAL_Driver/Src/stm32h7xx_hal_dma.c ****     hdma->DMAmuxRequestGenStatus = 0U;
 2062              		.loc 1 564 5 is_stmt 1 view .LVU662
 564:Drivers/STM32H7xx_HAL_Driver/Src/stm32h7xx_hal_dma.c ****     hdma->DMAmuxRequestGenStatus = 0U;
 2063              		.loc 1 564 28 is_stmt 0 view .LVU663
 2064 0160 0020     		movs	r0, #0
 2065 0162 E066     		str	r0, [r4, #108]
 565:Drivers/STM32H7xx_HAL_Driver/Src/stm32h7xx_hal_dma.c ****     hdma->DMAmuxRequestGenStatusMask = 0U;
 2066              		.loc 1 565 5 is_stmt 1 view .LVU664
 565:Drivers/STM32H7xx_HAL_Driver/Src/stm32h7xx_hal_dma.c ****     hdma->DMAmuxRequestGenStatusMask = 0U;
 2067              		.loc 1 565 34 is_stmt 0 view .LVU665
 2068 0164 2067     		str	r0, [r4, #112]
 566:Drivers/STM32H7xx_HAL_Driver/Src/stm32h7xx_hal_dma.c ****   }
 2069              		.loc 1 566 5 is_stmt 1 view .LVU666
 566:Drivers/STM32H7xx_HAL_Driver/Src/stm32h7xx_hal_dma.c ****   }
 2070              		.loc 1 566 38 is_stmt 0 view .LVU667
 2071 0166 6067     		str	r0, [r4, #116]
 571:Drivers/STM32H7xx_HAL_Driver/Src/stm32h7xx_hal_dma.c ****   hdma->XferHalfCpltCallback   = NULL;
 2072              		.loc 1 571 3 is_stmt 1 view .LVU668
 571:Drivers/STM32H7xx_HAL_Driver/Src/stm32h7xx_hal_dma.c ****   hdma->XferHalfCpltCallback   = NULL;
 2073              		.loc 1 571 32 is_stmt 0 view .LVU669
 2074 0168 E063     		str	r0, [r4, #60]
 572:Drivers/STM32H7xx_HAL_Driver/Src/stm32h7xx_hal_dma.c ****   hdma->XferM1CpltCallback     = NULL;
 2075              		.loc 1 572 3 is_stmt 1 view .LVU670
 572:Drivers/STM32H7xx_HAL_Driver/Src/stm32h7xx_hal_dma.c ****   hdma->XferM1CpltCallback     = NULL;
 2076              		.loc 1 572 32 is_stmt 0 view .LVU671
 2077 016a 2064     		str	r0, [r4, #64]
 573:Drivers/STM32H7xx_HAL_Driver/Src/stm32h7xx_hal_dma.c ****   hdma->XferM1HalfCpltCallback = NULL;
 2078              		.loc 1 573 3 is_stmt 1 view .LVU672
 573:Drivers/STM32H7xx_HAL_Driver/Src/stm32h7xx_hal_dma.c ****   hdma->XferM1HalfCpltCallback = NULL;
 2079              		.loc 1 573 32 is_stmt 0 view .LVU673
 2080 016c 6064     		str	r0, [r4, #68]
 574:Drivers/STM32H7xx_HAL_Driver/Src/stm32h7xx_hal_dma.c ****   hdma->XferErrorCallback      = NULL;
 2081              		.loc 1 574 3 is_stmt 1 view .LVU674
 574:Drivers/STM32H7xx_HAL_Driver/Src/stm32h7xx_hal_dma.c ****   hdma->XferErrorCallback      = NULL;
 2082              		.loc 1 574 32 is_stmt 0 view .LVU675
 2083 016e A064     		str	r0, [r4, #72]
 575:Drivers/STM32H7xx_HAL_Driver/Src/stm32h7xx_hal_dma.c ****   hdma->XferAbortCallback      = NULL;
 2084              		.loc 1 575 3 is_stmt 1 view .LVU676
 575:Drivers/STM32H7xx_HAL_Driver/Src/stm32h7xx_hal_dma.c ****   hdma->XferAbortCallback      = NULL;
 2085              		.loc 1 575 32 is_stmt 0 view .LVU677
 2086 0170 E064     		str	r0, [r4, #76]
 576:Drivers/STM32H7xx_HAL_Driver/Src/stm32h7xx_hal_dma.c **** 
 2087              		.loc 1 576 3 is_stmt 1 view .LVU678
 576:Drivers/STM32H7xx_HAL_Driver/Src/stm32h7xx_hal_dma.c **** 
 2088              		.loc 1 576 32 is_stmt 0 view .LVU679
 2089 0172 2065     		str	r0, [r4, #80]
 579:Drivers/STM32H7xx_HAL_Driver/Src/stm32h7xx_hal_dma.c **** 
 2090              		.loc 1 579 3 is_stmt 1 view .LVU680
 579:Drivers/STM32H7xx_HAL_Driver/Src/stm32h7xx_hal_dma.c **** 
 2091              		.loc 1 579 19 is_stmt 0 view .LVU681
 2092 0174 6065     		str	r0, [r4, #84]
 582:Drivers/STM32H7xx_HAL_Driver/Src/stm32h7xx_hal_dma.c **** 
ARM GAS  /tmp/ccMjPS5V.s 			page 82


 2093              		.loc 1 582 3 is_stmt 1 view .LVU682
 582:Drivers/STM32H7xx_HAL_Driver/Src/stm32h7xx_hal_dma.c **** 
 2094              		.loc 1 582 15 is_stmt 0 view .LVU683
 2095 0176 84F83500 		strb	r0, [r4, #53]
 585:Drivers/STM32H7xx_HAL_Driver/Src/stm32h7xx_hal_dma.c **** 
 2096              		.loc 1 585 3 is_stmt 1 view .LVU684
 585:Drivers/STM32H7xx_HAL_Driver/Src/stm32h7xx_hal_dma.c **** 
 2097              		.loc 1 585 3 view .LVU685
 2098 017a 84F83400 		strb	r0, [r4, #52]
 585:Drivers/STM32H7xx_HAL_Driver/Src/stm32h7xx_hal_dma.c **** 
 2099              		.loc 1 585 3 view .LVU686
 587:Drivers/STM32H7xx_HAL_Driver/Src/stm32h7xx_hal_dma.c **** }
 2100              		.loc 1 587 3 view .LVU687
 2101              	.L101:
 588:Drivers/STM32H7xx_HAL_Driver/Src/stm32h7xx_hal_dma.c **** 
 2102              		.loc 1 588 1 is_stmt 0 view .LVU688
 2103 017e 10BD     		pop	{r4, pc}
 2104              	.LVL106:
 2105              	.L106:
 508:Drivers/STM32H7xx_HAL_Driver/Src/stm32h7xx_hal_dma.c **** 
 2106              		.loc 1 508 5 is_stmt 1 view .LVU689
 508:Drivers/STM32H7xx_HAL_Driver/Src/stm32h7xx_hal_dma.c **** 
 2107              		.loc 1 508 52 is_stmt 0 view .LVU690
 2108 0180 0022     		movs	r2, #0
 2109 0182 1A60     		str	r2, [r3]
 511:Drivers/STM32H7xx_HAL_Driver/Src/stm32h7xx_hal_dma.c **** 
 2110              		.loc 1 511 5 is_stmt 1 view .LVU691
 511:Drivers/STM32H7xx_HAL_Driver/Src/stm32h7xx_hal_dma.c **** 
 2111              		.loc 1 511 34 is_stmt 0 view .LVU692
 2112 0184 2368     		ldr	r3, [r4]
 511:Drivers/STM32H7xx_HAL_Driver/Src/stm32h7xx_hal_dma.c **** 
 2113              		.loc 1 511 53 view .LVU693
 2114 0186 5A60     		str	r2, [r3, #4]
 514:Drivers/STM32H7xx_HAL_Driver/Src/stm32h7xx_hal_dma.c **** 
 2115              		.loc 1 514 5 is_stmt 1 view .LVU694
 514:Drivers/STM32H7xx_HAL_Driver/Src/stm32h7xx_hal_dma.c **** 
 2116              		.loc 1 514 34 is_stmt 0 view .LVU695
 2117 0188 2368     		ldr	r3, [r4]
 514:Drivers/STM32H7xx_HAL_Driver/Src/stm32h7xx_hal_dma.c **** 
 2118              		.loc 1 514 53 view .LVU696
 2119 018a 9A60     		str	r2, [r3, #8]
 517:Drivers/STM32H7xx_HAL_Driver/Src/stm32h7xx_hal_dma.c **** 
 2120              		.loc 1 517 5 is_stmt 1 view .LVU697
 517:Drivers/STM32H7xx_HAL_Driver/Src/stm32h7xx_hal_dma.c **** 
 2121              		.loc 1 517 34 is_stmt 0 view .LVU698
 2122 018c 2368     		ldr	r3, [r4]
 517:Drivers/STM32H7xx_HAL_Driver/Src/stm32h7xx_hal_dma.c **** 
 2123              		.loc 1 517 53 view .LVU699
 2124 018e DA60     		str	r2, [r3, #12]
 520:Drivers/STM32H7xx_HAL_Driver/Src/stm32h7xx_hal_dma.c **** 
 2125              		.loc 1 520 5 is_stmt 1 view .LVU700
 520:Drivers/STM32H7xx_HAL_Driver/Src/stm32h7xx_hal_dma.c **** 
 2126              		.loc 1 520 34 is_stmt 0 view .LVU701
 2127 0190 2368     		ldr	r3, [r4]
 520:Drivers/STM32H7xx_HAL_Driver/Src/stm32h7xx_hal_dma.c **** 
 2128              		.loc 1 520 53 view .LVU702
 2129 0192 1A61     		str	r2, [r3, #16]
ARM GAS  /tmp/ccMjPS5V.s 			page 83


 523:Drivers/STM32H7xx_HAL_Driver/Src/stm32h7xx_hal_dma.c **** 
 2130              		.loc 1 523 5 is_stmt 1 view .LVU703
 523:Drivers/STM32H7xx_HAL_Driver/Src/stm32h7xx_hal_dma.c **** 
 2131              		.loc 1 523 40 is_stmt 0 view .LVU704
 2132 0194 2046     		mov	r0, r4
 2133              	.LVL107:
 523:Drivers/STM32H7xx_HAL_Driver/Src/stm32h7xx_hal_dma.c **** 
 2134              		.loc 1 523 40 view .LVU705
 2135 0196 FFF7FEFF 		bl	DMA_CalcBaseAndBitshift
 2136              	.LVL108:
 526:Drivers/STM32H7xx_HAL_Driver/Src/stm32h7xx_hal_dma.c ****   }
 2137              		.loc 1 526 5 is_stmt 1 view .LVU706
 526:Drivers/STM32H7xx_HAL_Driver/Src/stm32h7xx_hal_dma.c ****   }
 2138              		.loc 1 526 50 is_stmt 0 view .LVU707
 2139 019a E36D     		ldr	r3, [r4, #92]
 526:Drivers/STM32H7xx_HAL_Driver/Src/stm32h7xx_hal_dma.c ****   }
 2140              		.loc 1 526 64 view .LVU708
 2141 019c 03F01F02 		and	r2, r3, #31
 526:Drivers/STM32H7xx_HAL_Driver/Src/stm32h7xx_hal_dma.c ****   }
 2142              		.loc 1 526 42 view .LVU709
 2143 01a0 0123     		movs	r3, #1
 2144 01a2 9340     		lsls	r3, r3, r2
 526:Drivers/STM32H7xx_HAL_Driver/Src/stm32h7xx_hal_dma.c ****   }
 2145              		.loc 1 526 21 view .LVU710
 2146 01a4 4360     		str	r3, [r0, #4]
 2147 01a6 CDE7     		b	.L108
 2148              	.LVL109:
 2149              	.L118:
 555:Drivers/STM32H7xx_HAL_Driver/Src/stm32h7xx_hal_dma.c **** 
 2150              		.loc 1 555 7 is_stmt 1 view .LVU711
 2151 01a8 2046     		mov	r0, r4
 2152 01aa FFF7FEFF 		bl	DMA_CalcDMAMUXRequestGenBaseAndMask
 2153              	.LVL110:
 558:Drivers/STM32H7xx_HAL_Driver/Src/stm32h7xx_hal_dma.c **** 
 2154              		.loc 1 558 7 view .LVU712
 558:Drivers/STM32H7xx_HAL_Driver/Src/stm32h7xx_hal_dma.c **** 
 2155              		.loc 1 558 11 is_stmt 0 view .LVU713
 2156 01ae E36E     		ldr	r3, [r4, #108]
 558:Drivers/STM32H7xx_HAL_Driver/Src/stm32h7xx_hal_dma.c **** 
 2157              		.loc 1 558 36 view .LVU714
 2158 01b0 0022     		movs	r2, #0
 2159 01b2 1A60     		str	r2, [r3]
 561:Drivers/STM32H7xx_HAL_Driver/Src/stm32h7xx_hal_dma.c ****     }
 2160              		.loc 1 561 7 is_stmt 1 view .LVU715
 561:Drivers/STM32H7xx_HAL_Driver/Src/stm32h7xx_hal_dma.c ****     }
 2161              		.loc 1 561 11 is_stmt 0 view .LVU716
 2162 01b4 236F     		ldr	r3, [r4, #112]
 561:Drivers/STM32H7xx_HAL_Driver/Src/stm32h7xx_hal_dma.c ****     }
 2163              		.loc 1 561 49 view .LVU717
 2164 01b6 626F     		ldr	r2, [r4, #116]
 561:Drivers/STM32H7xx_HAL_Driver/Src/stm32h7xx_hal_dma.c ****     }
 2165              		.loc 1 561 43 view .LVU718
 2166 01b8 5A60     		str	r2, [r3, #4]
 2167 01ba D1E7     		b	.L110
 2168              	.LVL111:
 2169              	.L111:
 2170              	.LCFI10:
ARM GAS  /tmp/ccMjPS5V.s 			page 84


 2171              		.cfi_def_cfa_offset 0
 2172              		.cfi_restore 4
 2173              		.cfi_restore 14
 473:Drivers/STM32H7xx_HAL_Driver/Src/stm32h7xx_hal_dma.c ****   }
 2174              		.loc 1 473 12 view .LVU719
 2175 01bc 0120     		movs	r0, #1
 2176              	.LVL112:
 588:Drivers/STM32H7xx_HAL_Driver/Src/stm32h7xx_hal_dma.c **** 
 2177              		.loc 1 588 1 view .LVU720
 2178 01be 7047     		bx	lr
 2179              	.L120:
 2180              		.align	2
 2181              	.L119:
 2182 01c0 10000240 		.word	1073872912
 2183 01c4 28000240 		.word	1073872936
 2184 01c8 08540258 		.word	1476547592
 2185 01cc 1C540258 		.word	1476547612
 2186 01d0 30540258 		.word	1476547632
 2187              		.cfi_endproc
 2188              	.LFE147:
 2190              		.section	.text.HAL_DMA_Start,"ax",%progbits
 2191              		.align	1
 2192              		.global	HAL_DMA_Start
 2193              		.syntax unified
 2194              		.thumb
 2195              		.thumb_func
 2197              	HAL_DMA_Start:
 2198              	.LVL113:
 2199              	.LFB148:
 623:Drivers/STM32H7xx_HAL_Driver/Src/stm32h7xx_hal_dma.c ****   HAL_StatusTypeDef status = HAL_OK;
 2200              		.loc 1 623 1 is_stmt 1 view -0
 2201              		.cfi_startproc
 2202              		@ args = 0, pretend = 0, frame = 0
 2203              		@ frame_needed = 0, uses_anonymous_args = 0
 624:Drivers/STM32H7xx_HAL_Driver/Src/stm32h7xx_hal_dma.c **** 
 2204              		.loc 1 624 3 view .LVU722
 627:Drivers/STM32H7xx_HAL_Driver/Src/stm32h7xx_hal_dma.c **** 
 2205              		.loc 1 627 3 view .LVU723
 630:Drivers/STM32H7xx_HAL_Driver/Src/stm32h7xx_hal_dma.c ****   {
 2206              		.loc 1 630 3 view .LVU724
 630:Drivers/STM32H7xx_HAL_Driver/Src/stm32h7xx_hal_dma.c ****   {
 2207              		.loc 1 630 5 is_stmt 0 view .LVU725
 2208 0000 0028     		cmp	r0, #0
 2209 0002 00F09880 		beq	.L129
 623:Drivers/STM32H7xx_HAL_Driver/Src/stm32h7xx_hal_dma.c ****   HAL_StatusTypeDef status = HAL_OK;
 2210              		.loc 1 623 1 view .LVU726
 2211 0006 70B5     		push	{r4, r5, r6, lr}
 2212              	.LCFI11:
 2213              		.cfi_def_cfa_offset 16
 2214              		.cfi_offset 4, -16
 2215              		.cfi_offset 5, -12
 2216              		.cfi_offset 6, -8
 2217              		.cfi_offset 14, -4
 2218 0008 0446     		mov	r4, r0
 636:Drivers/STM32H7xx_HAL_Driver/Src/stm32h7xx_hal_dma.c **** 
 2219              		.loc 1 636 3 is_stmt 1 view .LVU727
 636:Drivers/STM32H7xx_HAL_Driver/Src/stm32h7xx_hal_dma.c **** 
ARM GAS  /tmp/ccMjPS5V.s 			page 85


 2220              		.loc 1 636 3 view .LVU728
 2221 000a 90F83400 		ldrb	r0, [r0, #52]	@ zero_extendqisi2
 2222              	.LVL114:
 636:Drivers/STM32H7xx_HAL_Driver/Src/stm32h7xx_hal_dma.c **** 
 2223              		.loc 1 636 3 is_stmt 0 view .LVU729
 2224 000e 0128     		cmp	r0, #1
 2225 0010 00F09380 		beq	.L130
 636:Drivers/STM32H7xx_HAL_Driver/Src/stm32h7xx_hal_dma.c **** 
 2226              		.loc 1 636 3 is_stmt 1 discriminator 2 view .LVU730
 2227 0014 0120     		movs	r0, #1
 2228 0016 84F83400 		strb	r0, [r4, #52]
 636:Drivers/STM32H7xx_HAL_Driver/Src/stm32h7xx_hal_dma.c **** 
 2229              		.loc 1 636 3 discriminator 2 view .LVU731
 638:Drivers/STM32H7xx_HAL_Driver/Src/stm32h7xx_hal_dma.c ****   {
 2230              		.loc 1 638 3 view .LVU732
 638:Drivers/STM32H7xx_HAL_Driver/Src/stm32h7xx_hal_dma.c ****   {
 2231              		.loc 1 638 33 is_stmt 0 view .LVU733
 2232 001a 94F83500 		ldrb	r0, [r4, #53]	@ zero_extendqisi2
 2233 001e C0B2     		uxtb	r0, r0
 638:Drivers/STM32H7xx_HAL_Driver/Src/stm32h7xx_hal_dma.c ****   {
 2234              		.loc 1 638 5 view .LVU734
 2235 0020 0128     		cmp	r0, #1
 2236 0022 07D0     		beq	.L135
 658:Drivers/STM32H7xx_HAL_Driver/Src/stm32h7xx_hal_dma.c **** 
 2237              		.loc 1 658 5 is_stmt 1 view .LVU735
 658:Drivers/STM32H7xx_HAL_Driver/Src/stm32h7xx_hal_dma.c **** 
 2238              		.loc 1 658 21 is_stmt 0 view .LVU736
 2239 0024 4FF40063 		mov	r3, #2048
 2240              	.LVL115:
 658:Drivers/STM32H7xx_HAL_Driver/Src/stm32h7xx_hal_dma.c **** 
 2241              		.loc 1 658 21 view .LVU737
 2242 0028 6365     		str	r3, [r4, #84]
 661:Drivers/STM32H7xx_HAL_Driver/Src/stm32h7xx_hal_dma.c **** 
 2243              		.loc 1 661 5 is_stmt 1 view .LVU738
 661:Drivers/STM32H7xx_HAL_Driver/Src/stm32h7xx_hal_dma.c **** 
 2244              		.loc 1 661 5 view .LVU739
 2245 002a 0023     		movs	r3, #0
 2246 002c 84F83430 		strb	r3, [r4, #52]
 661:Drivers/STM32H7xx_HAL_Driver/Src/stm32h7xx_hal_dma.c **** 
 2247              		.loc 1 661 5 view .LVU740
 664:Drivers/STM32H7xx_HAL_Driver/Src/stm32h7xx_hal_dma.c ****   }
 2248              		.loc 1 664 5 view .LVU741
 2249              	.LVL116:
 664:Drivers/STM32H7xx_HAL_Driver/Src/stm32h7xx_hal_dma.c ****   }
 2250              		.loc 1 664 12 is_stmt 0 view .LVU742
 2251 0030 0120     		movs	r0, #1
 2252              	.LVL117:
 2253              	.L122:
 667:Drivers/STM32H7xx_HAL_Driver/Src/stm32h7xx_hal_dma.c **** 
 2254              		.loc 1 667 1 view .LVU743
 2255 0032 70BD     		pop	{r4, r5, r6, pc}
 2256              	.LVL118:
 2257              	.L135:
 641:Drivers/STM32H7xx_HAL_Driver/Src/stm32h7xx_hal_dma.c **** 
 2258              		.loc 1 641 5 is_stmt 1 view .LVU744
 641:Drivers/STM32H7xx_HAL_Driver/Src/stm32h7xx_hal_dma.c **** 
 2259              		.loc 1 641 17 is_stmt 0 view .LVU745
ARM GAS  /tmp/ccMjPS5V.s 			page 86


 2260 0034 0220     		movs	r0, #2
 2261 0036 84F83500 		strb	r0, [r4, #53]
 644:Drivers/STM32H7xx_HAL_Driver/Src/stm32h7xx_hal_dma.c **** 
 2262              		.loc 1 644 5 is_stmt 1 view .LVU746
 644:Drivers/STM32H7xx_HAL_Driver/Src/stm32h7xx_hal_dma.c **** 
 2263              		.loc 1 644 21 is_stmt 0 view .LVU747
 2264 003a 0020     		movs	r0, #0
 2265 003c 6065     		str	r0, [r4, #84]
 647:Drivers/STM32H7xx_HAL_Driver/Src/stm32h7xx_hal_dma.c **** 
 2266              		.loc 1 647 5 is_stmt 1 view .LVU748
 2267 003e 2068     		ldr	r0, [r4]
 2268 0040 3F4E     		ldr	r6, .L136
 2269 0042 404D     		ldr	r5, .L136+4
 2270 0044 A842     		cmp	r0, r5
 2271 0046 18BF     		it	ne
 2272 0048 B042     		cmpne	r0, r6
 2273 004a 2FD0     		beq	.L124
 647:Drivers/STM32H7xx_HAL_Driver/Src/stm32h7xx_hal_dma.c **** 
 2274              		.loc 1 647 5 is_stmt 0 discriminator 2 view .LVU749
 2275 004c 1835     		adds	r5, r5, #24
 2276 004e A842     		cmp	r0, r5
 2277 0050 2CD0     		beq	.L124
 647:Drivers/STM32H7xx_HAL_Driver/Src/stm32h7xx_hal_dma.c **** 
 2278              		.loc 1 647 5 discriminator 4 view .LVU750
 2279 0052 1835     		adds	r5, r5, #24
 2280 0054 A842     		cmp	r0, r5
 2281 0056 29D0     		beq	.L124
 647:Drivers/STM32H7xx_HAL_Driver/Src/stm32h7xx_hal_dma.c **** 
 2282              		.loc 1 647 5 discriminator 6 view .LVU751
 2283 0058 1835     		adds	r5, r5, #24
 2284 005a A842     		cmp	r0, r5
 2285 005c 26D0     		beq	.L124
 647:Drivers/STM32H7xx_HAL_Driver/Src/stm32h7xx_hal_dma.c **** 
 2286              		.loc 1 647 5 discriminator 8 view .LVU752
 2287 005e 1835     		adds	r5, r5, #24
 2288 0060 A842     		cmp	r0, r5
 2289 0062 23D0     		beq	.L124
 647:Drivers/STM32H7xx_HAL_Driver/Src/stm32h7xx_hal_dma.c **** 
 2290              		.loc 1 647 5 discriminator 10 view .LVU753
 2291 0064 1835     		adds	r5, r5, #24
 2292 0066 A842     		cmp	r0, r5
 2293 0068 20D0     		beq	.L124
 647:Drivers/STM32H7xx_HAL_Driver/Src/stm32h7xx_hal_dma.c **** 
 2294              		.loc 1 647 5 discriminator 12 view .LVU754
 2295 006a 1835     		adds	r5, r5, #24
 2296 006c A842     		cmp	r0, r5
 2297 006e 1DD0     		beq	.L124
 647:Drivers/STM32H7xx_HAL_Driver/Src/stm32h7xx_hal_dma.c **** 
 2298              		.loc 1 647 5 discriminator 14 view .LVU755
 2299 0070 05F55675 		add	r5, r5, #856
 2300 0074 A842     		cmp	r0, r5
 2301 0076 19D0     		beq	.L124
 647:Drivers/STM32H7xx_HAL_Driver/Src/stm32h7xx_hal_dma.c **** 
 2302              		.loc 1 647 5 discriminator 16 view .LVU756
 2303 0078 1835     		adds	r5, r5, #24
 2304 007a A842     		cmp	r0, r5
 2305 007c 16D0     		beq	.L124
ARM GAS  /tmp/ccMjPS5V.s 			page 87


 647:Drivers/STM32H7xx_HAL_Driver/Src/stm32h7xx_hal_dma.c **** 
 2306              		.loc 1 647 5 discriminator 18 view .LVU757
 2307 007e 1835     		adds	r5, r5, #24
 2308 0080 A842     		cmp	r0, r5
 2309 0082 13D0     		beq	.L124
 647:Drivers/STM32H7xx_HAL_Driver/Src/stm32h7xx_hal_dma.c **** 
 2310              		.loc 1 647 5 discriminator 20 view .LVU758
 2311 0084 1835     		adds	r5, r5, #24
 2312 0086 A842     		cmp	r0, r5
 2313 0088 10D0     		beq	.L124
 647:Drivers/STM32H7xx_HAL_Driver/Src/stm32h7xx_hal_dma.c **** 
 2314              		.loc 1 647 5 discriminator 22 view .LVU759
 2315 008a 1835     		adds	r5, r5, #24
 2316 008c A842     		cmp	r0, r5
 2317 008e 0DD0     		beq	.L124
 647:Drivers/STM32H7xx_HAL_Driver/Src/stm32h7xx_hal_dma.c **** 
 2318              		.loc 1 647 5 discriminator 24 view .LVU760
 2319 0090 1835     		adds	r5, r5, #24
 2320 0092 A842     		cmp	r0, r5
 2321 0094 0AD0     		beq	.L124
 647:Drivers/STM32H7xx_HAL_Driver/Src/stm32h7xx_hal_dma.c **** 
 2322              		.loc 1 647 5 discriminator 26 view .LVU761
 2323 0096 1835     		adds	r5, r5, #24
 2324 0098 A842     		cmp	r0, r5
 2325 009a 07D0     		beq	.L124
 647:Drivers/STM32H7xx_HAL_Driver/Src/stm32h7xx_hal_dma.c **** 
 2326              		.loc 1 647 5 discriminator 28 view .LVU762
 2327 009c 1835     		adds	r5, r5, #24
 2328 009e A842     		cmp	r0, r5
 2329 00a0 04D0     		beq	.L124
 647:Drivers/STM32H7xx_HAL_Driver/Src/stm32h7xx_hal_dma.c **** 
 2330              		.loc 1 647 5 discriminator 30 view .LVU763
 2331 00a2 0568     		ldr	r5, [r0]
 2332 00a4 25F00105 		bic	r5, r5, #1
 2333 00a8 0560     		str	r5, [r0]
 2334 00aa 03E0     		b	.L126
 2335              	.L124:
 647:Drivers/STM32H7xx_HAL_Driver/Src/stm32h7xx_hal_dma.c **** 
 2336              		.loc 1 647 5 discriminator 29 view .LVU764
 2337 00ac 0568     		ldr	r5, [r0]
 2338 00ae 25F00105 		bic	r5, r5, #1
 2339 00b2 0560     		str	r5, [r0]
 2340              	.L126:
 650:Drivers/STM32H7xx_HAL_Driver/Src/stm32h7xx_hal_dma.c **** 
 2341              		.loc 1 650 5 is_stmt 1 view .LVU765
 2342 00b4 2046     		mov	r0, r4
 2343 00b6 FFF7FEFF 		bl	DMA_SetConfig
 2344              	.LVL119:
 653:Drivers/STM32H7xx_HAL_Driver/Src/stm32h7xx_hal_dma.c ****   }
 2345              		.loc 1 653 5 view .LVU766
 2346 00ba 2368     		ldr	r3, [r4]
 2347 00bc 2049     		ldr	r1, .L136
 2348 00be 214A     		ldr	r2, .L136+4
 2349 00c0 9342     		cmp	r3, r2
 2350 00c2 18BF     		it	ne
 2351 00c4 8B42     		cmpne	r3, r1
 2352 00c6 30D0     		beq	.L127
ARM GAS  /tmp/ccMjPS5V.s 			page 88


 653:Drivers/STM32H7xx_HAL_Driver/Src/stm32h7xx_hal_dma.c ****   }
 2353              		.loc 1 653 5 is_stmt 0 discriminator 2 view .LVU767
 2354 00c8 1832     		adds	r2, r2, #24
 2355 00ca 9342     		cmp	r3, r2
 2356 00cc 2DD0     		beq	.L127
 653:Drivers/STM32H7xx_HAL_Driver/Src/stm32h7xx_hal_dma.c ****   }
 2357              		.loc 1 653 5 discriminator 4 view .LVU768
 2358 00ce 1832     		adds	r2, r2, #24
 2359 00d0 9342     		cmp	r3, r2
 2360 00d2 2AD0     		beq	.L127
 653:Drivers/STM32H7xx_HAL_Driver/Src/stm32h7xx_hal_dma.c ****   }
 2361              		.loc 1 653 5 discriminator 6 view .LVU769
 2362 00d4 1832     		adds	r2, r2, #24
 2363 00d6 9342     		cmp	r3, r2
 2364 00d8 27D0     		beq	.L127
 653:Drivers/STM32H7xx_HAL_Driver/Src/stm32h7xx_hal_dma.c ****   }
 2365              		.loc 1 653 5 discriminator 8 view .LVU770
 2366 00da 1832     		adds	r2, r2, #24
 2367 00dc 9342     		cmp	r3, r2
 2368 00de 24D0     		beq	.L127
 653:Drivers/STM32H7xx_HAL_Driver/Src/stm32h7xx_hal_dma.c ****   }
 2369              		.loc 1 653 5 discriminator 10 view .LVU771
 2370 00e0 1832     		adds	r2, r2, #24
 2371 00e2 9342     		cmp	r3, r2
 2372 00e4 21D0     		beq	.L127
 653:Drivers/STM32H7xx_HAL_Driver/Src/stm32h7xx_hal_dma.c ****   }
 2373              		.loc 1 653 5 discriminator 12 view .LVU772
 2374 00e6 1832     		adds	r2, r2, #24
 2375 00e8 9342     		cmp	r3, r2
 2376 00ea 1ED0     		beq	.L127
 653:Drivers/STM32H7xx_HAL_Driver/Src/stm32h7xx_hal_dma.c ****   }
 2377              		.loc 1 653 5 discriminator 14 view .LVU773
 2378 00ec 02F55672 		add	r2, r2, #856
 2379 00f0 9342     		cmp	r3, r2
 2380 00f2 1AD0     		beq	.L127
 653:Drivers/STM32H7xx_HAL_Driver/Src/stm32h7xx_hal_dma.c ****   }
 2381              		.loc 1 653 5 discriminator 16 view .LVU774
 2382 00f4 1832     		adds	r2, r2, #24
 2383 00f6 9342     		cmp	r3, r2
 2384 00f8 17D0     		beq	.L127
 653:Drivers/STM32H7xx_HAL_Driver/Src/stm32h7xx_hal_dma.c ****   }
 2385              		.loc 1 653 5 discriminator 18 view .LVU775
 2386 00fa 1832     		adds	r2, r2, #24
 2387 00fc 9342     		cmp	r3, r2
 2388 00fe 14D0     		beq	.L127
 653:Drivers/STM32H7xx_HAL_Driver/Src/stm32h7xx_hal_dma.c ****   }
 2389              		.loc 1 653 5 discriminator 20 view .LVU776
 2390 0100 1832     		adds	r2, r2, #24
 2391 0102 9342     		cmp	r3, r2
 2392 0104 11D0     		beq	.L127
 653:Drivers/STM32H7xx_HAL_Driver/Src/stm32h7xx_hal_dma.c ****   }
 2393              		.loc 1 653 5 discriminator 22 view .LVU777
 2394 0106 1832     		adds	r2, r2, #24
 2395 0108 9342     		cmp	r3, r2
 2396 010a 0ED0     		beq	.L127
 653:Drivers/STM32H7xx_HAL_Driver/Src/stm32h7xx_hal_dma.c ****   }
 2397              		.loc 1 653 5 discriminator 24 view .LVU778
ARM GAS  /tmp/ccMjPS5V.s 			page 89


 2398 010c 1832     		adds	r2, r2, #24
 2399 010e 9342     		cmp	r3, r2
 2400 0110 0BD0     		beq	.L127
 653:Drivers/STM32H7xx_HAL_Driver/Src/stm32h7xx_hal_dma.c ****   }
 2401              		.loc 1 653 5 discriminator 26 view .LVU779
 2402 0112 1832     		adds	r2, r2, #24
 2403 0114 9342     		cmp	r3, r2
 2404 0116 08D0     		beq	.L127
 653:Drivers/STM32H7xx_HAL_Driver/Src/stm32h7xx_hal_dma.c ****   }
 2405              		.loc 1 653 5 discriminator 28 view .LVU780
 2406 0118 1832     		adds	r2, r2, #24
 2407 011a 9342     		cmp	r3, r2
 2408 011c 05D0     		beq	.L127
 653:Drivers/STM32H7xx_HAL_Driver/Src/stm32h7xx_hal_dma.c ****   }
 2409              		.loc 1 653 5 discriminator 30 view .LVU781
 2410 011e 1A68     		ldr	r2, [r3]
 2411 0120 42F00102 		orr	r2, r2, #1
 2412 0124 1A60     		str	r2, [r3]
 624:Drivers/STM32H7xx_HAL_Driver/Src/stm32h7xx_hal_dma.c **** 
 2413              		.loc 1 624 21 view .LVU782
 2414 0126 0020     		movs	r0, #0
 2415 0128 83E7     		b	.L122
 2416              	.L127:
 653:Drivers/STM32H7xx_HAL_Driver/Src/stm32h7xx_hal_dma.c ****   }
 2417              		.loc 1 653 5 discriminator 29 view .LVU783
 2418 012a 1A68     		ldr	r2, [r3]
 2419 012c 42F00102 		orr	r2, r2, #1
 2420 0130 1A60     		str	r2, [r3]
 624:Drivers/STM32H7xx_HAL_Driver/Src/stm32h7xx_hal_dma.c **** 
 2421              		.loc 1 624 21 view .LVU784
 2422 0132 0020     		movs	r0, #0
 653:Drivers/STM32H7xx_HAL_Driver/Src/stm32h7xx_hal_dma.c ****   }
 2423              		.loc 1 653 5 view .LVU785
 2424 0134 7DE7     		b	.L122
 2425              	.LVL120:
 2426              	.L129:
 2427              	.LCFI12:
 2428              		.cfi_def_cfa_offset 0
 2429              		.cfi_restore 4
 2430              		.cfi_restore 5
 2431              		.cfi_restore 6
 2432              		.cfi_restore 14
 632:Drivers/STM32H7xx_HAL_Driver/Src/stm32h7xx_hal_dma.c ****   }
 2433              		.loc 1 632 12 view .LVU786
 2434 0136 0120     		movs	r0, #1
 2435              	.LVL121:
 667:Drivers/STM32H7xx_HAL_Driver/Src/stm32h7xx_hal_dma.c **** 
 2436              		.loc 1 667 1 view .LVU787
 2437 0138 7047     		bx	lr
 2438              	.LVL122:
 2439              	.L130:
 2440              	.LCFI13:
 2441              		.cfi_def_cfa_offset 16
 2442              		.cfi_offset 4, -16
 2443              		.cfi_offset 5, -12
 2444              		.cfi_offset 6, -8
 2445              		.cfi_offset 14, -4
ARM GAS  /tmp/ccMjPS5V.s 			page 90


 636:Drivers/STM32H7xx_HAL_Driver/Src/stm32h7xx_hal_dma.c **** 
 2446              		.loc 1 636 3 discriminator 1 view .LVU788
 2447 013a 0220     		movs	r0, #2
 2448 013c 79E7     		b	.L122
 2449              	.L137:
 2450 013e 00BF     		.align	2
 2451              	.L136:
 2452 0140 10000240 		.word	1073872912
 2453 0144 28000240 		.word	1073872936
 2454              		.cfi_endproc
 2455              	.LFE148:
 2457              		.section	.text.HAL_DMA_Start_IT,"ax",%progbits
 2458              		.align	1
 2459              		.global	HAL_DMA_Start_IT
 2460              		.syntax unified
 2461              		.thumb
 2462              		.thumb_func
 2464              	HAL_DMA_Start_IT:
 2465              	.LVL123:
 2466              	.LFB149:
 679:Drivers/STM32H7xx_HAL_Driver/Src/stm32h7xx_hal_dma.c ****   HAL_StatusTypeDef status = HAL_OK;
 2467              		.loc 1 679 1 is_stmt 1 view -0
 2468              		.cfi_startproc
 2469              		@ args = 0, pretend = 0, frame = 0
 2470              		@ frame_needed = 0, uses_anonymous_args = 0
 680:Drivers/STM32H7xx_HAL_Driver/Src/stm32h7xx_hal_dma.c **** 
 2471              		.loc 1 680 3 view .LVU790
 683:Drivers/STM32H7xx_HAL_Driver/Src/stm32h7xx_hal_dma.c **** 
 2472              		.loc 1 683 3 view .LVU791
 686:Drivers/STM32H7xx_HAL_Driver/Src/stm32h7xx_hal_dma.c ****   {
 2473              		.loc 1 686 3 view .LVU792
 686:Drivers/STM32H7xx_HAL_Driver/Src/stm32h7xx_hal_dma.c ****   {
 2474              		.loc 1 686 5 is_stmt 0 view .LVU793
 2475 0000 0028     		cmp	r0, #0
 2476 0002 00F03E81 		beq	.L152
 679:Drivers/STM32H7xx_HAL_Driver/Src/stm32h7xx_hal_dma.c ****   HAL_StatusTypeDef status = HAL_OK;
 2477              		.loc 1 679 1 view .LVU794
 2478 0006 70B5     		push	{r4, r5, r6, lr}
 2479              	.LCFI14:
 2480              		.cfi_def_cfa_offset 16
 2481              		.cfi_offset 4, -16
 2482              		.cfi_offset 5, -12
 2483              		.cfi_offset 6, -8
 2484              		.cfi_offset 14, -4
 2485 0008 0446     		mov	r4, r0
 692:Drivers/STM32H7xx_HAL_Driver/Src/stm32h7xx_hal_dma.c **** 
 2486              		.loc 1 692 3 is_stmt 1 view .LVU795
 692:Drivers/STM32H7xx_HAL_Driver/Src/stm32h7xx_hal_dma.c **** 
 2487              		.loc 1 692 3 view .LVU796
 2488 000a 90F83400 		ldrb	r0, [r0, #52]	@ zero_extendqisi2
 2489              	.LVL124:
 692:Drivers/STM32H7xx_HAL_Driver/Src/stm32h7xx_hal_dma.c **** 
 2490              		.loc 1 692 3 is_stmt 0 view .LVU797
 2491 000e 0128     		cmp	r0, #1
 2492 0010 00F03981 		beq	.L153
 692:Drivers/STM32H7xx_HAL_Driver/Src/stm32h7xx_hal_dma.c **** 
 2493              		.loc 1 692 3 is_stmt 1 discriminator 2 view .LVU798
ARM GAS  /tmp/ccMjPS5V.s 			page 91


 2494 0014 0120     		movs	r0, #1
 2495 0016 84F83400 		strb	r0, [r4, #52]
 692:Drivers/STM32H7xx_HAL_Driver/Src/stm32h7xx_hal_dma.c **** 
 2496              		.loc 1 692 3 discriminator 2 view .LVU799
 694:Drivers/STM32H7xx_HAL_Driver/Src/stm32h7xx_hal_dma.c ****   {
 2497              		.loc 1 694 3 view .LVU800
 694:Drivers/STM32H7xx_HAL_Driver/Src/stm32h7xx_hal_dma.c ****   {
 2498              		.loc 1 694 33 is_stmt 0 view .LVU801
 2499 001a 94F83500 		ldrb	r0, [r4, #53]	@ zero_extendqisi2
 2500 001e C0B2     		uxtb	r0, r0
 694:Drivers/STM32H7xx_HAL_Driver/Src/stm32h7xx_hal_dma.c ****   {
 2501              		.loc 1 694 5 view .LVU802
 2502 0020 0128     		cmp	r0, #1
 2503 0022 07D0     		beq	.L158
 754:Drivers/STM32H7xx_HAL_Driver/Src/stm32h7xx_hal_dma.c **** 
 2504              		.loc 1 754 5 is_stmt 1 view .LVU803
 754:Drivers/STM32H7xx_HAL_Driver/Src/stm32h7xx_hal_dma.c **** 
 2505              		.loc 1 754 21 is_stmt 0 view .LVU804
 2506 0024 4FF40063 		mov	r3, #2048
 2507              	.LVL125:
 754:Drivers/STM32H7xx_HAL_Driver/Src/stm32h7xx_hal_dma.c **** 
 2508              		.loc 1 754 21 view .LVU805
 2509 0028 6365     		str	r3, [r4, #84]
 757:Drivers/STM32H7xx_HAL_Driver/Src/stm32h7xx_hal_dma.c **** 
 2510              		.loc 1 757 5 is_stmt 1 view .LVU806
 757:Drivers/STM32H7xx_HAL_Driver/Src/stm32h7xx_hal_dma.c **** 
 2511              		.loc 1 757 5 view .LVU807
 2512 002a 0023     		movs	r3, #0
 2513 002c 84F83430 		strb	r3, [r4, #52]
 757:Drivers/STM32H7xx_HAL_Driver/Src/stm32h7xx_hal_dma.c **** 
 2514              		.loc 1 757 5 view .LVU808
 760:Drivers/STM32H7xx_HAL_Driver/Src/stm32h7xx_hal_dma.c ****   }
 2515              		.loc 1 760 5 view .LVU809
 2516              	.LVL126:
 760:Drivers/STM32H7xx_HAL_Driver/Src/stm32h7xx_hal_dma.c ****   }
 2517              		.loc 1 760 12 is_stmt 0 view .LVU810
 2518 0030 0120     		movs	r0, #1
 2519              	.LVL127:
 2520              	.L139:
 764:Drivers/STM32H7xx_HAL_Driver/Src/stm32h7xx_hal_dma.c **** 
 2521              		.loc 1 764 1 view .LVU811
 2522 0032 70BD     		pop	{r4, r5, r6, pc}
 2523              	.LVL128:
 2524              	.L158:
 697:Drivers/STM32H7xx_HAL_Driver/Src/stm32h7xx_hal_dma.c **** 
 2525              		.loc 1 697 5 is_stmt 1 view .LVU812
 697:Drivers/STM32H7xx_HAL_Driver/Src/stm32h7xx_hal_dma.c **** 
 2526              		.loc 1 697 17 is_stmt 0 view .LVU813
 2527 0034 0220     		movs	r0, #2
 2528 0036 84F83500 		strb	r0, [r4, #53]
 700:Drivers/STM32H7xx_HAL_Driver/Src/stm32h7xx_hal_dma.c **** 
 2529              		.loc 1 700 5 is_stmt 1 view .LVU814
 700:Drivers/STM32H7xx_HAL_Driver/Src/stm32h7xx_hal_dma.c **** 
 2530              		.loc 1 700 21 is_stmt 0 view .LVU815
 2531 003a 0020     		movs	r0, #0
 2532 003c 6065     		str	r0, [r4, #84]
 703:Drivers/STM32H7xx_HAL_Driver/Src/stm32h7xx_hal_dma.c **** 
ARM GAS  /tmp/ccMjPS5V.s 			page 92


 2533              		.loc 1 703 5 is_stmt 1 view .LVU816
 2534 003e 2068     		ldr	r0, [r4]
 2535 0040 924E     		ldr	r6, .L159
 2536 0042 934D     		ldr	r5, .L159+4
 2537 0044 A842     		cmp	r0, r5
 2538 0046 18BF     		it	ne
 2539 0048 B042     		cmpne	r0, r6
 2540 004a 2FD0     		beq	.L141
 703:Drivers/STM32H7xx_HAL_Driver/Src/stm32h7xx_hal_dma.c **** 
 2541              		.loc 1 703 5 is_stmt 0 discriminator 2 view .LVU817
 2542 004c 1835     		adds	r5, r5, #24
 2543 004e A842     		cmp	r0, r5
 2544 0050 2CD0     		beq	.L141
 703:Drivers/STM32H7xx_HAL_Driver/Src/stm32h7xx_hal_dma.c **** 
 2545              		.loc 1 703 5 discriminator 4 view .LVU818
 2546 0052 1835     		adds	r5, r5, #24
 2547 0054 A842     		cmp	r0, r5
 2548 0056 29D0     		beq	.L141
 703:Drivers/STM32H7xx_HAL_Driver/Src/stm32h7xx_hal_dma.c **** 
 2549              		.loc 1 703 5 discriminator 6 view .LVU819
 2550 0058 1835     		adds	r5, r5, #24
 2551 005a A842     		cmp	r0, r5
 2552 005c 26D0     		beq	.L141
 703:Drivers/STM32H7xx_HAL_Driver/Src/stm32h7xx_hal_dma.c **** 
 2553              		.loc 1 703 5 discriminator 8 view .LVU820
 2554 005e 1835     		adds	r5, r5, #24
 2555 0060 A842     		cmp	r0, r5
 2556 0062 23D0     		beq	.L141
 703:Drivers/STM32H7xx_HAL_Driver/Src/stm32h7xx_hal_dma.c **** 
 2557              		.loc 1 703 5 discriminator 10 view .LVU821
 2558 0064 1835     		adds	r5, r5, #24
 2559 0066 A842     		cmp	r0, r5
 2560 0068 20D0     		beq	.L141
 703:Drivers/STM32H7xx_HAL_Driver/Src/stm32h7xx_hal_dma.c **** 
 2561              		.loc 1 703 5 discriminator 12 view .LVU822
 2562 006a 1835     		adds	r5, r5, #24
 2563 006c A842     		cmp	r0, r5
 2564 006e 1DD0     		beq	.L141
 703:Drivers/STM32H7xx_HAL_Driver/Src/stm32h7xx_hal_dma.c **** 
 2565              		.loc 1 703 5 discriminator 14 view .LVU823
 2566 0070 05F55675 		add	r5, r5, #856
 2567 0074 A842     		cmp	r0, r5
 2568 0076 19D0     		beq	.L141
 703:Drivers/STM32H7xx_HAL_Driver/Src/stm32h7xx_hal_dma.c **** 
 2569              		.loc 1 703 5 discriminator 16 view .LVU824
 2570 0078 1835     		adds	r5, r5, #24
 2571 007a A842     		cmp	r0, r5
 2572 007c 16D0     		beq	.L141
 703:Drivers/STM32H7xx_HAL_Driver/Src/stm32h7xx_hal_dma.c **** 
 2573              		.loc 1 703 5 discriminator 18 view .LVU825
 2574 007e 1835     		adds	r5, r5, #24
 2575 0080 A842     		cmp	r0, r5
 2576 0082 13D0     		beq	.L141
 703:Drivers/STM32H7xx_HAL_Driver/Src/stm32h7xx_hal_dma.c **** 
 2577              		.loc 1 703 5 discriminator 20 view .LVU826
 2578 0084 1835     		adds	r5, r5, #24
 2579 0086 A842     		cmp	r0, r5
ARM GAS  /tmp/ccMjPS5V.s 			page 93


 2580 0088 10D0     		beq	.L141
 703:Drivers/STM32H7xx_HAL_Driver/Src/stm32h7xx_hal_dma.c **** 
 2581              		.loc 1 703 5 discriminator 22 view .LVU827
 2582 008a 1835     		adds	r5, r5, #24
 2583 008c A842     		cmp	r0, r5
 2584 008e 0DD0     		beq	.L141
 703:Drivers/STM32H7xx_HAL_Driver/Src/stm32h7xx_hal_dma.c **** 
 2585              		.loc 1 703 5 discriminator 24 view .LVU828
 2586 0090 1835     		adds	r5, r5, #24
 2587 0092 A842     		cmp	r0, r5
 2588 0094 0AD0     		beq	.L141
 703:Drivers/STM32H7xx_HAL_Driver/Src/stm32h7xx_hal_dma.c **** 
 2589              		.loc 1 703 5 discriminator 26 view .LVU829
 2590 0096 1835     		adds	r5, r5, #24
 2591 0098 A842     		cmp	r0, r5
 2592 009a 07D0     		beq	.L141
 703:Drivers/STM32H7xx_HAL_Driver/Src/stm32h7xx_hal_dma.c **** 
 2593              		.loc 1 703 5 discriminator 28 view .LVU830
 2594 009c 1835     		adds	r5, r5, #24
 2595 009e A842     		cmp	r0, r5
 2596 00a0 04D0     		beq	.L141
 703:Drivers/STM32H7xx_HAL_Driver/Src/stm32h7xx_hal_dma.c **** 
 2597              		.loc 1 703 5 discriminator 30 view .LVU831
 2598 00a2 0568     		ldr	r5, [r0]
 2599 00a4 25F00105 		bic	r5, r5, #1
 2600 00a8 0560     		str	r5, [r0]
 2601 00aa 03E0     		b	.L143
 2602              	.L141:
 703:Drivers/STM32H7xx_HAL_Driver/Src/stm32h7xx_hal_dma.c **** 
 2603              		.loc 1 703 5 discriminator 29 view .LVU832
 2604 00ac 0568     		ldr	r5, [r0]
 2605 00ae 25F00105 		bic	r5, r5, #1
 2606 00b2 0560     		str	r5, [r0]
 2607              	.L143:
 706:Drivers/STM32H7xx_HAL_Driver/Src/stm32h7xx_hal_dma.c **** 
 2608              		.loc 1 706 5 is_stmt 1 view .LVU833
 2609 00b4 2046     		mov	r0, r4
 2610 00b6 FFF7FEFF 		bl	DMA_SetConfig
 2611              	.LVL129:
 708:Drivers/STM32H7xx_HAL_Driver/Src/stm32h7xx_hal_dma.c ****     {
 2612              		.loc 1 708 5 view .LVU834
 708:Drivers/STM32H7xx_HAL_Driver/Src/stm32h7xx_hal_dma.c ****     {
 2613              		.loc 1 708 8 is_stmt 0 view .LVU835
 2614 00ba 2368     		ldr	r3, [r4]
 2615 00bc 7349     		ldr	r1, .L159
 2616 00be 744A     		ldr	r2, .L159+4
 2617 00c0 9342     		cmp	r3, r2
 2618 00c2 18BF     		it	ne
 2619 00c4 8B42     		cmpne	r3, r1
 2620 00c6 38D0     		beq	.L144
 708:Drivers/STM32H7xx_HAL_Driver/Src/stm32h7xx_hal_dma.c ****     {
 2621              		.loc 1 708 8 discriminator 2 view .LVU836
 2622 00c8 1832     		adds	r2, r2, #24
 2623 00ca 9342     		cmp	r3, r2
 2624 00cc 35D0     		beq	.L144
 708:Drivers/STM32H7xx_HAL_Driver/Src/stm32h7xx_hal_dma.c ****     {
 2625              		.loc 1 708 8 discriminator 4 view .LVU837
ARM GAS  /tmp/ccMjPS5V.s 			page 94


 2626 00ce 1832     		adds	r2, r2, #24
 2627 00d0 9342     		cmp	r3, r2
 2628 00d2 32D0     		beq	.L144
 708:Drivers/STM32H7xx_HAL_Driver/Src/stm32h7xx_hal_dma.c ****     {
 2629              		.loc 1 708 8 discriminator 6 view .LVU838
 2630 00d4 1832     		adds	r2, r2, #24
 2631 00d6 9342     		cmp	r3, r2
 2632 00d8 2FD0     		beq	.L144
 708:Drivers/STM32H7xx_HAL_Driver/Src/stm32h7xx_hal_dma.c ****     {
 2633              		.loc 1 708 8 discriminator 8 view .LVU839
 2634 00da 1832     		adds	r2, r2, #24
 2635 00dc 9342     		cmp	r3, r2
 2636 00de 2CD0     		beq	.L144
 708:Drivers/STM32H7xx_HAL_Driver/Src/stm32h7xx_hal_dma.c ****     {
 2637              		.loc 1 708 8 discriminator 10 view .LVU840
 2638 00e0 1832     		adds	r2, r2, #24
 2639 00e2 9342     		cmp	r3, r2
 2640 00e4 29D0     		beq	.L144
 708:Drivers/STM32H7xx_HAL_Driver/Src/stm32h7xx_hal_dma.c ****     {
 2641              		.loc 1 708 8 discriminator 12 view .LVU841
 2642 00e6 1832     		adds	r2, r2, #24
 2643 00e8 9342     		cmp	r3, r2
 2644 00ea 26D0     		beq	.L144
 708:Drivers/STM32H7xx_HAL_Driver/Src/stm32h7xx_hal_dma.c ****     {
 2645              		.loc 1 708 8 discriminator 14 view .LVU842
 2646 00ec 02F55672 		add	r2, r2, #856
 2647 00f0 9342     		cmp	r3, r2
 2648 00f2 22D0     		beq	.L144
 708:Drivers/STM32H7xx_HAL_Driver/Src/stm32h7xx_hal_dma.c ****     {
 2649              		.loc 1 708 8 discriminator 16 view .LVU843
 2650 00f4 1832     		adds	r2, r2, #24
 2651 00f6 9342     		cmp	r3, r2
 2652 00f8 1FD0     		beq	.L144
 708:Drivers/STM32H7xx_HAL_Driver/Src/stm32h7xx_hal_dma.c ****     {
 2653              		.loc 1 708 8 discriminator 18 view .LVU844
 2654 00fa 1832     		adds	r2, r2, #24
 2655 00fc 9342     		cmp	r3, r2
 2656 00fe 1CD0     		beq	.L144
 708:Drivers/STM32H7xx_HAL_Driver/Src/stm32h7xx_hal_dma.c ****     {
 2657              		.loc 1 708 8 discriminator 20 view .LVU845
 2658 0100 1832     		adds	r2, r2, #24
 2659 0102 9342     		cmp	r3, r2
 2660 0104 19D0     		beq	.L144
 708:Drivers/STM32H7xx_HAL_Driver/Src/stm32h7xx_hal_dma.c ****     {
 2661              		.loc 1 708 8 discriminator 22 view .LVU846
 2662 0106 1832     		adds	r2, r2, #24
 2663 0108 9342     		cmp	r3, r2
 2664 010a 16D0     		beq	.L144
 708:Drivers/STM32H7xx_HAL_Driver/Src/stm32h7xx_hal_dma.c ****     {
 2665              		.loc 1 708 8 discriminator 24 view .LVU847
 2666 010c 1832     		adds	r2, r2, #24
 2667 010e 9342     		cmp	r3, r2
 2668 0110 13D0     		beq	.L144
 708:Drivers/STM32H7xx_HAL_Driver/Src/stm32h7xx_hal_dma.c ****     {
 2669              		.loc 1 708 8 discriminator 26 view .LVU848
 2670 0112 1832     		adds	r2, r2, #24
 2671 0114 9342     		cmp	r3, r2
ARM GAS  /tmp/ccMjPS5V.s 			page 95


 2672 0116 10D0     		beq	.L144
 708:Drivers/STM32H7xx_HAL_Driver/Src/stm32h7xx_hal_dma.c ****     {
 2673              		.loc 1 708 8 discriminator 28 view .LVU849
 2674 0118 1832     		adds	r2, r2, #24
 2675 011a 9342     		cmp	r3, r2
 2676 011c 0DD0     		beq	.L144
 722:Drivers/STM32H7xx_HAL_Driver/Src/stm32h7xx_hal_dma.c **** 
 2677              		.loc 1 722 7 is_stmt 1 view .LVU850
 2678 011e 1A68     		ldr	r2, [r3]
 2679 0120 22F00E02 		bic	r2, r2, #14
 2680 0124 42F00A02 		orr	r2, r2, #10
 2681 0128 1A60     		str	r2, [r3]
 724:Drivers/STM32H7xx_HAL_Driver/Src/stm32h7xx_hal_dma.c ****       {
 2682              		.loc 1 724 7 view .LVU851
 724:Drivers/STM32H7xx_HAL_Driver/Src/stm32h7xx_hal_dma.c ****       {
 2683              		.loc 1 724 14 is_stmt 0 view .LVU852
 2684 012a 236C     		ldr	r3, [r4, #64]
 724:Drivers/STM32H7xx_HAL_Driver/Src/stm32h7xx_hal_dma.c ****       {
 2685              		.loc 1 724 9 view .LVU853
 2686 012c 93B1     		cbz	r3, .L146
 727:Drivers/STM32H7xx_HAL_Driver/Src/stm32h7xx_hal_dma.c ****       }
 2687              		.loc 1 727 9 is_stmt 1 view .LVU854
 727:Drivers/STM32H7xx_HAL_Driver/Src/stm32h7xx_hal_dma.c ****       }
 2688              		.loc 1 727 40 is_stmt 0 view .LVU855
 2689 012e 2268     		ldr	r2, [r4]
 727:Drivers/STM32H7xx_HAL_Driver/Src/stm32h7xx_hal_dma.c ****       }
 2690              		.loc 1 727 51 view .LVU856
 2691 0130 1368     		ldr	r3, [r2]
 727:Drivers/STM32H7xx_HAL_Driver/Src/stm32h7xx_hal_dma.c ****       }
 2692              		.loc 1 727 58 view .LVU857
 2693 0132 43F00403 		orr	r3, r3, #4
 2694 0136 1360     		str	r3, [r2]
 2695 0138 0CE0     		b	.L146
 2696              	.L144:
 711:Drivers/STM32H7xx_HAL_Driver/Src/stm32h7xx_hal_dma.c **** 
 2697              		.loc 1 711 7 is_stmt 1 view .LVU858
 2698 013a 1A68     		ldr	r2, [r3]
 2699 013c 22F01E02 		bic	r2, r2, #30
 2700 0140 42F01602 		orr	r2, r2, #22
 2701 0144 1A60     		str	r2, [r3]
 713:Drivers/STM32H7xx_HAL_Driver/Src/stm32h7xx_hal_dma.c ****       {
 2702              		.loc 1 713 7 view .LVU859
 713:Drivers/STM32H7xx_HAL_Driver/Src/stm32h7xx_hal_dma.c ****       {
 2703              		.loc 1 713 14 is_stmt 0 view .LVU860
 2704 0146 236C     		ldr	r3, [r4, #64]
 713:Drivers/STM32H7xx_HAL_Driver/Src/stm32h7xx_hal_dma.c ****       {
 2705              		.loc 1 713 9 view .LVU861
 2706 0148 23B1     		cbz	r3, .L146
 716:Drivers/STM32H7xx_HAL_Driver/Src/stm32h7xx_hal_dma.c ****       }
 2707              		.loc 1 716 9 is_stmt 1 view .LVU862
 716:Drivers/STM32H7xx_HAL_Driver/Src/stm32h7xx_hal_dma.c ****       }
 2708              		.loc 1 716 38 is_stmt 0 view .LVU863
 2709 014a 2268     		ldr	r2, [r4]
 716:Drivers/STM32H7xx_HAL_Driver/Src/stm32h7xx_hal_dma.c ****       }
 2710              		.loc 1 716 49 view .LVU864
 2711 014c 1368     		ldr	r3, [r2]
 716:Drivers/STM32H7xx_HAL_Driver/Src/stm32h7xx_hal_dma.c ****       }
ARM GAS  /tmp/ccMjPS5V.s 			page 96


 2712              		.loc 1 716 55 view .LVU865
 2713 014e 43F00803 		orr	r3, r3, #8
 2714 0152 1360     		str	r3, [r2]
 2715              	.L146:
 731:Drivers/STM32H7xx_HAL_Driver/Src/stm32h7xx_hal_dma.c ****     {
 2716              		.loc 1 731 5 is_stmt 1 view .LVU866
 731:Drivers/STM32H7xx_HAL_Driver/Src/stm32h7xx_hal_dma.c ****     {
 2717              		.loc 1 731 8 is_stmt 0 view .LVU867
 2718 0154 2368     		ldr	r3, [r4]
 2719 0156 4D49     		ldr	r1, .L159
 2720 0158 4D4A     		ldr	r2, .L159+4
 2721 015a 9342     		cmp	r3, r2
 2722 015c 18BF     		it	ne
 2723 015e 8B42     		cmpne	r3, r1
 2724 0160 42D0     		beq	.L147
 731:Drivers/STM32H7xx_HAL_Driver/Src/stm32h7xx_hal_dma.c ****     {
 2725              		.loc 1 731 8 discriminator 2 view .LVU868
 2726 0162 1832     		adds	r2, r2, #24
 2727 0164 9342     		cmp	r3, r2
 2728 0166 3FD0     		beq	.L147
 731:Drivers/STM32H7xx_HAL_Driver/Src/stm32h7xx_hal_dma.c ****     {
 2729              		.loc 1 731 8 discriminator 4 view .LVU869
 2730 0168 1832     		adds	r2, r2, #24
 2731 016a 9342     		cmp	r3, r2
 2732 016c 3CD0     		beq	.L147
 731:Drivers/STM32H7xx_HAL_Driver/Src/stm32h7xx_hal_dma.c ****     {
 2733              		.loc 1 731 8 discriminator 6 view .LVU870
 2734 016e 1832     		adds	r2, r2, #24
 2735 0170 9342     		cmp	r3, r2
 2736 0172 39D0     		beq	.L147
 731:Drivers/STM32H7xx_HAL_Driver/Src/stm32h7xx_hal_dma.c ****     {
 2737              		.loc 1 731 8 discriminator 8 view .LVU871
 2738 0174 1832     		adds	r2, r2, #24
 2739 0176 9342     		cmp	r3, r2
 2740 0178 36D0     		beq	.L147
 731:Drivers/STM32H7xx_HAL_Driver/Src/stm32h7xx_hal_dma.c ****     {
 2741              		.loc 1 731 8 discriminator 10 view .LVU872
 2742 017a 1832     		adds	r2, r2, #24
 2743 017c 9342     		cmp	r3, r2
 2744 017e 33D0     		beq	.L147
 731:Drivers/STM32H7xx_HAL_Driver/Src/stm32h7xx_hal_dma.c ****     {
 2745              		.loc 1 731 8 discriminator 12 view .LVU873
 2746 0180 1832     		adds	r2, r2, #24
 2747 0182 9342     		cmp	r3, r2
 2748 0184 30D0     		beq	.L147
 731:Drivers/STM32H7xx_HAL_Driver/Src/stm32h7xx_hal_dma.c ****     {
 2749              		.loc 1 731 8 discriminator 14 view .LVU874
 2750 0186 02F55672 		add	r2, r2, #856
 2751 018a 9342     		cmp	r3, r2
 2752 018c 2CD0     		beq	.L147
 731:Drivers/STM32H7xx_HAL_Driver/Src/stm32h7xx_hal_dma.c ****     {
 2753              		.loc 1 731 8 discriminator 16 view .LVU875
 2754 018e 1832     		adds	r2, r2, #24
 2755 0190 9342     		cmp	r3, r2
 2756 0192 29D0     		beq	.L147
 731:Drivers/STM32H7xx_HAL_Driver/Src/stm32h7xx_hal_dma.c ****     {
 2757              		.loc 1 731 8 discriminator 18 view .LVU876
ARM GAS  /tmp/ccMjPS5V.s 			page 97


 2758 0194 1832     		adds	r2, r2, #24
 2759 0196 9342     		cmp	r3, r2
 2760 0198 26D0     		beq	.L147
 731:Drivers/STM32H7xx_HAL_Driver/Src/stm32h7xx_hal_dma.c ****     {
 2761              		.loc 1 731 8 discriminator 20 view .LVU877
 2762 019a 1832     		adds	r2, r2, #24
 2763 019c 9342     		cmp	r3, r2
 2764 019e 23D0     		beq	.L147
 731:Drivers/STM32H7xx_HAL_Driver/Src/stm32h7xx_hal_dma.c ****     {
 2765              		.loc 1 731 8 discriminator 22 view .LVU878
 2766 01a0 1832     		adds	r2, r2, #24
 2767 01a2 9342     		cmp	r3, r2
 2768 01a4 20D0     		beq	.L147
 731:Drivers/STM32H7xx_HAL_Driver/Src/stm32h7xx_hal_dma.c ****     {
 2769              		.loc 1 731 8 discriminator 24 view .LVU879
 2770 01a6 1832     		adds	r2, r2, #24
 2771 01a8 9342     		cmp	r3, r2
 2772 01aa 1DD0     		beq	.L147
 731:Drivers/STM32H7xx_HAL_Driver/Src/stm32h7xx_hal_dma.c ****     {
 2773              		.loc 1 731 8 discriminator 26 view .LVU880
 2774 01ac 1832     		adds	r2, r2, #24
 2775 01ae 9342     		cmp	r3, r2
 2776 01b0 1AD0     		beq	.L147
 731:Drivers/STM32H7xx_HAL_Driver/Src/stm32h7xx_hal_dma.c ****     {
 2777              		.loc 1 731 8 discriminator 28 view .LVU881
 2778 01b2 1832     		adds	r2, r2, #24
 2779 01b4 9342     		cmp	r3, r2
 2780 01b6 17D0     		beq	.L147
 731:Drivers/STM32H7xx_HAL_Driver/Src/stm32h7xx_hal_dma.c ****     {
 2781              		.loc 1 731 8 discriminator 30 view .LVU882
 2782 01b8 364A     		ldr	r2, .L159+8
 2783 01ba 9342     		cmp	r3, r2
 2784 01bc 14D0     		beq	.L147
 731:Drivers/STM32H7xx_HAL_Driver/Src/stm32h7xx_hal_dma.c ****     {
 2785              		.loc 1 731 8 discriminator 32 view .LVU883
 2786 01be 1432     		adds	r2, r2, #20
 2787 01c0 9342     		cmp	r3, r2
 2788 01c2 11D0     		beq	.L147
 731:Drivers/STM32H7xx_HAL_Driver/Src/stm32h7xx_hal_dma.c ****     {
 2789              		.loc 1 731 8 discriminator 34 view .LVU884
 2790 01c4 1432     		adds	r2, r2, #20
 2791 01c6 9342     		cmp	r3, r2
 2792 01c8 0ED0     		beq	.L147
 731:Drivers/STM32H7xx_HAL_Driver/Src/stm32h7xx_hal_dma.c ****     {
 2793              		.loc 1 731 8 discriminator 36 view .LVU885
 2794 01ca 1432     		adds	r2, r2, #20
 2795 01cc 9342     		cmp	r3, r2
 2796 01ce 0BD0     		beq	.L147
 731:Drivers/STM32H7xx_HAL_Driver/Src/stm32h7xx_hal_dma.c ****     {
 2797              		.loc 1 731 8 discriminator 38 view .LVU886
 2798 01d0 1432     		adds	r2, r2, #20
 2799 01d2 9342     		cmp	r3, r2
 2800 01d4 08D0     		beq	.L147
 731:Drivers/STM32H7xx_HAL_Driver/Src/stm32h7xx_hal_dma.c ****     {
 2801              		.loc 1 731 8 discriminator 40 view .LVU887
 2802 01d6 1432     		adds	r2, r2, #20
 2803 01d8 9342     		cmp	r3, r2
ARM GAS  /tmp/ccMjPS5V.s 			page 98


 2804 01da 05D0     		beq	.L147
 731:Drivers/STM32H7xx_HAL_Driver/Src/stm32h7xx_hal_dma.c ****     {
 2805              		.loc 1 731 8 discriminator 42 view .LVU888
 2806 01dc 1432     		adds	r2, r2, #20
 2807 01de 9342     		cmp	r3, r2
 2808 01e0 02D0     		beq	.L147
 731:Drivers/STM32H7xx_HAL_Driver/Src/stm32h7xx_hal_dma.c ****     {
 2809              		.loc 1 731 8 discriminator 44 view .LVU889
 2810 01e2 1432     		adds	r2, r2, #20
 2811 01e4 9342     		cmp	r3, r2
 2812 01e6 0ED1     		bne	.L148
 2813              	.L147:
 734:Drivers/STM32H7xx_HAL_Driver/Src/stm32h7xx_hal_dma.c ****       {
 2814              		.loc 1 734 7 is_stmt 1 view .LVU890
 734:Drivers/STM32H7xx_HAL_Driver/Src/stm32h7xx_hal_dma.c ****       {
 2815              		.loc 1 734 15 is_stmt 0 view .LVU891
 2816 01e8 236E     		ldr	r3, [r4, #96]
 734:Drivers/STM32H7xx_HAL_Driver/Src/stm32h7xx_hal_dma.c ****       {
 2817              		.loc 1 734 30 view .LVU892
 2818 01ea 1A68     		ldr	r2, [r3]
 734:Drivers/STM32H7xx_HAL_Driver/Src/stm32h7xx_hal_dma.c ****       {
 2819              		.loc 1 734 9 view .LVU893
 2820 01ec 12F4803F 		tst	r2, #65536
 2821 01f0 03D0     		beq	.L149
 737:Drivers/STM32H7xx_HAL_Driver/Src/stm32h7xx_hal_dma.c ****       }
 2822              		.loc 1 737 9 is_stmt 1 view .LVU894
 737:Drivers/STM32H7xx_HAL_Driver/Src/stm32h7xx_hal_dma.c ****       }
 2823              		.loc 1 737 28 is_stmt 0 view .LVU895
 2824 01f2 1A68     		ldr	r2, [r3]
 737:Drivers/STM32H7xx_HAL_Driver/Src/stm32h7xx_hal_dma.c ****       }
 2825              		.loc 1 737 34 view .LVU896
 2826 01f4 42F48072 		orr	r2, r2, #256
 2827 01f8 1A60     		str	r2, [r3]
 2828              	.L149:
 740:Drivers/STM32H7xx_HAL_Driver/Src/stm32h7xx_hal_dma.c ****       {
 2829              		.loc 1 740 7 is_stmt 1 view .LVU897
 740:Drivers/STM32H7xx_HAL_Driver/Src/stm32h7xx_hal_dma.c ****       {
 2830              		.loc 1 740 14 is_stmt 0 view .LVU898
 2831 01fa E36E     		ldr	r3, [r4, #108]
 740:Drivers/STM32H7xx_HAL_Driver/Src/stm32h7xx_hal_dma.c ****       {
 2832              		.loc 1 740 9 view .LVU899
 2833 01fc 1BB1     		cbz	r3, .L148
 744:Drivers/STM32H7xx_HAL_Driver/Src/stm32h7xx_hal_dma.c ****       }
 2834              		.loc 1 744 9 is_stmt 1 view .LVU900
 744:Drivers/STM32H7xx_HAL_Driver/Src/stm32h7xx_hal_dma.c ****       }
 2835              		.loc 1 744 31 is_stmt 0 view .LVU901
 2836 01fe 1A68     		ldr	r2, [r3]
 744:Drivers/STM32H7xx_HAL_Driver/Src/stm32h7xx_hal_dma.c ****       }
 2837              		.loc 1 744 38 view .LVU902
 2838 0200 42F48072 		orr	r2, r2, #256
 2839 0204 1A60     		str	r2, [r3]
 2840              	.L148:
 749:Drivers/STM32H7xx_HAL_Driver/Src/stm32h7xx_hal_dma.c ****   }
 2841              		.loc 1 749 5 is_stmt 1 view .LVU903
 2842 0206 2368     		ldr	r3, [r4]
 2843 0208 2049     		ldr	r1, .L159
 2844 020a 214A     		ldr	r2, .L159+4
ARM GAS  /tmp/ccMjPS5V.s 			page 99


 2845 020c 9342     		cmp	r3, r2
 2846 020e 18BF     		it	ne
 2847 0210 8B42     		cmpne	r3, r1
 2848 0212 30D0     		beq	.L150
 749:Drivers/STM32H7xx_HAL_Driver/Src/stm32h7xx_hal_dma.c ****   }
 2849              		.loc 1 749 5 is_stmt 0 discriminator 2 view .LVU904
 2850 0214 1832     		adds	r2, r2, #24
 2851 0216 9342     		cmp	r3, r2
 2852 0218 2DD0     		beq	.L150
 749:Drivers/STM32H7xx_HAL_Driver/Src/stm32h7xx_hal_dma.c ****   }
 2853              		.loc 1 749 5 discriminator 4 view .LVU905
 2854 021a 1832     		adds	r2, r2, #24
 2855 021c 9342     		cmp	r3, r2
 2856 021e 2AD0     		beq	.L150
 749:Drivers/STM32H7xx_HAL_Driver/Src/stm32h7xx_hal_dma.c ****   }
 2857              		.loc 1 749 5 discriminator 6 view .LVU906
 2858 0220 1832     		adds	r2, r2, #24
 2859 0222 9342     		cmp	r3, r2
 2860 0224 27D0     		beq	.L150
 749:Drivers/STM32H7xx_HAL_Driver/Src/stm32h7xx_hal_dma.c ****   }
 2861              		.loc 1 749 5 discriminator 8 view .LVU907
 2862 0226 1832     		adds	r2, r2, #24
 2863 0228 9342     		cmp	r3, r2
 2864 022a 24D0     		beq	.L150
 749:Drivers/STM32H7xx_HAL_Driver/Src/stm32h7xx_hal_dma.c ****   }
 2865              		.loc 1 749 5 discriminator 10 view .LVU908
 2866 022c 1832     		adds	r2, r2, #24
 2867 022e 9342     		cmp	r3, r2
 2868 0230 21D0     		beq	.L150
 749:Drivers/STM32H7xx_HAL_Driver/Src/stm32h7xx_hal_dma.c ****   }
 2869              		.loc 1 749 5 discriminator 12 view .LVU909
 2870 0232 1832     		adds	r2, r2, #24
 2871 0234 9342     		cmp	r3, r2
 2872 0236 1ED0     		beq	.L150
 749:Drivers/STM32H7xx_HAL_Driver/Src/stm32h7xx_hal_dma.c ****   }
 2873              		.loc 1 749 5 discriminator 14 view .LVU910
 2874 0238 02F55672 		add	r2, r2, #856
 2875 023c 9342     		cmp	r3, r2
 2876 023e 1AD0     		beq	.L150
 749:Drivers/STM32H7xx_HAL_Driver/Src/stm32h7xx_hal_dma.c ****   }
 2877              		.loc 1 749 5 discriminator 16 view .LVU911
 2878 0240 1832     		adds	r2, r2, #24
 2879 0242 9342     		cmp	r3, r2
 2880 0244 17D0     		beq	.L150
 749:Drivers/STM32H7xx_HAL_Driver/Src/stm32h7xx_hal_dma.c ****   }
 2881              		.loc 1 749 5 discriminator 18 view .LVU912
 2882 0246 1832     		adds	r2, r2, #24
 2883 0248 9342     		cmp	r3, r2
 2884 024a 14D0     		beq	.L150
 749:Drivers/STM32H7xx_HAL_Driver/Src/stm32h7xx_hal_dma.c ****   }
 2885              		.loc 1 749 5 discriminator 20 view .LVU913
 2886 024c 1832     		adds	r2, r2, #24
 2887 024e 9342     		cmp	r3, r2
 2888 0250 11D0     		beq	.L150
 749:Drivers/STM32H7xx_HAL_Driver/Src/stm32h7xx_hal_dma.c ****   }
 2889              		.loc 1 749 5 discriminator 22 view .LVU914
 2890 0252 1832     		adds	r2, r2, #24
ARM GAS  /tmp/ccMjPS5V.s 			page 100


 2891 0254 9342     		cmp	r3, r2
 2892 0256 0ED0     		beq	.L150
 749:Drivers/STM32H7xx_HAL_Driver/Src/stm32h7xx_hal_dma.c ****   }
 2893              		.loc 1 749 5 discriminator 24 view .LVU915
 2894 0258 1832     		adds	r2, r2, #24
 2895 025a 9342     		cmp	r3, r2
 2896 025c 0BD0     		beq	.L150
 749:Drivers/STM32H7xx_HAL_Driver/Src/stm32h7xx_hal_dma.c ****   }
 2897              		.loc 1 749 5 discriminator 26 view .LVU916
 2898 025e 1832     		adds	r2, r2, #24
 2899 0260 9342     		cmp	r3, r2
 2900 0262 08D0     		beq	.L150
 749:Drivers/STM32H7xx_HAL_Driver/Src/stm32h7xx_hal_dma.c ****   }
 2901              		.loc 1 749 5 discriminator 28 view .LVU917
 2902 0264 1832     		adds	r2, r2, #24
 2903 0266 9342     		cmp	r3, r2
 2904 0268 05D0     		beq	.L150
 749:Drivers/STM32H7xx_HAL_Driver/Src/stm32h7xx_hal_dma.c ****   }
 2905              		.loc 1 749 5 discriminator 30 view .LVU918
 2906 026a 1A68     		ldr	r2, [r3]
 2907 026c 42F00102 		orr	r2, r2, #1
 2908 0270 1A60     		str	r2, [r3]
 680:Drivers/STM32H7xx_HAL_Driver/Src/stm32h7xx_hal_dma.c **** 
 2909              		.loc 1 680 21 view .LVU919
 2910 0272 0020     		movs	r0, #0
 2911 0274 DDE6     		b	.L139
 2912              	.L150:
 749:Drivers/STM32H7xx_HAL_Driver/Src/stm32h7xx_hal_dma.c ****   }
 2913              		.loc 1 749 5 discriminator 29 view .LVU920
 2914 0276 1A68     		ldr	r2, [r3]
 2915 0278 42F00102 		orr	r2, r2, #1
 2916 027c 1A60     		str	r2, [r3]
 680:Drivers/STM32H7xx_HAL_Driver/Src/stm32h7xx_hal_dma.c **** 
 2917              		.loc 1 680 21 view .LVU921
 2918 027e 0020     		movs	r0, #0
 749:Drivers/STM32H7xx_HAL_Driver/Src/stm32h7xx_hal_dma.c ****   }
 2919              		.loc 1 749 5 view .LVU922
 2920 0280 D7E6     		b	.L139
 2921              	.LVL130:
 2922              	.L152:
 2923              	.LCFI15:
 2924              		.cfi_def_cfa_offset 0
 2925              		.cfi_restore 4
 2926              		.cfi_restore 5
 2927              		.cfi_restore 6
 2928              		.cfi_restore 14
 688:Drivers/STM32H7xx_HAL_Driver/Src/stm32h7xx_hal_dma.c ****   }
 2929              		.loc 1 688 12 view .LVU923
 2930 0282 0120     		movs	r0, #1
 2931              	.LVL131:
 764:Drivers/STM32H7xx_HAL_Driver/Src/stm32h7xx_hal_dma.c **** 
 2932              		.loc 1 764 1 view .LVU924
 2933 0284 7047     		bx	lr
 2934              	.LVL132:
 2935              	.L153:
 2936              	.LCFI16:
 2937              		.cfi_def_cfa_offset 16
ARM GAS  /tmp/ccMjPS5V.s 			page 101


 2938              		.cfi_offset 4, -16
 2939              		.cfi_offset 5, -12
 2940              		.cfi_offset 6, -8
 2941              		.cfi_offset 14, -4
 692:Drivers/STM32H7xx_HAL_Driver/Src/stm32h7xx_hal_dma.c **** 
 2942              		.loc 1 692 3 discriminator 1 view .LVU925
 2943 0286 0220     		movs	r0, #2
 2944 0288 D3E6     		b	.L139
 2945              	.L160:
 2946 028a 00BF     		.align	2
 2947              	.L159:
 2948 028c 10000240 		.word	1073872912
 2949 0290 28000240 		.word	1073872936
 2950 0294 08540258 		.word	1476547592
 2951              		.cfi_endproc
 2952              	.LFE149:
 2954              		.section	.text.HAL_DMA_Abort,"ax",%progbits
 2955              		.align	1
 2956              		.global	HAL_DMA_Abort
 2957              		.syntax unified
 2958              		.thumb
 2959              		.thumb_func
 2961              	HAL_DMA_Abort:
 2962              	.LVL133:
 2963              	.LFB150:
 779:Drivers/STM32H7xx_HAL_Driver/Src/stm32h7xx_hal_dma.c ****   /* calculate DMA base and stream number */
 2964              		.loc 1 779 1 is_stmt 1 view -0
 2965              		.cfi_startproc
 2966              		@ args = 0, pretend = 0, frame = 0
 2967              		@ frame_needed = 0, uses_anonymous_args = 0
 779:Drivers/STM32H7xx_HAL_Driver/Src/stm32h7xx_hal_dma.c ****   /* calculate DMA base and stream number */
 2968              		.loc 1 779 1 is_stmt 0 view .LVU927
 2969 0000 70B5     		push	{r4, r5, r6, lr}
 2970              	.LCFI17:
 2971              		.cfi_def_cfa_offset 16
 2972              		.cfi_offset 4, -16
 2973              		.cfi_offset 5, -12
 2974              		.cfi_offset 6, -8
 2975              		.cfi_offset 14, -4
 2976 0002 0446     		mov	r4, r0
 781:Drivers/STM32H7xx_HAL_Driver/Src/stm32h7xx_hal_dma.c ****   BDMA_Base_Registers *regs_bdma;
 2977              		.loc 1 781 3 is_stmt 1 view .LVU928
 782:Drivers/STM32H7xx_HAL_Driver/Src/stm32h7xx_hal_dma.c ****   const __IO uint32_t *enableRegister;
 2978              		.loc 1 782 3 view .LVU929
 783:Drivers/STM32H7xx_HAL_Driver/Src/stm32h7xx_hal_dma.c **** 
 2979              		.loc 1 783 3 view .LVU930
 785:Drivers/STM32H7xx_HAL_Driver/Src/stm32h7xx_hal_dma.c **** 
 2980              		.loc 1 785 3 view .LVU931
 785:Drivers/STM32H7xx_HAL_Driver/Src/stm32h7xx_hal_dma.c **** 
 2981              		.loc 1 785 24 is_stmt 0 view .LVU932
 2982 0004 FFF7FEFF 		bl	HAL_GetTick
 2983              	.LVL134:
 788:Drivers/STM32H7xx_HAL_Driver/Src/stm32h7xx_hal_dma.c ****   {
 2984              		.loc 1 788 3 is_stmt 1 view .LVU933
 788:Drivers/STM32H7xx_HAL_Driver/Src/stm32h7xx_hal_dma.c ****   {
 2985              		.loc 1 788 5 is_stmt 0 view .LVU934
 2986 0008 002C     		cmp	r4, #0
ARM GAS  /tmp/ccMjPS5V.s 			page 102


 2987 000a 00F09181 		beq	.L177
 2988 000e 0546     		mov	r5, r0
 794:Drivers/STM32H7xx_HAL_Driver/Src/stm32h7xx_hal_dma.c ****   {
 2989              		.loc 1 794 3 is_stmt 1 view .LVU935
 794:Drivers/STM32H7xx_HAL_Driver/Src/stm32h7xx_hal_dma.c ****   {
 2990              		.loc 1 794 10 is_stmt 0 view .LVU936
 2991 0010 94F83530 		ldrb	r3, [r4, #53]	@ zero_extendqisi2
 2992 0014 DBB2     		uxtb	r3, r3
 794:Drivers/STM32H7xx_HAL_Driver/Src/stm32h7xx_hal_dma.c ****   {
 2993              		.loc 1 794 5 view .LVU937
 2994 0016 022B     		cmp	r3, #2
 2995 0018 06D0     		beq	.L163
 796:Drivers/STM32H7xx_HAL_Driver/Src/stm32h7xx_hal_dma.c **** 
 2996              		.loc 1 796 5 is_stmt 1 view .LVU938
 796:Drivers/STM32H7xx_HAL_Driver/Src/stm32h7xx_hal_dma.c **** 
 2997              		.loc 1 796 21 is_stmt 0 view .LVU939
 2998 001a 8023     		movs	r3, #128
 2999 001c 6365     		str	r3, [r4, #84]
 799:Drivers/STM32H7xx_HAL_Driver/Src/stm32h7xx_hal_dma.c **** 
 3000              		.loc 1 799 5 is_stmt 1 view .LVU940
 799:Drivers/STM32H7xx_HAL_Driver/Src/stm32h7xx_hal_dma.c **** 
 3001              		.loc 1 799 5 view .LVU941
 3002 001e 0023     		movs	r3, #0
 3003 0020 84F83430 		strb	r3, [r4, #52]
 799:Drivers/STM32H7xx_HAL_Driver/Src/stm32h7xx_hal_dma.c **** 
 3004              		.loc 1 799 5 view .LVU942
 801:Drivers/STM32H7xx_HAL_Driver/Src/stm32h7xx_hal_dma.c ****   }
 3005              		.loc 1 801 5 view .LVU943
 801:Drivers/STM32H7xx_HAL_Driver/Src/stm32h7xx_hal_dma.c ****   }
 3006              		.loc 1 801 12 is_stmt 0 view .LVU944
 3007 0024 0120     		movs	r0, #1
 3008              	.LVL135:
 3009              	.L162:
 886:Drivers/STM32H7xx_HAL_Driver/Src/stm32h7xx_hal_dma.c **** 
 3010              		.loc 1 886 1 view .LVU945
 3011 0026 70BD     		pop	{r4, r5, r6, pc}
 3012              	.LVL136:
 3013              	.L163:
 806:Drivers/STM32H7xx_HAL_Driver/Src/stm32h7xx_hal_dma.c **** 
 3014              		.loc 1 806 5 is_stmt 1 view .LVU946
 3015 0028 2368     		ldr	r3, [r4]
 3016 002a 8C49     		ldr	r1, .L180
 3017 002c 8C4A     		ldr	r2, .L180+4
 3018 002e 9342     		cmp	r3, r2
 3019 0030 18BF     		it	ne
 3020 0032 8B42     		cmpne	r3, r1
 3021 0034 2FD0     		beq	.L164
 806:Drivers/STM32H7xx_HAL_Driver/Src/stm32h7xx_hal_dma.c **** 
 3022              		.loc 1 806 5 is_stmt 0 discriminator 2 view .LVU947
 3023 0036 1832     		adds	r2, r2, #24
 3024 0038 9342     		cmp	r3, r2
 3025 003a 2CD0     		beq	.L164
 806:Drivers/STM32H7xx_HAL_Driver/Src/stm32h7xx_hal_dma.c **** 
 3026              		.loc 1 806 5 discriminator 4 view .LVU948
 3027 003c 1832     		adds	r2, r2, #24
 3028 003e 9342     		cmp	r3, r2
 3029 0040 29D0     		beq	.L164
ARM GAS  /tmp/ccMjPS5V.s 			page 103


 806:Drivers/STM32H7xx_HAL_Driver/Src/stm32h7xx_hal_dma.c **** 
 3030              		.loc 1 806 5 discriminator 6 view .LVU949
 3031 0042 1832     		adds	r2, r2, #24
 3032 0044 9342     		cmp	r3, r2
 3033 0046 26D0     		beq	.L164
 806:Drivers/STM32H7xx_HAL_Driver/Src/stm32h7xx_hal_dma.c **** 
 3034              		.loc 1 806 5 discriminator 8 view .LVU950
 3035 0048 1832     		adds	r2, r2, #24
 3036 004a 9342     		cmp	r3, r2
 3037 004c 23D0     		beq	.L164
 806:Drivers/STM32H7xx_HAL_Driver/Src/stm32h7xx_hal_dma.c **** 
 3038              		.loc 1 806 5 discriminator 10 view .LVU951
 3039 004e 1832     		adds	r2, r2, #24
 3040 0050 9342     		cmp	r3, r2
 3041 0052 20D0     		beq	.L164
 806:Drivers/STM32H7xx_HAL_Driver/Src/stm32h7xx_hal_dma.c **** 
 3042              		.loc 1 806 5 discriminator 12 view .LVU952
 3043 0054 1832     		adds	r2, r2, #24
 3044 0056 9342     		cmp	r3, r2
 3045 0058 1DD0     		beq	.L164
 806:Drivers/STM32H7xx_HAL_Driver/Src/stm32h7xx_hal_dma.c **** 
 3046              		.loc 1 806 5 discriminator 14 view .LVU953
 3047 005a 02F55672 		add	r2, r2, #856
 3048 005e 9342     		cmp	r3, r2
 3049 0060 19D0     		beq	.L164
 806:Drivers/STM32H7xx_HAL_Driver/Src/stm32h7xx_hal_dma.c **** 
 3050              		.loc 1 806 5 discriminator 16 view .LVU954
 3051 0062 1832     		adds	r2, r2, #24
 3052 0064 9342     		cmp	r3, r2
 3053 0066 16D0     		beq	.L164
 806:Drivers/STM32H7xx_HAL_Driver/Src/stm32h7xx_hal_dma.c **** 
 3054              		.loc 1 806 5 discriminator 18 view .LVU955
 3055 0068 1832     		adds	r2, r2, #24
 3056 006a 9342     		cmp	r3, r2
 3057 006c 13D0     		beq	.L164
 806:Drivers/STM32H7xx_HAL_Driver/Src/stm32h7xx_hal_dma.c **** 
 3058              		.loc 1 806 5 discriminator 20 view .LVU956
 3059 006e 1832     		adds	r2, r2, #24
 3060 0070 9342     		cmp	r3, r2
 3061 0072 10D0     		beq	.L164
 806:Drivers/STM32H7xx_HAL_Driver/Src/stm32h7xx_hal_dma.c **** 
 3062              		.loc 1 806 5 discriminator 22 view .LVU957
 3063 0074 1832     		adds	r2, r2, #24
 3064 0076 9342     		cmp	r3, r2
 3065 0078 0DD0     		beq	.L164
 806:Drivers/STM32H7xx_HAL_Driver/Src/stm32h7xx_hal_dma.c **** 
 3066              		.loc 1 806 5 discriminator 24 view .LVU958
 3067 007a 1832     		adds	r2, r2, #24
 3068 007c 9342     		cmp	r3, r2
 3069 007e 0AD0     		beq	.L164
 806:Drivers/STM32H7xx_HAL_Driver/Src/stm32h7xx_hal_dma.c **** 
 3070              		.loc 1 806 5 discriminator 26 view .LVU959
 3071 0080 1832     		adds	r2, r2, #24
 3072 0082 9342     		cmp	r3, r2
 3073 0084 07D0     		beq	.L164
 806:Drivers/STM32H7xx_HAL_Driver/Src/stm32h7xx_hal_dma.c **** 
 3074              		.loc 1 806 5 discriminator 28 view .LVU960
ARM GAS  /tmp/ccMjPS5V.s 			page 104


 3075 0086 1832     		adds	r2, r2, #24
 3076 0088 9342     		cmp	r3, r2
 3077 008a 04D0     		beq	.L164
 806:Drivers/STM32H7xx_HAL_Driver/Src/stm32h7xx_hal_dma.c **** 
 3078              		.loc 1 806 5 discriminator 30 view .LVU961
 3079 008c 1A68     		ldr	r2, [r3]
 3080 008e 22F00102 		bic	r2, r2, #1
 3081 0092 1A60     		str	r2, [r3]
 3082 0094 03E0     		b	.L166
 3083              	.L164:
 806:Drivers/STM32H7xx_HAL_Driver/Src/stm32h7xx_hal_dma.c **** 
 3084              		.loc 1 806 5 discriminator 29 view .LVU962
 3085 0096 1A68     		ldr	r2, [r3]
 3086 0098 22F00102 		bic	r2, r2, #1
 3087 009c 1A60     		str	r2, [r3]
 3088              	.L166:
 809:Drivers/STM32H7xx_HAL_Driver/Src/stm32h7xx_hal_dma.c ****     {
 3089              		.loc 1 809 5 is_stmt 1 view .LVU963
 809:Drivers/STM32H7xx_HAL_Driver/Src/stm32h7xx_hal_dma.c ****     {
 3090              		.loc 1 809 8 is_stmt 0 view .LVU964
 3091 009e 2368     		ldr	r3, [r4]
 3092 00a0 6E49     		ldr	r1, .L180
 3093 00a2 6F4A     		ldr	r2, .L180+4
 3094 00a4 9342     		cmp	r3, r2
 3095 00a6 18BF     		it	ne
 3096 00a8 8B42     		cmpne	r3, r1
 3097 00aa 30D0     		beq	.L167
 809:Drivers/STM32H7xx_HAL_Driver/Src/stm32h7xx_hal_dma.c ****     {
 3098              		.loc 1 809 8 discriminator 2 view .LVU965
 3099 00ac 1832     		adds	r2, r2, #24
 3100 00ae 9342     		cmp	r3, r2
 3101 00b0 2DD0     		beq	.L167
 809:Drivers/STM32H7xx_HAL_Driver/Src/stm32h7xx_hal_dma.c ****     {
 3102              		.loc 1 809 8 discriminator 4 view .LVU966
 3103 00b2 1832     		adds	r2, r2, #24
 3104 00b4 9342     		cmp	r3, r2
 3105 00b6 2AD0     		beq	.L167
 809:Drivers/STM32H7xx_HAL_Driver/Src/stm32h7xx_hal_dma.c ****     {
 3106              		.loc 1 809 8 discriminator 6 view .LVU967
 3107 00b8 1832     		adds	r2, r2, #24
 3108 00ba 9342     		cmp	r3, r2
 3109 00bc 27D0     		beq	.L167
 809:Drivers/STM32H7xx_HAL_Driver/Src/stm32h7xx_hal_dma.c ****     {
 3110              		.loc 1 809 8 discriminator 8 view .LVU968
 3111 00be 1832     		adds	r2, r2, #24
 3112 00c0 9342     		cmp	r3, r2
 3113 00c2 24D0     		beq	.L167
 809:Drivers/STM32H7xx_HAL_Driver/Src/stm32h7xx_hal_dma.c ****     {
 3114              		.loc 1 809 8 discriminator 10 view .LVU969
 3115 00c4 1832     		adds	r2, r2, #24
 3116 00c6 9342     		cmp	r3, r2
 3117 00c8 21D0     		beq	.L167
 809:Drivers/STM32H7xx_HAL_Driver/Src/stm32h7xx_hal_dma.c ****     {
 3118              		.loc 1 809 8 discriminator 12 view .LVU970
 3119 00ca 1832     		adds	r2, r2, #24
 3120 00cc 9342     		cmp	r3, r2
 3121 00ce 1ED0     		beq	.L167
ARM GAS  /tmp/ccMjPS5V.s 			page 105


 809:Drivers/STM32H7xx_HAL_Driver/Src/stm32h7xx_hal_dma.c ****     {
 3122              		.loc 1 809 8 discriminator 14 view .LVU971
 3123 00d0 02F55672 		add	r2, r2, #856
 3124 00d4 9342     		cmp	r3, r2
 3125 00d6 1AD0     		beq	.L167
 809:Drivers/STM32H7xx_HAL_Driver/Src/stm32h7xx_hal_dma.c ****     {
 3126              		.loc 1 809 8 discriminator 16 view .LVU972
 3127 00d8 1832     		adds	r2, r2, #24
 3128 00da 9342     		cmp	r3, r2
 3129 00dc 17D0     		beq	.L167
 809:Drivers/STM32H7xx_HAL_Driver/Src/stm32h7xx_hal_dma.c ****     {
 3130              		.loc 1 809 8 discriminator 18 view .LVU973
 3131 00de 1832     		adds	r2, r2, #24
 3132 00e0 9342     		cmp	r3, r2
 3133 00e2 14D0     		beq	.L167
 809:Drivers/STM32H7xx_HAL_Driver/Src/stm32h7xx_hal_dma.c ****     {
 3134              		.loc 1 809 8 discriminator 20 view .LVU974
 3135 00e4 1832     		adds	r2, r2, #24
 3136 00e6 9342     		cmp	r3, r2
 3137 00e8 11D0     		beq	.L167
 809:Drivers/STM32H7xx_HAL_Driver/Src/stm32h7xx_hal_dma.c ****     {
 3138              		.loc 1 809 8 discriminator 22 view .LVU975
 3139 00ea 1832     		adds	r2, r2, #24
 3140 00ec 9342     		cmp	r3, r2
 3141 00ee 0ED0     		beq	.L167
 809:Drivers/STM32H7xx_HAL_Driver/Src/stm32h7xx_hal_dma.c ****     {
 3142              		.loc 1 809 8 discriminator 24 view .LVU976
 3143 00f0 1832     		adds	r2, r2, #24
 3144 00f2 9342     		cmp	r3, r2
 3145 00f4 0BD0     		beq	.L167
 809:Drivers/STM32H7xx_HAL_Driver/Src/stm32h7xx_hal_dma.c ****     {
 3146              		.loc 1 809 8 discriminator 26 view .LVU977
 3147 00f6 1832     		adds	r2, r2, #24
 3148 00f8 9342     		cmp	r3, r2
 3149 00fa 08D0     		beq	.L167
 809:Drivers/STM32H7xx_HAL_Driver/Src/stm32h7xx_hal_dma.c ****     {
 3150              		.loc 1 809 8 discriminator 28 view .LVU978
 3151 00fc 1832     		adds	r2, r2, #24
 3152 00fe 9342     		cmp	r3, r2
 3153 0100 05D0     		beq	.L167
 820:Drivers/STM32H7xx_HAL_Driver/Src/stm32h7xx_hal_dma.c **** 
 3154              		.loc 1 820 7 is_stmt 1 view .LVU979
 820:Drivers/STM32H7xx_HAL_Driver/Src/stm32h7xx_hal_dma.c **** 
 3155              		.loc 1 820 49 is_stmt 0 view .LVU980
 3156 0102 1A68     		ldr	r2, [r3]
 820:Drivers/STM32H7xx_HAL_Driver/Src/stm32h7xx_hal_dma.c **** 
 3157              		.loc 1 820 56 view .LVU981
 3158 0104 22F00E02 		bic	r2, r2, #14
 3159 0108 1A60     		str	r2, [r3]
 822:Drivers/STM32H7xx_HAL_Driver/Src/stm32h7xx_hal_dma.c ****     }
 3160              		.loc 1 822 7 is_stmt 1 view .LVU982
 822:Drivers/STM32H7xx_HAL_Driver/Src/stm32h7xx_hal_dma.c ****     }
 3161              		.loc 1 822 75 is_stmt 0 view .LVU983
 3162 010a 2668     		ldr	r6, [r4]
 3163              	.LVL137:
 822:Drivers/STM32H7xx_HAL_Driver/Src/stm32h7xx_hal_dma.c ****     }
 3164              		.loc 1 822 75 view .LVU984
ARM GAS  /tmp/ccMjPS5V.s 			page 106


 3165 010c 09E0     		b	.L168
 3166              	.LVL138:
 3167              	.L167:
 812:Drivers/STM32H7xx_HAL_Driver/Src/stm32h7xx_hal_dma.c ****       ((DMA_Stream_TypeDef   *)hdma->Instance)->FCR &= ~(DMA_IT_FE);
 3168              		.loc 1 812 7 is_stmt 1 view .LVU985
 812:Drivers/STM32H7xx_HAL_Driver/Src/stm32h7xx_hal_dma.c ****       ((DMA_Stream_TypeDef   *)hdma->Instance)->FCR &= ~(DMA_IT_FE);
 3169              		.loc 1 812 47 is_stmt 0 view .LVU986
 3170 010e 1A68     		ldr	r2, [r3]
 812:Drivers/STM32H7xx_HAL_Driver/Src/stm32h7xx_hal_dma.c ****       ((DMA_Stream_TypeDef   *)hdma->Instance)->FCR &= ~(DMA_IT_FE);
 3171              		.loc 1 812 53 view .LVU987
 3172 0110 22F01E02 		bic	r2, r2, #30
 3173 0114 1A60     		str	r2, [r3]
 813:Drivers/STM32H7xx_HAL_Driver/Src/stm32h7xx_hal_dma.c **** 
 3174              		.loc 1 813 7 is_stmt 1 view .LVU988
 813:Drivers/STM32H7xx_HAL_Driver/Src/stm32h7xx_hal_dma.c **** 
 3175              		.loc 1 813 36 is_stmt 0 view .LVU989
 3176 0116 2268     		ldr	r2, [r4]
 813:Drivers/STM32H7xx_HAL_Driver/Src/stm32h7xx_hal_dma.c **** 
 3177              		.loc 1 813 47 view .LVU990
 3178 0118 5369     		ldr	r3, [r2, #20]
 813:Drivers/STM32H7xx_HAL_Driver/Src/stm32h7xx_hal_dma.c **** 
 3179              		.loc 1 813 53 view .LVU991
 3180 011a 23F08003 		bic	r3, r3, #128
 3181 011e 5361     		str	r3, [r2, #20]
 815:Drivers/STM32H7xx_HAL_Driver/Src/stm32h7xx_hal_dma.c ****     }
 3182              		.loc 1 815 7 is_stmt 1 view .LVU992
 815:Drivers/STM32H7xx_HAL_Driver/Src/stm32h7xx_hal_dma.c ****     }
 3183              		.loc 1 815 73 is_stmt 0 view .LVU993
 3184 0120 2668     		ldr	r6, [r4]
 3185              	.LVL139:
 3186              	.L168:
 825:Drivers/STM32H7xx_HAL_Driver/Src/stm32h7xx_hal_dma.c ****     {
 3187              		.loc 1 825 5 is_stmt 1 view .LVU994
 825:Drivers/STM32H7xx_HAL_Driver/Src/stm32h7xx_hal_dma.c ****     {
 3188              		.loc 1 825 8 is_stmt 0 view .LVU995
 3189 0122 2368     		ldr	r3, [r4]
 3190 0124 4D49     		ldr	r1, .L180
 3191 0126 4E4A     		ldr	r2, .L180+4
 3192 0128 9342     		cmp	r3, r2
 3193 012a 18BF     		it	ne
 3194 012c 8B42     		cmpne	r3, r1
 3195 012e 42D0     		beq	.L169
 825:Drivers/STM32H7xx_HAL_Driver/Src/stm32h7xx_hal_dma.c ****     {
 3196              		.loc 1 825 8 discriminator 2 view .LVU996
 3197 0130 1832     		adds	r2, r2, #24
 3198 0132 9342     		cmp	r3, r2
 3199 0134 3FD0     		beq	.L169
 825:Drivers/STM32H7xx_HAL_Driver/Src/stm32h7xx_hal_dma.c ****     {
 3200              		.loc 1 825 8 discriminator 4 view .LVU997
 3201 0136 1832     		adds	r2, r2, #24
 3202 0138 9342     		cmp	r3, r2
 3203 013a 3CD0     		beq	.L169
 825:Drivers/STM32H7xx_HAL_Driver/Src/stm32h7xx_hal_dma.c ****     {
 3204              		.loc 1 825 8 discriminator 6 view .LVU998
 3205 013c 1832     		adds	r2, r2, #24
 3206 013e 9342     		cmp	r3, r2
 3207 0140 39D0     		beq	.L169
ARM GAS  /tmp/ccMjPS5V.s 			page 107


 825:Drivers/STM32H7xx_HAL_Driver/Src/stm32h7xx_hal_dma.c ****     {
 3208              		.loc 1 825 8 discriminator 8 view .LVU999
 3209 0142 1832     		adds	r2, r2, #24
 3210 0144 9342     		cmp	r3, r2
 3211 0146 36D0     		beq	.L169
 825:Drivers/STM32H7xx_HAL_Driver/Src/stm32h7xx_hal_dma.c ****     {
 3212              		.loc 1 825 8 discriminator 10 view .LVU1000
 3213 0148 1832     		adds	r2, r2, #24
 3214 014a 9342     		cmp	r3, r2
 3215 014c 33D0     		beq	.L169
 825:Drivers/STM32H7xx_HAL_Driver/Src/stm32h7xx_hal_dma.c ****     {
 3216              		.loc 1 825 8 discriminator 12 view .LVU1001
 3217 014e 1832     		adds	r2, r2, #24
 3218 0150 9342     		cmp	r3, r2
 3219 0152 30D0     		beq	.L169
 825:Drivers/STM32H7xx_HAL_Driver/Src/stm32h7xx_hal_dma.c ****     {
 3220              		.loc 1 825 8 discriminator 14 view .LVU1002
 3221 0154 02F55672 		add	r2, r2, #856
 3222 0158 9342     		cmp	r3, r2
 3223 015a 2CD0     		beq	.L169
 825:Drivers/STM32H7xx_HAL_Driver/Src/stm32h7xx_hal_dma.c ****     {
 3224              		.loc 1 825 8 discriminator 16 view .LVU1003
 3225 015c 1832     		adds	r2, r2, #24
 3226 015e 9342     		cmp	r3, r2
 3227 0160 29D0     		beq	.L169
 825:Drivers/STM32H7xx_HAL_Driver/Src/stm32h7xx_hal_dma.c ****     {
 3228              		.loc 1 825 8 discriminator 18 view .LVU1004
 3229 0162 1832     		adds	r2, r2, #24
 3230 0164 9342     		cmp	r3, r2
 3231 0166 26D0     		beq	.L169
 825:Drivers/STM32H7xx_HAL_Driver/Src/stm32h7xx_hal_dma.c ****     {
 3232              		.loc 1 825 8 discriminator 20 view .LVU1005
 3233 0168 1832     		adds	r2, r2, #24
 3234 016a 9342     		cmp	r3, r2
 3235 016c 23D0     		beq	.L169
 825:Drivers/STM32H7xx_HAL_Driver/Src/stm32h7xx_hal_dma.c ****     {
 3236              		.loc 1 825 8 discriminator 22 view .LVU1006
 3237 016e 1832     		adds	r2, r2, #24
 3238 0170 9342     		cmp	r3, r2
 3239 0172 20D0     		beq	.L169
 825:Drivers/STM32H7xx_HAL_Driver/Src/stm32h7xx_hal_dma.c ****     {
 3240              		.loc 1 825 8 discriminator 24 view .LVU1007
 3241 0174 1832     		adds	r2, r2, #24
 3242 0176 9342     		cmp	r3, r2
 3243 0178 1DD0     		beq	.L169
 825:Drivers/STM32H7xx_HAL_Driver/Src/stm32h7xx_hal_dma.c ****     {
 3244              		.loc 1 825 8 discriminator 26 view .LVU1008
 3245 017a 1832     		adds	r2, r2, #24
 3246 017c 9342     		cmp	r3, r2
 3247 017e 1AD0     		beq	.L169
 825:Drivers/STM32H7xx_HAL_Driver/Src/stm32h7xx_hal_dma.c ****     {
 3248              		.loc 1 825 8 discriminator 28 view .LVU1009
 3249 0180 1832     		adds	r2, r2, #24
 3250 0182 9342     		cmp	r3, r2
 3251 0184 17D0     		beq	.L169
 825:Drivers/STM32H7xx_HAL_Driver/Src/stm32h7xx_hal_dma.c ****     {
 3252              		.loc 1 825 8 discriminator 30 view .LVU1010
ARM GAS  /tmp/ccMjPS5V.s 			page 108


 3253 0186 374A     		ldr	r2, .L180+8
 3254 0188 9342     		cmp	r3, r2
 3255 018a 14D0     		beq	.L169
 825:Drivers/STM32H7xx_HAL_Driver/Src/stm32h7xx_hal_dma.c ****     {
 3256              		.loc 1 825 8 discriminator 32 view .LVU1011
 3257 018c 1432     		adds	r2, r2, #20
 3258 018e 9342     		cmp	r3, r2
 3259 0190 11D0     		beq	.L169
 825:Drivers/STM32H7xx_HAL_Driver/Src/stm32h7xx_hal_dma.c ****     {
 3260              		.loc 1 825 8 discriminator 34 view .LVU1012
 3261 0192 1432     		adds	r2, r2, #20
 3262 0194 9342     		cmp	r3, r2
 3263 0196 0ED0     		beq	.L169
 825:Drivers/STM32H7xx_HAL_Driver/Src/stm32h7xx_hal_dma.c ****     {
 3264              		.loc 1 825 8 discriminator 36 view .LVU1013
 3265 0198 1432     		adds	r2, r2, #20
 3266 019a 9342     		cmp	r3, r2
 3267 019c 0BD0     		beq	.L169
 825:Drivers/STM32H7xx_HAL_Driver/Src/stm32h7xx_hal_dma.c ****     {
 3268              		.loc 1 825 8 discriminator 38 view .LVU1014
 3269 019e 1432     		adds	r2, r2, #20
 3270 01a0 9342     		cmp	r3, r2
 3271 01a2 08D0     		beq	.L169
 825:Drivers/STM32H7xx_HAL_Driver/Src/stm32h7xx_hal_dma.c ****     {
 3272              		.loc 1 825 8 discriminator 40 view .LVU1015
 3273 01a4 1432     		adds	r2, r2, #20
 3274 01a6 9342     		cmp	r3, r2
 3275 01a8 05D0     		beq	.L169
 825:Drivers/STM32H7xx_HAL_Driver/Src/stm32h7xx_hal_dma.c ****     {
 3276              		.loc 1 825 8 discriminator 42 view .LVU1016
 3277 01aa 1432     		adds	r2, r2, #20
 3278 01ac 9342     		cmp	r3, r2
 3279 01ae 02D0     		beq	.L169
 825:Drivers/STM32H7xx_HAL_Driver/Src/stm32h7xx_hal_dma.c ****     {
 3280              		.loc 1 825 8 discriminator 44 view .LVU1017
 3281 01b0 1432     		adds	r2, r2, #20
 3282 01b2 9342     		cmp	r3, r2
 3283 01b4 04D1     		bne	.L171
 3284              	.L169:
 828:Drivers/STM32H7xx_HAL_Driver/Src/stm32h7xx_hal_dma.c ****     }
 3285              		.loc 1 828 7 is_stmt 1 view .LVU1018
 828:Drivers/STM32H7xx_HAL_Driver/Src/stm32h7xx_hal_dma.c ****     }
 3286              		.loc 1 828 11 is_stmt 0 view .LVU1019
 3287 01b6 226E     		ldr	r2, [r4, #96]
 828:Drivers/STM32H7xx_HAL_Driver/Src/stm32h7xx_hal_dma.c ****     }
 3288              		.loc 1 828 26 view .LVU1020
 3289 01b8 1368     		ldr	r3, [r2]
 828:Drivers/STM32H7xx_HAL_Driver/Src/stm32h7xx_hal_dma.c ****     }
 3290              		.loc 1 828 32 view .LVU1021
 3291 01ba 23F48073 		bic	r3, r3, #256
 3292 01be 1360     		str	r3, [r2]
 3293              	.LVL140:
 3294              	.L171:
 832:Drivers/STM32H7xx_HAL_Driver/Src/stm32h7xx_hal_dma.c ****     {
 3295              		.loc 1 832 45 is_stmt 1 view .LVU1022
 832:Drivers/STM32H7xx_HAL_Driver/Src/stm32h7xx_hal_dma.c ****     {
 3296              		.loc 1 832 13 is_stmt 0 view .LVU1023
ARM GAS  /tmp/ccMjPS5V.s 			page 109


 3297 01c0 3368     		ldr	r3, [r6]
 832:Drivers/STM32H7xx_HAL_Driver/Src/stm32h7xx_hal_dma.c ****     {
 3298              		.loc 1 832 45 view .LVU1024
 3299 01c2 13F0010F 		tst	r3, #1
 3300 01c6 0ED0     		beq	.L179
 835:Drivers/STM32H7xx_HAL_Driver/Src/stm32h7xx_hal_dma.c ****       {
 3301              		.loc 1 835 7 is_stmt 1 view .LVU1025
 835:Drivers/STM32H7xx_HAL_Driver/Src/stm32h7xx_hal_dma.c ****       {
 3302              		.loc 1 835 11 is_stmt 0 view .LVU1026
 3303 01c8 FFF7FEFF 		bl	HAL_GetTick
 3304              	.LVL141:
 835:Drivers/STM32H7xx_HAL_Driver/Src/stm32h7xx_hal_dma.c ****       {
 3305              		.loc 1 835 25 discriminator 1 view .LVU1027
 3306 01cc 431B     		subs	r3, r0, r5
 835:Drivers/STM32H7xx_HAL_Driver/Src/stm32h7xx_hal_dma.c ****       {
 3307              		.loc 1 835 9 discriminator 1 view .LVU1028
 3308 01ce 052B     		cmp	r3, #5
 3309 01d0 F6D9     		bls	.L171
 838:Drivers/STM32H7xx_HAL_Driver/Src/stm32h7xx_hal_dma.c **** 
 3310              		.loc 1 838 9 is_stmt 1 view .LVU1029
 838:Drivers/STM32H7xx_HAL_Driver/Src/stm32h7xx_hal_dma.c **** 
 3311              		.loc 1 838 25 is_stmt 0 view .LVU1030
 3312 01d2 2023     		movs	r3, #32
 3313 01d4 6365     		str	r3, [r4, #84]
 841:Drivers/STM32H7xx_HAL_Driver/Src/stm32h7xx_hal_dma.c **** 
 3314              		.loc 1 841 9 is_stmt 1 view .LVU1031
 841:Drivers/STM32H7xx_HAL_Driver/Src/stm32h7xx_hal_dma.c **** 
 3315              		.loc 1 841 21 is_stmt 0 view .LVU1032
 3316 01d6 0323     		movs	r3, #3
 3317 01d8 84F83530 		strb	r3, [r4, #53]
 844:Drivers/STM32H7xx_HAL_Driver/Src/stm32h7xx_hal_dma.c **** 
 3318              		.loc 1 844 9 is_stmt 1 view .LVU1033
 844:Drivers/STM32H7xx_HAL_Driver/Src/stm32h7xx_hal_dma.c **** 
 3319              		.loc 1 844 9 view .LVU1034
 3320 01dc 0023     		movs	r3, #0
 3321 01de 84F83430 		strb	r3, [r4, #52]
 844:Drivers/STM32H7xx_HAL_Driver/Src/stm32h7xx_hal_dma.c **** 
 3322              		.loc 1 844 9 view .LVU1035
 846:Drivers/STM32H7xx_HAL_Driver/Src/stm32h7xx_hal_dma.c ****       }
 3323              		.loc 1 846 9 view .LVU1036
 846:Drivers/STM32H7xx_HAL_Driver/Src/stm32h7xx_hal_dma.c ****       }
 3324              		.loc 1 846 16 is_stmt 0 view .LVU1037
 3325 01e2 0120     		movs	r0, #1
 3326 01e4 1FE7     		b	.L162
 3327              	.L179:
 851:Drivers/STM32H7xx_HAL_Driver/Src/stm32h7xx_hal_dma.c ****     {
 3328              		.loc 1 851 5 is_stmt 1 view .LVU1038
 851:Drivers/STM32H7xx_HAL_Driver/Src/stm32h7xx_hal_dma.c ****     {
 3329              		.loc 1 851 8 is_stmt 0 view .LVU1039
 3330 01e6 2368     		ldr	r3, [r4]
 3331 01e8 1C49     		ldr	r1, .L180
 3332 01ea 1D4A     		ldr	r2, .L180+4
 3333 01ec 9342     		cmp	r3, r2
 3334 01ee 18BF     		it	ne
 3335 01f0 8B42     		cmpne	r3, r1
 3336 01f2 39D0     		beq	.L173
 851:Drivers/STM32H7xx_HAL_Driver/Src/stm32h7xx_hal_dma.c ****     {
ARM GAS  /tmp/ccMjPS5V.s 			page 110


 3337              		.loc 1 851 8 discriminator 2 view .LVU1040
 3338 01f4 1832     		adds	r2, r2, #24
 3339 01f6 9342     		cmp	r3, r2
 3340 01f8 36D0     		beq	.L173
 851:Drivers/STM32H7xx_HAL_Driver/Src/stm32h7xx_hal_dma.c ****     {
 3341              		.loc 1 851 8 discriminator 4 view .LVU1041
 3342 01fa 1832     		adds	r2, r2, #24
 3343 01fc 9342     		cmp	r3, r2
 3344 01fe 33D0     		beq	.L173
 851:Drivers/STM32H7xx_HAL_Driver/Src/stm32h7xx_hal_dma.c ****     {
 3345              		.loc 1 851 8 discriminator 6 view .LVU1042
 3346 0200 1832     		adds	r2, r2, #24
 3347 0202 9342     		cmp	r3, r2
 3348 0204 30D0     		beq	.L173
 851:Drivers/STM32H7xx_HAL_Driver/Src/stm32h7xx_hal_dma.c ****     {
 3349              		.loc 1 851 8 discriminator 8 view .LVU1043
 3350 0206 1832     		adds	r2, r2, #24
 3351 0208 9342     		cmp	r3, r2
 3352 020a 2DD0     		beq	.L173
 851:Drivers/STM32H7xx_HAL_Driver/Src/stm32h7xx_hal_dma.c ****     {
 3353              		.loc 1 851 8 discriminator 10 view .LVU1044
 3354 020c 1832     		adds	r2, r2, #24
 3355 020e 9342     		cmp	r3, r2
 3356 0210 2AD0     		beq	.L173
 851:Drivers/STM32H7xx_HAL_Driver/Src/stm32h7xx_hal_dma.c ****     {
 3357              		.loc 1 851 8 discriminator 12 view .LVU1045
 3358 0212 1832     		adds	r2, r2, #24
 3359 0214 9342     		cmp	r3, r2
 3360 0216 27D0     		beq	.L173
 851:Drivers/STM32H7xx_HAL_Driver/Src/stm32h7xx_hal_dma.c ****     {
 3361              		.loc 1 851 8 discriminator 14 view .LVU1046
 3362 0218 02F55672 		add	r2, r2, #856
 3363 021c 9342     		cmp	r3, r2
 3364 021e 23D0     		beq	.L173
 851:Drivers/STM32H7xx_HAL_Driver/Src/stm32h7xx_hal_dma.c ****     {
 3365              		.loc 1 851 8 discriminator 16 view .LVU1047
 3366 0220 1832     		adds	r2, r2, #24
 3367 0222 9342     		cmp	r3, r2
 3368 0224 20D0     		beq	.L173
 851:Drivers/STM32H7xx_HAL_Driver/Src/stm32h7xx_hal_dma.c ****     {
 3369              		.loc 1 851 8 discriminator 18 view .LVU1048
 3370 0226 1832     		adds	r2, r2, #24
 3371 0228 9342     		cmp	r3, r2
 3372 022a 1DD0     		beq	.L173
 851:Drivers/STM32H7xx_HAL_Driver/Src/stm32h7xx_hal_dma.c ****     {
 3373              		.loc 1 851 8 discriminator 20 view .LVU1049
 3374 022c 1832     		adds	r2, r2, #24
 3375 022e 9342     		cmp	r3, r2
 3376 0230 1AD0     		beq	.L173
 851:Drivers/STM32H7xx_HAL_Driver/Src/stm32h7xx_hal_dma.c ****     {
 3377              		.loc 1 851 8 discriminator 22 view .LVU1050
 3378 0232 1832     		adds	r2, r2, #24
 3379 0234 9342     		cmp	r3, r2
 3380 0236 17D0     		beq	.L173
 851:Drivers/STM32H7xx_HAL_Driver/Src/stm32h7xx_hal_dma.c ****     {
 3381              		.loc 1 851 8 discriminator 24 view .LVU1051
 3382 0238 1832     		adds	r2, r2, #24
ARM GAS  /tmp/ccMjPS5V.s 			page 111


 3383 023a 9342     		cmp	r3, r2
 3384 023c 14D0     		beq	.L173
 851:Drivers/STM32H7xx_HAL_Driver/Src/stm32h7xx_hal_dma.c ****     {
 3385              		.loc 1 851 8 discriminator 26 view .LVU1052
 3386 023e 1832     		adds	r2, r2, #24
 3387 0240 9342     		cmp	r3, r2
 3388 0242 11D0     		beq	.L173
 851:Drivers/STM32H7xx_HAL_Driver/Src/stm32h7xx_hal_dma.c ****     {
 3389              		.loc 1 851 8 discriminator 28 view .LVU1053
 3390 0244 1832     		adds	r2, r2, #24
 3391 0246 9342     		cmp	r3, r2
 3392 0248 0ED0     		beq	.L173
 858:Drivers/STM32H7xx_HAL_Driver/Src/stm32h7xx_hal_dma.c ****       regs_bdma->IFCR = ((BDMA_IFCR_CGIF0) << (hdma->StreamIndex & 0x1FU));
 3393              		.loc 1 858 7 is_stmt 1 view .LVU1054
 858:Drivers/STM32H7xx_HAL_Driver/Src/stm32h7xx_hal_dma.c ****       regs_bdma->IFCR = ((BDMA_IFCR_CGIF0) << (hdma->StreamIndex & 0x1FU));
 3394              		.loc 1 858 46 is_stmt 0 view .LVU1055
 3395 024a A16D     		ldr	r1, [r4, #88]
 3396              	.LVL142:
 859:Drivers/STM32H7xx_HAL_Driver/Src/stm32h7xx_hal_dma.c ****     }
 3397              		.loc 1 859 7 is_stmt 1 view .LVU1056
 859:Drivers/STM32H7xx_HAL_Driver/Src/stm32h7xx_hal_dma.c ****     }
 3398              		.loc 1 859 52 is_stmt 0 view .LVU1057
 3399 024c E36D     		ldr	r3, [r4, #92]
 859:Drivers/STM32H7xx_HAL_Driver/Src/stm32h7xx_hal_dma.c ****     }
 3400              		.loc 1 859 66 view .LVU1058
 3401 024e 03F01F02 		and	r2, r3, #31
 859:Drivers/STM32H7xx_HAL_Driver/Src/stm32h7xx_hal_dma.c ****     }
 3402              		.loc 1 859 44 view .LVU1059
 3403 0252 0123     		movs	r3, #1
 3404 0254 9340     		lsls	r3, r3, r2
 859:Drivers/STM32H7xx_HAL_Driver/Src/stm32h7xx_hal_dma.c ****     }
 3405              		.loc 1 859 23 view .LVU1060
 3406 0256 4B60     		str	r3, [r1, #4]
 3407 0258 0DE0     		b	.L174
 3408              	.L181:
 3409 025a 00BF     		.align	2
 3410              	.L180:
 3411 025c 10000240 		.word	1073872912
 3412 0260 28000240 		.word	1073872936
 3413 0264 08540258 		.word	1476547592
 3414              	.LVL143:
 3415              	.L173:
 853:Drivers/STM32H7xx_HAL_Driver/Src/stm32h7xx_hal_dma.c ****       regs_dma->IFCR = 0x3FUL << (hdma->StreamIndex & 0x1FU);
 3416              		.loc 1 853 7 is_stmt 1 view .LVU1061
 853:Drivers/STM32H7xx_HAL_Driver/Src/stm32h7xx_hal_dma.c ****       regs_dma->IFCR = 0x3FUL << (hdma->StreamIndex & 0x1FU);
 3417              		.loc 1 853 44 is_stmt 0 view .LVU1062
 3418 0268 A16D     		ldr	r1, [r4, #88]
 3419              	.LVL144:
 854:Drivers/STM32H7xx_HAL_Driver/Src/stm32h7xx_hal_dma.c ****     }
 3420              		.loc 1 854 7 is_stmt 1 view .LVU1063
 854:Drivers/STM32H7xx_HAL_Driver/Src/stm32h7xx_hal_dma.c ****     }
 3421              		.loc 1 854 39 is_stmt 0 view .LVU1064
 3422 026a E36D     		ldr	r3, [r4, #92]
 854:Drivers/STM32H7xx_HAL_Driver/Src/stm32h7xx_hal_dma.c ****     }
 3423              		.loc 1 854 53 view .LVU1065
 3424 026c 03F01F02 		and	r2, r3, #31
 854:Drivers/STM32H7xx_HAL_Driver/Src/stm32h7xx_hal_dma.c ****     }
ARM GAS  /tmp/ccMjPS5V.s 			page 112


 3425              		.loc 1 854 31 view .LVU1066
 3426 0270 3F23     		movs	r3, #63
 3427 0272 9340     		lsls	r3, r3, r2
 854:Drivers/STM32H7xx_HAL_Driver/Src/stm32h7xx_hal_dma.c ****     }
 3428              		.loc 1 854 22 view .LVU1067
 3429 0274 8B60     		str	r3, [r1, #8]
 3430              	.LVL145:
 3431              	.L174:
 862:Drivers/STM32H7xx_HAL_Driver/Src/stm32h7xx_hal_dma.c ****     {
 3432              		.loc 1 862 5 is_stmt 1 view .LVU1068
 862:Drivers/STM32H7xx_HAL_Driver/Src/stm32h7xx_hal_dma.c ****     {
 3433              		.loc 1 862 8 is_stmt 0 view .LVU1069
 3434 0276 2368     		ldr	r3, [r4]
 3435 0278 2E49     		ldr	r1, .L182
 3436 027a 2F4A     		ldr	r2, .L182+4
 3437 027c 9342     		cmp	r3, r2
 3438 027e 18BF     		it	ne
 3439 0280 8B42     		cmpne	r3, r1
 3440 0282 42D0     		beq	.L175
 862:Drivers/STM32H7xx_HAL_Driver/Src/stm32h7xx_hal_dma.c ****     {
 3441              		.loc 1 862 8 discriminator 2 view .LVU1070
 3442 0284 1832     		adds	r2, r2, #24
 3443 0286 9342     		cmp	r3, r2
 3444 0288 3FD0     		beq	.L175
 862:Drivers/STM32H7xx_HAL_Driver/Src/stm32h7xx_hal_dma.c ****     {
 3445              		.loc 1 862 8 discriminator 4 view .LVU1071
 3446 028a 1832     		adds	r2, r2, #24
 3447 028c 9342     		cmp	r3, r2
 3448 028e 3CD0     		beq	.L175
 862:Drivers/STM32H7xx_HAL_Driver/Src/stm32h7xx_hal_dma.c ****     {
 3449              		.loc 1 862 8 discriminator 6 view .LVU1072
 3450 0290 1832     		adds	r2, r2, #24
 3451 0292 9342     		cmp	r3, r2
 3452 0294 39D0     		beq	.L175
 862:Drivers/STM32H7xx_HAL_Driver/Src/stm32h7xx_hal_dma.c ****     {
 3453              		.loc 1 862 8 discriminator 8 view .LVU1073
 3454 0296 1832     		adds	r2, r2, #24
 3455 0298 9342     		cmp	r3, r2
 3456 029a 36D0     		beq	.L175
 862:Drivers/STM32H7xx_HAL_Driver/Src/stm32h7xx_hal_dma.c ****     {
 3457              		.loc 1 862 8 discriminator 10 view .LVU1074
 3458 029c 1832     		adds	r2, r2, #24
 3459 029e 9342     		cmp	r3, r2
 3460 02a0 33D0     		beq	.L175
 862:Drivers/STM32H7xx_HAL_Driver/Src/stm32h7xx_hal_dma.c ****     {
 3461              		.loc 1 862 8 discriminator 12 view .LVU1075
 3462 02a2 1832     		adds	r2, r2, #24
 3463 02a4 9342     		cmp	r3, r2
 3464 02a6 30D0     		beq	.L175
 862:Drivers/STM32H7xx_HAL_Driver/Src/stm32h7xx_hal_dma.c ****     {
 3465              		.loc 1 862 8 discriminator 14 view .LVU1076
 3466 02a8 02F55672 		add	r2, r2, #856
 3467 02ac 9342     		cmp	r3, r2
 3468 02ae 2CD0     		beq	.L175
 862:Drivers/STM32H7xx_HAL_Driver/Src/stm32h7xx_hal_dma.c ****     {
 3469              		.loc 1 862 8 discriminator 16 view .LVU1077
 3470 02b0 1832     		adds	r2, r2, #24
ARM GAS  /tmp/ccMjPS5V.s 			page 113


 3471 02b2 9342     		cmp	r3, r2
 3472 02b4 29D0     		beq	.L175
 862:Drivers/STM32H7xx_HAL_Driver/Src/stm32h7xx_hal_dma.c ****     {
 3473              		.loc 1 862 8 discriminator 18 view .LVU1078
 3474 02b6 1832     		adds	r2, r2, #24
 3475 02b8 9342     		cmp	r3, r2
 3476 02ba 26D0     		beq	.L175
 862:Drivers/STM32H7xx_HAL_Driver/Src/stm32h7xx_hal_dma.c ****     {
 3477              		.loc 1 862 8 discriminator 20 view .LVU1079
 3478 02bc 1832     		adds	r2, r2, #24
 3479 02be 9342     		cmp	r3, r2
 3480 02c0 23D0     		beq	.L175
 862:Drivers/STM32H7xx_HAL_Driver/Src/stm32h7xx_hal_dma.c ****     {
 3481              		.loc 1 862 8 discriminator 22 view .LVU1080
 3482 02c2 1832     		adds	r2, r2, #24
 3483 02c4 9342     		cmp	r3, r2
 3484 02c6 20D0     		beq	.L175
 862:Drivers/STM32H7xx_HAL_Driver/Src/stm32h7xx_hal_dma.c ****     {
 3485              		.loc 1 862 8 discriminator 24 view .LVU1081
 3486 02c8 1832     		adds	r2, r2, #24
 3487 02ca 9342     		cmp	r3, r2
 3488 02cc 1DD0     		beq	.L175
 862:Drivers/STM32H7xx_HAL_Driver/Src/stm32h7xx_hal_dma.c ****     {
 3489              		.loc 1 862 8 discriminator 26 view .LVU1082
 3490 02ce 1832     		adds	r2, r2, #24
 3491 02d0 9342     		cmp	r3, r2
 3492 02d2 1AD0     		beq	.L175
 862:Drivers/STM32H7xx_HAL_Driver/Src/stm32h7xx_hal_dma.c ****     {
 3493              		.loc 1 862 8 discriminator 28 view .LVU1083
 3494 02d4 1832     		adds	r2, r2, #24
 3495 02d6 9342     		cmp	r3, r2
 3496 02d8 17D0     		beq	.L175
 862:Drivers/STM32H7xx_HAL_Driver/Src/stm32h7xx_hal_dma.c ****     {
 3497              		.loc 1 862 8 discriminator 30 view .LVU1084
 3498 02da 184A     		ldr	r2, .L182+8
 3499 02dc 9342     		cmp	r3, r2
 3500 02de 14D0     		beq	.L175
 862:Drivers/STM32H7xx_HAL_Driver/Src/stm32h7xx_hal_dma.c ****     {
 3501              		.loc 1 862 8 discriminator 32 view .LVU1085
 3502 02e0 1432     		adds	r2, r2, #20
 3503 02e2 9342     		cmp	r3, r2
 3504 02e4 11D0     		beq	.L175
 862:Drivers/STM32H7xx_HAL_Driver/Src/stm32h7xx_hal_dma.c ****     {
 3505              		.loc 1 862 8 discriminator 34 view .LVU1086
 3506 02e6 1432     		adds	r2, r2, #20
 3507 02e8 9342     		cmp	r3, r2
 3508 02ea 0ED0     		beq	.L175
 862:Drivers/STM32H7xx_HAL_Driver/Src/stm32h7xx_hal_dma.c ****     {
 3509              		.loc 1 862 8 discriminator 36 view .LVU1087
 3510 02ec 1432     		adds	r2, r2, #20
 3511 02ee 9342     		cmp	r3, r2
 3512 02f0 0BD0     		beq	.L175
 862:Drivers/STM32H7xx_HAL_Driver/Src/stm32h7xx_hal_dma.c ****     {
 3513              		.loc 1 862 8 discriminator 38 view .LVU1088
 3514 02f2 1432     		adds	r2, r2, #20
 3515 02f4 9342     		cmp	r3, r2
 3516 02f6 08D0     		beq	.L175
ARM GAS  /tmp/ccMjPS5V.s 			page 114


 862:Drivers/STM32H7xx_HAL_Driver/Src/stm32h7xx_hal_dma.c ****     {
 3517              		.loc 1 862 8 discriminator 40 view .LVU1089
 3518 02f8 1432     		adds	r2, r2, #20
 3519 02fa 9342     		cmp	r3, r2
 3520 02fc 05D0     		beq	.L175
 862:Drivers/STM32H7xx_HAL_Driver/Src/stm32h7xx_hal_dma.c ****     {
 3521              		.loc 1 862 8 discriminator 42 view .LVU1090
 3522 02fe 1432     		adds	r2, r2, #20
 3523 0300 9342     		cmp	r3, r2
 3524 0302 02D0     		beq	.L175
 862:Drivers/STM32H7xx_HAL_Driver/Src/stm32h7xx_hal_dma.c ****     {
 3525              		.loc 1 862 8 discriminator 44 view .LVU1091
 3526 0304 1432     		adds	r2, r2, #20
 3527 0306 9342     		cmp	r3, r2
 3528 0308 0BD1     		bne	.L176
 3529              	.L175:
 865:Drivers/STM32H7xx_HAL_Driver/Src/stm32h7xx_hal_dma.c **** 
 3530              		.loc 1 865 7 is_stmt 1 view .LVU1092
 865:Drivers/STM32H7xx_HAL_Driver/Src/stm32h7xx_hal_dma.c **** 
 3531              		.loc 1 865 11 is_stmt 0 view .LVU1093
 3532 030a 636E     		ldr	r3, [r4, #100]
 865:Drivers/STM32H7xx_HAL_Driver/Src/stm32h7xx_hal_dma.c **** 
 3533              		.loc 1 865 44 view .LVU1094
 3534 030c A26E     		ldr	r2, [r4, #104]
 865:Drivers/STM32H7xx_HAL_Driver/Src/stm32h7xx_hal_dma.c **** 
 3535              		.loc 1 865 38 view .LVU1095
 3536 030e 5A60     		str	r2, [r3, #4]
 867:Drivers/STM32H7xx_HAL_Driver/Src/stm32h7xx_hal_dma.c ****       {
 3537              		.loc 1 867 7 is_stmt 1 view .LVU1096
 867:Drivers/STM32H7xx_HAL_Driver/Src/stm32h7xx_hal_dma.c ****       {
 3538              		.loc 1 867 14 is_stmt 0 view .LVU1097
 3539 0310 E36E     		ldr	r3, [r4, #108]
 867:Drivers/STM32H7xx_HAL_Driver/Src/stm32h7xx_hal_dma.c ****       {
 3540              		.loc 1 867 9 view .LVU1098
 3541 0312 33B1     		cbz	r3, .L176
 871:Drivers/STM32H7xx_HAL_Driver/Src/stm32h7xx_hal_dma.c **** 
 3542              		.loc 1 871 9 is_stmt 1 view .LVU1099
 871:Drivers/STM32H7xx_HAL_Driver/Src/stm32h7xx_hal_dma.c **** 
 3543              		.loc 1 871 31 is_stmt 0 view .LVU1100
 3544 0314 1A68     		ldr	r2, [r3]
 871:Drivers/STM32H7xx_HAL_Driver/Src/stm32h7xx_hal_dma.c **** 
 3545              		.loc 1 871 38 view .LVU1101
 3546 0316 22F48072 		bic	r2, r2, #256
 3547 031a 1A60     		str	r2, [r3]
 874:Drivers/STM32H7xx_HAL_Driver/Src/stm32h7xx_hal_dma.c ****       }
 3548              		.loc 1 874 9 is_stmt 1 view .LVU1102
 874:Drivers/STM32H7xx_HAL_Driver/Src/stm32h7xx_hal_dma.c ****       }
 3549              		.loc 1 874 13 is_stmt 0 view .LVU1103
 3550 031c 236F     		ldr	r3, [r4, #112]
 874:Drivers/STM32H7xx_HAL_Driver/Src/stm32h7xx_hal_dma.c ****       }
 3551              		.loc 1 874 51 view .LVU1104
 3552 031e 626F     		ldr	r2, [r4, #116]
 874:Drivers/STM32H7xx_HAL_Driver/Src/stm32h7xx_hal_dma.c ****       }
 3553              		.loc 1 874 45 view .LVU1105
 3554 0320 5A60     		str	r2, [r3, #4]
 3555              	.L176:
 879:Drivers/STM32H7xx_HAL_Driver/Src/stm32h7xx_hal_dma.c **** 
ARM GAS  /tmp/ccMjPS5V.s 			page 115


 3556              		.loc 1 879 5 is_stmt 1 view .LVU1106
 879:Drivers/STM32H7xx_HAL_Driver/Src/stm32h7xx_hal_dma.c **** 
 3557              		.loc 1 879 17 is_stmt 0 view .LVU1107
 3558 0322 0123     		movs	r3, #1
 3559 0324 84F83530 		strb	r3, [r4, #53]
 882:Drivers/STM32H7xx_HAL_Driver/Src/stm32h7xx_hal_dma.c ****   }
 3560              		.loc 1 882 5 is_stmt 1 view .LVU1108
 882:Drivers/STM32H7xx_HAL_Driver/Src/stm32h7xx_hal_dma.c ****   }
 3561              		.loc 1 882 5 view .LVU1109
 3562 0328 0020     		movs	r0, #0
 3563 032a 84F83400 		strb	r0, [r4, #52]
 882:Drivers/STM32H7xx_HAL_Driver/Src/stm32h7xx_hal_dma.c ****   }
 3564              		.loc 1 882 5 view .LVU1110
 885:Drivers/STM32H7xx_HAL_Driver/Src/stm32h7xx_hal_dma.c **** }
 3565              		.loc 1 885 3 view .LVU1111
 885:Drivers/STM32H7xx_HAL_Driver/Src/stm32h7xx_hal_dma.c **** }
 3566              		.loc 1 885 10 is_stmt 0 view .LVU1112
 3567 032e 7AE6     		b	.L162
 3568              	.LVL146:
 3569              	.L177:
 790:Drivers/STM32H7xx_HAL_Driver/Src/stm32h7xx_hal_dma.c ****   }
 3570              		.loc 1 790 12 view .LVU1113
 3571 0330 0120     		movs	r0, #1
 3572              	.LVL147:
 790:Drivers/STM32H7xx_HAL_Driver/Src/stm32h7xx_hal_dma.c ****   }
 3573              		.loc 1 790 12 view .LVU1114
 3574 0332 78E6     		b	.L162
 3575              	.L183:
 3576              		.align	2
 3577              	.L182:
 3578 0334 10000240 		.word	1073872912
 3579 0338 28000240 		.word	1073872936
 3580 033c 08540258 		.word	1476547592
 3581              		.cfi_endproc
 3582              	.LFE150:
 3584              		.section	.text.HAL_DMA_Abort_IT,"ax",%progbits
 3585              		.align	1
 3586              		.global	HAL_DMA_Abort_IT
 3587              		.syntax unified
 3588              		.thumb
 3589              		.thumb_func
 3591              	HAL_DMA_Abort_IT:
 3592              	.LVL148:
 3593              	.LFB151:
 895:Drivers/STM32H7xx_HAL_Driver/Src/stm32h7xx_hal_dma.c ****   BDMA_Base_Registers *regs_bdma;
 3594              		.loc 1 895 1 is_stmt 1 view -0
 3595              		.cfi_startproc
 3596              		@ args = 0, pretend = 0, frame = 0
 3597              		@ frame_needed = 0, uses_anonymous_args = 0
 896:Drivers/STM32H7xx_HAL_Driver/Src/stm32h7xx_hal_dma.c **** 
 3598              		.loc 1 896 3 view .LVU1116
 899:Drivers/STM32H7xx_HAL_Driver/Src/stm32h7xx_hal_dma.c ****   {
 3599              		.loc 1 899 3 view .LVU1117
 899:Drivers/STM32H7xx_HAL_Driver/Src/stm32h7xx_hal_dma.c ****   {
 3600              		.loc 1 899 5 is_stmt 0 view .LVU1118
 3601 0000 0028     		cmp	r0, #0
 3602 0002 00F0FF80 		beq	.L193
ARM GAS  /tmp/ccMjPS5V.s 			page 116


 895:Drivers/STM32H7xx_HAL_Driver/Src/stm32h7xx_hal_dma.c ****   BDMA_Base_Registers *regs_bdma;
 3603              		.loc 1 895 1 view .LVU1119
 3604 0006 08B5     		push	{r3, lr}
 3605              	.LCFI18:
 3606              		.cfi_def_cfa_offset 8
 3607              		.cfi_offset 3, -8
 3608              		.cfi_offset 14, -4
 3609 0008 0246     		mov	r2, r0
 904:Drivers/STM32H7xx_HAL_Driver/Src/stm32h7xx_hal_dma.c ****   {
 3610              		.loc 1 904 3 is_stmt 1 view .LVU1120
 904:Drivers/STM32H7xx_HAL_Driver/Src/stm32h7xx_hal_dma.c ****   {
 3611              		.loc 1 904 10 is_stmt 0 view .LVU1121
 3612 000a 90F83530 		ldrb	r3, [r0, #53]	@ zero_extendqisi2
 3613 000e DBB2     		uxtb	r3, r3
 904:Drivers/STM32H7xx_HAL_Driver/Src/stm32h7xx_hal_dma.c ****   {
 3614              		.loc 1 904 5 view .LVU1122
 3615 0010 022B     		cmp	r3, #2
 3616 0012 03D0     		beq	.L186
 906:Drivers/STM32H7xx_HAL_Driver/Src/stm32h7xx_hal_dma.c ****     return HAL_ERROR;
 3617              		.loc 1 906 5 is_stmt 1 view .LVU1123
 906:Drivers/STM32H7xx_HAL_Driver/Src/stm32h7xx_hal_dma.c ****     return HAL_ERROR;
 3618              		.loc 1 906 21 is_stmt 0 view .LVU1124
 3619 0014 8023     		movs	r3, #128
 3620 0016 4365     		str	r3, [r0, #84]
 907:Drivers/STM32H7xx_HAL_Driver/Src/stm32h7xx_hal_dma.c ****   }
 3621              		.loc 1 907 5 is_stmt 1 view .LVU1125
 907:Drivers/STM32H7xx_HAL_Driver/Src/stm32h7xx_hal_dma.c ****   }
 3622              		.loc 1 907 12 is_stmt 0 view .LVU1126
 3623 0018 0120     		movs	r0, #1
 3624              	.LVL149:
 3625              	.L185:
 965:Drivers/STM32H7xx_HAL_Driver/Src/stm32h7xx_hal_dma.c **** 
 3626              		.loc 1 965 1 view .LVU1127
 3627 001a 08BD     		pop	{r3, pc}
 3628              	.LVL150:
 3629              	.L186:
 911:Drivers/STM32H7xx_HAL_Driver/Src/stm32h7xx_hal_dma.c ****     {
 3630              		.loc 1 911 5 is_stmt 1 view .LVU1128
 911:Drivers/STM32H7xx_HAL_Driver/Src/stm32h7xx_hal_dma.c ****     {
 3631              		.loc 1 911 8 is_stmt 0 view .LVU1129
 3632 001c 0368     		ldr	r3, [r0]
 3633 001e 7B48     		ldr	r0, .L199
 3634              	.LVL151:
 911:Drivers/STM32H7xx_HAL_Driver/Src/stm32h7xx_hal_dma.c ****     {
 3635              		.loc 1 911 8 view .LVU1130
 3636 0020 7B49     		ldr	r1, .L199+4
 3637 0022 8B42     		cmp	r3, r1
 3638 0024 18BF     		it	ne
 3639 0026 8342     		cmpne	r3, r0
 3640 0028 0CBF     		ite	eq
 3641 002a 0120     		moveq	r0, #1
 3642 002c 0020     		movne	r0, #0
 3643 002e 00F0AE80 		beq	.L187
 911:Drivers/STM32H7xx_HAL_Driver/Src/stm32h7xx_hal_dma.c ****     {
 3644              		.loc 1 911 8 discriminator 2 view .LVU1131
 3645 0032 1831     		adds	r1, r1, #24
 3646 0034 8B42     		cmp	r3, r1
ARM GAS  /tmp/ccMjPS5V.s 			page 117


 3647 0036 00F0AA80 		beq	.L187
 911:Drivers/STM32H7xx_HAL_Driver/Src/stm32h7xx_hal_dma.c ****     {
 3648              		.loc 1 911 8 discriminator 4 view .LVU1132
 3649 003a 1831     		adds	r1, r1, #24
 3650 003c 8B42     		cmp	r3, r1
 3651 003e 00F0A680 		beq	.L187
 911:Drivers/STM32H7xx_HAL_Driver/Src/stm32h7xx_hal_dma.c ****     {
 3652              		.loc 1 911 8 discriminator 6 view .LVU1133
 3653 0042 1831     		adds	r1, r1, #24
 3654 0044 8B42     		cmp	r3, r1
 3655 0046 00F0A280 		beq	.L187
 911:Drivers/STM32H7xx_HAL_Driver/Src/stm32h7xx_hal_dma.c ****     {
 3656              		.loc 1 911 8 discriminator 8 view .LVU1134
 3657 004a 1831     		adds	r1, r1, #24
 3658 004c 8B42     		cmp	r3, r1
 3659 004e 00F09E80 		beq	.L187
 911:Drivers/STM32H7xx_HAL_Driver/Src/stm32h7xx_hal_dma.c ****     {
 3660              		.loc 1 911 8 discriminator 10 view .LVU1135
 3661 0052 1831     		adds	r1, r1, #24
 3662 0054 8B42     		cmp	r3, r1
 3663 0056 00F09A80 		beq	.L187
 911:Drivers/STM32H7xx_HAL_Driver/Src/stm32h7xx_hal_dma.c ****     {
 3664              		.loc 1 911 8 discriminator 12 view .LVU1136
 3665 005a 1831     		adds	r1, r1, #24
 3666 005c 8B42     		cmp	r3, r1
 3667 005e 00F09680 		beq	.L187
 911:Drivers/STM32H7xx_HAL_Driver/Src/stm32h7xx_hal_dma.c ****     {
 3668              		.loc 1 911 8 discriminator 14 view .LVU1137
 3669 0062 01F55671 		add	r1, r1, #856
 3670 0066 8B42     		cmp	r3, r1
 3671 0068 00F09180 		beq	.L187
 911:Drivers/STM32H7xx_HAL_Driver/Src/stm32h7xx_hal_dma.c ****     {
 3672              		.loc 1 911 8 discriminator 16 view .LVU1138
 3673 006c 1831     		adds	r1, r1, #24
 3674 006e 8B42     		cmp	r3, r1
 3675 0070 00F08D80 		beq	.L187
 911:Drivers/STM32H7xx_HAL_Driver/Src/stm32h7xx_hal_dma.c ****     {
 3676              		.loc 1 911 8 discriminator 18 view .LVU1139
 3677 0074 1831     		adds	r1, r1, #24
 3678 0076 8B42     		cmp	r3, r1
 3679 0078 00F08980 		beq	.L187
 911:Drivers/STM32H7xx_HAL_Driver/Src/stm32h7xx_hal_dma.c ****     {
 3680              		.loc 1 911 8 discriminator 20 view .LVU1140
 3681 007c 1831     		adds	r1, r1, #24
 3682 007e 8B42     		cmp	r3, r1
 3683 0080 00F08580 		beq	.L187
 911:Drivers/STM32H7xx_HAL_Driver/Src/stm32h7xx_hal_dma.c ****     {
 3684              		.loc 1 911 8 discriminator 22 view .LVU1141
 3685 0084 1831     		adds	r1, r1, #24
 3686 0086 8B42     		cmp	r3, r1
 3687 0088 00F08180 		beq	.L187
 911:Drivers/STM32H7xx_HAL_Driver/Src/stm32h7xx_hal_dma.c ****     {
 3688              		.loc 1 911 8 discriminator 24 view .LVU1142
 3689 008c 1831     		adds	r1, r1, #24
 3690 008e 8B42     		cmp	r3, r1
 3691 0090 7DD0     		beq	.L187
 911:Drivers/STM32H7xx_HAL_Driver/Src/stm32h7xx_hal_dma.c ****     {
ARM GAS  /tmp/ccMjPS5V.s 			page 118


 3692              		.loc 1 911 8 discriminator 26 view .LVU1143
 3693 0092 1831     		adds	r1, r1, #24
 3694 0094 8B42     		cmp	r3, r1
 3695 0096 7AD0     		beq	.L187
 911:Drivers/STM32H7xx_HAL_Driver/Src/stm32h7xx_hal_dma.c ****     {
 3696              		.loc 1 911 8 discriminator 28 view .LVU1144
 3697 0098 1831     		adds	r1, r1, #24
 3698 009a 8B42     		cmp	r3, r1
 3699 009c 77D0     		beq	.L187
 922:Drivers/STM32H7xx_HAL_Driver/Src/stm32h7xx_hal_dma.c **** 
 3700              		.loc 1 922 7 is_stmt 1 view .LVU1145
 922:Drivers/STM32H7xx_HAL_Driver/Src/stm32h7xx_hal_dma.c **** 
 3701              		.loc 1 922 7 is_stmt 0 discriminator 30 view .LVU1146
 3702 009e 1968     		ldr	r1, [r3]
 3703 00a0 21F00101 		bic	r1, r1, #1
 3704 00a4 1960     		str	r1, [r3]
 925:Drivers/STM32H7xx_HAL_Driver/Src/stm32h7xx_hal_dma.c **** 
 3705              		.loc 1 925 7 is_stmt 1 view .LVU1147
 925:Drivers/STM32H7xx_HAL_Driver/Src/stm32h7xx_hal_dma.c **** 
 3706              		.loc 1 925 36 is_stmt 0 view .LVU1148
 3707 00a6 1168     		ldr	r1, [r2]
 925:Drivers/STM32H7xx_HAL_Driver/Src/stm32h7xx_hal_dma.c **** 
 3708              		.loc 1 925 47 view .LVU1149
 3709 00a8 0B68     		ldr	r3, [r1]
 925:Drivers/STM32H7xx_HAL_Driver/Src/stm32h7xx_hal_dma.c **** 
 3710              		.loc 1 925 54 view .LVU1150
 3711 00aa 23F00E03 		bic	r3, r3, #14
 3712 00ae 0B60     		str	r3, [r1]
 927:Drivers/STM32H7xx_HAL_Driver/Src/stm32h7xx_hal_dma.c ****       {
 3713              		.loc 1 927 7 is_stmt 1 view .LVU1151
 927:Drivers/STM32H7xx_HAL_Driver/Src/stm32h7xx_hal_dma.c ****       {
 3714              		.loc 1 927 10 is_stmt 0 view .LVU1152
 3715 00b0 1368     		ldr	r3, [r2]
 3716 00b2 5648     		ldr	r0, .L199
 3717 00b4 5649     		ldr	r1, .L199+4
 3718 00b6 8B42     		cmp	r3, r1
 3719 00b8 18BF     		it	ne
 3720 00ba 8342     		cmpne	r3, r0
 3721 00bc 42D0     		beq	.L191
 927:Drivers/STM32H7xx_HAL_Driver/Src/stm32h7xx_hal_dma.c ****       {
 3722              		.loc 1 927 10 discriminator 2 view .LVU1153
 3723 00be 1831     		adds	r1, r1, #24
 3724 00c0 8B42     		cmp	r3, r1
 3725 00c2 3FD0     		beq	.L191
 927:Drivers/STM32H7xx_HAL_Driver/Src/stm32h7xx_hal_dma.c ****       {
 3726              		.loc 1 927 10 discriminator 4 view .LVU1154
 3727 00c4 1831     		adds	r1, r1, #24
 3728 00c6 8B42     		cmp	r3, r1
 3729 00c8 3CD0     		beq	.L191
 927:Drivers/STM32H7xx_HAL_Driver/Src/stm32h7xx_hal_dma.c ****       {
 3730              		.loc 1 927 10 discriminator 6 view .LVU1155
 3731 00ca 1831     		adds	r1, r1, #24
 3732 00cc 8B42     		cmp	r3, r1
 3733 00ce 39D0     		beq	.L191
 927:Drivers/STM32H7xx_HAL_Driver/Src/stm32h7xx_hal_dma.c ****       {
 3734              		.loc 1 927 10 discriminator 8 view .LVU1156
 3735 00d0 1831     		adds	r1, r1, #24
ARM GAS  /tmp/ccMjPS5V.s 			page 119


 3736 00d2 8B42     		cmp	r3, r1
 3737 00d4 36D0     		beq	.L191
 927:Drivers/STM32H7xx_HAL_Driver/Src/stm32h7xx_hal_dma.c ****       {
 3738              		.loc 1 927 10 discriminator 10 view .LVU1157
 3739 00d6 1831     		adds	r1, r1, #24
 3740 00d8 8B42     		cmp	r3, r1
 3741 00da 33D0     		beq	.L191
 927:Drivers/STM32H7xx_HAL_Driver/Src/stm32h7xx_hal_dma.c ****       {
 3742              		.loc 1 927 10 discriminator 12 view .LVU1158
 3743 00dc 1831     		adds	r1, r1, #24
 3744 00de 8B42     		cmp	r3, r1
 3745 00e0 30D0     		beq	.L191
 927:Drivers/STM32H7xx_HAL_Driver/Src/stm32h7xx_hal_dma.c ****       {
 3746              		.loc 1 927 10 discriminator 14 view .LVU1159
 3747 00e2 01F55671 		add	r1, r1, #856
 3748 00e6 8B42     		cmp	r3, r1
 3749 00e8 2CD0     		beq	.L191
 927:Drivers/STM32H7xx_HAL_Driver/Src/stm32h7xx_hal_dma.c ****       {
 3750              		.loc 1 927 10 discriminator 16 view .LVU1160
 3751 00ea 1831     		adds	r1, r1, #24
 3752 00ec 8B42     		cmp	r3, r1
 3753 00ee 29D0     		beq	.L191
 927:Drivers/STM32H7xx_HAL_Driver/Src/stm32h7xx_hal_dma.c ****       {
 3754              		.loc 1 927 10 discriminator 18 view .LVU1161
 3755 00f0 1831     		adds	r1, r1, #24
 3756 00f2 8B42     		cmp	r3, r1
 3757 00f4 26D0     		beq	.L191
 927:Drivers/STM32H7xx_HAL_Driver/Src/stm32h7xx_hal_dma.c ****       {
 3758              		.loc 1 927 10 discriminator 20 view .LVU1162
 3759 00f6 1831     		adds	r1, r1, #24
 3760 00f8 8B42     		cmp	r3, r1
 3761 00fa 23D0     		beq	.L191
 927:Drivers/STM32H7xx_HAL_Driver/Src/stm32h7xx_hal_dma.c ****       {
 3762              		.loc 1 927 10 discriminator 22 view .LVU1163
 3763 00fc 1831     		adds	r1, r1, #24
 3764 00fe 8B42     		cmp	r3, r1
 3765 0100 20D0     		beq	.L191
 927:Drivers/STM32H7xx_HAL_Driver/Src/stm32h7xx_hal_dma.c ****       {
 3766              		.loc 1 927 10 discriminator 24 view .LVU1164
 3767 0102 1831     		adds	r1, r1, #24
 3768 0104 8B42     		cmp	r3, r1
 3769 0106 1DD0     		beq	.L191
 927:Drivers/STM32H7xx_HAL_Driver/Src/stm32h7xx_hal_dma.c ****       {
 3770              		.loc 1 927 10 discriminator 26 view .LVU1165
 3771 0108 1831     		adds	r1, r1, #24
 3772 010a 8B42     		cmp	r3, r1
 3773 010c 1AD0     		beq	.L191
 927:Drivers/STM32H7xx_HAL_Driver/Src/stm32h7xx_hal_dma.c ****       {
 3774              		.loc 1 927 10 discriminator 28 view .LVU1166
 3775 010e 1831     		adds	r1, r1, #24
 3776 0110 8B42     		cmp	r3, r1
 3777 0112 17D0     		beq	.L191
 927:Drivers/STM32H7xx_HAL_Driver/Src/stm32h7xx_hal_dma.c ****       {
 3778              		.loc 1 927 10 discriminator 30 view .LVU1167
 3779 0114 3F49     		ldr	r1, .L199+8
 3780 0116 8B42     		cmp	r3, r1
 3781 0118 14D0     		beq	.L191
ARM GAS  /tmp/ccMjPS5V.s 			page 120


 927:Drivers/STM32H7xx_HAL_Driver/Src/stm32h7xx_hal_dma.c ****       {
 3782              		.loc 1 927 10 discriminator 32 view .LVU1168
 3783 011a 1431     		adds	r1, r1, #20
 3784 011c 8B42     		cmp	r3, r1
 3785 011e 11D0     		beq	.L191
 927:Drivers/STM32H7xx_HAL_Driver/Src/stm32h7xx_hal_dma.c ****       {
 3786              		.loc 1 927 10 discriminator 34 view .LVU1169
 3787 0120 1431     		adds	r1, r1, #20
 3788 0122 8B42     		cmp	r3, r1
 3789 0124 0ED0     		beq	.L191
 927:Drivers/STM32H7xx_HAL_Driver/Src/stm32h7xx_hal_dma.c ****       {
 3790              		.loc 1 927 10 discriminator 36 view .LVU1170
 3791 0126 1431     		adds	r1, r1, #20
 3792 0128 8B42     		cmp	r3, r1
 3793 012a 0BD0     		beq	.L191
 927:Drivers/STM32H7xx_HAL_Driver/Src/stm32h7xx_hal_dma.c ****       {
 3794              		.loc 1 927 10 discriminator 38 view .LVU1171
 3795 012c 1431     		adds	r1, r1, #20
 3796 012e 8B42     		cmp	r3, r1
 3797 0130 08D0     		beq	.L191
 927:Drivers/STM32H7xx_HAL_Driver/Src/stm32h7xx_hal_dma.c ****       {
 3798              		.loc 1 927 10 discriminator 40 view .LVU1172
 3799 0132 1431     		adds	r1, r1, #20
 3800 0134 8B42     		cmp	r3, r1
 3801 0136 05D0     		beq	.L191
 927:Drivers/STM32H7xx_HAL_Driver/Src/stm32h7xx_hal_dma.c ****       {
 3802              		.loc 1 927 10 discriminator 42 view .LVU1173
 3803 0138 1431     		adds	r1, r1, #20
 3804 013a 8B42     		cmp	r3, r1
 3805 013c 02D0     		beq	.L191
 927:Drivers/STM32H7xx_HAL_Driver/Src/stm32h7xx_hal_dma.c ****       {
 3806              		.loc 1 927 10 discriminator 44 view .LVU1174
 3807 013e 1431     		adds	r1, r1, #20
 3808 0140 8B42     		cmp	r3, r1
 3809 0142 17D1     		bne	.L192
 3810              	.L191:
 930:Drivers/STM32H7xx_HAL_Driver/Src/stm32h7xx_hal_dma.c **** 
 3811              		.loc 1 930 9 is_stmt 1 view .LVU1175
 930:Drivers/STM32H7xx_HAL_Driver/Src/stm32h7xx_hal_dma.c **** 
 3812              		.loc 1 930 13 is_stmt 0 view .LVU1176
 3813 0144 116E     		ldr	r1, [r2, #96]
 930:Drivers/STM32H7xx_HAL_Driver/Src/stm32h7xx_hal_dma.c **** 
 3814              		.loc 1 930 28 view .LVU1177
 3815 0146 0B68     		ldr	r3, [r1]
 930:Drivers/STM32H7xx_HAL_Driver/Src/stm32h7xx_hal_dma.c **** 
 3816              		.loc 1 930 34 view .LVU1178
 3817 0148 23F48073 		bic	r3, r3, #256
 3818 014c 0B60     		str	r3, [r1]
 933:Drivers/STM32H7xx_HAL_Driver/Src/stm32h7xx_hal_dma.c ****         regs_bdma->IFCR = ((BDMA_IFCR_CGIF0) << (hdma->StreamIndex & 0x1FU));
 3819              		.loc 1 933 9 is_stmt 1 view .LVU1179
 933:Drivers/STM32H7xx_HAL_Driver/Src/stm32h7xx_hal_dma.c ****         regs_bdma->IFCR = ((BDMA_IFCR_CGIF0) << (hdma->StreamIndex & 0x1FU));
 3820              		.loc 1 933 48 is_stmt 0 view .LVU1180
 3821 014e 906D     		ldr	r0, [r2, #88]
 3822              	.LVL152:
 934:Drivers/STM32H7xx_HAL_Driver/Src/stm32h7xx_hal_dma.c **** 
 3823              		.loc 1 934 9 is_stmt 1 view .LVU1181
 934:Drivers/STM32H7xx_HAL_Driver/Src/stm32h7xx_hal_dma.c **** 
ARM GAS  /tmp/ccMjPS5V.s 			page 121


 3824              		.loc 1 934 54 is_stmt 0 view .LVU1182
 3825 0150 D36D     		ldr	r3, [r2, #92]
 934:Drivers/STM32H7xx_HAL_Driver/Src/stm32h7xx_hal_dma.c **** 
 3826              		.loc 1 934 68 view .LVU1183
 3827 0152 03F01F01 		and	r1, r3, #31
 934:Drivers/STM32H7xx_HAL_Driver/Src/stm32h7xx_hal_dma.c **** 
 3828              		.loc 1 934 46 view .LVU1184
 3829 0156 0123     		movs	r3, #1
 3830 0158 8B40     		lsls	r3, r3, r1
 934:Drivers/STM32H7xx_HAL_Driver/Src/stm32h7xx_hal_dma.c **** 
 3831              		.loc 1 934 25 view .LVU1185
 3832 015a 4360     		str	r3, [r0, #4]
 937:Drivers/STM32H7xx_HAL_Driver/Src/stm32h7xx_hal_dma.c **** 
 3833              		.loc 1 937 9 is_stmt 1 view .LVU1186
 937:Drivers/STM32H7xx_HAL_Driver/Src/stm32h7xx_hal_dma.c **** 
 3834              		.loc 1 937 13 is_stmt 0 view .LVU1187
 3835 015c 536E     		ldr	r3, [r2, #100]
 937:Drivers/STM32H7xx_HAL_Driver/Src/stm32h7xx_hal_dma.c **** 
 3836              		.loc 1 937 46 view .LVU1188
 3837 015e 916E     		ldr	r1, [r2, #104]
 937:Drivers/STM32H7xx_HAL_Driver/Src/stm32h7xx_hal_dma.c **** 
 3838              		.loc 1 937 40 view .LVU1189
 3839 0160 5960     		str	r1, [r3, #4]
 939:Drivers/STM32H7xx_HAL_Driver/Src/stm32h7xx_hal_dma.c ****         {
 3840              		.loc 1 939 9 is_stmt 1 view .LVU1190
 939:Drivers/STM32H7xx_HAL_Driver/Src/stm32h7xx_hal_dma.c ****         {
 3841              		.loc 1 939 16 is_stmt 0 view .LVU1191
 3842 0162 D36E     		ldr	r3, [r2, #108]
 939:Drivers/STM32H7xx_HAL_Driver/Src/stm32h7xx_hal_dma.c ****         {
 3843              		.loc 1 939 11 view .LVU1192
 3844 0164 33B1     		cbz	r3, .L192
 943:Drivers/STM32H7xx_HAL_Driver/Src/stm32h7xx_hal_dma.c **** 
 3845              		.loc 1 943 11 is_stmt 1 view .LVU1193
 943:Drivers/STM32H7xx_HAL_Driver/Src/stm32h7xx_hal_dma.c **** 
 3846              		.loc 1 943 33 is_stmt 0 view .LVU1194
 3847 0166 1968     		ldr	r1, [r3]
 943:Drivers/STM32H7xx_HAL_Driver/Src/stm32h7xx_hal_dma.c **** 
 3848              		.loc 1 943 40 view .LVU1195
 3849 0168 21F48071 		bic	r1, r1, #256
 3850 016c 1960     		str	r1, [r3]
 946:Drivers/STM32H7xx_HAL_Driver/Src/stm32h7xx_hal_dma.c ****         }
 3851              		.loc 1 946 11 is_stmt 1 view .LVU1196
 946:Drivers/STM32H7xx_HAL_Driver/Src/stm32h7xx_hal_dma.c ****         }
 3852              		.loc 1 946 15 is_stmt 0 view .LVU1197
 3853 016e 136F     		ldr	r3, [r2, #112]
 946:Drivers/STM32H7xx_HAL_Driver/Src/stm32h7xx_hal_dma.c ****         }
 3854              		.loc 1 946 53 view .LVU1198
 3855 0170 516F     		ldr	r1, [r2, #116]
 946:Drivers/STM32H7xx_HAL_Driver/Src/stm32h7xx_hal_dma.c ****         }
 3856              		.loc 1 946 47 view .LVU1199
 3857 0172 5960     		str	r1, [r3, #4]
 3858              	.LVL153:
 3859              	.L192:
 951:Drivers/STM32H7xx_HAL_Driver/Src/stm32h7xx_hal_dma.c **** 
 3860              		.loc 1 951 7 is_stmt 1 view .LVU1200
 951:Drivers/STM32H7xx_HAL_Driver/Src/stm32h7xx_hal_dma.c **** 
 3861              		.loc 1 951 19 is_stmt 0 view .LVU1201
ARM GAS  /tmp/ccMjPS5V.s 			page 122


 3862 0174 0123     		movs	r3, #1
 3863 0176 82F83530 		strb	r3, [r2, #53]
 954:Drivers/STM32H7xx_HAL_Driver/Src/stm32h7xx_hal_dma.c **** 
 3864              		.loc 1 954 7 is_stmt 1 view .LVU1202
 954:Drivers/STM32H7xx_HAL_Driver/Src/stm32h7xx_hal_dma.c **** 
 3865              		.loc 1 954 7 view .LVU1203
 3866 017a 0023     		movs	r3, #0
 3867 017c 82F83430 		strb	r3, [r2, #52]
 954:Drivers/STM32H7xx_HAL_Driver/Src/stm32h7xx_hal_dma.c **** 
 3868              		.loc 1 954 7 view .LVU1204
 957:Drivers/STM32H7xx_HAL_Driver/Src/stm32h7xx_hal_dma.c ****       {
 3869              		.loc 1 957 7 view .LVU1205
 957:Drivers/STM32H7xx_HAL_Driver/Src/stm32h7xx_hal_dma.c ****       {
 3870              		.loc 1 957 14 is_stmt 0 view .LVU1206
 3871 0180 136D     		ldr	r3, [r2, #80]
 957:Drivers/STM32H7xx_HAL_Driver/Src/stm32h7xx_hal_dma.c ****       {
 3872              		.loc 1 957 9 view .LVU1207
 3873 0182 002B     		cmp	r3, #0
 3874 0184 40D0     		beq	.L194
 959:Drivers/STM32H7xx_HAL_Driver/Src/stm32h7xx_hal_dma.c ****       }
 3875              		.loc 1 959 9 is_stmt 1 view .LVU1208
 3876 0186 1046     		mov	r0, r2
 3877 0188 9847     		blx	r3
 3878              	.LVL154:
 964:Drivers/STM32H7xx_HAL_Driver/Src/stm32h7xx_hal_dma.c **** }
 3879              		.loc 1 964 10 is_stmt 0 view .LVU1209
 3880 018a 0020     		movs	r0, #0
 3881 018c 45E7     		b	.L185
 3882              	.LVL155:
 3883              	.L187:
 914:Drivers/STM32H7xx_HAL_Driver/Src/stm32h7xx_hal_dma.c **** 
 3884              		.loc 1 914 7 is_stmt 1 view .LVU1210
 914:Drivers/STM32H7xx_HAL_Driver/Src/stm32h7xx_hal_dma.c **** 
 3885              		.loc 1 914 19 is_stmt 0 view .LVU1211
 3886 018e 0421     		movs	r1, #4
 3887 0190 82F83510 		strb	r1, [r2, #53]
 917:Drivers/STM32H7xx_HAL_Driver/Src/stm32h7xx_hal_dma.c ****     }
 3888              		.loc 1 917 7 is_stmt 1 view .LVU1212
 3889 0194 80BB     		cbnz	r0, .L189
 917:Drivers/STM32H7xx_HAL_Driver/Src/stm32h7xx_hal_dma.c ****     }
 3890              		.loc 1 917 7 is_stmt 0 discriminator 2 view .LVU1213
 3891 0196 204A     		ldr	r2, .L199+12
 3892              	.LVL156:
 917:Drivers/STM32H7xx_HAL_Driver/Src/stm32h7xx_hal_dma.c ****     }
 3893              		.loc 1 917 7 discriminator 2 view .LVU1214
 3894 0198 9342     		cmp	r3, r2
 3895 019a 2DD0     		beq	.L189
 917:Drivers/STM32H7xx_HAL_Driver/Src/stm32h7xx_hal_dma.c ****     }
 3896              		.loc 1 917 7 discriminator 4 view .LVU1215
 3897 019c 1832     		adds	r2, r2, #24
 3898 019e 9342     		cmp	r3, r2
 3899 01a0 2AD0     		beq	.L189
 917:Drivers/STM32H7xx_HAL_Driver/Src/stm32h7xx_hal_dma.c ****     }
 3900              		.loc 1 917 7 discriminator 6 view .LVU1216
 3901 01a2 1832     		adds	r2, r2, #24
 3902 01a4 9342     		cmp	r3, r2
 3903 01a6 27D0     		beq	.L189
ARM GAS  /tmp/ccMjPS5V.s 			page 123


 917:Drivers/STM32H7xx_HAL_Driver/Src/stm32h7xx_hal_dma.c ****     }
 3904              		.loc 1 917 7 discriminator 8 view .LVU1217
 3905 01a8 1832     		adds	r2, r2, #24
 3906 01aa 9342     		cmp	r3, r2
 3907 01ac 24D0     		beq	.L189
 917:Drivers/STM32H7xx_HAL_Driver/Src/stm32h7xx_hal_dma.c ****     }
 3908              		.loc 1 917 7 discriminator 10 view .LVU1218
 3909 01ae 1832     		adds	r2, r2, #24
 3910 01b0 9342     		cmp	r3, r2
 3911 01b2 21D0     		beq	.L189
 917:Drivers/STM32H7xx_HAL_Driver/Src/stm32h7xx_hal_dma.c ****     }
 3912              		.loc 1 917 7 discriminator 12 view .LVU1219
 3913 01b4 1832     		adds	r2, r2, #24
 3914 01b6 9342     		cmp	r3, r2
 3915 01b8 1ED0     		beq	.L189
 917:Drivers/STM32H7xx_HAL_Driver/Src/stm32h7xx_hal_dma.c ****     }
 3916              		.loc 1 917 7 discriminator 14 view .LVU1220
 3917 01ba 02F55672 		add	r2, r2, #856
 3918 01be 9342     		cmp	r3, r2
 3919 01c0 1AD0     		beq	.L189
 917:Drivers/STM32H7xx_HAL_Driver/Src/stm32h7xx_hal_dma.c ****     }
 3920              		.loc 1 917 7 discriminator 16 view .LVU1221
 3921 01c2 1832     		adds	r2, r2, #24
 3922 01c4 9342     		cmp	r3, r2
 3923 01c6 17D0     		beq	.L189
 917:Drivers/STM32H7xx_HAL_Driver/Src/stm32h7xx_hal_dma.c ****     }
 3924              		.loc 1 917 7 discriminator 18 view .LVU1222
 3925 01c8 1832     		adds	r2, r2, #24
 3926 01ca 9342     		cmp	r3, r2
 3927 01cc 14D0     		beq	.L189
 917:Drivers/STM32H7xx_HAL_Driver/Src/stm32h7xx_hal_dma.c ****     }
 3928              		.loc 1 917 7 discriminator 20 view .LVU1223
 3929 01ce 1832     		adds	r2, r2, #24
 3930 01d0 9342     		cmp	r3, r2
 3931 01d2 11D0     		beq	.L189
 917:Drivers/STM32H7xx_HAL_Driver/Src/stm32h7xx_hal_dma.c ****     }
 3932              		.loc 1 917 7 discriminator 22 view .LVU1224
 3933 01d4 1832     		adds	r2, r2, #24
 3934 01d6 9342     		cmp	r3, r2
 3935 01d8 0ED0     		beq	.L189
 917:Drivers/STM32H7xx_HAL_Driver/Src/stm32h7xx_hal_dma.c ****     }
 3936              		.loc 1 917 7 discriminator 24 view .LVU1225
 3937 01da 1832     		adds	r2, r2, #24
 3938 01dc 9342     		cmp	r3, r2
 3939 01de 0BD0     		beq	.L189
 917:Drivers/STM32H7xx_HAL_Driver/Src/stm32h7xx_hal_dma.c ****     }
 3940              		.loc 1 917 7 discriminator 26 view .LVU1226
 3941 01e0 1832     		adds	r2, r2, #24
 3942 01e2 9342     		cmp	r3, r2
 3943 01e4 08D0     		beq	.L189
 917:Drivers/STM32H7xx_HAL_Driver/Src/stm32h7xx_hal_dma.c ****     }
 3944              		.loc 1 917 7 discriminator 28 view .LVU1227
 3945 01e6 1832     		adds	r2, r2, #24
 3946 01e8 9342     		cmp	r3, r2
 3947 01ea 05D0     		beq	.L189
 917:Drivers/STM32H7xx_HAL_Driver/Src/stm32h7xx_hal_dma.c ****     }
 3948              		.loc 1 917 7 discriminator 30 view .LVU1228
ARM GAS  /tmp/ccMjPS5V.s 			page 124


 3949 01ec 1A68     		ldr	r2, [r3]
 3950 01ee 22F00102 		bic	r2, r2, #1
 3951 01f2 1A60     		str	r2, [r3]
 964:Drivers/STM32H7xx_HAL_Driver/Src/stm32h7xx_hal_dma.c **** }
 3952              		.loc 1 964 10 view .LVU1229
 3953 01f4 0020     		movs	r0, #0
 3954 01f6 10E7     		b	.L185
 3955              	.L189:
 917:Drivers/STM32H7xx_HAL_Driver/Src/stm32h7xx_hal_dma.c ****     }
 3956              		.loc 1 917 7 discriminator 29 view .LVU1230
 3957 01f8 1A68     		ldr	r2, [r3]
 3958 01fa 22F00102 		bic	r2, r2, #1
 3959 01fe 1A60     		str	r2, [r3]
 964:Drivers/STM32H7xx_HAL_Driver/Src/stm32h7xx_hal_dma.c **** }
 3960              		.loc 1 964 10 view .LVU1231
 3961 0200 0020     		movs	r0, #0
 917:Drivers/STM32H7xx_HAL_Driver/Src/stm32h7xx_hal_dma.c ****     }
 3962              		.loc 1 917 7 view .LVU1232
 3963 0202 0AE7     		b	.L185
 3964              	.LVL157:
 3965              	.L193:
 3966              	.LCFI19:
 3967              		.cfi_def_cfa_offset 0
 3968              		.cfi_restore 3
 3969              		.cfi_restore 14
 901:Drivers/STM32H7xx_HAL_Driver/Src/stm32h7xx_hal_dma.c ****   }
 3970              		.loc 1 901 12 view .LVU1233
 3971 0204 0120     		movs	r0, #1
 3972              	.LVL158:
 965:Drivers/STM32H7xx_HAL_Driver/Src/stm32h7xx_hal_dma.c **** 
 3973              		.loc 1 965 1 view .LVU1234
 3974 0206 7047     		bx	lr
 3975              	.LVL159:
 3976              	.L194:
 3977              	.LCFI20:
 3978              		.cfi_def_cfa_offset 8
 3979              		.cfi_offset 3, -8
 3980              		.cfi_offset 14, -4
 964:Drivers/STM32H7xx_HAL_Driver/Src/stm32h7xx_hal_dma.c **** }
 3981              		.loc 1 964 10 view .LVU1235
 3982 0208 0020     		movs	r0, #0
 3983 020a 06E7     		b	.L185
 3984              	.L200:
 3985              		.align	2
 3986              	.L199:
 3987 020c 10000240 		.word	1073872912
 3988 0210 28000240 		.word	1073872936
 3989 0214 08540258 		.word	1476547592
 3990 0218 40000240 		.word	1073872960
 3991              		.cfi_endproc
 3992              	.LFE151:
 3994              		.section	.text.HAL_DMA_PollForTransfer,"ax",%progbits
 3995              		.align	1
 3996              		.global	HAL_DMA_PollForTransfer
 3997              		.syntax unified
 3998              		.thumb
 3999              		.thumb_func
ARM GAS  /tmp/ccMjPS5V.s 			page 125


 4001              	HAL_DMA_PollForTransfer:
 4002              	.LVL160:
 4003              	.LFB152:
 979:Drivers/STM32H7xx_HAL_Driver/Src/stm32h7xx_hal_dma.c ****   HAL_StatusTypeDef status = HAL_OK;
 4004              		.loc 1 979 1 is_stmt 1 view -0
 4005              		.cfi_startproc
 4006              		@ args = 0, pretend = 0, frame = 0
 4007              		@ frame_needed = 0, uses_anonymous_args = 0
 979:Drivers/STM32H7xx_HAL_Driver/Src/stm32h7xx_hal_dma.c ****   HAL_StatusTypeDef status = HAL_OK;
 4008              		.loc 1 979 1 is_stmt 0 view .LVU1237
 4009 0000 2DE9F047 		push	{r4, r5, r6, r7, r8, r9, r10, lr}
 4010              	.LCFI21:
 4011              		.cfi_def_cfa_offset 32
 4012              		.cfi_offset 4, -32
 4013              		.cfi_offset 5, -28
 4014              		.cfi_offset 6, -24
 4015              		.cfi_offset 7, -20
 4016              		.cfi_offset 8, -16
 4017              		.cfi_offset 9, -12
 4018              		.cfi_offset 10, -8
 4019              		.cfi_offset 14, -4
 4020 0004 0446     		mov	r4, r0
 4021 0006 0F46     		mov	r7, r1
 4022 0008 1646     		mov	r6, r2
 980:Drivers/STM32H7xx_HAL_Driver/Src/stm32h7xx_hal_dma.c ****   uint32_t cpltlevel_mask;
 4023              		.loc 1 980 3 is_stmt 1 view .LVU1238
 4024              	.LVL161:
 981:Drivers/STM32H7xx_HAL_Driver/Src/stm32h7xx_hal_dma.c ****   uint32_t tickstart = HAL_GetTick();
 4025              		.loc 1 981 3 view .LVU1239
 982:Drivers/STM32H7xx_HAL_Driver/Src/stm32h7xx_hal_dma.c **** 
 4026              		.loc 1 982 3 view .LVU1240
 982:Drivers/STM32H7xx_HAL_Driver/Src/stm32h7xx_hal_dma.c **** 
 4027              		.loc 1 982 24 is_stmt 0 view .LVU1241
 4028 000a FFF7FEFF 		bl	HAL_GetTick
 4029              	.LVL162:
 985:Drivers/STM32H7xx_HAL_Driver/Src/stm32h7xx_hal_dma.c ****   /* IT clear flag register */
 4030              		.loc 1 985 3 is_stmt 1 view .LVU1242
 987:Drivers/STM32H7xx_HAL_Driver/Src/stm32h7xx_hal_dma.c **** 
 4031              		.loc 1 987 3 view .LVU1243
 990:Drivers/STM32H7xx_HAL_Driver/Src/stm32h7xx_hal_dma.c ****   {
 4032              		.loc 1 990 3 view .LVU1244
 990:Drivers/STM32H7xx_HAL_Driver/Src/stm32h7xx_hal_dma.c ****   {
 4033              		.loc 1 990 5 is_stmt 0 view .LVU1245
 4034 000e 002C     		cmp	r4, #0
 4035 0010 00F01882 		beq	.L229
 4036 0014 8246     		mov	r10, r0
 995:Drivers/STM32H7xx_HAL_Driver/Src/stm32h7xx_hal_dma.c ****   {
 4037              		.loc 1 995 3 is_stmt 1 view .LVU1246
 995:Drivers/STM32H7xx_HAL_Driver/Src/stm32h7xx_hal_dma.c ****   {
 4038              		.loc 1 995 32 is_stmt 0 view .LVU1247
 4039 0016 94F83530 		ldrb	r3, [r4, #53]	@ zero_extendqisi2
 4040 001a DBB2     		uxtb	r3, r3
 995:Drivers/STM32H7xx_HAL_Driver/Src/stm32h7xx_hal_dma.c ****   {
 4041              		.loc 1 995 5 view .LVU1248
 4042 001c 022B     		cmp	r3, #2
 4043 001e 07D0     		beq	.L203
 998:Drivers/STM32H7xx_HAL_Driver/Src/stm32h7xx_hal_dma.c ****     __HAL_UNLOCK(hdma);
ARM GAS  /tmp/ccMjPS5V.s 			page 126


 4044              		.loc 1 998 5 is_stmt 1 view .LVU1249
 998:Drivers/STM32H7xx_HAL_Driver/Src/stm32h7xx_hal_dma.c ****     __HAL_UNLOCK(hdma);
 4045              		.loc 1 998 21 is_stmt 0 view .LVU1250
 4046 0020 8023     		movs	r3, #128
 4047 0022 6365     		str	r3, [r4, #84]
 999:Drivers/STM32H7xx_HAL_Driver/Src/stm32h7xx_hal_dma.c **** 
 4048              		.loc 1 999 5 is_stmt 1 view .LVU1251
 999:Drivers/STM32H7xx_HAL_Driver/Src/stm32h7xx_hal_dma.c **** 
 4049              		.loc 1 999 5 view .LVU1252
 4050 0024 0023     		movs	r3, #0
 4051 0026 84F83430 		strb	r3, [r4, #52]
 999:Drivers/STM32H7xx_HAL_Driver/Src/stm32h7xx_hal_dma.c **** 
 4052              		.loc 1 999 5 view .LVU1253
1001:Drivers/STM32H7xx_HAL_Driver/Src/stm32h7xx_hal_dma.c ****   }
 4053              		.loc 1 1001 5 view .LVU1254
1001:Drivers/STM32H7xx_HAL_Driver/Src/stm32h7xx_hal_dma.c ****   }
 4054              		.loc 1 1001 12 is_stmt 0 view .LVU1255
 4055 002a 0120     		movs	r0, #1
 4056              	.LVL163:
 4057              	.L202:
1197:Drivers/STM32H7xx_HAL_Driver/Src/stm32h7xx_hal_dma.c **** 
 4058              		.loc 1 1197 1 view .LVU1256
 4059 002c BDE8F087 		pop	{r4, r5, r6, r7, r8, r9, r10, pc}
 4060              	.LVL164:
 4061              	.L203:
1004:Drivers/STM32H7xx_HAL_Driver/Src/stm32h7xx_hal_dma.c ****   {
 4062              		.loc 1 1004 3 is_stmt 1 view .LVU1257
1004:Drivers/STM32H7xx_HAL_Driver/Src/stm32h7xx_hal_dma.c ****   {
 4063              		.loc 1 1004 6 is_stmt 0 view .LVU1258
 4064 0030 2368     		ldr	r3, [r4]
 4065 0032 3649     		ldr	r1, .L237
 4066 0034 364A     		ldr	r2, .L237+4
 4067 0036 9342     		cmp	r3, r2
 4068 0038 18BF     		it	ne
 4069 003a 8B42     		cmpne	r3, r1
 4070 003c 3BD0     		beq	.L204
1004:Drivers/STM32H7xx_HAL_Driver/Src/stm32h7xx_hal_dma.c ****   {
 4071              		.loc 1 1004 6 discriminator 2 view .LVU1259
 4072 003e 1832     		adds	r2, r2, #24
 4073 0040 9342     		cmp	r3, r2
 4074 0042 38D0     		beq	.L204
1004:Drivers/STM32H7xx_HAL_Driver/Src/stm32h7xx_hal_dma.c ****   {
 4075              		.loc 1 1004 6 discriminator 4 view .LVU1260
 4076 0044 1832     		adds	r2, r2, #24
 4077 0046 9342     		cmp	r3, r2
 4078 0048 35D0     		beq	.L204
1004:Drivers/STM32H7xx_HAL_Driver/Src/stm32h7xx_hal_dma.c ****   {
 4079              		.loc 1 1004 6 discriminator 6 view .LVU1261
 4080 004a 1832     		adds	r2, r2, #24
 4081 004c 9342     		cmp	r3, r2
 4082 004e 32D0     		beq	.L204
1004:Drivers/STM32H7xx_HAL_Driver/Src/stm32h7xx_hal_dma.c ****   {
 4083              		.loc 1 1004 6 discriminator 8 view .LVU1262
 4084 0050 1832     		adds	r2, r2, #24
 4085 0052 9342     		cmp	r3, r2
 4086 0054 2FD0     		beq	.L204
1004:Drivers/STM32H7xx_HAL_Driver/Src/stm32h7xx_hal_dma.c ****   {
ARM GAS  /tmp/ccMjPS5V.s 			page 127


 4087              		.loc 1 1004 6 discriminator 10 view .LVU1263
 4088 0056 1832     		adds	r2, r2, #24
 4089 0058 9342     		cmp	r3, r2
 4090 005a 2CD0     		beq	.L204
1004:Drivers/STM32H7xx_HAL_Driver/Src/stm32h7xx_hal_dma.c ****   {
 4091              		.loc 1 1004 6 discriminator 12 view .LVU1264
 4092 005c 1832     		adds	r2, r2, #24
 4093 005e 9342     		cmp	r3, r2
 4094 0060 29D0     		beq	.L204
1004:Drivers/STM32H7xx_HAL_Driver/Src/stm32h7xx_hal_dma.c ****   {
 4095              		.loc 1 1004 6 discriminator 14 view .LVU1265
 4096 0062 02F55672 		add	r2, r2, #856
 4097 0066 9342     		cmp	r3, r2
 4098 0068 25D0     		beq	.L204
1004:Drivers/STM32H7xx_HAL_Driver/Src/stm32h7xx_hal_dma.c ****   {
 4099              		.loc 1 1004 6 discriminator 16 view .LVU1266
 4100 006a 1832     		adds	r2, r2, #24
 4101 006c 9342     		cmp	r3, r2
 4102 006e 22D0     		beq	.L204
1004:Drivers/STM32H7xx_HAL_Driver/Src/stm32h7xx_hal_dma.c ****   {
 4103              		.loc 1 1004 6 discriminator 18 view .LVU1267
 4104 0070 1832     		adds	r2, r2, #24
 4105 0072 9342     		cmp	r3, r2
 4106 0074 1FD0     		beq	.L204
1004:Drivers/STM32H7xx_HAL_Driver/Src/stm32h7xx_hal_dma.c ****   {
 4107              		.loc 1 1004 6 discriminator 20 view .LVU1268
 4108 0076 1832     		adds	r2, r2, #24
 4109 0078 9342     		cmp	r3, r2
 4110 007a 1CD0     		beq	.L204
1004:Drivers/STM32H7xx_HAL_Driver/Src/stm32h7xx_hal_dma.c ****   {
 4111              		.loc 1 1004 6 discriminator 22 view .LVU1269
 4112 007c 1832     		adds	r2, r2, #24
 4113 007e 9342     		cmp	r3, r2
 4114 0080 19D0     		beq	.L204
1004:Drivers/STM32H7xx_HAL_Driver/Src/stm32h7xx_hal_dma.c ****   {
 4115              		.loc 1 1004 6 discriminator 24 view .LVU1270
 4116 0082 1832     		adds	r2, r2, #24
 4117 0084 9342     		cmp	r3, r2
 4118 0086 16D0     		beq	.L204
1004:Drivers/STM32H7xx_HAL_Driver/Src/stm32h7xx_hal_dma.c ****   {
 4119              		.loc 1 1004 6 discriminator 26 view .LVU1271
 4120 0088 1832     		adds	r2, r2, #24
 4121 008a 9342     		cmp	r3, r2
 4122 008c 13D0     		beq	.L204
1004:Drivers/STM32H7xx_HAL_Driver/Src/stm32h7xx_hal_dma.c ****   {
 4123              		.loc 1 1004 6 discriminator 28 view .LVU1272
 4124 008e 1832     		adds	r2, r2, #24
 4125 0090 9342     		cmp	r3, r2
 4126 0092 10D0     		beq	.L204
1031:Drivers/STM32H7xx_HAL_Driver/Src/stm32h7xx_hal_dma.c ****     {
 4127              		.loc 1 1031 5 is_stmt 1 view .LVU1273
1031:Drivers/STM32H7xx_HAL_Driver/Src/stm32h7xx_hal_dma.c ****     {
 4128              		.loc 1 1031 52 is_stmt 0 view .LVU1274
 4129 0094 1B68     		ldr	r3, [r3]
1031:Drivers/STM32H7xx_HAL_Driver/Src/stm32h7xx_hal_dma.c ****     {
 4130              		.loc 1 1031 8 view .LVU1275
 4131 0096 13F0200F 		tst	r3, #32
ARM GAS  /tmp/ccMjPS5V.s 			page 128


 4132 009a 2AD1     		bne	.L232
1038:Drivers/STM32H7xx_HAL_Driver/Src/stm32h7xx_hal_dma.c ****     {
 4133              		.loc 1 1038 5 is_stmt 1 view .LVU1276
1038:Drivers/STM32H7xx_HAL_Driver/Src/stm32h7xx_hal_dma.c ****     {
 4134              		.loc 1 1038 7 is_stmt 0 view .LVU1277
 4135 009c 77BB     		cbnz	r7, .L211
1041:Drivers/STM32H7xx_HAL_Driver/Src/stm32h7xx_hal_dma.c ****     }
 4136              		.loc 1 1041 7 is_stmt 1 view .LVU1278
1041:Drivers/STM32H7xx_HAL_Driver/Src/stm32h7xx_hal_dma.c ****     }
 4137              		.loc 1 1041 46 is_stmt 0 view .LVU1279
 4138 009e E36D     		ldr	r3, [r4, #92]
1041:Drivers/STM32H7xx_HAL_Driver/Src/stm32h7xx_hal_dma.c ****     }
 4139              		.loc 1 1041 60 view .LVU1280
 4140 00a0 03F01F03 		and	r3, r3, #31
1041:Drivers/STM32H7xx_HAL_Driver/Src/stm32h7xx_hal_dma.c ****     }
 4141              		.loc 1 1041 22 view .LVU1281
 4142 00a4 4FF00209 		mov	r9, #2
 4143 00a8 09FA03F9 		lsl	r9, r9, r3
 4144              	.LVL165:
 4145              	.L212:
1049:Drivers/STM32H7xx_HAL_Driver/Src/stm32h7xx_hal_dma.c ****     ifcr_reg = &(((BDMA_Base_Registers *)hdma->StreamBaseAddress)->IFCR);
 4146              		.loc 1 1049 5 is_stmt 1 view .LVU1282
1049:Drivers/STM32H7xx_HAL_Driver/Src/stm32h7xx_hal_dma.c ****     ifcr_reg = &(((BDMA_Base_Registers *)hdma->StreamBaseAddress)->IFCR);
 4147              		.loc 1 1049 46 is_stmt 0 view .LVU1283
 4148 00ac A36D     		ldr	r3, [r4, #88]
1049:Drivers/STM32H7xx_HAL_Driver/Src/stm32h7xx_hal_dma.c ****     ifcr_reg = &(((BDMA_Base_Registers *)hdma->StreamBaseAddress)->IFCR);
 4149              		.loc 1 1049 14 view .LVU1284
 4150 00ae 1D46     		mov	r5, r3
 4151              	.LVL166:
1050:Drivers/STM32H7xx_HAL_Driver/Src/stm32h7xx_hal_dma.c ****   }
 4152              		.loc 1 1050 5 is_stmt 1 view .LVU1285
1050:Drivers/STM32H7xx_HAL_Driver/Src/stm32h7xx_hal_dma.c ****   }
 4153              		.loc 1 1050 14 is_stmt 0 view .LVU1286
 4154 00b0 03F10408 		add	r8, r3, #4
 4155              	.LVL167:
1050:Drivers/STM32H7xx_HAL_Driver/Src/stm32h7xx_hal_dma.c ****   }
 4156              		.loc 1 1050 14 view .LVU1287
 4157 00b4 BAE0     		b	.L223
 4158              	.LVL168:
 4159              	.L204:
1007:Drivers/STM32H7xx_HAL_Driver/Src/stm32h7xx_hal_dma.c ****     {
 4160              		.loc 1 1007 5 is_stmt 1 view .LVU1288
1007:Drivers/STM32H7xx_HAL_Driver/Src/stm32h7xx_hal_dma.c ****     {
 4161              		.loc 1 1007 50 is_stmt 0 view .LVU1289
 4162 00b6 1B68     		ldr	r3, [r3]
1007:Drivers/STM32H7xx_HAL_Driver/Src/stm32h7xx_hal_dma.c ****     {
 4163              		.loc 1 1007 8 view .LVU1290
 4164 00b8 13F4807F 		tst	r3, #256
 4165 00bc 0CD1     		bne	.L233
1014:Drivers/STM32H7xx_HAL_Driver/Src/stm32h7xx_hal_dma.c ****     {
 4166              		.loc 1 1014 5 is_stmt 1 view .LVU1291
1014:Drivers/STM32H7xx_HAL_Driver/Src/stm32h7xx_hal_dma.c ****     {
 4167              		.loc 1 1014 7 is_stmt 0 view .LVU1292
 4168 00be 87B9     		cbnz	r7, .L208
1017:Drivers/STM32H7xx_HAL_Driver/Src/stm32h7xx_hal_dma.c ****     }
 4169              		.loc 1 1017 7 is_stmt 1 view .LVU1293
1017:Drivers/STM32H7xx_HAL_Driver/Src/stm32h7xx_hal_dma.c ****     }
ARM GAS  /tmp/ccMjPS5V.s 			page 129


 4170              		.loc 1 1017 49 is_stmt 0 view .LVU1294
 4171 00c0 E36D     		ldr	r3, [r4, #92]
1017:Drivers/STM32H7xx_HAL_Driver/Src/stm32h7xx_hal_dma.c ****     }
 4172              		.loc 1 1017 63 view .LVU1295
 4173 00c2 03F01F03 		and	r3, r3, #31
1017:Drivers/STM32H7xx_HAL_Driver/Src/stm32h7xx_hal_dma.c ****     }
 4174              		.loc 1 1017 22 view .LVU1296
 4175 00c6 4FF02009 		mov	r9, #32
 4176 00ca 09FA03F9 		lsl	r9, r9, r3
 4177              	.LVL169:
 4178              	.L209:
1025:Drivers/STM32H7xx_HAL_Driver/Src/stm32h7xx_hal_dma.c ****     ifcr_reg = &(((DMA_Base_Registers *)hdma->StreamBaseAddress)->IFCR);
 4179              		.loc 1 1025 5 is_stmt 1 view .LVU1297
1025:Drivers/STM32H7xx_HAL_Driver/Src/stm32h7xx_hal_dma.c ****     ifcr_reg = &(((DMA_Base_Registers *)hdma->StreamBaseAddress)->IFCR);
 4180              		.loc 1 1025 45 is_stmt 0 view .LVU1298
 4181 00ce A36D     		ldr	r3, [r4, #88]
1025:Drivers/STM32H7xx_HAL_Driver/Src/stm32h7xx_hal_dma.c ****     ifcr_reg = &(((DMA_Base_Registers *)hdma->StreamBaseAddress)->IFCR);
 4182              		.loc 1 1025 14 view .LVU1299
 4183 00d0 1D46     		mov	r5, r3
 4184              	.LVL170:
1026:Drivers/STM32H7xx_HAL_Driver/Src/stm32h7xx_hal_dma.c ****   }
 4185              		.loc 1 1026 5 is_stmt 1 view .LVU1300
1026:Drivers/STM32H7xx_HAL_Driver/Src/stm32h7xx_hal_dma.c ****   }
 4186              		.loc 1 1026 14 is_stmt 0 view .LVU1301
 4187 00d2 03F10808 		add	r8, r3, #8
 4188              	.LVL171:
1026:Drivers/STM32H7xx_HAL_Driver/Src/stm32h7xx_hal_dma.c ****   }
 4189              		.loc 1 1026 14 view .LVU1302
 4190 00d6 A9E0     		b	.L223
 4191              	.LVL172:
 4192              	.L233:
1009:Drivers/STM32H7xx_HAL_Driver/Src/stm32h7xx_hal_dma.c ****       return HAL_ERROR;
 4193              		.loc 1 1009 7 is_stmt 1 view .LVU1303
1009:Drivers/STM32H7xx_HAL_Driver/Src/stm32h7xx_hal_dma.c ****       return HAL_ERROR;
 4194              		.loc 1 1009 23 is_stmt 0 view .LVU1304
 4195 00d8 4FF48073 		mov	r3, #256
 4196 00dc 6365     		str	r3, [r4, #84]
1010:Drivers/STM32H7xx_HAL_Driver/Src/stm32h7xx_hal_dma.c ****     }
 4197              		.loc 1 1010 7 is_stmt 1 view .LVU1305
1010:Drivers/STM32H7xx_HAL_Driver/Src/stm32h7xx_hal_dma.c ****     }
 4198              		.loc 1 1010 14 is_stmt 0 view .LVU1306
 4199 00de 0120     		movs	r0, #1
 4200              	.LVL173:
1010:Drivers/STM32H7xx_HAL_Driver/Src/stm32h7xx_hal_dma.c ****     }
 4201              		.loc 1 1010 14 view .LVU1307
 4202 00e0 A4E7     		b	.L202
 4203              	.LVL174:
 4204              	.L208:
1022:Drivers/STM32H7xx_HAL_Driver/Src/stm32h7xx_hal_dma.c ****     }
 4205              		.loc 1 1022 7 is_stmt 1 view .LVU1308
1022:Drivers/STM32H7xx_HAL_Driver/Src/stm32h7xx_hal_dma.c ****     }
 4206              		.loc 1 1022 49 is_stmt 0 view .LVU1309
 4207 00e2 E36D     		ldr	r3, [r4, #92]
1022:Drivers/STM32H7xx_HAL_Driver/Src/stm32h7xx_hal_dma.c ****     }
 4208              		.loc 1 1022 63 view .LVU1310
 4209 00e4 03F01F03 		and	r3, r3, #31
1022:Drivers/STM32H7xx_HAL_Driver/Src/stm32h7xx_hal_dma.c ****     }
ARM GAS  /tmp/ccMjPS5V.s 			page 130


 4210              		.loc 1 1022 22 view .LVU1311
 4211 00e8 4FF01009 		mov	r9, #16
 4212 00ec 09FA03F9 		lsl	r9, r9, r3
 4213              	.LVL175:
1022:Drivers/STM32H7xx_HAL_Driver/Src/stm32h7xx_hal_dma.c ****     }
 4214              		.loc 1 1022 22 view .LVU1312
 4215 00f0 EDE7     		b	.L209
 4216              	.LVL176:
 4217              	.L232:
1033:Drivers/STM32H7xx_HAL_Driver/Src/stm32h7xx_hal_dma.c ****       return HAL_ERROR;
 4218              		.loc 1 1033 7 is_stmt 1 view .LVU1313
1033:Drivers/STM32H7xx_HAL_Driver/Src/stm32h7xx_hal_dma.c ****       return HAL_ERROR;
 4219              		.loc 1 1033 23 is_stmt 0 view .LVU1314
 4220 00f2 4FF48073 		mov	r3, #256
 4221 00f6 6365     		str	r3, [r4, #84]
1034:Drivers/STM32H7xx_HAL_Driver/Src/stm32h7xx_hal_dma.c ****     }
 4222              		.loc 1 1034 7 is_stmt 1 view .LVU1315
1034:Drivers/STM32H7xx_HAL_Driver/Src/stm32h7xx_hal_dma.c ****     }
 4223              		.loc 1 1034 14 is_stmt 0 view .LVU1316
 4224 00f8 0120     		movs	r0, #1
 4225              	.LVL177:
1034:Drivers/STM32H7xx_HAL_Driver/Src/stm32h7xx_hal_dma.c ****     }
 4226              		.loc 1 1034 14 view .LVU1317
 4227 00fa 97E7     		b	.L202
 4228              	.LVL178:
 4229              	.L211:
1046:Drivers/STM32H7xx_HAL_Driver/Src/stm32h7xx_hal_dma.c ****     }
 4230              		.loc 1 1046 7 is_stmt 1 view .LVU1318
1046:Drivers/STM32H7xx_HAL_Driver/Src/stm32h7xx_hal_dma.c ****     }
 4231              		.loc 1 1046 46 is_stmt 0 view .LVU1319
 4232 00fc E36D     		ldr	r3, [r4, #92]
1046:Drivers/STM32H7xx_HAL_Driver/Src/stm32h7xx_hal_dma.c ****     }
 4233              		.loc 1 1046 60 view .LVU1320
 4234 00fe 03F01F03 		and	r3, r3, #31
1046:Drivers/STM32H7xx_HAL_Driver/Src/stm32h7xx_hal_dma.c ****     }
 4235              		.loc 1 1046 22 view .LVU1321
 4236 0102 4FF00409 		mov	r9, #4
 4237 0106 09FA03F9 		lsl	r9, r9, r3
 4238              	.LVL179:
1046:Drivers/STM32H7xx_HAL_Driver/Src/stm32h7xx_hal_dma.c ****     }
 4239              		.loc 1 1046 22 view .LVU1322
 4240 010a CFE7     		b	.L212
 4241              	.L238:
 4242              		.align	2
 4243              	.L237:
 4244 010c 10000240 		.word	1073872912
 4245 0110 28000240 		.word	1073872936
 4246              	.LVL180:
 4247              	.L213:
1057:Drivers/STM32H7xx_HAL_Driver/Src/stm32h7xx_hal_dma.c ****       {
 4248              		.loc 1 1057 7 is_stmt 1 view .LVU1323
1057:Drivers/STM32H7xx_HAL_Driver/Src/stm32h7xx_hal_dma.c ****       {
 4249              		.loc 1 1057 12 is_stmt 0 view .LVU1324
 4250 0114 2A68     		ldr	r2, [r5]
1057:Drivers/STM32H7xx_HAL_Driver/Src/stm32h7xx_hal_dma.c ****       {
 4251              		.loc 1 1057 50 view .LVU1325
 4252 0116 E36D     		ldr	r3, [r4, #92]
ARM GAS  /tmp/ccMjPS5V.s 			page 131


1057:Drivers/STM32H7xx_HAL_Driver/Src/stm32h7xx_hal_dma.c ****       {
 4253              		.loc 1 1057 64 view .LVU1326
 4254 0118 03F01F03 		and	r3, r3, #31
1057:Drivers/STM32H7xx_HAL_Driver/Src/stm32h7xx_hal_dma.c ****       {
 4255              		.loc 1 1057 75 view .LVU1327
 4256 011c DA40     		lsrs	r2, r2, r3
1057:Drivers/STM32H7xx_HAL_Driver/Src/stm32h7xx_hal_dma.c ****       {
 4257              		.loc 1 1057 9 view .LVU1328
 4258 011e 12F0010F 		tst	r2, #1
 4259 0122 08D0     		beq	.L216
1060:Drivers/STM32H7xx_HAL_Driver/Src/stm32h7xx_hal_dma.c **** 
 4260              		.loc 1 1060 9 is_stmt 1 view .LVU1329
1060:Drivers/STM32H7xx_HAL_Driver/Src/stm32h7xx_hal_dma.c **** 
 4261              		.loc 1 1060 13 is_stmt 0 view .LVU1330
 4262 0124 626D     		ldr	r2, [r4, #84]
1060:Drivers/STM32H7xx_HAL_Driver/Src/stm32h7xx_hal_dma.c **** 
 4263              		.loc 1 1060 25 view .LVU1331
 4264 0126 42F00202 		orr	r2, r2, #2
 4265 012a 6265     		str	r2, [r4, #84]
1063:Drivers/STM32H7xx_HAL_Driver/Src/stm32h7xx_hal_dma.c ****       }
 4266              		.loc 1 1063 9 is_stmt 1 view .LVU1332
1063:Drivers/STM32H7xx_HAL_Driver/Src/stm32h7xx_hal_dma.c ****       }
 4267              		.loc 1 1063 40 is_stmt 0 view .LVU1333
 4268 012c 0122     		movs	r2, #1
 4269 012e 02FA03F3 		lsl	r3, r2, r3
1063:Drivers/STM32H7xx_HAL_Driver/Src/stm32h7xx_hal_dma.c ****       }
 4270              		.loc 1 1063 21 view .LVU1334
 4271 0132 C8F80030 		str	r3, [r8]
 4272              	.L216:
1066:Drivers/STM32H7xx_HAL_Driver/Src/stm32h7xx_hal_dma.c ****       {
 4273              		.loc 1 1066 7 is_stmt 1 view .LVU1335
1066:Drivers/STM32H7xx_HAL_Driver/Src/stm32h7xx_hal_dma.c ****       {
 4274              		.loc 1 1066 12 is_stmt 0 view .LVU1336
 4275 0136 2968     		ldr	r1, [r5]
1066:Drivers/STM32H7xx_HAL_Driver/Src/stm32h7xx_hal_dma.c ****       {
 4276              		.loc 1 1066 51 view .LVU1337
 4277 0138 E36D     		ldr	r3, [r4, #92]
1066:Drivers/STM32H7xx_HAL_Driver/Src/stm32h7xx_hal_dma.c ****       {
 4278              		.loc 1 1066 65 view .LVU1338
 4279 013a 03F01F02 		and	r2, r3, #31
1066:Drivers/STM32H7xx_HAL_Driver/Src/stm32h7xx_hal_dma.c ****       {
 4280              		.loc 1 1066 43 view .LVU1339
 4281 013e 0423     		movs	r3, #4
 4282 0140 9340     		lsls	r3, r3, r2
1066:Drivers/STM32H7xx_HAL_Driver/Src/stm32h7xx_hal_dma.c ****       {
 4283              		.loc 1 1066 9 view .LVU1340
 4284 0142 1942     		tst	r1, r3
 4285 0144 05D0     		beq	.L217
1069:Drivers/STM32H7xx_HAL_Driver/Src/stm32h7xx_hal_dma.c **** 
 4286              		.loc 1 1069 9 is_stmt 1 view .LVU1341
1069:Drivers/STM32H7xx_HAL_Driver/Src/stm32h7xx_hal_dma.c **** 
 4287              		.loc 1 1069 13 is_stmt 0 view .LVU1342
 4288 0146 626D     		ldr	r2, [r4, #84]
1069:Drivers/STM32H7xx_HAL_Driver/Src/stm32h7xx_hal_dma.c **** 
 4289              		.loc 1 1069 25 view .LVU1343
 4290 0148 42F00402 		orr	r2, r2, #4
 4291 014c 6265     		str	r2, [r4, #84]
ARM GAS  /tmp/ccMjPS5V.s 			page 132


1072:Drivers/STM32H7xx_HAL_Driver/Src/stm32h7xx_hal_dma.c ****       }
 4292              		.loc 1 1072 9 is_stmt 1 view .LVU1344
1072:Drivers/STM32H7xx_HAL_Driver/Src/stm32h7xx_hal_dma.c ****       }
 4293              		.loc 1 1072 21 is_stmt 0 view .LVU1345
 4294 014e C8F80030 		str	r3, [r8]
 4295              	.L217:
1075:Drivers/STM32H7xx_HAL_Driver/Src/stm32h7xx_hal_dma.c ****       {
 4296              		.loc 1 1075 7 is_stmt 1 view .LVU1346
1075:Drivers/STM32H7xx_HAL_Driver/Src/stm32h7xx_hal_dma.c ****       {
 4297              		.loc 1 1075 12 is_stmt 0 view .LVU1347
 4298 0152 2968     		ldr	r1, [r5]
1075:Drivers/STM32H7xx_HAL_Driver/Src/stm32h7xx_hal_dma.c ****       {
 4299              		.loc 1 1075 50 view .LVU1348
 4300 0154 E36D     		ldr	r3, [r4, #92]
1075:Drivers/STM32H7xx_HAL_Driver/Src/stm32h7xx_hal_dma.c ****       {
 4301              		.loc 1 1075 64 view .LVU1349
 4302 0156 03F01F02 		and	r2, r3, #31
1075:Drivers/STM32H7xx_HAL_Driver/Src/stm32h7xx_hal_dma.c ****       {
 4303              		.loc 1 1075 42 view .LVU1350
 4304 015a 0823     		movs	r3, #8
 4305 015c 9340     		lsls	r3, r3, r2
1075:Drivers/STM32H7xx_HAL_Driver/Src/stm32h7xx_hal_dma.c ****       {
 4306              		.loc 1 1075 9 view .LVU1351
 4307 015e 1942     		tst	r1, r3
 4308 0160 40F0BD80 		bne	.L234
 4309              	.L215:
1115:Drivers/STM32H7xx_HAL_Driver/Src/stm32h7xx_hal_dma.c ****     {
 4310              		.loc 1 1115 5 is_stmt 1 view .LVU1352
1115:Drivers/STM32H7xx_HAL_Driver/Src/stm32h7xx_hal_dma.c ****     {
 4311              		.loc 1 1115 7 is_stmt 0 view .LVU1353
 4312 0164 B6F1FF3F 		cmp	r6, #-1
 4313 0168 40F0C680 		bne	.L235
 4314              	.L218:
1136:Drivers/STM32H7xx_HAL_Driver/Src/stm32h7xx_hal_dma.c ****     {
 4315              		.loc 1 1136 5 is_stmt 1 view .LVU1354
1136:Drivers/STM32H7xx_HAL_Driver/Src/stm32h7xx_hal_dma.c ****     {
 4316              		.loc 1 1136 8 is_stmt 0 view .LVU1355
 4317 016c 2368     		ldr	r3, [r4]
 4318 016e 9049     		ldr	r1, .L239
 4319 0170 904A     		ldr	r2, .L239+4
 4320 0172 9342     		cmp	r3, r2
 4321 0174 18BF     		it	ne
 4322 0176 8B42     		cmpne	r3, r1
 4323 0178 42D0     		beq	.L220
1136:Drivers/STM32H7xx_HAL_Driver/Src/stm32h7xx_hal_dma.c ****     {
 4324              		.loc 1 1136 8 discriminator 2 view .LVU1356
 4325 017a 1832     		adds	r2, r2, #24
 4326 017c 9342     		cmp	r3, r2
 4327 017e 3FD0     		beq	.L220
1136:Drivers/STM32H7xx_HAL_Driver/Src/stm32h7xx_hal_dma.c ****     {
 4328              		.loc 1 1136 8 discriminator 4 view .LVU1357
 4329 0180 1832     		adds	r2, r2, #24
 4330 0182 9342     		cmp	r3, r2
 4331 0184 3CD0     		beq	.L220
1136:Drivers/STM32H7xx_HAL_Driver/Src/stm32h7xx_hal_dma.c ****     {
 4332              		.loc 1 1136 8 discriminator 6 view .LVU1358
 4333 0186 1832     		adds	r2, r2, #24
ARM GAS  /tmp/ccMjPS5V.s 			page 133


 4334 0188 9342     		cmp	r3, r2
 4335 018a 39D0     		beq	.L220
1136:Drivers/STM32H7xx_HAL_Driver/Src/stm32h7xx_hal_dma.c ****     {
 4336              		.loc 1 1136 8 discriminator 8 view .LVU1359
 4337 018c 1832     		adds	r2, r2, #24
 4338 018e 9342     		cmp	r3, r2
 4339 0190 36D0     		beq	.L220
1136:Drivers/STM32H7xx_HAL_Driver/Src/stm32h7xx_hal_dma.c ****     {
 4340              		.loc 1 1136 8 discriminator 10 view .LVU1360
 4341 0192 1832     		adds	r2, r2, #24
 4342 0194 9342     		cmp	r3, r2
 4343 0196 33D0     		beq	.L220
1136:Drivers/STM32H7xx_HAL_Driver/Src/stm32h7xx_hal_dma.c ****     {
 4344              		.loc 1 1136 8 discriminator 12 view .LVU1361
 4345 0198 1832     		adds	r2, r2, #24
 4346 019a 9342     		cmp	r3, r2
 4347 019c 30D0     		beq	.L220
1136:Drivers/STM32H7xx_HAL_Driver/Src/stm32h7xx_hal_dma.c ****     {
 4348              		.loc 1 1136 8 discriminator 14 view .LVU1362
 4349 019e 02F55672 		add	r2, r2, #856
 4350 01a2 9342     		cmp	r3, r2
 4351 01a4 2CD0     		beq	.L220
1136:Drivers/STM32H7xx_HAL_Driver/Src/stm32h7xx_hal_dma.c ****     {
 4352              		.loc 1 1136 8 discriminator 16 view .LVU1363
 4353 01a6 1832     		adds	r2, r2, #24
 4354 01a8 9342     		cmp	r3, r2
 4355 01aa 29D0     		beq	.L220
1136:Drivers/STM32H7xx_HAL_Driver/Src/stm32h7xx_hal_dma.c ****     {
 4356              		.loc 1 1136 8 discriminator 18 view .LVU1364
 4357 01ac 1832     		adds	r2, r2, #24
 4358 01ae 9342     		cmp	r3, r2
 4359 01b0 26D0     		beq	.L220
1136:Drivers/STM32H7xx_HAL_Driver/Src/stm32h7xx_hal_dma.c ****     {
 4360              		.loc 1 1136 8 discriminator 20 view .LVU1365
 4361 01b2 1832     		adds	r2, r2, #24
 4362 01b4 9342     		cmp	r3, r2
 4363 01b6 23D0     		beq	.L220
1136:Drivers/STM32H7xx_HAL_Driver/Src/stm32h7xx_hal_dma.c ****     {
 4364              		.loc 1 1136 8 discriminator 22 view .LVU1366
 4365 01b8 1832     		adds	r2, r2, #24
 4366 01ba 9342     		cmp	r3, r2
 4367 01bc 20D0     		beq	.L220
1136:Drivers/STM32H7xx_HAL_Driver/Src/stm32h7xx_hal_dma.c ****     {
 4368              		.loc 1 1136 8 discriminator 24 view .LVU1367
 4369 01be 1832     		adds	r2, r2, #24
 4370 01c0 9342     		cmp	r3, r2
 4371 01c2 1DD0     		beq	.L220
1136:Drivers/STM32H7xx_HAL_Driver/Src/stm32h7xx_hal_dma.c ****     {
 4372              		.loc 1 1136 8 discriminator 26 view .LVU1368
 4373 01c4 1832     		adds	r2, r2, #24
 4374 01c6 9342     		cmp	r3, r2
 4375 01c8 1AD0     		beq	.L220
1136:Drivers/STM32H7xx_HAL_Driver/Src/stm32h7xx_hal_dma.c ****     {
 4376              		.loc 1 1136 8 discriminator 28 view .LVU1369
 4377 01ca 1832     		adds	r2, r2, #24
 4378 01cc 9342     		cmp	r3, r2
 4379 01ce 17D0     		beq	.L220
ARM GAS  /tmp/ccMjPS5V.s 			page 134


1136:Drivers/STM32H7xx_HAL_Driver/Src/stm32h7xx_hal_dma.c ****     {
 4380              		.loc 1 1136 8 discriminator 30 view .LVU1370
 4381 01d0 794A     		ldr	r2, .L239+8
 4382 01d2 9342     		cmp	r3, r2
 4383 01d4 14D0     		beq	.L220
1136:Drivers/STM32H7xx_HAL_Driver/Src/stm32h7xx_hal_dma.c ****     {
 4384              		.loc 1 1136 8 discriminator 32 view .LVU1371
 4385 01d6 1432     		adds	r2, r2, #20
 4386 01d8 9342     		cmp	r3, r2
 4387 01da 11D0     		beq	.L220
1136:Drivers/STM32H7xx_HAL_Driver/Src/stm32h7xx_hal_dma.c ****     {
 4388              		.loc 1 1136 8 discriminator 34 view .LVU1372
 4389 01dc 1432     		adds	r2, r2, #20
 4390 01de 9342     		cmp	r3, r2
 4391 01e0 0ED0     		beq	.L220
1136:Drivers/STM32H7xx_HAL_Driver/Src/stm32h7xx_hal_dma.c ****     {
 4392              		.loc 1 1136 8 discriminator 36 view .LVU1373
 4393 01e2 1432     		adds	r2, r2, #20
 4394 01e4 9342     		cmp	r3, r2
 4395 01e6 0BD0     		beq	.L220
1136:Drivers/STM32H7xx_HAL_Driver/Src/stm32h7xx_hal_dma.c ****     {
 4396              		.loc 1 1136 8 discriminator 38 view .LVU1374
 4397 01e8 1432     		adds	r2, r2, #20
 4398 01ea 9342     		cmp	r3, r2
 4399 01ec 08D0     		beq	.L220
1136:Drivers/STM32H7xx_HAL_Driver/Src/stm32h7xx_hal_dma.c ****     {
 4400              		.loc 1 1136 8 discriminator 40 view .LVU1375
 4401 01ee 1432     		adds	r2, r2, #20
 4402 01f0 9342     		cmp	r3, r2
 4403 01f2 05D0     		beq	.L220
1136:Drivers/STM32H7xx_HAL_Driver/Src/stm32h7xx_hal_dma.c ****     {
 4404              		.loc 1 1136 8 discriminator 42 view .LVU1376
 4405 01f4 1432     		adds	r2, r2, #20
 4406 01f6 9342     		cmp	r3, r2
 4407 01f8 02D0     		beq	.L220
1136:Drivers/STM32H7xx_HAL_Driver/Src/stm32h7xx_hal_dma.c ****     {
 4408              		.loc 1 1136 8 discriminator 44 view .LVU1377
 4409 01fa 1432     		adds	r2, r2, #20
 4410 01fc 9342     		cmp	r3, r2
 4411 01fe 15D1     		bne	.L223
 4412              	.L220:
1139:Drivers/STM32H7xx_HAL_Driver/Src/stm32h7xx_hal_dma.c ****       {
 4413              		.loc 1 1139 7 is_stmt 1 view .LVU1378
1139:Drivers/STM32H7xx_HAL_Driver/Src/stm32h7xx_hal_dma.c ****       {
 4414              		.loc 1 1139 14 is_stmt 0 view .LVU1379
 4415 0200 E36E     		ldr	r3, [r4, #108]
1139:Drivers/STM32H7xx_HAL_Driver/Src/stm32h7xx_hal_dma.c ****       {
 4416              		.loc 1 1139 9 view .LVU1380
 4417 0202 4BB1     		cbz	r3, .L222
1142:Drivers/STM32H7xx_HAL_Driver/Src/stm32h7xx_hal_dma.c ****         {
 4418              		.loc 1 1142 9 is_stmt 1 view .LVU1381
1142:Drivers/STM32H7xx_HAL_Driver/Src/stm32h7xx_hal_dma.c ****         {
 4419              		.loc 1 1142 17 is_stmt 0 view .LVU1382
 4420 0204 236F     		ldr	r3, [r4, #112]
1142:Drivers/STM32H7xx_HAL_Driver/Src/stm32h7xx_hal_dma.c ****         {
 4421              		.loc 1 1142 41 view .LVU1383
 4422 0206 1968     		ldr	r1, [r3]
ARM GAS  /tmp/ccMjPS5V.s 			page 135


1142:Drivers/STM32H7xx_HAL_Driver/Src/stm32h7xx_hal_dma.c ****         {
 4423              		.loc 1 1142 54 view .LVU1384
 4424 0208 626F     		ldr	r2, [r4, #116]
1142:Drivers/STM32H7xx_HAL_Driver/Src/stm32h7xx_hal_dma.c ****         {
 4425              		.loc 1 1142 11 view .LVU1385
 4426 020a 1142     		tst	r1, r2
 4427 020c 04D0     		beq	.L222
1145:Drivers/STM32H7xx_HAL_Driver/Src/stm32h7xx_hal_dma.c **** 
 4428              		.loc 1 1145 11 is_stmt 1 view .LVU1386
1145:Drivers/STM32H7xx_HAL_Driver/Src/stm32h7xx_hal_dma.c **** 
 4429              		.loc 1 1145 47 is_stmt 0 view .LVU1387
 4430 020e 5A60     		str	r2, [r3, #4]
1148:Drivers/STM32H7xx_HAL_Driver/Src/stm32h7xx_hal_dma.c ****         }
 4431              		.loc 1 1148 11 is_stmt 1 view .LVU1388
1148:Drivers/STM32H7xx_HAL_Driver/Src/stm32h7xx_hal_dma.c ****         }
 4432              		.loc 1 1148 15 is_stmt 0 view .LVU1389
 4433 0210 636D     		ldr	r3, [r4, #84]
1148:Drivers/STM32H7xx_HAL_Driver/Src/stm32h7xx_hal_dma.c ****         }
 4434              		.loc 1 1148 27 view .LVU1390
 4435 0212 43F48063 		orr	r3, r3, #1024
 4436 0216 6365     		str	r3, [r4, #84]
 4437              	.L222:
1153:Drivers/STM32H7xx_HAL_Driver/Src/stm32h7xx_hal_dma.c ****       {
 4438              		.loc 1 1153 7 is_stmt 1 view .LVU1391
1153:Drivers/STM32H7xx_HAL_Driver/Src/stm32h7xx_hal_dma.c ****       {
 4439              		.loc 1 1153 15 is_stmt 0 view .LVU1392
 4440 0218 636E     		ldr	r3, [r4, #100]
1153:Drivers/STM32H7xx_HAL_Driver/Src/stm32h7xx_hal_dma.c ****       {
 4441              		.loc 1 1153 36 view .LVU1393
 4442 021a 1968     		ldr	r1, [r3]
1153:Drivers/STM32H7xx_HAL_Driver/Src/stm32h7xx_hal_dma.c ****       {
 4443              		.loc 1 1153 48 view .LVU1394
 4444 021c A26E     		ldr	r2, [r4, #104]
1153:Drivers/STM32H7xx_HAL_Driver/Src/stm32h7xx_hal_dma.c ****       {
 4445              		.loc 1 1153 9 view .LVU1395
 4446 021e 1142     		tst	r1, r2
 4447 0220 04D0     		beq	.L223
1156:Drivers/STM32H7xx_HAL_Driver/Src/stm32h7xx_hal_dma.c **** 
 4448              		.loc 1 1156 9 is_stmt 1 view .LVU1396
1156:Drivers/STM32H7xx_HAL_Driver/Src/stm32h7xx_hal_dma.c **** 
 4449              		.loc 1 1156 40 is_stmt 0 view .LVU1397
 4450 0222 5A60     		str	r2, [r3, #4]
1159:Drivers/STM32H7xx_HAL_Driver/Src/stm32h7xx_hal_dma.c ****       }
 4451              		.loc 1 1159 9 is_stmt 1 view .LVU1398
1159:Drivers/STM32H7xx_HAL_Driver/Src/stm32h7xx_hal_dma.c ****       }
 4452              		.loc 1 1159 13 is_stmt 0 view .LVU1399
 4453 0224 636D     		ldr	r3, [r4, #84]
1159:Drivers/STM32H7xx_HAL_Driver/Src/stm32h7xx_hal_dma.c ****       }
 4454              		.loc 1 1159 25 view .LVU1400
 4455 0226 43F40073 		orr	r3, r3, #512
 4456 022a 6365     		str	r3, [r4, #84]
 4457              	.L223:
1053:Drivers/STM32H7xx_HAL_Driver/Src/stm32h7xx_hal_dma.c ****   {
 4458              		.loc 1 1053 39 is_stmt 1 view .LVU1401
1053:Drivers/STM32H7xx_HAL_Driver/Src/stm32h7xx_hal_dma.c ****   {
 4459              		.loc 1 1053 11 is_stmt 0 view .LVU1402
 4460 022c 2B68     		ldr	r3, [r5]
ARM GAS  /tmp/ccMjPS5V.s 			page 136


1053:Drivers/STM32H7xx_HAL_Driver/Src/stm32h7xx_hal_dma.c ****   {
 4461              		.loc 1 1053 39 view .LVU1403
 4462 022e 13EA090F 		tst	r3, r9
 4463 0232 71D1     		bne	.L236
1055:Drivers/STM32H7xx_HAL_Driver/Src/stm32h7xx_hal_dma.c ****     {
 4464              		.loc 1 1055 5 is_stmt 1 view .LVU1404
1055:Drivers/STM32H7xx_HAL_Driver/Src/stm32h7xx_hal_dma.c ****     {
 4465              		.loc 1 1055 8 is_stmt 0 view .LVU1405
 4466 0234 2368     		ldr	r3, [r4]
 4467 0236 5E49     		ldr	r1, .L239
 4468 0238 5E4A     		ldr	r2, .L239+4
 4469 023a 9342     		cmp	r3, r2
 4470 023c 18BF     		it	ne
 4471 023e 8B42     		cmpne	r3, r1
 4472 0240 3FF468AF 		beq	.L213
1055:Drivers/STM32H7xx_HAL_Driver/Src/stm32h7xx_hal_dma.c ****     {
 4473              		.loc 1 1055 8 discriminator 2 view .LVU1406
 4474 0244 1832     		adds	r2, r2, #24
 4475 0246 9342     		cmp	r3, r2
 4476 0248 3FF464AF 		beq	.L213
1055:Drivers/STM32H7xx_HAL_Driver/Src/stm32h7xx_hal_dma.c ****     {
 4477              		.loc 1 1055 8 discriminator 4 view .LVU1407
 4478 024c 1832     		adds	r2, r2, #24
 4479 024e 9342     		cmp	r3, r2
 4480 0250 3FF460AF 		beq	.L213
1055:Drivers/STM32H7xx_HAL_Driver/Src/stm32h7xx_hal_dma.c ****     {
 4481              		.loc 1 1055 8 discriminator 6 view .LVU1408
 4482 0254 1832     		adds	r2, r2, #24
 4483 0256 9342     		cmp	r3, r2
 4484 0258 3FF45CAF 		beq	.L213
1055:Drivers/STM32H7xx_HAL_Driver/Src/stm32h7xx_hal_dma.c ****     {
 4485              		.loc 1 1055 8 discriminator 8 view .LVU1409
 4486 025c 1832     		adds	r2, r2, #24
 4487 025e 9342     		cmp	r3, r2
 4488 0260 3FF458AF 		beq	.L213
1055:Drivers/STM32H7xx_HAL_Driver/Src/stm32h7xx_hal_dma.c ****     {
 4489              		.loc 1 1055 8 discriminator 10 view .LVU1410
 4490 0264 1832     		adds	r2, r2, #24
 4491 0266 9342     		cmp	r3, r2
 4492 0268 3FF454AF 		beq	.L213
1055:Drivers/STM32H7xx_HAL_Driver/Src/stm32h7xx_hal_dma.c ****     {
 4493              		.loc 1 1055 8 discriminator 12 view .LVU1411
 4494 026c 1832     		adds	r2, r2, #24
 4495 026e 9342     		cmp	r3, r2
 4496 0270 3FF450AF 		beq	.L213
1055:Drivers/STM32H7xx_HAL_Driver/Src/stm32h7xx_hal_dma.c ****     {
 4497              		.loc 1 1055 8 discriminator 14 view .LVU1412
 4498 0274 02F55672 		add	r2, r2, #856
 4499 0278 9342     		cmp	r3, r2
 4500 027a 3FF44BAF 		beq	.L213
1055:Drivers/STM32H7xx_HAL_Driver/Src/stm32h7xx_hal_dma.c ****     {
 4501              		.loc 1 1055 8 discriminator 16 view .LVU1413
 4502 027e 1832     		adds	r2, r2, #24
 4503 0280 9342     		cmp	r3, r2
 4504 0282 3FF447AF 		beq	.L213
1055:Drivers/STM32H7xx_HAL_Driver/Src/stm32h7xx_hal_dma.c ****     {
 4505              		.loc 1 1055 8 discriminator 18 view .LVU1414
ARM GAS  /tmp/ccMjPS5V.s 			page 137


 4506 0286 1832     		adds	r2, r2, #24
 4507 0288 9342     		cmp	r3, r2
 4508 028a 3FF443AF 		beq	.L213
1055:Drivers/STM32H7xx_HAL_Driver/Src/stm32h7xx_hal_dma.c ****     {
 4509              		.loc 1 1055 8 discriminator 20 view .LVU1415
 4510 028e 1832     		adds	r2, r2, #24
 4511 0290 9342     		cmp	r3, r2
 4512 0292 3FF43FAF 		beq	.L213
1055:Drivers/STM32H7xx_HAL_Driver/Src/stm32h7xx_hal_dma.c ****     {
 4513              		.loc 1 1055 8 discriminator 22 view .LVU1416
 4514 0296 1832     		adds	r2, r2, #24
 4515 0298 9342     		cmp	r3, r2
 4516 029a 3FF43BAF 		beq	.L213
1055:Drivers/STM32H7xx_HAL_Driver/Src/stm32h7xx_hal_dma.c ****     {
 4517              		.loc 1 1055 8 discriminator 24 view .LVU1417
 4518 029e 1832     		adds	r2, r2, #24
 4519 02a0 9342     		cmp	r3, r2
 4520 02a2 3FF437AF 		beq	.L213
1055:Drivers/STM32H7xx_HAL_Driver/Src/stm32h7xx_hal_dma.c ****     {
 4521              		.loc 1 1055 8 discriminator 26 view .LVU1418
 4522 02a6 1832     		adds	r2, r2, #24
 4523 02a8 9342     		cmp	r3, r2
 4524 02aa 3FF433AF 		beq	.L213
1055:Drivers/STM32H7xx_HAL_Driver/Src/stm32h7xx_hal_dma.c ****     {
 4525              		.loc 1 1055 8 discriminator 28 view .LVU1419
 4526 02ae 1832     		adds	r2, r2, #24
 4527 02b0 9342     		cmp	r3, r2
 4528 02b2 3FF42FAF 		beq	.L213
1094:Drivers/STM32H7xx_HAL_Driver/Src/stm32h7xx_hal_dma.c ****       {
 4529              		.loc 1 1094 7 is_stmt 1 view .LVU1420
1094:Drivers/STM32H7xx_HAL_Driver/Src/stm32h7xx_hal_dma.c ****       {
 4530              		.loc 1 1094 12 is_stmt 0 view .LVU1421
 4531 02b6 2968     		ldr	r1, [r5]
1094:Drivers/STM32H7xx_HAL_Driver/Src/stm32h7xx_hal_dma.c ****       {
 4532              		.loc 1 1094 47 view .LVU1422
 4533 02b8 E36D     		ldr	r3, [r4, #92]
1094:Drivers/STM32H7xx_HAL_Driver/Src/stm32h7xx_hal_dma.c ****       {
 4534              		.loc 1 1094 61 view .LVU1423
 4535 02ba 03F01F03 		and	r3, r3, #31
1094:Drivers/STM32H7xx_HAL_Driver/Src/stm32h7xx_hal_dma.c ****       {
 4536              		.loc 1 1094 39 view .LVU1424
 4537 02be 0822     		movs	r2, #8
 4538 02c0 9A40     		lsls	r2, r2, r3
1094:Drivers/STM32H7xx_HAL_Driver/Src/stm32h7xx_hal_dma.c ****       {
 4539              		.loc 1 1094 9 view .LVU1425
 4540 02c2 1142     		tst	r1, r2
 4541 02c4 3FF44EAF 		beq	.L215
1099:Drivers/STM32H7xx_HAL_Driver/Src/stm32h7xx_hal_dma.c **** 
 4542              		.loc 1 1099 9 is_stmt 1 view .LVU1426
1099:Drivers/STM32H7xx_HAL_Driver/Src/stm32h7xx_hal_dma.c **** 
 4543              		.loc 1 1099 39 is_stmt 0 view .LVU1427
 4544 02c8 0120     		movs	r0, #1
 4545 02ca 00FA03F3 		lsl	r3, r0, r3
1099:Drivers/STM32H7xx_HAL_Driver/Src/stm32h7xx_hal_dma.c **** 
 4546              		.loc 1 1099 20 view .LVU1428
 4547 02ce 2B60     		str	r3, [r5]
1102:Drivers/STM32H7xx_HAL_Driver/Src/stm32h7xx_hal_dma.c **** 
ARM GAS  /tmp/ccMjPS5V.s 			page 138


 4548              		.loc 1 1102 9 is_stmt 1 view .LVU1429
1102:Drivers/STM32H7xx_HAL_Driver/Src/stm32h7xx_hal_dma.c **** 
 4549              		.loc 1 1102 25 is_stmt 0 view .LVU1430
 4550 02d0 6065     		str	r0, [r4, #84]
1105:Drivers/STM32H7xx_HAL_Driver/Src/stm32h7xx_hal_dma.c **** 
 4551              		.loc 1 1105 9 is_stmt 1 view .LVU1431
1105:Drivers/STM32H7xx_HAL_Driver/Src/stm32h7xx_hal_dma.c **** 
 4552              		.loc 1 1105 21 is_stmt 0 view .LVU1432
 4553 02d2 84F83500 		strb	r0, [r4, #53]
1108:Drivers/STM32H7xx_HAL_Driver/Src/stm32h7xx_hal_dma.c **** 
 4554              		.loc 1 1108 9 is_stmt 1 view .LVU1433
1108:Drivers/STM32H7xx_HAL_Driver/Src/stm32h7xx_hal_dma.c **** 
 4555              		.loc 1 1108 9 view .LVU1434
 4556 02d6 0023     		movs	r3, #0
 4557 02d8 84F83430 		strb	r3, [r4, #52]
1108:Drivers/STM32H7xx_HAL_Driver/Src/stm32h7xx_hal_dma.c **** 
 4558              		.loc 1 1108 9 view .LVU1435
1110:Drivers/STM32H7xx_HAL_Driver/Src/stm32h7xx_hal_dma.c ****       }
 4559              		.loc 1 1110 9 view .LVU1436
1110:Drivers/STM32H7xx_HAL_Driver/Src/stm32h7xx_hal_dma.c ****       }
 4560              		.loc 1 1110 16 is_stmt 0 view .LVU1437
 4561 02dc A6E6     		b	.L202
 4562              	.L234:
1078:Drivers/STM32H7xx_HAL_Driver/Src/stm32h7xx_hal_dma.c **** 
 4563              		.loc 1 1078 9 is_stmt 1 view .LVU1438
1078:Drivers/STM32H7xx_HAL_Driver/Src/stm32h7xx_hal_dma.c **** 
 4564              		.loc 1 1078 13 is_stmt 0 view .LVU1439
 4565 02de 626D     		ldr	r2, [r4, #84]
1078:Drivers/STM32H7xx_HAL_Driver/Src/stm32h7xx_hal_dma.c **** 
 4566              		.loc 1 1078 25 view .LVU1440
 4567 02e0 42F00102 		orr	r2, r2, #1
 4568 02e4 6265     		str	r2, [r4, #84]
1081:Drivers/STM32H7xx_HAL_Driver/Src/stm32h7xx_hal_dma.c **** 
 4569              		.loc 1 1081 9 is_stmt 1 view .LVU1441
1081:Drivers/STM32H7xx_HAL_Driver/Src/stm32h7xx_hal_dma.c **** 
 4570              		.loc 1 1081 21 is_stmt 0 view .LVU1442
 4571 02e6 C8F80030 		str	r3, [r8]
1084:Drivers/STM32H7xx_HAL_Driver/Src/stm32h7xx_hal_dma.c **** 
 4572              		.loc 1 1084 9 is_stmt 1 view .LVU1443
1084:Drivers/STM32H7xx_HAL_Driver/Src/stm32h7xx_hal_dma.c **** 
 4573              		.loc 1 1084 21 is_stmt 0 view .LVU1444
 4574 02ea 0120     		movs	r0, #1
 4575 02ec 84F83500 		strb	r0, [r4, #53]
1087:Drivers/STM32H7xx_HAL_Driver/Src/stm32h7xx_hal_dma.c **** 
 4576              		.loc 1 1087 9 is_stmt 1 view .LVU1445
1087:Drivers/STM32H7xx_HAL_Driver/Src/stm32h7xx_hal_dma.c **** 
 4577              		.loc 1 1087 9 view .LVU1446
 4578 02f0 0023     		movs	r3, #0
 4579 02f2 84F83430 		strb	r3, [r4, #52]
1087:Drivers/STM32H7xx_HAL_Driver/Src/stm32h7xx_hal_dma.c **** 
 4580              		.loc 1 1087 9 view .LVU1447
1089:Drivers/STM32H7xx_HAL_Driver/Src/stm32h7xx_hal_dma.c ****       }
 4581              		.loc 1 1089 9 view .LVU1448
1089:Drivers/STM32H7xx_HAL_Driver/Src/stm32h7xx_hal_dma.c ****       }
 4582              		.loc 1 1089 16 is_stmt 0 view .LVU1449
 4583 02f6 99E6     		b	.L202
 4584              	.L235:
ARM GAS  /tmp/ccMjPS5V.s 			page 139


1117:Drivers/STM32H7xx_HAL_Driver/Src/stm32h7xx_hal_dma.c ****       {
 4585              		.loc 1 1117 7 is_stmt 1 view .LVU1450
1117:Drivers/STM32H7xx_HAL_Driver/Src/stm32h7xx_hal_dma.c ****       {
 4586              		.loc 1 1117 12 is_stmt 0 view .LVU1451
 4587 02f8 FFF7FEFF 		bl	HAL_GetTick
 4588              	.LVL181:
1117:Drivers/STM32H7xx_HAL_Driver/Src/stm32h7xx_hal_dma.c ****       {
 4589              		.loc 1 1117 26 discriminator 1 view .LVU1452
 4590 02fc A0EB0A00 		sub	r0, r0, r10
1117:Drivers/STM32H7xx_HAL_Driver/Src/stm32h7xx_hal_dma.c ****       {
 4591              		.loc 1 1117 9 discriminator 1 view .LVU1453
 4592 0300 B042     		cmp	r0, r6
 4593 0302 02D8     		bhi	.L219
1117:Drivers/STM32H7xx_HAL_Driver/Src/stm32h7xx_hal_dma.c ****       {
 4594              		.loc 1 1117 50 discriminator 1 view .LVU1454
 4595 0304 002E     		cmp	r6, #0
 4596 0306 7FF431AF 		bne	.L218
 4597              	.L219:
1120:Drivers/STM32H7xx_HAL_Driver/Src/stm32h7xx_hal_dma.c **** 
 4598              		.loc 1 1120 9 is_stmt 1 view .LVU1455
1120:Drivers/STM32H7xx_HAL_Driver/Src/stm32h7xx_hal_dma.c **** 
 4599              		.loc 1 1120 25 is_stmt 0 view .LVU1456
 4600 030a 2023     		movs	r3, #32
 4601 030c 6365     		str	r3, [r4, #84]
1124:Drivers/STM32H7xx_HAL_Driver/Src/stm32h7xx_hal_dma.c ****           /*
 4602              		.loc 1 1124 9 is_stmt 1 view .LVU1457
1124:Drivers/STM32H7xx_HAL_Driver/Src/stm32h7xx_hal_dma.c ****           /*
 4603              		.loc 1 1124 16 is_stmt 0 view .LVU1458
 4604 030e 2046     		mov	r0, r4
 4605 0310 FFF7FEFF 		bl	HAL_DMA_Abort
 4606              	.LVL182:
1132:Drivers/STM32H7xx_HAL_Driver/Src/stm32h7xx_hal_dma.c ****       }
 4607              		.loc 1 1132 9 is_stmt 1 view .LVU1459
1132:Drivers/STM32H7xx_HAL_Driver/Src/stm32h7xx_hal_dma.c ****       }
 4608              		.loc 1 1132 16 is_stmt 0 view .LVU1460
 4609 0314 0120     		movs	r0, #1
 4610 0316 89E6     		b	.L202
 4611              	.L236:
1166:Drivers/STM32H7xx_HAL_Driver/Src/stm32h7xx_hal_dma.c ****   {
 4612              		.loc 1 1166 3 is_stmt 1 view .LVU1461
1166:Drivers/STM32H7xx_HAL_Driver/Src/stm32h7xx_hal_dma.c ****   {
 4613              		.loc 1 1166 5 is_stmt 0 view .LVU1462
 4614 0318 002F     		cmp	r7, #0
 4615 031a 4FD1     		bne	.L225
1169:Drivers/STM32H7xx_HAL_Driver/Src/stm32h7xx_hal_dma.c ****     {
 4616              		.loc 1 1169 5 is_stmt 1 view .LVU1463
1169:Drivers/STM32H7xx_HAL_Driver/Src/stm32h7xx_hal_dma.c ****     {
 4617              		.loc 1 1169 8 is_stmt 0 view .LVU1464
 4618 031c 2368     		ldr	r3, [r4]
 4619 031e 2449     		ldr	r1, .L239
 4620 0320 244A     		ldr	r2, .L239+4
 4621 0322 9342     		cmp	r3, r2
 4622 0324 18BF     		it	ne
 4623 0326 8B42     		cmpne	r3, r1
 4624 0328 32D0     		beq	.L226
1169:Drivers/STM32H7xx_HAL_Driver/Src/stm32h7xx_hal_dma.c ****     {
 4625              		.loc 1 1169 8 discriminator 2 view .LVU1465
ARM GAS  /tmp/ccMjPS5V.s 			page 140


 4626 032a 1832     		adds	r2, r2, #24
 4627 032c 9342     		cmp	r3, r2
 4628 032e 2FD0     		beq	.L226
1169:Drivers/STM32H7xx_HAL_Driver/Src/stm32h7xx_hal_dma.c ****     {
 4629              		.loc 1 1169 8 discriminator 4 view .LVU1466
 4630 0330 1832     		adds	r2, r2, #24
 4631 0332 9342     		cmp	r3, r2
 4632 0334 2CD0     		beq	.L226
1169:Drivers/STM32H7xx_HAL_Driver/Src/stm32h7xx_hal_dma.c ****     {
 4633              		.loc 1 1169 8 discriminator 6 view .LVU1467
 4634 0336 1832     		adds	r2, r2, #24
 4635 0338 9342     		cmp	r3, r2
 4636 033a 29D0     		beq	.L226
1169:Drivers/STM32H7xx_HAL_Driver/Src/stm32h7xx_hal_dma.c ****     {
 4637              		.loc 1 1169 8 discriminator 8 view .LVU1468
 4638 033c 1832     		adds	r2, r2, #24
 4639 033e 9342     		cmp	r3, r2
 4640 0340 26D0     		beq	.L226
1169:Drivers/STM32H7xx_HAL_Driver/Src/stm32h7xx_hal_dma.c ****     {
 4641              		.loc 1 1169 8 discriminator 10 view .LVU1469
 4642 0342 1832     		adds	r2, r2, #24
 4643 0344 9342     		cmp	r3, r2
 4644 0346 23D0     		beq	.L226
1169:Drivers/STM32H7xx_HAL_Driver/Src/stm32h7xx_hal_dma.c ****     {
 4645              		.loc 1 1169 8 discriminator 12 view .LVU1470
 4646 0348 1832     		adds	r2, r2, #24
 4647 034a 9342     		cmp	r3, r2
 4648 034c 20D0     		beq	.L226
1169:Drivers/STM32H7xx_HAL_Driver/Src/stm32h7xx_hal_dma.c ****     {
 4649              		.loc 1 1169 8 discriminator 14 view .LVU1471
 4650 034e 02F55672 		add	r2, r2, #856
 4651 0352 9342     		cmp	r3, r2
 4652 0354 1CD0     		beq	.L226
1169:Drivers/STM32H7xx_HAL_Driver/Src/stm32h7xx_hal_dma.c ****     {
 4653              		.loc 1 1169 8 discriminator 16 view .LVU1472
 4654 0356 1832     		adds	r2, r2, #24
 4655 0358 9342     		cmp	r3, r2
 4656 035a 19D0     		beq	.L226
1169:Drivers/STM32H7xx_HAL_Driver/Src/stm32h7xx_hal_dma.c ****     {
 4657              		.loc 1 1169 8 discriminator 18 view .LVU1473
 4658 035c 1832     		adds	r2, r2, #24
 4659 035e 9342     		cmp	r3, r2
 4660 0360 16D0     		beq	.L226
1169:Drivers/STM32H7xx_HAL_Driver/Src/stm32h7xx_hal_dma.c ****     {
 4661              		.loc 1 1169 8 discriminator 20 view .LVU1474
 4662 0362 1832     		adds	r2, r2, #24
 4663 0364 9342     		cmp	r3, r2
 4664 0366 13D0     		beq	.L226
1169:Drivers/STM32H7xx_HAL_Driver/Src/stm32h7xx_hal_dma.c ****     {
 4665              		.loc 1 1169 8 discriminator 22 view .LVU1475
 4666 0368 1832     		adds	r2, r2, #24
 4667 036a 9342     		cmp	r3, r2
 4668 036c 10D0     		beq	.L226
1169:Drivers/STM32H7xx_HAL_Driver/Src/stm32h7xx_hal_dma.c ****     {
 4669              		.loc 1 1169 8 discriminator 24 view .LVU1476
 4670 036e 1832     		adds	r2, r2, #24
 4671 0370 9342     		cmp	r3, r2
ARM GAS  /tmp/ccMjPS5V.s 			page 141


 4672 0372 0DD0     		beq	.L226
1169:Drivers/STM32H7xx_HAL_Driver/Src/stm32h7xx_hal_dma.c ****     {
 4673              		.loc 1 1169 8 discriminator 26 view .LVU1477
 4674 0374 1832     		adds	r2, r2, #24
 4675 0376 9342     		cmp	r3, r2
 4676 0378 0AD0     		beq	.L226
1169:Drivers/STM32H7xx_HAL_Driver/Src/stm32h7xx_hal_dma.c ****     {
 4677              		.loc 1 1169 8 discriminator 28 view .LVU1478
 4678 037a 1832     		adds	r2, r2, #24
 4679 037c 9342     		cmp	r3, r2
 4680 037e 07D0     		beq	.L226
1175:Drivers/STM32H7xx_HAL_Driver/Src/stm32h7xx_hal_dma.c ****     }
 4681              		.loc 1 1175 7 is_stmt 1 view .LVU1479
1175:Drivers/STM32H7xx_HAL_Driver/Src/stm32h7xx_hal_dma.c ****     }
 4682              		.loc 1 1175 44 is_stmt 0 view .LVU1480
 4683 0380 E36D     		ldr	r3, [r4, #92]
1175:Drivers/STM32H7xx_HAL_Driver/Src/stm32h7xx_hal_dma.c ****     }
 4684              		.loc 1 1175 58 view .LVU1481
 4685 0382 03F01F02 		and	r2, r3, #31
1175:Drivers/STM32H7xx_HAL_Driver/Src/stm32h7xx_hal_dma.c ****     }
 4686              		.loc 1 1175 36 view .LVU1482
 4687 0386 0223     		movs	r3, #2
 4688 0388 9340     		lsls	r3, r3, r2
1175:Drivers/STM32H7xx_HAL_Driver/Src/stm32h7xx_hal_dma.c ****     }
 4689              		.loc 1 1175 19 view .LVU1483
 4690 038a C8F80030 		str	r3, [r8]
 4691 038e 06E0     		b	.L227
 4692              	.L226:
1171:Drivers/STM32H7xx_HAL_Driver/Src/stm32h7xx_hal_dma.c ****     }
 4693              		.loc 1 1171 7 is_stmt 1 view .LVU1484
1171:Drivers/STM32H7xx_HAL_Driver/Src/stm32h7xx_hal_dma.c ****     }
 4694              		.loc 1 1171 67 is_stmt 0 view .LVU1485
 4695 0390 E36D     		ldr	r3, [r4, #92]
1171:Drivers/STM32H7xx_HAL_Driver/Src/stm32h7xx_hal_dma.c ****     }
 4696              		.loc 1 1171 81 view .LVU1486
 4697 0392 03F01F02 		and	r2, r3, #31
1171:Drivers/STM32H7xx_HAL_Driver/Src/stm32h7xx_hal_dma.c ****     }
 4698              		.loc 1 1171 59 view .LVU1487
 4699 0396 3023     		movs	r3, #48
 4700 0398 9340     		lsls	r3, r3, r2
1171:Drivers/STM32H7xx_HAL_Driver/Src/stm32h7xx_hal_dma.c ****     }
 4701              		.loc 1 1171 19 view .LVU1488
 4702 039a C8F80030 		str	r3, [r8]
 4703              	.L227:
1178:Drivers/STM32H7xx_HAL_Driver/Src/stm32h7xx_hal_dma.c **** 
 4704              		.loc 1 1178 5 is_stmt 1 view .LVU1489
1178:Drivers/STM32H7xx_HAL_Driver/Src/stm32h7xx_hal_dma.c **** 
 4705              		.loc 1 1178 17 is_stmt 0 view .LVU1490
 4706 039e 0123     		movs	r3, #1
 4707 03a0 84F83530 		strb	r3, [r4, #53]
1181:Drivers/STM32H7xx_HAL_Driver/Src/stm32h7xx_hal_dma.c ****   }
 4708              		.loc 1 1181 5 is_stmt 1 view .LVU1491
1181:Drivers/STM32H7xx_HAL_Driver/Src/stm32h7xx_hal_dma.c ****   }
 4709              		.loc 1 1181 5 view .LVU1492
 4710 03a4 0023     		movs	r3, #0
 4711 03a6 84F83430 		strb	r3, [r4, #52]
1181:Drivers/STM32H7xx_HAL_Driver/Src/stm32h7xx_hal_dma.c ****   }
ARM GAS  /tmp/ccMjPS5V.s 			page 142


 4712              		.loc 1 1181 5 view .LVU1493
1196:Drivers/STM32H7xx_HAL_Driver/Src/stm32h7xx_hal_dma.c **** }
 4713              		.loc 1 1196 10 is_stmt 0 view .LVU1494
 4714 03aa 3846     		mov	r0, r7
 4715 03ac 3EE6     		b	.L202
 4716              	.L240:
 4717 03ae 00BF     		.align	2
 4718              	.L239:
 4719 03b0 10000240 		.word	1073872912
 4720 03b4 28000240 		.word	1073872936
 4721 03b8 08540258 		.word	1476547592
 4722              	.L225:
1186:Drivers/STM32H7xx_HAL_Driver/Src/stm32h7xx_hal_dma.c ****     {
 4723              		.loc 1 1186 5 is_stmt 1 view .LVU1495
1186:Drivers/STM32H7xx_HAL_Driver/Src/stm32h7xx_hal_dma.c ****     {
 4724              		.loc 1 1186 8 is_stmt 0 view .LVU1496
 4725 03bc 2368     		ldr	r3, [r4]
 4726 03be 2249     		ldr	r1, .L241
 4727 03c0 224A     		ldr	r2, .L241+4
 4728 03c2 9342     		cmp	r3, r2
 4729 03c4 18BF     		it	ne
 4730 03c6 8B42     		cmpne	r3, r1
 4731 03c8 33D0     		beq	.L228
1186:Drivers/STM32H7xx_HAL_Driver/Src/stm32h7xx_hal_dma.c ****     {
 4732              		.loc 1 1186 8 discriminator 2 view .LVU1497
 4733 03ca 1832     		adds	r2, r2, #24
 4734 03cc 9342     		cmp	r3, r2
 4735 03ce 30D0     		beq	.L228
1186:Drivers/STM32H7xx_HAL_Driver/Src/stm32h7xx_hal_dma.c ****     {
 4736              		.loc 1 1186 8 discriminator 4 view .LVU1498
 4737 03d0 1832     		adds	r2, r2, #24
 4738 03d2 9342     		cmp	r3, r2
 4739 03d4 2DD0     		beq	.L228
1186:Drivers/STM32H7xx_HAL_Driver/Src/stm32h7xx_hal_dma.c ****     {
 4740              		.loc 1 1186 8 discriminator 6 view .LVU1499
 4741 03d6 1832     		adds	r2, r2, #24
 4742 03d8 9342     		cmp	r3, r2
 4743 03da 2AD0     		beq	.L228
1186:Drivers/STM32H7xx_HAL_Driver/Src/stm32h7xx_hal_dma.c ****     {
 4744              		.loc 1 1186 8 discriminator 8 view .LVU1500
 4745 03dc 1832     		adds	r2, r2, #24
 4746 03de 9342     		cmp	r3, r2
 4747 03e0 27D0     		beq	.L228
1186:Drivers/STM32H7xx_HAL_Driver/Src/stm32h7xx_hal_dma.c ****     {
 4748              		.loc 1 1186 8 discriminator 10 view .LVU1501
 4749 03e2 1832     		adds	r2, r2, #24
 4750 03e4 9342     		cmp	r3, r2
 4751 03e6 24D0     		beq	.L228
1186:Drivers/STM32H7xx_HAL_Driver/Src/stm32h7xx_hal_dma.c ****     {
 4752              		.loc 1 1186 8 discriminator 12 view .LVU1502
 4753 03e8 1832     		adds	r2, r2, #24
 4754 03ea 9342     		cmp	r3, r2
 4755 03ec 21D0     		beq	.L228
1186:Drivers/STM32H7xx_HAL_Driver/Src/stm32h7xx_hal_dma.c ****     {
 4756              		.loc 1 1186 8 discriminator 14 view .LVU1503
 4757 03ee 02F55672 		add	r2, r2, #856
 4758 03f2 9342     		cmp	r3, r2
ARM GAS  /tmp/ccMjPS5V.s 			page 143


 4759 03f4 1DD0     		beq	.L228
1186:Drivers/STM32H7xx_HAL_Driver/Src/stm32h7xx_hal_dma.c ****     {
 4760              		.loc 1 1186 8 discriminator 16 view .LVU1504
 4761 03f6 1832     		adds	r2, r2, #24
 4762 03f8 9342     		cmp	r3, r2
 4763 03fa 1AD0     		beq	.L228
1186:Drivers/STM32H7xx_HAL_Driver/Src/stm32h7xx_hal_dma.c ****     {
 4764              		.loc 1 1186 8 discriminator 18 view .LVU1505
 4765 03fc 1832     		adds	r2, r2, #24
 4766 03fe 9342     		cmp	r3, r2
 4767 0400 17D0     		beq	.L228
1186:Drivers/STM32H7xx_HAL_Driver/Src/stm32h7xx_hal_dma.c ****     {
 4768              		.loc 1 1186 8 discriminator 20 view .LVU1506
 4769 0402 1832     		adds	r2, r2, #24
 4770 0404 9342     		cmp	r3, r2
 4771 0406 14D0     		beq	.L228
1186:Drivers/STM32H7xx_HAL_Driver/Src/stm32h7xx_hal_dma.c ****     {
 4772              		.loc 1 1186 8 discriminator 22 view .LVU1507
 4773 0408 1832     		adds	r2, r2, #24
 4774 040a 9342     		cmp	r3, r2
 4775 040c 11D0     		beq	.L228
1186:Drivers/STM32H7xx_HAL_Driver/Src/stm32h7xx_hal_dma.c ****     {
 4776              		.loc 1 1186 8 discriminator 24 view .LVU1508
 4777 040e 1832     		adds	r2, r2, #24
 4778 0410 9342     		cmp	r3, r2
 4779 0412 0ED0     		beq	.L228
1186:Drivers/STM32H7xx_HAL_Driver/Src/stm32h7xx_hal_dma.c ****     {
 4780              		.loc 1 1186 8 discriminator 26 view .LVU1509
 4781 0414 1832     		adds	r2, r2, #24
 4782 0416 9342     		cmp	r3, r2
 4783 0418 0BD0     		beq	.L228
1186:Drivers/STM32H7xx_HAL_Driver/Src/stm32h7xx_hal_dma.c ****     {
 4784              		.loc 1 1186 8 discriminator 28 view .LVU1510
 4785 041a 1832     		adds	r2, r2, #24
 4786 041c 9342     		cmp	r3, r2
 4787 041e 08D0     		beq	.L228
1192:Drivers/STM32H7xx_HAL_Driver/Src/stm32h7xx_hal_dma.c ****     }
 4788              		.loc 1 1192 7 is_stmt 1 view .LVU1511
1192:Drivers/STM32H7xx_HAL_Driver/Src/stm32h7xx_hal_dma.c ****     }
 4789              		.loc 1 1192 44 is_stmt 0 view .LVU1512
 4790 0420 E26D     		ldr	r2, [r4, #92]
1192:Drivers/STM32H7xx_HAL_Driver/Src/stm32h7xx_hal_dma.c ****     }
 4791              		.loc 1 1192 58 view .LVU1513
 4792 0422 02F01F02 		and	r2, r2, #31
1192:Drivers/STM32H7xx_HAL_Driver/Src/stm32h7xx_hal_dma.c ****     }
 4793              		.loc 1 1192 36 view .LVU1514
 4794 0426 0423     		movs	r3, #4
 4795 0428 9340     		lsls	r3, r3, r2
1192:Drivers/STM32H7xx_HAL_Driver/Src/stm32h7xx_hal_dma.c ****     }
 4796              		.loc 1 1192 19 view .LVU1515
 4797 042a C8F80030 		str	r3, [r8]
1196:Drivers/STM32H7xx_HAL_Driver/Src/stm32h7xx_hal_dma.c **** }
 4798              		.loc 1 1196 10 view .LVU1516
 4799 042e 0020     		movs	r0, #0
 4800 0430 FCE5     		b	.L202
 4801              	.L228:
1188:Drivers/STM32H7xx_HAL_Driver/Src/stm32h7xx_hal_dma.c ****     }
ARM GAS  /tmp/ccMjPS5V.s 			page 144


 4802              		.loc 1 1188 7 is_stmt 1 view .LVU1517
1188:Drivers/STM32H7xx_HAL_Driver/Src/stm32h7xx_hal_dma.c ****     }
 4803              		.loc 1 1188 48 is_stmt 0 view .LVU1518
 4804 0432 E26D     		ldr	r2, [r4, #92]
1188:Drivers/STM32H7xx_HAL_Driver/Src/stm32h7xx_hal_dma.c ****     }
 4805              		.loc 1 1188 62 view .LVU1519
 4806 0434 02F01F02 		and	r2, r2, #31
1188:Drivers/STM32H7xx_HAL_Driver/Src/stm32h7xx_hal_dma.c ****     }
 4807              		.loc 1 1188 40 view .LVU1520
 4808 0438 1023     		movs	r3, #16
 4809 043a 9340     		lsls	r3, r3, r2
1188:Drivers/STM32H7xx_HAL_Driver/Src/stm32h7xx_hal_dma.c ****     }
 4810              		.loc 1 1188 19 view .LVU1521
 4811 043c C8F80030 		str	r3, [r8]
1196:Drivers/STM32H7xx_HAL_Driver/Src/stm32h7xx_hal_dma.c **** }
 4812              		.loc 1 1196 10 view .LVU1522
 4813 0440 0020     		movs	r0, #0
 4814 0442 F3E5     		b	.L202
 4815              	.LVL183:
 4816              	.L229:
 992:Drivers/STM32H7xx_HAL_Driver/Src/stm32h7xx_hal_dma.c ****   }
 4817              		.loc 1 992 12 view .LVU1523
 4818 0444 0120     		movs	r0, #1
 4819              	.LVL184:
 992:Drivers/STM32H7xx_HAL_Driver/Src/stm32h7xx_hal_dma.c ****   }
 4820              		.loc 1 992 12 view .LVU1524
 4821 0446 F1E5     		b	.L202
 4822              	.L242:
 4823              		.align	2
 4824              	.L241:
 4825 0448 10000240 		.word	1073872912
 4826 044c 28000240 		.word	1073872936
 4827              		.cfi_endproc
 4828              	.LFE152:
 4830              		.section	.text.HAL_DMA_IRQHandler,"ax",%progbits
 4831              		.align	1
 4832              		.global	HAL_DMA_IRQHandler
 4833              		.syntax unified
 4834              		.thumb
 4835              		.thumb_func
 4837              	HAL_DMA_IRQHandler:
 4838              	.LVL185:
 4839              	.LFB153:
1206:Drivers/STM32H7xx_HAL_Driver/Src/stm32h7xx_hal_dma.c ****   uint32_t tmpisr_dma, tmpisr_bdma;
 4840              		.loc 1 1206 1 is_stmt 1 view -0
 4841              		.cfi_startproc
 4842              		@ args = 0, pretend = 0, frame = 8
 4843              		@ frame_needed = 0, uses_anonymous_args = 0
1206:Drivers/STM32H7xx_HAL_Driver/Src/stm32h7xx_hal_dma.c ****   uint32_t tmpisr_dma, tmpisr_bdma;
 4844              		.loc 1 1206 1 is_stmt 0 view .LVU1526
 4845 0000 F0B5     		push	{r4, r5, r6, r7, lr}
 4846              	.LCFI22:
 4847              		.cfi_def_cfa_offset 20
 4848              		.cfi_offset 4, -20
 4849              		.cfi_offset 5, -16
 4850              		.cfi_offset 6, -12
 4851              		.cfi_offset 7, -8
ARM GAS  /tmp/ccMjPS5V.s 			page 145


 4852              		.cfi_offset 14, -4
 4853 0002 83B0     		sub	sp, sp, #12
 4854              	.LCFI23:
 4855              		.cfi_def_cfa_offset 32
 4856 0004 0446     		mov	r4, r0
1207:Drivers/STM32H7xx_HAL_Driver/Src/stm32h7xx_hal_dma.c ****   uint32_t ccr_reg;
 4857              		.loc 1 1207 3 is_stmt 1 view .LVU1527
1208:Drivers/STM32H7xx_HAL_Driver/Src/stm32h7xx_hal_dma.c ****   __IO uint32_t count = 0U;
 4858              		.loc 1 1208 3 view .LVU1528
1209:Drivers/STM32H7xx_HAL_Driver/Src/stm32h7xx_hal_dma.c ****   uint32_t timeout = SystemCoreClock / 9600U;
 4859              		.loc 1 1209 3 view .LVU1529
1209:Drivers/STM32H7xx_HAL_Driver/Src/stm32h7xx_hal_dma.c ****   uint32_t timeout = SystemCoreClock / 9600U;
 4860              		.loc 1 1209 17 is_stmt 0 view .LVU1530
 4861 0006 0023     		movs	r3, #0
 4862 0008 0193     		str	r3, [sp, #4]
1210:Drivers/STM32H7xx_HAL_Driver/Src/stm32h7xx_hal_dma.c **** 
 4863              		.loc 1 1210 3 is_stmt 1 view .LVU1531
1210:Drivers/STM32H7xx_HAL_Driver/Src/stm32h7xx_hal_dma.c **** 
 4864              		.loc 1 1210 38 is_stmt 0 view .LVU1532
 4865 000a 7D4B     		ldr	r3, .L303
 4866 000c 1D68     		ldr	r5, [r3]
1210:Drivers/STM32H7xx_HAL_Driver/Src/stm32h7xx_hal_dma.c **** 
 4867              		.loc 1 1210 12 view .LVU1533
 4868 000e 7D4B     		ldr	r3, .L303+4
 4869 0010 A3FB0535 		umull	r3, r5, r3, r5
 4870 0014 AD0A     		lsrs	r5, r5, #10
 4871              	.LVL186:
1213:Drivers/STM32H7xx_HAL_Driver/Src/stm32h7xx_hal_dma.c ****   BDMA_Base_Registers *regs_bdma = (BDMA_Base_Registers *)hdma->StreamBaseAddress;
 4872              		.loc 1 1213 3 is_stmt 1 view .LVU1534
1213:Drivers/STM32H7xx_HAL_Driver/Src/stm32h7xx_hal_dma.c ****   BDMA_Base_Registers *regs_bdma = (BDMA_Base_Registers *)hdma->StreamBaseAddress;
 4873              		.loc 1 1213 62 is_stmt 0 view .LVU1535
 4874 0016 876D     		ldr	r7, [r0, #88]
 4875              	.LVL187:
1214:Drivers/STM32H7xx_HAL_Driver/Src/stm32h7xx_hal_dma.c **** 
 4876              		.loc 1 1214 3 is_stmt 1 view .LVU1536
1216:Drivers/STM32H7xx_HAL_Driver/Src/stm32h7xx_hal_dma.c ****   tmpisr_bdma = regs_bdma->ISR;
 4877              		.loc 1 1216 3 view .LVU1537
1216:Drivers/STM32H7xx_HAL_Driver/Src/stm32h7xx_hal_dma.c ****   tmpisr_bdma = regs_bdma->ISR;
 4878              		.loc 1 1216 15 is_stmt 0 view .LVU1538
 4879 0018 3E68     		ldr	r6, [r7]
 4880              	.LVL188:
1217:Drivers/STM32H7xx_HAL_Driver/Src/stm32h7xx_hal_dma.c **** 
 4881              		.loc 1 1217 3 is_stmt 1 view .LVU1539
1217:Drivers/STM32H7xx_HAL_Driver/Src/stm32h7xx_hal_dma.c **** 
 4882              		.loc 1 1217 15 is_stmt 0 view .LVU1540
 4883 001a D7F800C0 		ldr	ip, [r7]
 4884              	.LVL189:
1219:Drivers/STM32H7xx_HAL_Driver/Src/stm32h7xx_hal_dma.c ****   {
 4885              		.loc 1 1219 3 is_stmt 1 view .LVU1541
1219:Drivers/STM32H7xx_HAL_Driver/Src/stm32h7xx_hal_dma.c ****   {
 4886              		.loc 1 1219 6 is_stmt 0 view .LVU1542
 4887 001e 0368     		ldr	r3, [r0]
 4888 0020 7949     		ldr	r1, .L303+8
 4889 0022 7A48     		ldr	r0, .L303+12
 4890              	.LVL190:
1219:Drivers/STM32H7xx_HAL_Driver/Src/stm32h7xx_hal_dma.c ****   {
 4891              		.loc 1 1219 6 view .LVU1543
ARM GAS  /tmp/ccMjPS5V.s 			page 146


 4892 0024 8342     		cmp	r3, r0
 4893 0026 18BF     		it	ne
 4894 0028 8B42     		cmpne	r3, r1
 4895 002a 0CBF     		ite	eq
 4896 002c 0120     		moveq	r0, #1
 4897 002e 0020     		movne	r0, #0
 4898 0030 61D0     		beq	.L244
1219:Drivers/STM32H7xx_HAL_Driver/Src/stm32h7xx_hal_dma.c ****   {
 4899              		.loc 1 1219 6 discriminator 2 view .LVU1544
 4900 0032 774A     		ldr	r2, .L303+16
 4901 0034 9342     		cmp	r3, r2
 4902 0036 5ED0     		beq	.L244
1219:Drivers/STM32H7xx_HAL_Driver/Src/stm32h7xx_hal_dma.c ****   {
 4903              		.loc 1 1219 6 discriminator 4 view .LVU1545
 4904 0038 1832     		adds	r2, r2, #24
 4905 003a 9342     		cmp	r3, r2
 4906 003c 5BD0     		beq	.L244
1219:Drivers/STM32H7xx_HAL_Driver/Src/stm32h7xx_hal_dma.c ****   {
 4907              		.loc 1 1219 6 discriminator 6 view .LVU1546
 4908 003e 1832     		adds	r2, r2, #24
 4909 0040 9342     		cmp	r3, r2
 4910 0042 58D0     		beq	.L244
1219:Drivers/STM32H7xx_HAL_Driver/Src/stm32h7xx_hal_dma.c ****   {
 4911              		.loc 1 1219 6 discriminator 8 view .LVU1547
 4912 0044 1832     		adds	r2, r2, #24
 4913 0046 9342     		cmp	r3, r2
 4914 0048 55D0     		beq	.L244
1219:Drivers/STM32H7xx_HAL_Driver/Src/stm32h7xx_hal_dma.c ****   {
 4915              		.loc 1 1219 6 discriminator 10 view .LVU1548
 4916 004a 1832     		adds	r2, r2, #24
 4917 004c 9342     		cmp	r3, r2
 4918 004e 52D0     		beq	.L244
1219:Drivers/STM32H7xx_HAL_Driver/Src/stm32h7xx_hal_dma.c ****   {
 4919              		.loc 1 1219 6 discriminator 12 view .LVU1549
 4920 0050 1832     		adds	r2, r2, #24
 4921 0052 9342     		cmp	r3, r2
 4922 0054 4FD0     		beq	.L244
1219:Drivers/STM32H7xx_HAL_Driver/Src/stm32h7xx_hal_dma.c ****   {
 4923              		.loc 1 1219 6 discriminator 14 view .LVU1550
 4924 0056 02F55672 		add	r2, r2, #856
 4925 005a 9342     		cmp	r3, r2
 4926 005c 4BD0     		beq	.L244
1219:Drivers/STM32H7xx_HAL_Driver/Src/stm32h7xx_hal_dma.c ****   {
 4927              		.loc 1 1219 6 discriminator 16 view .LVU1551
 4928 005e 1832     		adds	r2, r2, #24
 4929 0060 9342     		cmp	r3, r2
 4930 0062 48D0     		beq	.L244
1219:Drivers/STM32H7xx_HAL_Driver/Src/stm32h7xx_hal_dma.c ****   {
 4931              		.loc 1 1219 6 discriminator 18 view .LVU1552
 4932 0064 1832     		adds	r2, r2, #24
 4933 0066 9342     		cmp	r3, r2
 4934 0068 45D0     		beq	.L244
1219:Drivers/STM32H7xx_HAL_Driver/Src/stm32h7xx_hal_dma.c ****   {
 4935              		.loc 1 1219 6 discriminator 20 view .LVU1553
 4936 006a 1832     		adds	r2, r2, #24
 4937 006c 9342     		cmp	r3, r2
 4938 006e 42D0     		beq	.L244
ARM GAS  /tmp/ccMjPS5V.s 			page 147


1219:Drivers/STM32H7xx_HAL_Driver/Src/stm32h7xx_hal_dma.c ****   {
 4939              		.loc 1 1219 6 discriminator 22 view .LVU1554
 4940 0070 1832     		adds	r2, r2, #24
 4941 0072 9342     		cmp	r3, r2
 4942 0074 3FD0     		beq	.L244
1219:Drivers/STM32H7xx_HAL_Driver/Src/stm32h7xx_hal_dma.c ****   {
 4943              		.loc 1 1219 6 discriminator 24 view .LVU1555
 4944 0076 1832     		adds	r2, r2, #24
 4945 0078 9342     		cmp	r3, r2
 4946 007a 3CD0     		beq	.L244
1219:Drivers/STM32H7xx_HAL_Driver/Src/stm32h7xx_hal_dma.c ****   {
 4947              		.loc 1 1219 6 discriminator 26 view .LVU1556
 4948 007c 1832     		adds	r2, r2, #24
 4949 007e 9342     		cmp	r3, r2
 4950 0080 39D0     		beq	.L244
1219:Drivers/STM32H7xx_HAL_Driver/Src/stm32h7xx_hal_dma.c ****   {
 4951              		.loc 1 1219 6 discriminator 28 view .LVU1557
 4952 0082 1832     		adds	r2, r2, #24
 4953 0084 9342     		cmp	r3, r2
 4954 0086 36D0     		beq	.L244
1428:Drivers/STM32H7xx_HAL_Driver/Src/stm32h7xx_hal_dma.c ****   {
 4955              		.loc 1 1428 8 is_stmt 1 view .LVU1558
1428:Drivers/STM32H7xx_HAL_Driver/Src/stm32h7xx_hal_dma.c ****   {
 4956              		.loc 1 1428 11 is_stmt 0 view .LVU1559
 4957 0088 6249     		ldr	r1, .L303+20
 4958 008a 634A     		ldr	r2, .L303+24
 4959 008c 9342     		cmp	r3, r2
 4960 008e 18BF     		it	ne
 4961 0090 8B42     		cmpne	r3, r1
 4962 0092 12D0     		beq	.L245
1428:Drivers/STM32H7xx_HAL_Driver/Src/stm32h7xx_hal_dma.c ****   {
 4963              		.loc 1 1428 11 discriminator 2 view .LVU1560
 4964 0094 614A     		ldr	r2, .L303+28
 4965 0096 9342     		cmp	r3, r2
 4966 0098 0FD0     		beq	.L245
1428:Drivers/STM32H7xx_HAL_Driver/Src/stm32h7xx_hal_dma.c ****   {
 4967              		.loc 1 1428 11 discriminator 4 view .LVU1561
 4968 009a 1432     		adds	r2, r2, #20
 4969 009c 9342     		cmp	r3, r2
 4970 009e 0CD0     		beq	.L245
1428:Drivers/STM32H7xx_HAL_Driver/Src/stm32h7xx_hal_dma.c ****   {
 4971              		.loc 1 1428 11 discriminator 6 view .LVU1562
 4972 00a0 1432     		adds	r2, r2, #20
 4973 00a2 9342     		cmp	r3, r2
 4974 00a4 09D0     		beq	.L245
1428:Drivers/STM32H7xx_HAL_Driver/Src/stm32h7xx_hal_dma.c ****   {
 4975              		.loc 1 1428 11 discriminator 8 view .LVU1563
 4976 00a6 1432     		adds	r2, r2, #20
 4977 00a8 9342     		cmp	r3, r2
 4978 00aa 06D0     		beq	.L245
1428:Drivers/STM32H7xx_HAL_Driver/Src/stm32h7xx_hal_dma.c ****   {
 4979              		.loc 1 1428 11 discriminator 10 view .LVU1564
 4980 00ac 1432     		adds	r2, r2, #20
 4981 00ae 9342     		cmp	r3, r2
 4982 00b0 03D0     		beq	.L245
1428:Drivers/STM32H7xx_HAL_Driver/Src/stm32h7xx_hal_dma.c ****   {
 4983              		.loc 1 1428 11 discriminator 12 view .LVU1565
ARM GAS  /tmp/ccMjPS5V.s 			page 148


 4984 00b2 1432     		adds	r2, r2, #20
 4985 00b4 9342     		cmp	r3, r2
 4986 00b6 40F06182 		bne	.L243
 4987              	.L245:
1430:Drivers/STM32H7xx_HAL_Driver/Src/stm32h7xx_hal_dma.c **** 
 4988              		.loc 1 1430 5 is_stmt 1 view .LVU1566
1430:Drivers/STM32H7xx_HAL_Driver/Src/stm32h7xx_hal_dma.c **** 
 4989              		.loc 1 1430 13 is_stmt 0 view .LVU1567
 4990 00ba 1A68     		ldr	r2, [r3]
 4991              	.LVL191:
1433:Drivers/STM32H7xx_HAL_Driver/Src/stm32h7xx_hal_dma.c ****     {
 4992              		.loc 1 1433 5 is_stmt 1 view .LVU1568
1433:Drivers/STM32H7xx_HAL_Driver/Src/stm32h7xx_hal_dma.c ****     {
 4993              		.loc 1 1433 48 is_stmt 0 view .LVU1569
 4994 00bc E16D     		ldr	r1, [r4, #92]
1433:Drivers/STM32H7xx_HAL_Driver/Src/stm32h7xx_hal_dma.c ****     {
 4995              		.loc 1 1433 62 view .LVU1570
 4996 00be 01F01F01 		and	r1, r1, #31
1433:Drivers/STM32H7xx_HAL_Driver/Src/stm32h7xx_hal_dma.c ****     {
 4997              		.loc 1 1433 40 view .LVU1571
 4998 00c2 0420     		movs	r0, #4
 4999 00c4 8840     		lsls	r0, r0, r1
1433:Drivers/STM32H7xx_HAL_Driver/Src/stm32h7xx_hal_dma.c ****     {
 5000              		.loc 1 1433 8 view .LVU1572
 5001 00c6 10EA0C0F 		tst	r0, ip
 5002 00ca 00F0A782 		beq	.L286
1433:Drivers/STM32H7xx_HAL_Driver/Src/stm32h7xx_hal_dma.c ****     {
 5003              		.loc 1 1433 80 discriminator 1 view .LVU1573
 5004 00ce 12F0040F 		tst	r2, #4
 5005 00d2 00F0A382 		beq	.L286
1436:Drivers/STM32H7xx_HAL_Driver/Src/stm32h7xx_hal_dma.c **** 
 5006              		.loc 1 1436 7 is_stmt 1 view .LVU1574
1436:Drivers/STM32H7xx_HAL_Driver/Src/stm32h7xx_hal_dma.c **** 
 5007              		.loc 1 1436 23 is_stmt 0 view .LVU1575
 5008 00d6 7860     		str	r0, [r7, #4]
1439:Drivers/STM32H7xx_HAL_Driver/Src/stm32h7xx_hal_dma.c ****       {
 5009              		.loc 1 1439 7 is_stmt 1 view .LVU1576
1439:Drivers/STM32H7xx_HAL_Driver/Src/stm32h7xx_hal_dma.c ****       {
 5010              		.loc 1 1439 9 is_stmt 0 view .LVU1577
 5011 00d8 12F4004F 		tst	r2, #32768
 5012 00dc 00F05A82 		beq	.L287
1442:Drivers/STM32H7xx_HAL_Driver/Src/stm32h7xx_hal_dma.c ****         {
 5013              		.loc 1 1442 9 is_stmt 1 view .LVU1578
1442:Drivers/STM32H7xx_HAL_Driver/Src/stm32h7xx_hal_dma.c ****         {
 5014              		.loc 1 1442 11 is_stmt 0 view .LVU1579
 5015 00e0 12F4803F 		tst	r2, #65536
 5016 00e4 00F05082 		beq	.L288
1444:Drivers/STM32H7xx_HAL_Driver/Src/stm32h7xx_hal_dma.c ****           {
 5017              		.loc 1 1444 11 is_stmt 1 view .LVU1580
1444:Drivers/STM32H7xx_HAL_Driver/Src/stm32h7xx_hal_dma.c ****           {
 5018              		.loc 1 1444 18 is_stmt 0 view .LVU1581
 5019 00e8 A36C     		ldr	r3, [r4, #72]
1444:Drivers/STM32H7xx_HAL_Driver/Src/stm32h7xx_hal_dma.c ****           {
 5020              		.loc 1 1444 13 view .LVU1582
 5021 00ea 002B     		cmp	r3, #0
 5022 00ec 00F04682 		beq	.L243
1447:Drivers/STM32H7xx_HAL_Driver/Src/stm32h7xx_hal_dma.c ****           }
ARM GAS  /tmp/ccMjPS5V.s 			page 149


 5023              		.loc 1 1447 13 is_stmt 1 view .LVU1583
 5024 00f0 2046     		mov	r0, r4
 5025 00f2 9847     		blx	r3
 5026              	.LVL192:
1447:Drivers/STM32H7xx_HAL_Driver/Src/stm32h7xx_hal_dma.c ****           }
 5027              		.loc 1 1447 13 is_stmt 0 view .LVU1584
 5028 00f4 42E2     		b	.L243
 5029              	.LVL193:
 5030              	.L244:
1222:Drivers/STM32H7xx_HAL_Driver/Src/stm32h7xx_hal_dma.c ****     {
 5031              		.loc 1 1222 5 is_stmt 1 view .LVU1585
1222:Drivers/STM32H7xx_HAL_Driver/Src/stm32h7xx_hal_dma.c ****     {
 5032              		.loc 1 1222 49 is_stmt 0 view .LVU1586
 5033 00f6 E26D     		ldr	r2, [r4, #92]
1222:Drivers/STM32H7xx_HAL_Driver/Src/stm32h7xx_hal_dma.c ****     {
 5034              		.loc 1 1222 63 view .LVU1587
 5035 00f8 02F01F01 		and	r1, r2, #31
1222:Drivers/STM32H7xx_HAL_Driver/Src/stm32h7xx_hal_dma.c ****     {
 5036              		.loc 1 1222 41 view .LVU1588
 5037 00fc 0822     		movs	r2, #8
 5038 00fe 8A40     		lsls	r2, r2, r1
1222:Drivers/STM32H7xx_HAL_Driver/Src/stm32h7xx_hal_dma.c ****     {
 5039              		.loc 1 1222 8 view .LVU1589
 5040 0100 3242     		tst	r2, r6
 5041 0102 41D0     		beq	.L247
1224:Drivers/STM32H7xx_HAL_Driver/Src/stm32h7xx_hal_dma.c ****       {
 5042              		.loc 1 1224 7 is_stmt 1 view .LVU1590
1224:Drivers/STM32H7xx_HAL_Driver/Src/stm32h7xx_hal_dma.c ****       {
 5043              		.loc 1 1224 51 is_stmt 0 view .LVU1591
 5044 0104 70BB     		cbnz	r0, .L248
1224:Drivers/STM32H7xx_HAL_Driver/Src/stm32h7xx_hal_dma.c ****       {
 5045              		.loc 1 1224 10 discriminator 2 view .LVU1592
 5046 0106 424A     		ldr	r2, .L303+16
 5047 0108 9342     		cmp	r3, r2
 5048 010a 2BD0     		beq	.L248
1224:Drivers/STM32H7xx_HAL_Driver/Src/stm32h7xx_hal_dma.c ****       {
 5049              		.loc 1 1224 10 discriminator 4 view .LVU1593
 5050 010c 1832     		adds	r2, r2, #24
 5051 010e 9342     		cmp	r3, r2
 5052 0110 28D0     		beq	.L248
1224:Drivers/STM32H7xx_HAL_Driver/Src/stm32h7xx_hal_dma.c ****       {
 5053              		.loc 1 1224 10 discriminator 6 view .LVU1594
 5054 0112 1832     		adds	r2, r2, #24
 5055 0114 9342     		cmp	r3, r2
 5056 0116 25D0     		beq	.L248
1224:Drivers/STM32H7xx_HAL_Driver/Src/stm32h7xx_hal_dma.c ****       {
 5057              		.loc 1 1224 10 discriminator 8 view .LVU1595
 5058 0118 1832     		adds	r2, r2, #24
 5059 011a 9342     		cmp	r3, r2
 5060 011c 22D0     		beq	.L248
1224:Drivers/STM32H7xx_HAL_Driver/Src/stm32h7xx_hal_dma.c ****       {
 5061              		.loc 1 1224 10 discriminator 10 view .LVU1596
 5062 011e 1832     		adds	r2, r2, #24
 5063 0120 9342     		cmp	r3, r2
 5064 0122 1FD0     		beq	.L248
1224:Drivers/STM32H7xx_HAL_Driver/Src/stm32h7xx_hal_dma.c ****       {
 5065              		.loc 1 1224 10 discriminator 12 view .LVU1597
ARM GAS  /tmp/ccMjPS5V.s 			page 150


 5066 0124 1832     		adds	r2, r2, #24
 5067 0126 9342     		cmp	r3, r2
 5068 0128 1CD0     		beq	.L248
1224:Drivers/STM32H7xx_HAL_Driver/Src/stm32h7xx_hal_dma.c ****       {
 5069              		.loc 1 1224 10 discriminator 14 view .LVU1598
 5070 012a 02F55672 		add	r2, r2, #856
 5071 012e 9342     		cmp	r3, r2
 5072 0130 18D0     		beq	.L248
1224:Drivers/STM32H7xx_HAL_Driver/Src/stm32h7xx_hal_dma.c ****       {
 5073              		.loc 1 1224 10 discriminator 16 view .LVU1599
 5074 0132 1832     		adds	r2, r2, #24
 5075 0134 9342     		cmp	r3, r2
 5076 0136 15D0     		beq	.L248
1224:Drivers/STM32H7xx_HAL_Driver/Src/stm32h7xx_hal_dma.c ****       {
 5077              		.loc 1 1224 10 discriminator 18 view .LVU1600
 5078 0138 1832     		adds	r2, r2, #24
 5079 013a 9342     		cmp	r3, r2
 5080 013c 12D0     		beq	.L248
1224:Drivers/STM32H7xx_HAL_Driver/Src/stm32h7xx_hal_dma.c ****       {
 5081              		.loc 1 1224 10 discriminator 20 view .LVU1601
 5082 013e 1832     		adds	r2, r2, #24
 5083 0140 9342     		cmp	r3, r2
 5084 0142 0FD0     		beq	.L248
1224:Drivers/STM32H7xx_HAL_Driver/Src/stm32h7xx_hal_dma.c ****       {
 5085              		.loc 1 1224 10 discriminator 22 view .LVU1602
 5086 0144 1832     		adds	r2, r2, #24
 5087 0146 9342     		cmp	r3, r2
 5088 0148 0CD0     		beq	.L248
1224:Drivers/STM32H7xx_HAL_Driver/Src/stm32h7xx_hal_dma.c ****       {
 5089              		.loc 1 1224 10 discriminator 24 view .LVU1603
 5090 014a 1832     		adds	r2, r2, #24
 5091 014c 9342     		cmp	r3, r2
 5092 014e 09D0     		beq	.L248
1224:Drivers/STM32H7xx_HAL_Driver/Src/stm32h7xx_hal_dma.c ****       {
 5093              		.loc 1 1224 10 discriminator 26 view .LVU1604
 5094 0150 1832     		adds	r2, r2, #24
 5095 0152 9342     		cmp	r3, r2
 5096 0154 06D0     		beq	.L248
1224:Drivers/STM32H7xx_HAL_Driver/Src/stm32h7xx_hal_dma.c ****       {
 5097              		.loc 1 1224 10 discriminator 28 view .LVU1605
 5098 0156 1832     		adds	r2, r2, #24
 5099 0158 9342     		cmp	r3, r2
 5100 015a 03D0     		beq	.L248
1224:Drivers/STM32H7xx_HAL_Driver/Src/stm32h7xx_hal_dma.c ****       {
 5101              		.loc 1 1224 10 discriminator 30 view .LVU1606
 5102 015c 1A68     		ldr	r2, [r3]
1224:Drivers/STM32H7xx_HAL_Driver/Src/stm32h7xx_hal_dma.c ****       {
 5103              		.loc 1 1224 51 discriminator 30 view .LVU1607
 5104 015e C2F3C002 		ubfx	r2, r2, #3, #1
 5105 0162 02E0     		b	.L250
 5106              	.L248:
1224:Drivers/STM32H7xx_HAL_Driver/Src/stm32h7xx_hal_dma.c ****       {
 5107              		.loc 1 1224 10 discriminator 29 view .LVU1608
 5108 0164 1A68     		ldr	r2, [r3]
1224:Drivers/STM32H7xx_HAL_Driver/Src/stm32h7xx_hal_dma.c ****       {
 5109              		.loc 1 1224 51 discriminator 29 view .LVU1609
 5110 0166 C2F38002 		ubfx	r2, r2, #2, #1
ARM GAS  /tmp/ccMjPS5V.s 			page 151


 5111              	.L250:
1224:Drivers/STM32H7xx_HAL_Driver/Src/stm32h7xx_hal_dma.c ****       {
 5112              		.loc 1 1224 9 discriminator 32 view .LVU1610
 5113 016a 6AB1     		cbz	r2, .L247
1227:Drivers/STM32H7xx_HAL_Driver/Src/stm32h7xx_hal_dma.c **** 
 5114              		.loc 1 1227 9 is_stmt 1 view .LVU1611
1227:Drivers/STM32H7xx_HAL_Driver/Src/stm32h7xx_hal_dma.c **** 
 5115              		.loc 1 1227 49 is_stmt 0 view .LVU1612
 5116 016c 1A68     		ldr	r2, [r3]
1227:Drivers/STM32H7xx_HAL_Driver/Src/stm32h7xx_hal_dma.c **** 
 5117              		.loc 1 1227 55 view .LVU1613
 5118 016e 22F00402 		bic	r2, r2, #4
 5119 0172 1A60     		str	r2, [r3]
1230:Drivers/STM32H7xx_HAL_Driver/Src/stm32h7xx_hal_dma.c **** 
 5120              		.loc 1 1230 9 is_stmt 1 view .LVU1614
1230:Drivers/STM32H7xx_HAL_Driver/Src/stm32h7xx_hal_dma.c **** 
 5121              		.loc 1 1230 51 is_stmt 0 view .LVU1615
 5122 0174 E36D     		ldr	r3, [r4, #92]
1230:Drivers/STM32H7xx_HAL_Driver/Src/stm32h7xx_hal_dma.c **** 
 5123              		.loc 1 1230 65 view .LVU1616
 5124 0176 03F01F02 		and	r2, r3, #31
1230:Drivers/STM32H7xx_HAL_Driver/Src/stm32h7xx_hal_dma.c **** 
 5125              		.loc 1 1230 43 view .LVU1617
 5126 017a 0823     		movs	r3, #8
 5127 017c 9340     		lsls	r3, r3, r2
1230:Drivers/STM32H7xx_HAL_Driver/Src/stm32h7xx_hal_dma.c **** 
 5128              		.loc 1 1230 24 view .LVU1618
 5129 017e BB60     		str	r3, [r7, #8]
1233:Drivers/STM32H7xx_HAL_Driver/Src/stm32h7xx_hal_dma.c ****       }
 5130              		.loc 1 1233 9 is_stmt 1 view .LVU1619
1233:Drivers/STM32H7xx_HAL_Driver/Src/stm32h7xx_hal_dma.c ****       }
 5131              		.loc 1 1233 13 is_stmt 0 view .LVU1620
 5132 0180 636D     		ldr	r3, [r4, #84]
1233:Drivers/STM32H7xx_HAL_Driver/Src/stm32h7xx_hal_dma.c ****       }
 5133              		.loc 1 1233 25 view .LVU1621
 5134 0182 43F00103 		orr	r3, r3, #1
 5135 0186 6365     		str	r3, [r4, #84]
 5136              	.L247:
1237:Drivers/STM32H7xx_HAL_Driver/Src/stm32h7xx_hal_dma.c ****     {
 5137              		.loc 1 1237 5 is_stmt 1 view .LVU1622
1237:Drivers/STM32H7xx_HAL_Driver/Src/stm32h7xx_hal_dma.c ****     {
 5138              		.loc 1 1237 49 is_stmt 0 view .LVU1623
 5139 0188 E26D     		ldr	r2, [r4, #92]
1237:Drivers/STM32H7xx_HAL_Driver/Src/stm32h7xx_hal_dma.c ****     {
 5140              		.loc 1 1237 63 view .LVU1624
 5141 018a 02F01F02 		and	r2, r2, #31
1237:Drivers/STM32H7xx_HAL_Driver/Src/stm32h7xx_hal_dma.c ****     {
 5142              		.loc 1 1237 74 view .LVU1625
 5143 018e 26FA02F3 		lsr	r3, r6, r2
1237:Drivers/STM32H7xx_HAL_Driver/Src/stm32h7xx_hal_dma.c ****     {
 5144              		.loc 1 1237 8 view .LVU1626
 5145 0192 13F0010F 		tst	r3, #1
 5146 0196 47D0     		beq	.L251
1239:Drivers/STM32H7xx_HAL_Driver/Src/stm32h7xx_hal_dma.c ****       {
 5147              		.loc 1 1239 7 is_stmt 1 view .LVU1627
1239:Drivers/STM32H7xx_HAL_Driver/Src/stm32h7xx_hal_dma.c ****       {
 5148              		.loc 1 1239 10 is_stmt 0 view .LVU1628
ARM GAS  /tmp/ccMjPS5V.s 			page 152


 5149 0198 2368     		ldr	r3, [r4]
1239:Drivers/STM32H7xx_HAL_Driver/Src/stm32h7xx_hal_dma.c ****       {
 5150              		.loc 1 1239 51 view .LVU1629
 5151 019a 1B48     		ldr	r0, .L303+8
 5152 019c 1B49     		ldr	r1, .L303+12
 5153 019e 8B42     		cmp	r3, r1
 5154 01a0 18BF     		it	ne
 5155 01a2 8342     		cmpne	r3, r0
 5156 01a4 3CD0     		beq	.L252
1239:Drivers/STM32H7xx_HAL_Driver/Src/stm32h7xx_hal_dma.c ****       {
 5157              		.loc 1 1239 10 discriminator 2 view .LVU1630
 5158 01a6 1831     		adds	r1, r1, #24
 5159 01a8 8B42     		cmp	r3, r1
 5160 01aa 39D0     		beq	.L252
1239:Drivers/STM32H7xx_HAL_Driver/Src/stm32h7xx_hal_dma.c ****       {
 5161              		.loc 1 1239 10 discriminator 4 view .LVU1631
 5162 01ac 1831     		adds	r1, r1, #24
 5163 01ae 8B42     		cmp	r3, r1
 5164 01b0 36D0     		beq	.L252
1239:Drivers/STM32H7xx_HAL_Driver/Src/stm32h7xx_hal_dma.c ****       {
 5165              		.loc 1 1239 10 discriminator 6 view .LVU1632
 5166 01b2 1831     		adds	r1, r1, #24
 5167 01b4 8B42     		cmp	r3, r1
 5168 01b6 33D0     		beq	.L252
1239:Drivers/STM32H7xx_HAL_Driver/Src/stm32h7xx_hal_dma.c ****       {
 5169              		.loc 1 1239 10 discriminator 8 view .LVU1633
 5170 01b8 1831     		adds	r1, r1, #24
 5171 01ba 8B42     		cmp	r3, r1
 5172 01bc 30D0     		beq	.L252
1239:Drivers/STM32H7xx_HAL_Driver/Src/stm32h7xx_hal_dma.c ****       {
 5173              		.loc 1 1239 10 discriminator 10 view .LVU1634
 5174 01be 1831     		adds	r1, r1, #24
 5175 01c0 8B42     		cmp	r3, r1
 5176 01c2 2DD0     		beq	.L252
1239:Drivers/STM32H7xx_HAL_Driver/Src/stm32h7xx_hal_dma.c ****       {
 5177              		.loc 1 1239 10 discriminator 12 view .LVU1635
 5178 01c4 1831     		adds	r1, r1, #24
 5179 01c6 8B42     		cmp	r3, r1
 5180 01c8 2AD0     		beq	.L252
1239:Drivers/STM32H7xx_HAL_Driver/Src/stm32h7xx_hal_dma.c ****       {
 5181              		.loc 1 1239 10 discriminator 14 view .LVU1636
 5182 01ca 01F55671 		add	r1, r1, #856
 5183 01ce 8B42     		cmp	r3, r1
 5184 01d0 26D0     		beq	.L252
1239:Drivers/STM32H7xx_HAL_Driver/Src/stm32h7xx_hal_dma.c ****       {
 5185              		.loc 1 1239 10 discriminator 16 view .LVU1637
 5186 01d2 1831     		adds	r1, r1, #24
 5187 01d4 8B42     		cmp	r3, r1
 5188 01d6 23D0     		beq	.L252
1239:Drivers/STM32H7xx_HAL_Driver/Src/stm32h7xx_hal_dma.c ****       {
 5189              		.loc 1 1239 10 discriminator 18 view .LVU1638
 5190 01d8 1831     		adds	r1, r1, #24
 5191 01da 8B42     		cmp	r3, r1
 5192 01dc 20D0     		beq	.L252
1239:Drivers/STM32H7xx_HAL_Driver/Src/stm32h7xx_hal_dma.c ****       {
 5193              		.loc 1 1239 10 discriminator 20 view .LVU1639
 5194 01de 1831     		adds	r1, r1, #24
ARM GAS  /tmp/ccMjPS5V.s 			page 153


 5195 01e0 8B42     		cmp	r3, r1
 5196 01e2 1DD0     		beq	.L252
1239:Drivers/STM32H7xx_HAL_Driver/Src/stm32h7xx_hal_dma.c ****       {
 5197              		.loc 1 1239 10 discriminator 22 view .LVU1640
 5198 01e4 1831     		adds	r1, r1, #24
 5199 01e6 8B42     		cmp	r3, r1
 5200 01e8 1AD0     		beq	.L252
1239:Drivers/STM32H7xx_HAL_Driver/Src/stm32h7xx_hal_dma.c ****       {
 5201              		.loc 1 1239 10 discriminator 24 view .LVU1641
 5202 01ea 1831     		adds	r1, r1, #24
 5203 01ec 8B42     		cmp	r3, r1
 5204 01ee 17D0     		beq	.L252
1239:Drivers/STM32H7xx_HAL_Driver/Src/stm32h7xx_hal_dma.c ****       {
 5205              		.loc 1 1239 10 discriminator 26 view .LVU1642
 5206 01f0 1831     		adds	r1, r1, #24
 5207 01f2 8B42     		cmp	r3, r1
 5208 01f4 14D0     		beq	.L252
1239:Drivers/STM32H7xx_HAL_Driver/Src/stm32h7xx_hal_dma.c ****       {
 5209              		.loc 1 1239 10 discriminator 28 view .LVU1643
 5210 01f6 1831     		adds	r1, r1, #24
 5211 01f8 8B42     		cmp	r3, r1
 5212 01fa 11D0     		beq	.L252
1239:Drivers/STM32H7xx_HAL_Driver/Src/stm32h7xx_hal_dma.c ****       {
 5213              		.loc 1 1239 10 discriminator 30 view .LVU1644
 5214 01fc 1B68     		ldr	r3, [r3]
 5215 01fe 13E0     		b	.L251
 5216              	.L304:
 5217              		.align	2
 5218              	.L303:
 5219 0200 00000000 		.word	SystemCoreClock
 5220 0204 B5814E1B 		.word	458129845
 5221 0208 10000240 		.word	1073872912
 5222 020c 28000240 		.word	1073872936
 5223 0210 40000240 		.word	1073872960
 5224 0214 08540258 		.word	1476547592
 5225 0218 1C540258 		.word	1476547612
 5226 021c 30540258 		.word	1476547632
 5227              	.L252:
1239:Drivers/STM32H7xx_HAL_Driver/Src/stm32h7xx_hal_dma.c ****       {
 5228              		.loc 1 1239 10 discriminator 29 view .LVU1645
 5229 0220 5B69     		ldr	r3, [r3, #20]
1239:Drivers/STM32H7xx_HAL_Driver/Src/stm32h7xx_hal_dma.c ****       {
 5230              		.loc 1 1239 9 discriminator 32 view .LVU1646
 5231 0222 13F0800F 		tst	r3, #128
 5232 0226 3BD1     		bne	.L254
 5233              	.L251:
1249:Drivers/STM32H7xx_HAL_Driver/Src/stm32h7xx_hal_dma.c ****     {
 5234              		.loc 1 1249 5 is_stmt 1 view .LVU1647
1249:Drivers/STM32H7xx_HAL_Driver/Src/stm32h7xx_hal_dma.c ****     {
 5235              		.loc 1 1249 50 is_stmt 0 view .LVU1648
 5236 0228 E36D     		ldr	r3, [r4, #92]
1249:Drivers/STM32H7xx_HAL_Driver/Src/stm32h7xx_hal_dma.c ****     {
 5237              		.loc 1 1249 64 view .LVU1649
 5238 022a 03F01F03 		and	r3, r3, #31
1249:Drivers/STM32H7xx_HAL_Driver/Src/stm32h7xx_hal_dma.c ****     {
 5239              		.loc 1 1249 42 view .LVU1650
 5240 022e 0422     		movs	r2, #4
ARM GAS  /tmp/ccMjPS5V.s 			page 154


 5241 0230 02FA03F3 		lsl	r3, r2, r3
1249:Drivers/STM32H7xx_HAL_Driver/Src/stm32h7xx_hal_dma.c ****     {
 5242              		.loc 1 1249 8 view .LVU1651
 5243 0234 3342     		tst	r3, r6
 5244 0236 3FD0     		beq	.L255
1251:Drivers/STM32H7xx_HAL_Driver/Src/stm32h7xx_hal_dma.c ****       {
 5245              		.loc 1 1251 7 is_stmt 1 view .LVU1652
1251:Drivers/STM32H7xx_HAL_Driver/Src/stm32h7xx_hal_dma.c ****       {
 5246              		.loc 1 1251 10 is_stmt 0 view .LVU1653
 5247 0238 2268     		ldr	r2, [r4]
1251:Drivers/STM32H7xx_HAL_Driver/Src/stm32h7xx_hal_dma.c ****       {
 5248              		.loc 1 1251 52 view .LVU1654
 5249 023a 9648     		ldr	r0, .L305
 5250 023c 9649     		ldr	r1, .L305+4
 5251 023e 8A42     		cmp	r2, r1
 5252 0240 18BF     		it	ne
 5253 0242 8242     		cmpne	r2, r0
 5254 0244 34D0     		beq	.L256
1251:Drivers/STM32H7xx_HAL_Driver/Src/stm32h7xx_hal_dma.c ****       {
 5255              		.loc 1 1251 10 discriminator 2 view .LVU1655
 5256 0246 1831     		adds	r1, r1, #24
 5257 0248 8A42     		cmp	r2, r1
 5258 024a 31D0     		beq	.L256
1251:Drivers/STM32H7xx_HAL_Driver/Src/stm32h7xx_hal_dma.c ****       {
 5259              		.loc 1 1251 10 discriminator 4 view .LVU1656
 5260 024c 1831     		adds	r1, r1, #24
 5261 024e 8A42     		cmp	r2, r1
 5262 0250 2ED0     		beq	.L256
1251:Drivers/STM32H7xx_HAL_Driver/Src/stm32h7xx_hal_dma.c ****       {
 5263              		.loc 1 1251 10 discriminator 6 view .LVU1657
 5264 0252 1831     		adds	r1, r1, #24
 5265 0254 8A42     		cmp	r2, r1
 5266 0256 2BD0     		beq	.L256
1251:Drivers/STM32H7xx_HAL_Driver/Src/stm32h7xx_hal_dma.c ****       {
 5267              		.loc 1 1251 10 discriminator 8 view .LVU1658
 5268 0258 1831     		adds	r1, r1, #24
 5269 025a 8A42     		cmp	r2, r1
 5270 025c 28D0     		beq	.L256
1251:Drivers/STM32H7xx_HAL_Driver/Src/stm32h7xx_hal_dma.c ****       {
 5271              		.loc 1 1251 10 discriminator 10 view .LVU1659
 5272 025e 1831     		adds	r1, r1, #24
 5273 0260 8A42     		cmp	r2, r1
 5274 0262 25D0     		beq	.L256
1251:Drivers/STM32H7xx_HAL_Driver/Src/stm32h7xx_hal_dma.c ****       {
 5275              		.loc 1 1251 10 discriminator 12 view .LVU1660
 5276 0264 1831     		adds	r1, r1, #24
 5277 0266 8A42     		cmp	r2, r1
 5278 0268 22D0     		beq	.L256
1251:Drivers/STM32H7xx_HAL_Driver/Src/stm32h7xx_hal_dma.c ****       {
 5279              		.loc 1 1251 10 discriminator 14 view .LVU1661
 5280 026a 01F55671 		add	r1, r1, #856
 5281 026e 8A42     		cmp	r2, r1
 5282 0270 1ED0     		beq	.L256
1251:Drivers/STM32H7xx_HAL_Driver/Src/stm32h7xx_hal_dma.c ****       {
 5283              		.loc 1 1251 10 discriminator 16 view .LVU1662
 5284 0272 1831     		adds	r1, r1, #24
 5285 0274 8A42     		cmp	r2, r1
ARM GAS  /tmp/ccMjPS5V.s 			page 155


 5286 0276 1BD0     		beq	.L256
1251:Drivers/STM32H7xx_HAL_Driver/Src/stm32h7xx_hal_dma.c ****       {
 5287              		.loc 1 1251 10 discriminator 18 view .LVU1663
 5288 0278 1831     		adds	r1, r1, #24
 5289 027a 8A42     		cmp	r2, r1
 5290 027c 18D0     		beq	.L256
1251:Drivers/STM32H7xx_HAL_Driver/Src/stm32h7xx_hal_dma.c ****       {
 5291              		.loc 1 1251 10 discriminator 20 view .LVU1664
 5292 027e 1831     		adds	r1, r1, #24
 5293 0280 8A42     		cmp	r2, r1
 5294 0282 15D0     		beq	.L256
1251:Drivers/STM32H7xx_HAL_Driver/Src/stm32h7xx_hal_dma.c ****       {
 5295              		.loc 1 1251 10 discriminator 22 view .LVU1665
 5296 0284 1831     		adds	r1, r1, #24
 5297 0286 8A42     		cmp	r2, r1
 5298 0288 12D0     		beq	.L256
1251:Drivers/STM32H7xx_HAL_Driver/Src/stm32h7xx_hal_dma.c ****       {
 5299              		.loc 1 1251 10 discriminator 24 view .LVU1666
 5300 028a 1831     		adds	r1, r1, #24
 5301 028c 8A42     		cmp	r2, r1
 5302 028e 0FD0     		beq	.L256
1251:Drivers/STM32H7xx_HAL_Driver/Src/stm32h7xx_hal_dma.c ****       {
 5303              		.loc 1 1251 10 discriminator 26 view .LVU1667
 5304 0290 1831     		adds	r1, r1, #24
 5305 0292 8A42     		cmp	r2, r1
 5306 0294 0CD0     		beq	.L256
1251:Drivers/STM32H7xx_HAL_Driver/Src/stm32h7xx_hal_dma.c ****       {
 5307              		.loc 1 1251 10 discriminator 28 view .LVU1668
 5308 0296 1831     		adds	r1, r1, #24
 5309 0298 8A42     		cmp	r2, r1
 5310 029a 09D0     		beq	.L256
1251:Drivers/STM32H7xx_HAL_Driver/Src/stm32h7xx_hal_dma.c ****       {
 5311              		.loc 1 1251 10 discriminator 30 view .LVU1669
 5312 029c 1368     		ldr	r3, [r2]
 5313 029e 0BE0     		b	.L255
 5314              	.L254:
1242:Drivers/STM32H7xx_HAL_Driver/Src/stm32h7xx_hal_dma.c **** 
 5315              		.loc 1 1242 9 is_stmt 1 view .LVU1670
1242:Drivers/STM32H7xx_HAL_Driver/Src/stm32h7xx_hal_dma.c **** 
 5316              		.loc 1 1242 43 is_stmt 0 view .LVU1671
 5317 02a0 0123     		movs	r3, #1
 5318 02a2 9340     		lsls	r3, r3, r2
1242:Drivers/STM32H7xx_HAL_Driver/Src/stm32h7xx_hal_dma.c **** 
 5319              		.loc 1 1242 24 view .LVU1672
 5320 02a4 BB60     		str	r3, [r7, #8]
1245:Drivers/STM32H7xx_HAL_Driver/Src/stm32h7xx_hal_dma.c ****       }
 5321              		.loc 1 1245 9 is_stmt 1 view .LVU1673
1245:Drivers/STM32H7xx_HAL_Driver/Src/stm32h7xx_hal_dma.c ****       }
 5322              		.loc 1 1245 13 is_stmt 0 view .LVU1674
 5323 02a6 636D     		ldr	r3, [r4, #84]
1245:Drivers/STM32H7xx_HAL_Driver/Src/stm32h7xx_hal_dma.c ****       }
 5324              		.loc 1 1245 25 view .LVU1675
 5325 02a8 43F00203 		orr	r3, r3, #2
 5326 02ac 6365     		str	r3, [r4, #84]
 5327 02ae BBE7     		b	.L251
 5328              	.L256:
1251:Drivers/STM32H7xx_HAL_Driver/Src/stm32h7xx_hal_dma.c ****       {
ARM GAS  /tmp/ccMjPS5V.s 			page 156


 5329              		.loc 1 1251 10 discriminator 29 view .LVU1676
 5330 02b0 1268     		ldr	r2, [r2]
1251:Drivers/STM32H7xx_HAL_Driver/Src/stm32h7xx_hal_dma.c ****       {
 5331              		.loc 1 1251 9 discriminator 32 view .LVU1677
 5332 02b2 12F0020F 		tst	r2, #2
 5333 02b6 3DD1     		bne	.L258
 5334              	.L255:
1261:Drivers/STM32H7xx_HAL_Driver/Src/stm32h7xx_hal_dma.c ****     {
 5335              		.loc 1 1261 5 is_stmt 1 view .LVU1678
1261:Drivers/STM32H7xx_HAL_Driver/Src/stm32h7xx_hal_dma.c ****     {
 5336              		.loc 1 1261 49 is_stmt 0 view .LVU1679
 5337 02b8 E36D     		ldr	r3, [r4, #92]
1261:Drivers/STM32H7xx_HAL_Driver/Src/stm32h7xx_hal_dma.c ****     {
 5338              		.loc 1 1261 63 view .LVU1680
 5339 02ba 03F01F03 		and	r3, r3, #31
1261:Drivers/STM32H7xx_HAL_Driver/Src/stm32h7xx_hal_dma.c ****     {
 5340              		.loc 1 1261 41 view .LVU1681
 5341 02be 1022     		movs	r2, #16
 5342 02c0 02FA03F3 		lsl	r3, r2, r3
1261:Drivers/STM32H7xx_HAL_Driver/Src/stm32h7xx_hal_dma.c ****     {
 5343              		.loc 1 1261 8 view .LVU1682
 5344 02c4 3342     		tst	r3, r6
 5345 02c6 5FD0     		beq	.L259
1263:Drivers/STM32H7xx_HAL_Driver/Src/stm32h7xx_hal_dma.c ****       {
 5346              		.loc 1 1263 7 is_stmt 1 view .LVU1683
1263:Drivers/STM32H7xx_HAL_Driver/Src/stm32h7xx_hal_dma.c ****       {
 5347              		.loc 1 1263 10 is_stmt 0 view .LVU1684
 5348 02c8 2268     		ldr	r2, [r4]
1263:Drivers/STM32H7xx_HAL_Driver/Src/stm32h7xx_hal_dma.c ****       {
 5349              		.loc 1 1263 51 view .LVU1685
 5350 02ca 7248     		ldr	r0, .L305
 5351 02cc 7249     		ldr	r1, .L305+4
 5352 02ce 8A42     		cmp	r2, r1
 5353 02d0 18BF     		it	ne
 5354 02d2 8242     		cmpne	r2, r0
 5355 02d4 34D0     		beq	.L260
1263:Drivers/STM32H7xx_HAL_Driver/Src/stm32h7xx_hal_dma.c ****       {
 5356              		.loc 1 1263 10 discriminator 2 view .LVU1686
 5357 02d6 1831     		adds	r1, r1, #24
 5358 02d8 8A42     		cmp	r2, r1
 5359 02da 31D0     		beq	.L260
1263:Drivers/STM32H7xx_HAL_Driver/Src/stm32h7xx_hal_dma.c ****       {
 5360              		.loc 1 1263 10 discriminator 4 view .LVU1687
 5361 02dc 1831     		adds	r1, r1, #24
 5362 02de 8A42     		cmp	r2, r1
 5363 02e0 2ED0     		beq	.L260
1263:Drivers/STM32H7xx_HAL_Driver/Src/stm32h7xx_hal_dma.c ****       {
 5364              		.loc 1 1263 10 discriminator 6 view .LVU1688
 5365 02e2 1831     		adds	r1, r1, #24
 5366 02e4 8A42     		cmp	r2, r1
 5367 02e6 2BD0     		beq	.L260
1263:Drivers/STM32H7xx_HAL_Driver/Src/stm32h7xx_hal_dma.c ****       {
 5368              		.loc 1 1263 10 discriminator 8 view .LVU1689
 5369 02e8 1831     		adds	r1, r1, #24
 5370 02ea 8A42     		cmp	r2, r1
 5371 02ec 28D0     		beq	.L260
1263:Drivers/STM32H7xx_HAL_Driver/Src/stm32h7xx_hal_dma.c ****       {
ARM GAS  /tmp/ccMjPS5V.s 			page 157


 5372              		.loc 1 1263 10 discriminator 10 view .LVU1690
 5373 02ee 1831     		adds	r1, r1, #24
 5374 02f0 8A42     		cmp	r2, r1
 5375 02f2 25D0     		beq	.L260
1263:Drivers/STM32H7xx_HAL_Driver/Src/stm32h7xx_hal_dma.c ****       {
 5376              		.loc 1 1263 10 discriminator 12 view .LVU1691
 5377 02f4 1831     		adds	r1, r1, #24
 5378 02f6 8A42     		cmp	r2, r1
 5379 02f8 22D0     		beq	.L260
1263:Drivers/STM32H7xx_HAL_Driver/Src/stm32h7xx_hal_dma.c ****       {
 5380              		.loc 1 1263 10 discriminator 14 view .LVU1692
 5381 02fa 01F55671 		add	r1, r1, #856
 5382 02fe 8A42     		cmp	r2, r1
 5383 0300 1ED0     		beq	.L260
1263:Drivers/STM32H7xx_HAL_Driver/Src/stm32h7xx_hal_dma.c ****       {
 5384              		.loc 1 1263 10 discriminator 16 view .LVU1693
 5385 0302 1831     		adds	r1, r1, #24
 5386 0304 8A42     		cmp	r2, r1
 5387 0306 1BD0     		beq	.L260
1263:Drivers/STM32H7xx_HAL_Driver/Src/stm32h7xx_hal_dma.c ****       {
 5388              		.loc 1 1263 10 discriminator 18 view .LVU1694
 5389 0308 1831     		adds	r1, r1, #24
 5390 030a 8A42     		cmp	r2, r1
 5391 030c 18D0     		beq	.L260
1263:Drivers/STM32H7xx_HAL_Driver/Src/stm32h7xx_hal_dma.c ****       {
 5392              		.loc 1 1263 10 discriminator 20 view .LVU1695
 5393 030e 1831     		adds	r1, r1, #24
 5394 0310 8A42     		cmp	r2, r1
 5395 0312 15D0     		beq	.L260
1263:Drivers/STM32H7xx_HAL_Driver/Src/stm32h7xx_hal_dma.c ****       {
 5396              		.loc 1 1263 10 discriminator 22 view .LVU1696
 5397 0314 1831     		adds	r1, r1, #24
 5398 0316 8A42     		cmp	r2, r1
 5399 0318 12D0     		beq	.L260
1263:Drivers/STM32H7xx_HAL_Driver/Src/stm32h7xx_hal_dma.c ****       {
 5400              		.loc 1 1263 10 discriminator 24 view .LVU1697
 5401 031a 1831     		adds	r1, r1, #24
 5402 031c 8A42     		cmp	r2, r1
 5403 031e 0FD0     		beq	.L260
1263:Drivers/STM32H7xx_HAL_Driver/Src/stm32h7xx_hal_dma.c ****       {
 5404              		.loc 1 1263 10 discriminator 26 view .LVU1698
 5405 0320 1831     		adds	r1, r1, #24
 5406 0322 8A42     		cmp	r2, r1
 5407 0324 0CD0     		beq	.L260
1263:Drivers/STM32H7xx_HAL_Driver/Src/stm32h7xx_hal_dma.c ****       {
 5408              		.loc 1 1263 10 discriminator 28 view .LVU1699
 5409 0326 1831     		adds	r1, r1, #24
 5410 0328 8A42     		cmp	r2, r1
 5411 032a 09D0     		beq	.L260
1263:Drivers/STM32H7xx_HAL_Driver/Src/stm32h7xx_hal_dma.c ****       {
 5412              		.loc 1 1263 10 discriminator 30 view .LVU1700
 5413 032c 1268     		ldr	r2, [r2]
1263:Drivers/STM32H7xx_HAL_Driver/Src/stm32h7xx_hal_dma.c ****       {
 5414              		.loc 1 1263 51 discriminator 30 view .LVU1701
 5415 032e C2F38002 		ubfx	r2, r2, #2, #1
 5416 0332 08E0     		b	.L262
 5417              	.L258:
ARM GAS  /tmp/ccMjPS5V.s 			page 158


1254:Drivers/STM32H7xx_HAL_Driver/Src/stm32h7xx_hal_dma.c **** 
 5418              		.loc 1 1254 9 is_stmt 1 view .LVU1702
1254:Drivers/STM32H7xx_HAL_Driver/Src/stm32h7xx_hal_dma.c **** 
 5419              		.loc 1 1254 24 is_stmt 0 view .LVU1703
 5420 0334 BB60     		str	r3, [r7, #8]
1257:Drivers/STM32H7xx_HAL_Driver/Src/stm32h7xx_hal_dma.c ****       }
 5421              		.loc 1 1257 9 is_stmt 1 view .LVU1704
1257:Drivers/STM32H7xx_HAL_Driver/Src/stm32h7xx_hal_dma.c ****       }
 5422              		.loc 1 1257 13 is_stmt 0 view .LVU1705
 5423 0336 636D     		ldr	r3, [r4, #84]
1257:Drivers/STM32H7xx_HAL_Driver/Src/stm32h7xx_hal_dma.c ****       }
 5424              		.loc 1 1257 25 view .LVU1706
 5425 0338 43F00403 		orr	r3, r3, #4
 5426 033c 6365     		str	r3, [r4, #84]
 5427 033e BBE7     		b	.L255
 5428              	.L260:
1263:Drivers/STM32H7xx_HAL_Driver/Src/stm32h7xx_hal_dma.c ****       {
 5429              		.loc 1 1263 10 discriminator 29 view .LVU1707
 5430 0340 1268     		ldr	r2, [r2]
1263:Drivers/STM32H7xx_HAL_Driver/Src/stm32h7xx_hal_dma.c ****       {
 5431              		.loc 1 1263 51 discriminator 29 view .LVU1708
 5432 0342 C2F3C002 		ubfx	r2, r2, #3, #1
 5433              	.L262:
1263:Drivers/STM32H7xx_HAL_Driver/Src/stm32h7xx_hal_dma.c ****       {
 5434              		.loc 1 1263 9 discriminator 32 view .LVU1709
 5435 0346 FAB1     		cbz	r2, .L259
1266:Drivers/STM32H7xx_HAL_Driver/Src/stm32h7xx_hal_dma.c **** 
 5436              		.loc 1 1266 9 is_stmt 1 view .LVU1710
1266:Drivers/STM32H7xx_HAL_Driver/Src/stm32h7xx_hal_dma.c **** 
 5437              		.loc 1 1266 24 is_stmt 0 view .LVU1711
 5438 0348 BB60     		str	r3, [r7, #8]
1269:Drivers/STM32H7xx_HAL_Driver/Src/stm32h7xx_hal_dma.c ****         {
 5439              		.loc 1 1269 9 is_stmt 1 view .LVU1712
1269:Drivers/STM32H7xx_HAL_Driver/Src/stm32h7xx_hal_dma.c ****         {
 5440              		.loc 1 1269 43 is_stmt 0 view .LVU1713
 5441 034a 2368     		ldr	r3, [r4]
1269:Drivers/STM32H7xx_HAL_Driver/Src/stm32h7xx_hal_dma.c ****         {
 5442              		.loc 1 1269 54 view .LVU1714
 5443 034c 1A68     		ldr	r2, [r3]
1269:Drivers/STM32H7xx_HAL_Driver/Src/stm32h7xx_hal_dma.c ****         {
 5444              		.loc 1 1269 11 view .LVU1715
 5445 034e 12F4802F 		tst	r2, #262144
 5446 0352 0DD0     		beq	.L263
1272:Drivers/STM32H7xx_HAL_Driver/Src/stm32h7xx_hal_dma.c ****           {
 5447              		.loc 1 1272 11 is_stmt 1 view .LVU1716
1272:Drivers/STM32H7xx_HAL_Driver/Src/stm32h7xx_hal_dma.c ****           {
 5448              		.loc 1 1272 55 is_stmt 0 view .LVU1717
 5449 0354 1B68     		ldr	r3, [r3]
1272:Drivers/STM32H7xx_HAL_Driver/Src/stm32h7xx_hal_dma.c ****           {
 5450              		.loc 1 1272 13 view .LVU1718
 5451 0356 13F4002F 		tst	r3, #524288
 5452 035a 04D1     		bne	.L264
1274:Drivers/STM32H7xx_HAL_Driver/Src/stm32h7xx_hal_dma.c ****             {
 5453              		.loc 1 1274 13 is_stmt 1 view .LVU1719
1274:Drivers/STM32H7xx_HAL_Driver/Src/stm32h7xx_hal_dma.c ****             {
 5454              		.loc 1 1274 20 is_stmt 0 view .LVU1720
 5455 035c 236C     		ldr	r3, [r4, #64]
ARM GAS  /tmp/ccMjPS5V.s 			page 159


1274:Drivers/STM32H7xx_HAL_Driver/Src/stm32h7xx_hal_dma.c ****             {
 5456              		.loc 1 1274 15 view .LVU1721
 5457 035e 9BB1     		cbz	r3, .L259
1277:Drivers/STM32H7xx_HAL_Driver/Src/stm32h7xx_hal_dma.c ****             }
 5458              		.loc 1 1277 15 is_stmt 1 view .LVU1722
 5459 0360 2046     		mov	r0, r4
 5460 0362 9847     		blx	r3
 5461              	.LVL194:
1277:Drivers/STM32H7xx_HAL_Driver/Src/stm32h7xx_hal_dma.c ****             }
 5462              		.loc 1 1277 15 is_stmt 0 view .LVU1723
 5463 0364 10E0     		b	.L259
 5464              	.LVL195:
 5465              	.L264:
1283:Drivers/STM32H7xx_HAL_Driver/Src/stm32h7xx_hal_dma.c ****             {
 5466              		.loc 1 1283 13 is_stmt 1 view .LVU1724
1283:Drivers/STM32H7xx_HAL_Driver/Src/stm32h7xx_hal_dma.c ****             {
 5467              		.loc 1 1283 20 is_stmt 0 view .LVU1725
 5468 0366 A36C     		ldr	r3, [r4, #72]
1283:Drivers/STM32H7xx_HAL_Driver/Src/stm32h7xx_hal_dma.c ****             {
 5469              		.loc 1 1283 15 view .LVU1726
 5470 0368 73B1     		cbz	r3, .L259
1286:Drivers/STM32H7xx_HAL_Driver/Src/stm32h7xx_hal_dma.c ****             }
 5471              		.loc 1 1286 15 is_stmt 1 view .LVU1727
 5472 036a 2046     		mov	r0, r4
 5473 036c 9847     		blx	r3
 5474              	.LVL196:
1286:Drivers/STM32H7xx_HAL_Driver/Src/stm32h7xx_hal_dma.c ****             }
 5475              		.loc 1 1286 15 is_stmt 0 view .LVU1728
 5476 036e 0BE0     		b	.L259
 5477              	.LVL197:
 5478              	.L263:
1293:Drivers/STM32H7xx_HAL_Driver/Src/stm32h7xx_hal_dma.c ****           {
 5479              		.loc 1 1293 11 is_stmt 1 view .LVU1729
1293:Drivers/STM32H7xx_HAL_Driver/Src/stm32h7xx_hal_dma.c ****           {
 5480              		.loc 1 1293 55 is_stmt 0 view .LVU1730
 5481 0370 1A68     		ldr	r2, [r3]
1293:Drivers/STM32H7xx_HAL_Driver/Src/stm32h7xx_hal_dma.c ****           {
 5482              		.loc 1 1293 13 view .LVU1731
 5483 0372 12F4807F 		tst	r2, #256
 5484 0376 03D1     		bne	.L265
1296:Drivers/STM32H7xx_HAL_Driver/Src/stm32h7xx_hal_dma.c ****           }
 5485              		.loc 1 1296 13 is_stmt 1 view .LVU1732
1296:Drivers/STM32H7xx_HAL_Driver/Src/stm32h7xx_hal_dma.c ****           }
 5486              		.loc 1 1296 53 is_stmt 0 view .LVU1733
 5487 0378 1A68     		ldr	r2, [r3]
1296:Drivers/STM32H7xx_HAL_Driver/Src/stm32h7xx_hal_dma.c ****           }
 5488              		.loc 1 1296 59 view .LVU1734
 5489 037a 22F00802 		bic	r2, r2, #8
 5490 037e 1A60     		str	r2, [r3]
 5491              	.L265:
1299:Drivers/STM32H7xx_HAL_Driver/Src/stm32h7xx_hal_dma.c ****           {
 5492              		.loc 1 1299 11 is_stmt 1 view .LVU1735
1299:Drivers/STM32H7xx_HAL_Driver/Src/stm32h7xx_hal_dma.c ****           {
 5493              		.loc 1 1299 18 is_stmt 0 view .LVU1736
 5494 0380 236C     		ldr	r3, [r4, #64]
1299:Drivers/STM32H7xx_HAL_Driver/Src/stm32h7xx_hal_dma.c ****           {
 5495              		.loc 1 1299 13 view .LVU1737
ARM GAS  /tmp/ccMjPS5V.s 			page 160


 5496 0382 0BB1     		cbz	r3, .L259
1302:Drivers/STM32H7xx_HAL_Driver/Src/stm32h7xx_hal_dma.c ****           }
 5497              		.loc 1 1302 13 is_stmt 1 view .LVU1738
 5498 0384 2046     		mov	r0, r4
 5499 0386 9847     		blx	r3
 5500              	.LVL198:
 5501              	.L259:
1308:Drivers/STM32H7xx_HAL_Driver/Src/stm32h7xx_hal_dma.c ****     {
 5502              		.loc 1 1308 5 view .LVU1739
1308:Drivers/STM32H7xx_HAL_Driver/Src/stm32h7xx_hal_dma.c ****     {
 5503              		.loc 1 1308 49 is_stmt 0 view .LVU1740
 5504 0388 E36D     		ldr	r3, [r4, #92]
1308:Drivers/STM32H7xx_HAL_Driver/Src/stm32h7xx_hal_dma.c ****     {
 5505              		.loc 1 1308 63 view .LVU1741
 5506 038a 03F01F03 		and	r3, r3, #31
1308:Drivers/STM32H7xx_HAL_Driver/Src/stm32h7xx_hal_dma.c ****     {
 5507              		.loc 1 1308 41 view .LVU1742
 5508 038e 2022     		movs	r2, #32
 5509 0390 02FA03F3 		lsl	r3, r2, r3
1308:Drivers/STM32H7xx_HAL_Driver/Src/stm32h7xx_hal_dma.c ****     {
 5510              		.loc 1 1308 8 view .LVU1743
 5511 0394 3342     		tst	r3, r6
 5512 0396 00F09380 		beq	.L266
1310:Drivers/STM32H7xx_HAL_Driver/Src/stm32h7xx_hal_dma.c ****       {
 5513              		.loc 1 1310 7 is_stmt 1 view .LVU1744
1310:Drivers/STM32H7xx_HAL_Driver/Src/stm32h7xx_hal_dma.c ****       {
 5514              		.loc 1 1310 10 is_stmt 0 view .LVU1745
 5515 039a 2268     		ldr	r2, [r4]
1310:Drivers/STM32H7xx_HAL_Driver/Src/stm32h7xx_hal_dma.c ****       {
 5516              		.loc 1 1310 51 view .LVU1746
 5517 039c 3D48     		ldr	r0, .L305
 5518 039e 3E49     		ldr	r1, .L305+4
 5519 03a0 8A42     		cmp	r2, r1
 5520 03a2 18BF     		it	ne
 5521 03a4 8242     		cmpne	r2, r0
 5522 03a6 2ED0     		beq	.L267
1310:Drivers/STM32H7xx_HAL_Driver/Src/stm32h7xx_hal_dma.c ****       {
 5523              		.loc 1 1310 10 discriminator 2 view .LVU1747
 5524 03a8 1831     		adds	r1, r1, #24
 5525 03aa 8A42     		cmp	r2, r1
 5526 03ac 2BD0     		beq	.L267
1310:Drivers/STM32H7xx_HAL_Driver/Src/stm32h7xx_hal_dma.c ****       {
 5527              		.loc 1 1310 10 discriminator 4 view .LVU1748
 5528 03ae 1831     		adds	r1, r1, #24
 5529 03b0 8A42     		cmp	r2, r1
 5530 03b2 28D0     		beq	.L267
1310:Drivers/STM32H7xx_HAL_Driver/Src/stm32h7xx_hal_dma.c ****       {
 5531              		.loc 1 1310 10 discriminator 6 view .LVU1749
 5532 03b4 1831     		adds	r1, r1, #24
 5533 03b6 8A42     		cmp	r2, r1
 5534 03b8 25D0     		beq	.L267
1310:Drivers/STM32H7xx_HAL_Driver/Src/stm32h7xx_hal_dma.c ****       {
 5535              		.loc 1 1310 10 discriminator 8 view .LVU1750
 5536 03ba 1831     		adds	r1, r1, #24
 5537 03bc 8A42     		cmp	r2, r1
 5538 03be 22D0     		beq	.L267
1310:Drivers/STM32H7xx_HAL_Driver/Src/stm32h7xx_hal_dma.c ****       {
ARM GAS  /tmp/ccMjPS5V.s 			page 161


 5539              		.loc 1 1310 10 discriminator 10 view .LVU1751
 5540 03c0 1831     		adds	r1, r1, #24
 5541 03c2 8A42     		cmp	r2, r1
 5542 03c4 1FD0     		beq	.L267
1310:Drivers/STM32H7xx_HAL_Driver/Src/stm32h7xx_hal_dma.c ****       {
 5543              		.loc 1 1310 10 discriminator 12 view .LVU1752
 5544 03c6 1831     		adds	r1, r1, #24
 5545 03c8 8A42     		cmp	r2, r1
 5546 03ca 1CD0     		beq	.L267
1310:Drivers/STM32H7xx_HAL_Driver/Src/stm32h7xx_hal_dma.c ****       {
 5547              		.loc 1 1310 10 discriminator 14 view .LVU1753
 5548 03cc 01F55671 		add	r1, r1, #856
 5549 03d0 8A42     		cmp	r2, r1
 5550 03d2 18D0     		beq	.L267
1310:Drivers/STM32H7xx_HAL_Driver/Src/stm32h7xx_hal_dma.c ****       {
 5551              		.loc 1 1310 10 discriminator 16 view .LVU1754
 5552 03d4 1831     		adds	r1, r1, #24
 5553 03d6 8A42     		cmp	r2, r1
 5554 03d8 15D0     		beq	.L267
1310:Drivers/STM32H7xx_HAL_Driver/Src/stm32h7xx_hal_dma.c ****       {
 5555              		.loc 1 1310 10 discriminator 18 view .LVU1755
 5556 03da 1831     		adds	r1, r1, #24
 5557 03dc 8A42     		cmp	r2, r1
 5558 03de 12D0     		beq	.L267
1310:Drivers/STM32H7xx_HAL_Driver/Src/stm32h7xx_hal_dma.c ****       {
 5559              		.loc 1 1310 10 discriminator 20 view .LVU1756
 5560 03e0 1831     		adds	r1, r1, #24
 5561 03e2 8A42     		cmp	r2, r1
 5562 03e4 0FD0     		beq	.L267
1310:Drivers/STM32H7xx_HAL_Driver/Src/stm32h7xx_hal_dma.c ****       {
 5563              		.loc 1 1310 10 discriminator 22 view .LVU1757
 5564 03e6 1831     		adds	r1, r1, #24
 5565 03e8 8A42     		cmp	r2, r1
 5566 03ea 0CD0     		beq	.L267
1310:Drivers/STM32H7xx_HAL_Driver/Src/stm32h7xx_hal_dma.c ****       {
 5567              		.loc 1 1310 10 discriminator 24 view .LVU1758
 5568 03ec 1831     		adds	r1, r1, #24
 5569 03ee 8A42     		cmp	r2, r1
 5570 03f0 09D0     		beq	.L267
1310:Drivers/STM32H7xx_HAL_Driver/Src/stm32h7xx_hal_dma.c ****       {
 5571              		.loc 1 1310 10 discriminator 26 view .LVU1759
 5572 03f2 1831     		adds	r1, r1, #24
 5573 03f4 8A42     		cmp	r2, r1
 5574 03f6 06D0     		beq	.L267
1310:Drivers/STM32H7xx_HAL_Driver/Src/stm32h7xx_hal_dma.c ****       {
 5575              		.loc 1 1310 10 discriminator 28 view .LVU1760
 5576 03f8 1831     		adds	r1, r1, #24
 5577 03fa 8A42     		cmp	r2, r1
 5578 03fc 03D0     		beq	.L267
1310:Drivers/STM32H7xx_HAL_Driver/Src/stm32h7xx_hal_dma.c ****       {
 5579              		.loc 1 1310 10 discriminator 30 view .LVU1761
 5580 03fe 1268     		ldr	r2, [r2]
1310:Drivers/STM32H7xx_HAL_Driver/Src/stm32h7xx_hal_dma.c ****       {
 5581              		.loc 1 1310 51 discriminator 30 view .LVU1762
 5582 0400 C2F34002 		ubfx	r2, r2, #1, #1
 5583 0404 02E0     		b	.L269
 5584              	.L267:
ARM GAS  /tmp/ccMjPS5V.s 			page 162


1310:Drivers/STM32H7xx_HAL_Driver/Src/stm32h7xx_hal_dma.c ****       {
 5585              		.loc 1 1310 10 discriminator 29 view .LVU1763
 5586 0406 1268     		ldr	r2, [r2]
1310:Drivers/STM32H7xx_HAL_Driver/Src/stm32h7xx_hal_dma.c ****       {
 5587              		.loc 1 1310 51 discriminator 29 view .LVU1764
 5588 0408 C2F30012 		ubfx	r2, r2, #4, #1
 5589              	.L269:
1310:Drivers/STM32H7xx_HAL_Driver/Src/stm32h7xx_hal_dma.c ****       {
 5590              		.loc 1 1310 9 discriminator 32 view .LVU1765
 5591 040c 002A     		cmp	r2, #0
 5592 040e 57D0     		beq	.L266
1313:Drivers/STM32H7xx_HAL_Driver/Src/stm32h7xx_hal_dma.c **** 
 5593              		.loc 1 1313 9 is_stmt 1 view .LVU1766
1313:Drivers/STM32H7xx_HAL_Driver/Src/stm32h7xx_hal_dma.c **** 
 5594              		.loc 1 1313 24 is_stmt 0 view .LVU1767
 5595 0410 BB60     		str	r3, [r7, #8]
1315:Drivers/STM32H7xx_HAL_Driver/Src/stm32h7xx_hal_dma.c ****         {
 5596              		.loc 1 1315 9 is_stmt 1 view .LVU1768
1315:Drivers/STM32H7xx_HAL_Driver/Src/stm32h7xx_hal_dma.c ****         {
 5597              		.loc 1 1315 39 is_stmt 0 view .LVU1769
 5598 0412 94F83530 		ldrb	r3, [r4, #53]	@ zero_extendqisi2
 5599 0416 DBB2     		uxtb	r3, r3
1315:Drivers/STM32H7xx_HAL_Driver/Src/stm32h7xx_hal_dma.c ****         {
 5600              		.loc 1 1315 11 view .LVU1770
 5601 0418 042B     		cmp	r3, #4
 5602 041a 0ED0     		beq	.L301
1342:Drivers/STM32H7xx_HAL_Driver/Src/stm32h7xx_hal_dma.c ****         {
 5603              		.loc 1 1342 9 is_stmt 1 view .LVU1771
1342:Drivers/STM32H7xx_HAL_Driver/Src/stm32h7xx_hal_dma.c ****         {
 5604              		.loc 1 1342 43 is_stmt 0 view .LVU1772
 5605 041c 2368     		ldr	r3, [r4]
1342:Drivers/STM32H7xx_HAL_Driver/Src/stm32h7xx_hal_dma.c ****         {
 5606              		.loc 1 1342 54 view .LVU1773
 5607 041e 1A68     		ldr	r2, [r3]
1342:Drivers/STM32H7xx_HAL_Driver/Src/stm32h7xx_hal_dma.c ****         {
 5608              		.loc 1 1342 11 view .LVU1774
 5609 0420 12F4802F 		tst	r2, #262144
 5610 0424 3AD0     		beq	.L275
1345:Drivers/STM32H7xx_HAL_Driver/Src/stm32h7xx_hal_dma.c ****           {
 5611              		.loc 1 1345 11 is_stmt 1 view .LVU1775
1345:Drivers/STM32H7xx_HAL_Driver/Src/stm32h7xx_hal_dma.c ****           {
 5612              		.loc 1 1345 55 is_stmt 0 view .LVU1776
 5613 0426 1B68     		ldr	r3, [r3]
1345:Drivers/STM32H7xx_HAL_Driver/Src/stm32h7xx_hal_dma.c ****           {
 5614              		.loc 1 1345 13 view .LVU1777
 5615 0428 13F4002F 		tst	r3, #524288
 5616 042c 2DD0     		beq	.L276
1347:Drivers/STM32H7xx_HAL_Driver/Src/stm32h7xx_hal_dma.c ****             {
 5617              		.loc 1 1347 13 is_stmt 1 view .LVU1778
1347:Drivers/STM32H7xx_HAL_Driver/Src/stm32h7xx_hal_dma.c ****             {
 5618              		.loc 1 1347 20 is_stmt 0 view .LVU1779
 5619 042e 636C     		ldr	r3, [r4, #68]
1347:Drivers/STM32H7xx_HAL_Driver/Src/stm32h7xx_hal_dma.c ****             {
 5620              		.loc 1 1347 15 view .LVU1780
 5621 0430 002B     		cmp	r3, #0
 5622 0432 45D0     		beq	.L266
1350:Drivers/STM32H7xx_HAL_Driver/Src/stm32h7xx_hal_dma.c ****             }
ARM GAS  /tmp/ccMjPS5V.s 			page 163


 5623              		.loc 1 1350 15 is_stmt 1 view .LVU1781
 5624 0434 2046     		mov	r0, r4
 5625 0436 9847     		blx	r3
 5626              	.LVL199:
 5627 0438 42E0     		b	.L266
 5628              	.L301:
1318:Drivers/STM32H7xx_HAL_Driver/Src/stm32h7xx_hal_dma.c ****           ((DMA_Stream_TypeDef   *)hdma->Instance)->FCR &= ~(DMA_IT_FE);
 5629              		.loc 1 1318 11 view .LVU1782
1318:Drivers/STM32H7xx_HAL_Driver/Src/stm32h7xx_hal_dma.c ****           ((DMA_Stream_TypeDef   *)hdma->Instance)->FCR &= ~(DMA_IT_FE);
 5630              		.loc 1 1318 40 is_stmt 0 view .LVU1783
 5631 043a 2268     		ldr	r2, [r4]
1318:Drivers/STM32H7xx_HAL_Driver/Src/stm32h7xx_hal_dma.c ****           ((DMA_Stream_TypeDef   *)hdma->Instance)->FCR &= ~(DMA_IT_FE);
 5632              		.loc 1 1318 51 view .LVU1784
 5633 043c 1368     		ldr	r3, [r2]
1318:Drivers/STM32H7xx_HAL_Driver/Src/stm32h7xx_hal_dma.c ****           ((DMA_Stream_TypeDef   *)hdma->Instance)->FCR &= ~(DMA_IT_FE);
 5634              		.loc 1 1318 57 view .LVU1785
 5635 043e 23F01603 		bic	r3, r3, #22
 5636 0442 1360     		str	r3, [r2]
1319:Drivers/STM32H7xx_HAL_Driver/Src/stm32h7xx_hal_dma.c **** 
 5637              		.loc 1 1319 11 is_stmt 1 view .LVU1786
1319:Drivers/STM32H7xx_HAL_Driver/Src/stm32h7xx_hal_dma.c **** 
 5638              		.loc 1 1319 40 is_stmt 0 view .LVU1787
 5639 0444 2268     		ldr	r2, [r4]
1319:Drivers/STM32H7xx_HAL_Driver/Src/stm32h7xx_hal_dma.c **** 
 5640              		.loc 1 1319 51 view .LVU1788
 5641 0446 5369     		ldr	r3, [r2, #20]
1319:Drivers/STM32H7xx_HAL_Driver/Src/stm32h7xx_hal_dma.c **** 
 5642              		.loc 1 1319 57 view .LVU1789
 5643 0448 23F08003 		bic	r3, r3, #128
 5644 044c 5361     		str	r3, [r2, #20]
1321:Drivers/STM32H7xx_HAL_Driver/Src/stm32h7xx_hal_dma.c ****           {
 5645              		.loc 1 1321 11 is_stmt 1 view .LVU1790
1321:Drivers/STM32H7xx_HAL_Driver/Src/stm32h7xx_hal_dma.c ****           {
 5646              		.loc 1 1321 19 is_stmt 0 view .LVU1791
 5647 044e 236C     		ldr	r3, [r4, #64]
1321:Drivers/STM32H7xx_HAL_Driver/Src/stm32h7xx_hal_dma.c ****           {
 5648              		.loc 1 1321 13 view .LVU1792
 5649 0450 BBB1     		cbz	r3, .L302
 5650              	.L271:
1323:Drivers/STM32H7xx_HAL_Driver/Src/stm32h7xx_hal_dma.c ****           }
 5651              		.loc 1 1323 13 is_stmt 1 view .LVU1793
1323:Drivers/STM32H7xx_HAL_Driver/Src/stm32h7xx_hal_dma.c ****           }
 5652              		.loc 1 1323 42 is_stmt 0 view .LVU1794
 5653 0452 2268     		ldr	r2, [r4]
1323:Drivers/STM32H7xx_HAL_Driver/Src/stm32h7xx_hal_dma.c ****           }
 5654              		.loc 1 1323 53 view .LVU1795
 5655 0454 1368     		ldr	r3, [r2]
1323:Drivers/STM32H7xx_HAL_Driver/Src/stm32h7xx_hal_dma.c ****           }
 5656              		.loc 1 1323 59 view .LVU1796
 5657 0456 23F00803 		bic	r3, r3, #8
 5658 045a 1360     		str	r3, [r2]
 5659              	.L272:
1327:Drivers/STM32H7xx_HAL_Driver/Src/stm32h7xx_hal_dma.c **** 
 5660              		.loc 1 1327 11 is_stmt 1 view .LVU1797
1327:Drivers/STM32H7xx_HAL_Driver/Src/stm32h7xx_hal_dma.c **** 
 5661              		.loc 1 1327 43 is_stmt 0 view .LVU1798
 5662 045c E36D     		ldr	r3, [r4, #92]
ARM GAS  /tmp/ccMjPS5V.s 			page 164


1327:Drivers/STM32H7xx_HAL_Driver/Src/stm32h7xx_hal_dma.c **** 
 5663              		.loc 1 1327 57 view .LVU1799
 5664 045e 03F01F02 		and	r2, r3, #31
1327:Drivers/STM32H7xx_HAL_Driver/Src/stm32h7xx_hal_dma.c **** 
 5665              		.loc 1 1327 35 view .LVU1800
 5666 0462 3F23     		movs	r3, #63
 5667 0464 9340     		lsls	r3, r3, r2
1327:Drivers/STM32H7xx_HAL_Driver/Src/stm32h7xx_hal_dma.c **** 
 5668              		.loc 1 1327 26 view .LVU1801
 5669 0466 BB60     		str	r3, [r7, #8]
1330:Drivers/STM32H7xx_HAL_Driver/Src/stm32h7xx_hal_dma.c **** 
 5670              		.loc 1 1330 11 is_stmt 1 view .LVU1802
1330:Drivers/STM32H7xx_HAL_Driver/Src/stm32h7xx_hal_dma.c **** 
 5671              		.loc 1 1330 23 is_stmt 0 view .LVU1803
 5672 0468 0123     		movs	r3, #1
 5673 046a 84F83530 		strb	r3, [r4, #53]
1333:Drivers/STM32H7xx_HAL_Driver/Src/stm32h7xx_hal_dma.c **** 
 5674              		.loc 1 1333 11 is_stmt 1 view .LVU1804
1333:Drivers/STM32H7xx_HAL_Driver/Src/stm32h7xx_hal_dma.c **** 
 5675              		.loc 1 1333 11 view .LVU1805
 5676 046e 0023     		movs	r3, #0
 5677 0470 84F83430 		strb	r3, [r4, #52]
1333:Drivers/STM32H7xx_HAL_Driver/Src/stm32h7xx_hal_dma.c **** 
 5678              		.loc 1 1333 11 view .LVU1806
1335:Drivers/STM32H7xx_HAL_Driver/Src/stm32h7xx_hal_dma.c ****           {
 5679              		.loc 1 1335 11 view .LVU1807
1335:Drivers/STM32H7xx_HAL_Driver/Src/stm32h7xx_hal_dma.c ****           {
 5680              		.loc 1 1335 18 is_stmt 0 view .LVU1808
 5681 0474 236D     		ldr	r3, [r4, #80]
1335:Drivers/STM32H7xx_HAL_Driver/Src/stm32h7xx_hal_dma.c ****           {
 5682              		.loc 1 1335 13 view .LVU1809
 5683 0476 002B     		cmp	r3, #0
 5684 0478 00F08080 		beq	.L243
1337:Drivers/STM32H7xx_HAL_Driver/Src/stm32h7xx_hal_dma.c ****           }
 5685              		.loc 1 1337 13 is_stmt 1 view .LVU1810
 5686 047c 2046     		mov	r0, r4
 5687 047e 9847     		blx	r3
 5688              	.LVL200:
1339:Drivers/STM32H7xx_HAL_Driver/Src/stm32h7xx_hal_dma.c ****         }
 5689              		.loc 1 1339 11 view .LVU1811
 5690 0480 7CE0     		b	.L243
 5691              	.L302:
1321:Drivers/STM32H7xx_HAL_Driver/Src/stm32h7xx_hal_dma.c ****           {
 5692              		.loc 1 1321 59 is_stmt 0 discriminator 1 view .LVU1812
 5693 0482 A36C     		ldr	r3, [r4, #72]
1321:Drivers/STM32H7xx_HAL_Driver/Src/stm32h7xx_hal_dma.c ****           {
 5694              		.loc 1 1321 51 discriminator 1 view .LVU1813
 5695 0484 002B     		cmp	r3, #0
 5696 0486 E4D1     		bne	.L271
 5697 0488 E8E7     		b	.L272
 5698              	.L276:
1356:Drivers/STM32H7xx_HAL_Driver/Src/stm32h7xx_hal_dma.c ****             {
 5699              		.loc 1 1356 13 is_stmt 1 view .LVU1814
1356:Drivers/STM32H7xx_HAL_Driver/Src/stm32h7xx_hal_dma.c ****             {
 5700              		.loc 1 1356 20 is_stmt 0 view .LVU1815
 5701 048a E36B     		ldr	r3, [r4, #60]
1356:Drivers/STM32H7xx_HAL_Driver/Src/stm32h7xx_hal_dma.c ****             {
ARM GAS  /tmp/ccMjPS5V.s 			page 165


 5702              		.loc 1 1356 15 view .LVU1816
 5703 048c C3B1     		cbz	r3, .L266
1359:Drivers/STM32H7xx_HAL_Driver/Src/stm32h7xx_hal_dma.c ****             }
 5704              		.loc 1 1359 15 is_stmt 1 view .LVU1817
 5705 048e 2046     		mov	r0, r4
 5706 0490 9847     		blx	r3
 5707              	.LVL201:
 5708 0492 15E0     		b	.L266
 5709              	.L306:
 5710              		.align	2
 5711              	.L305:
 5712 0494 10000240 		.word	1073872912
 5713 0498 28000240 		.word	1073872936
 5714              	.L275:
1366:Drivers/STM32H7xx_HAL_Driver/Src/stm32h7xx_hal_dma.c ****           {
 5715              		.loc 1 1366 11 view .LVU1818
1366:Drivers/STM32H7xx_HAL_Driver/Src/stm32h7xx_hal_dma.c ****           {
 5716              		.loc 1 1366 55 is_stmt 0 view .LVU1819
 5717 049c 1A68     		ldr	r2, [r3]
1366:Drivers/STM32H7xx_HAL_Driver/Src/stm32h7xx_hal_dma.c ****           {
 5718              		.loc 1 1366 13 view .LVU1820
 5719 049e 12F4807F 		tst	r2, #256
 5720 04a2 09D1     		bne	.L277
1369:Drivers/STM32H7xx_HAL_Driver/Src/stm32h7xx_hal_dma.c **** 
 5721              		.loc 1 1369 13 is_stmt 1 view .LVU1821
1369:Drivers/STM32H7xx_HAL_Driver/Src/stm32h7xx_hal_dma.c **** 
 5722              		.loc 1 1369 53 is_stmt 0 view .LVU1822
 5723 04a4 1A68     		ldr	r2, [r3]
1369:Drivers/STM32H7xx_HAL_Driver/Src/stm32h7xx_hal_dma.c **** 
 5724              		.loc 1 1369 59 view .LVU1823
 5725 04a6 22F01002 		bic	r2, r2, #16
 5726 04aa 1A60     		str	r2, [r3]
1372:Drivers/STM32H7xx_HAL_Driver/Src/stm32h7xx_hal_dma.c **** 
 5727              		.loc 1 1372 13 is_stmt 1 view .LVU1824
1372:Drivers/STM32H7xx_HAL_Driver/Src/stm32h7xx_hal_dma.c **** 
 5728              		.loc 1 1372 25 is_stmt 0 view .LVU1825
 5729 04ac 0123     		movs	r3, #1
 5730 04ae 84F83530 		strb	r3, [r4, #53]
1375:Drivers/STM32H7xx_HAL_Driver/Src/stm32h7xx_hal_dma.c ****           }
 5731              		.loc 1 1375 13 is_stmt 1 view .LVU1826
1375:Drivers/STM32H7xx_HAL_Driver/Src/stm32h7xx_hal_dma.c ****           }
 5732              		.loc 1 1375 13 view .LVU1827
 5733 04b2 0023     		movs	r3, #0
 5734 04b4 84F83430 		strb	r3, [r4, #52]
 5735              	.L277:
1375:Drivers/STM32H7xx_HAL_Driver/Src/stm32h7xx_hal_dma.c ****           }
 5736              		.loc 1 1375 13 discriminator 1 view .LVU1828
1378:Drivers/STM32H7xx_HAL_Driver/Src/stm32h7xx_hal_dma.c ****           {
 5737              		.loc 1 1378 11 view .LVU1829
1378:Drivers/STM32H7xx_HAL_Driver/Src/stm32h7xx_hal_dma.c ****           {
 5738              		.loc 1 1378 18 is_stmt 0 view .LVU1830
 5739 04b8 E36B     		ldr	r3, [r4, #60]
1378:Drivers/STM32H7xx_HAL_Driver/Src/stm32h7xx_hal_dma.c ****           {
 5740              		.loc 1 1378 13 view .LVU1831
 5741 04ba 0BB1     		cbz	r3, .L266
1381:Drivers/STM32H7xx_HAL_Driver/Src/stm32h7xx_hal_dma.c ****           }
 5742              		.loc 1 1381 13 is_stmt 1 view .LVU1832
ARM GAS  /tmp/ccMjPS5V.s 			page 166


 5743 04bc 2046     		mov	r0, r4
 5744 04be 9847     		blx	r3
 5745              	.LVL202:
 5746              	.L266:
1388:Drivers/STM32H7xx_HAL_Driver/Src/stm32h7xx_hal_dma.c ****     {
 5747              		.loc 1 1388 5 view .LVU1833
1388:Drivers/STM32H7xx_HAL_Driver/Src/stm32h7xx_hal_dma.c ****     {
 5748              		.loc 1 1388 12 is_stmt 0 view .LVU1834
 5749 04c0 636D     		ldr	r3, [r4, #84]
1388:Drivers/STM32H7xx_HAL_Driver/Src/stm32h7xx_hal_dma.c ****     {
 5750              		.loc 1 1388 7 view .LVU1835
 5751 04c2 002B     		cmp	r3, #0
 5752 04c4 5AD0     		beq	.L243
1390:Drivers/STM32H7xx_HAL_Driver/Src/stm32h7xx_hal_dma.c ****       {
 5753              		.loc 1 1390 7 is_stmt 1 view .LVU1836
1390:Drivers/STM32H7xx_HAL_Driver/Src/stm32h7xx_hal_dma.c ****       {
 5754              		.loc 1 1390 15 is_stmt 0 view .LVU1837
 5755 04c6 636D     		ldr	r3, [r4, #84]
1390:Drivers/STM32H7xx_HAL_Driver/Src/stm32h7xx_hal_dma.c ****       {
 5756              		.loc 1 1390 9 view .LVU1838
 5757 04c8 13F0010F 		tst	r3, #1
 5758 04cc 52D0     		beq	.L278
1392:Drivers/STM32H7xx_HAL_Driver/Src/stm32h7xx_hal_dma.c **** 
 5759              		.loc 1 1392 9 is_stmt 1 view .LVU1839
1392:Drivers/STM32H7xx_HAL_Driver/Src/stm32h7xx_hal_dma.c **** 
 5760              		.loc 1 1392 21 is_stmt 0 view .LVU1840
 5761 04ce 0423     		movs	r3, #4
 5762 04d0 84F83530 		strb	r3, [r4, #53]
1395:Drivers/STM32H7xx_HAL_Driver/Src/stm32h7xx_hal_dma.c **** 
 5763              		.loc 1 1395 9 is_stmt 1 view .LVU1841
 5764 04d4 2368     		ldr	r3, [r4]
 5765 04d6 9649     		ldr	r1, .L307
 5766 04d8 964A     		ldr	r2, .L307+4
 5767 04da 9342     		cmp	r3, r2
 5768 04dc 18BF     		it	ne
 5769 04de 8B42     		cmpne	r3, r1
 5770 04e0 2FD0     		beq	.L279
1395:Drivers/STM32H7xx_HAL_Driver/Src/stm32h7xx_hal_dma.c **** 
 5771              		.loc 1 1395 9 is_stmt 0 discriminator 2 view .LVU1842
 5772 04e2 1832     		adds	r2, r2, #24
 5773 04e4 9342     		cmp	r3, r2
 5774 04e6 2CD0     		beq	.L279
1395:Drivers/STM32H7xx_HAL_Driver/Src/stm32h7xx_hal_dma.c **** 
 5775              		.loc 1 1395 9 discriminator 4 view .LVU1843
 5776 04e8 1832     		adds	r2, r2, #24
 5777 04ea 9342     		cmp	r3, r2
 5778 04ec 29D0     		beq	.L279
1395:Drivers/STM32H7xx_HAL_Driver/Src/stm32h7xx_hal_dma.c **** 
 5779              		.loc 1 1395 9 discriminator 6 view .LVU1844
 5780 04ee 1832     		adds	r2, r2, #24
 5781 04f0 9342     		cmp	r3, r2
 5782 04f2 26D0     		beq	.L279
1395:Drivers/STM32H7xx_HAL_Driver/Src/stm32h7xx_hal_dma.c **** 
 5783              		.loc 1 1395 9 discriminator 8 view .LVU1845
 5784 04f4 1832     		adds	r2, r2, #24
 5785 04f6 9342     		cmp	r3, r2
 5786 04f8 23D0     		beq	.L279
ARM GAS  /tmp/ccMjPS5V.s 			page 167


1395:Drivers/STM32H7xx_HAL_Driver/Src/stm32h7xx_hal_dma.c **** 
 5787              		.loc 1 1395 9 discriminator 10 view .LVU1846
 5788 04fa 1832     		adds	r2, r2, #24
 5789 04fc 9342     		cmp	r3, r2
 5790 04fe 20D0     		beq	.L279
1395:Drivers/STM32H7xx_HAL_Driver/Src/stm32h7xx_hal_dma.c **** 
 5791              		.loc 1 1395 9 discriminator 12 view .LVU1847
 5792 0500 1832     		adds	r2, r2, #24
 5793 0502 9342     		cmp	r3, r2
 5794 0504 1DD0     		beq	.L279
1395:Drivers/STM32H7xx_HAL_Driver/Src/stm32h7xx_hal_dma.c **** 
 5795              		.loc 1 1395 9 discriminator 14 view .LVU1848
 5796 0506 02F55672 		add	r2, r2, #856
 5797 050a 9342     		cmp	r3, r2
 5798 050c 19D0     		beq	.L279
1395:Drivers/STM32H7xx_HAL_Driver/Src/stm32h7xx_hal_dma.c **** 
 5799              		.loc 1 1395 9 discriminator 16 view .LVU1849
 5800 050e 1832     		adds	r2, r2, #24
 5801 0510 9342     		cmp	r3, r2
 5802 0512 16D0     		beq	.L279
1395:Drivers/STM32H7xx_HAL_Driver/Src/stm32h7xx_hal_dma.c **** 
 5803              		.loc 1 1395 9 discriminator 18 view .LVU1850
 5804 0514 1832     		adds	r2, r2, #24
 5805 0516 9342     		cmp	r3, r2
 5806 0518 13D0     		beq	.L279
1395:Drivers/STM32H7xx_HAL_Driver/Src/stm32h7xx_hal_dma.c **** 
 5807              		.loc 1 1395 9 discriminator 20 view .LVU1851
 5808 051a 1832     		adds	r2, r2, #24
 5809 051c 9342     		cmp	r3, r2
 5810 051e 10D0     		beq	.L279
1395:Drivers/STM32H7xx_HAL_Driver/Src/stm32h7xx_hal_dma.c **** 
 5811              		.loc 1 1395 9 discriminator 22 view .LVU1852
 5812 0520 1832     		adds	r2, r2, #24
 5813 0522 9342     		cmp	r3, r2
 5814 0524 0DD0     		beq	.L279
1395:Drivers/STM32H7xx_HAL_Driver/Src/stm32h7xx_hal_dma.c **** 
 5815              		.loc 1 1395 9 discriminator 24 view .LVU1853
 5816 0526 1832     		adds	r2, r2, #24
 5817 0528 9342     		cmp	r3, r2
 5818 052a 0AD0     		beq	.L279
1395:Drivers/STM32H7xx_HAL_Driver/Src/stm32h7xx_hal_dma.c **** 
 5819              		.loc 1 1395 9 discriminator 26 view .LVU1854
 5820 052c 1832     		adds	r2, r2, #24
 5821 052e 9342     		cmp	r3, r2
 5822 0530 07D0     		beq	.L279
1395:Drivers/STM32H7xx_HAL_Driver/Src/stm32h7xx_hal_dma.c **** 
 5823              		.loc 1 1395 9 discriminator 28 view .LVU1855
 5824 0532 1832     		adds	r2, r2, #24
 5825 0534 9342     		cmp	r3, r2
 5826 0536 04D0     		beq	.L279
1395:Drivers/STM32H7xx_HAL_Driver/Src/stm32h7xx_hal_dma.c **** 
 5827              		.loc 1 1395 9 discriminator 30 view .LVU1856
 5828 0538 1A68     		ldr	r2, [r3]
 5829 053a 22F00102 		bic	r2, r2, #1
 5830 053e 1A60     		str	r2, [r3]
 5831 0540 03E0     		b	.L283
 5832              	.L279:
ARM GAS  /tmp/ccMjPS5V.s 			page 168


1395:Drivers/STM32H7xx_HAL_Driver/Src/stm32h7xx_hal_dma.c **** 
 5833              		.loc 1 1395 9 discriminator 29 view .LVU1857
 5834 0542 1A68     		ldr	r2, [r3]
 5835 0544 22F00102 		bic	r2, r2, #1
 5836 0548 1A60     		str	r2, [r3]
 5837              	.L283:
1397:Drivers/STM32H7xx_HAL_Driver/Src/stm32h7xx_hal_dma.c ****         {
 5838              		.loc 1 1397 9 is_stmt 1 view .LVU1858
1399:Drivers/STM32H7xx_HAL_Driver/Src/stm32h7xx_hal_dma.c ****           {
 5839              		.loc 1 1399 11 view .LVU1859
1399:Drivers/STM32H7xx_HAL_Driver/Src/stm32h7xx_hal_dma.c ****           {
 5840              		.loc 1 1399 15 is_stmt 0 view .LVU1860
 5841 054a 019B     		ldr	r3, [sp, #4]
 5842 054c 0133     		adds	r3, r3, #1
1399:Drivers/STM32H7xx_HAL_Driver/Src/stm32h7xx_hal_dma.c ****           {
 5843              		.loc 1 1399 14 view .LVU1861
 5844 054e 0193     		str	r3, [sp, #4]
 5845 0550 AB42     		cmp	r3, r5
 5846 0552 04D8     		bhi	.L282
1404:Drivers/STM32H7xx_HAL_Driver/Src/stm32h7xx_hal_dma.c **** 
 5847              		.loc 1 1404 76 is_stmt 1 view .LVU1862
1404:Drivers/STM32H7xx_HAL_Driver/Src/stm32h7xx_hal_dma.c **** 
 5848              		.loc 1 1404 45 is_stmt 0 view .LVU1863
 5849 0554 2368     		ldr	r3, [r4]
1404:Drivers/STM32H7xx_HAL_Driver/Src/stm32h7xx_hal_dma.c **** 
 5850              		.loc 1 1404 56 view .LVU1864
 5851 0556 1B68     		ldr	r3, [r3]
1404:Drivers/STM32H7xx_HAL_Driver/Src/stm32h7xx_hal_dma.c **** 
 5852              		.loc 1 1404 76 view .LVU1865
 5853 0558 13F0010F 		tst	r3, #1
 5854 055c F5D1     		bne	.L283
 5855              	.L282:
1406:Drivers/STM32H7xx_HAL_Driver/Src/stm32h7xx_hal_dma.c ****         {
 5856              		.loc 1 1406 9 is_stmt 1 view .LVU1866
1406:Drivers/STM32H7xx_HAL_Driver/Src/stm32h7xx_hal_dma.c ****         {
 5857              		.loc 1 1406 42 is_stmt 0 view .LVU1867
 5858 055e 2368     		ldr	r3, [r4]
1406:Drivers/STM32H7xx_HAL_Driver/Src/stm32h7xx_hal_dma.c ****         {
 5859              		.loc 1 1406 53 view .LVU1868
 5860 0560 1B68     		ldr	r3, [r3]
1406:Drivers/STM32H7xx_HAL_Driver/Src/stm32h7xx_hal_dma.c ****         {
 5861              		.loc 1 1406 11 view .LVU1869
 5862 0562 13F0010F 		tst	r3, #1
 5863 0566 0BD0     		beq	.L284
1409:Drivers/STM32H7xx_HAL_Driver/Src/stm32h7xx_hal_dma.c ****         }
 5864              		.loc 1 1409 11 is_stmt 1 view .LVU1870
1409:Drivers/STM32H7xx_HAL_Driver/Src/stm32h7xx_hal_dma.c ****         }
 5865              		.loc 1 1409 23 is_stmt 0 view .LVU1871
 5866 0568 0323     		movs	r3, #3
 5867 056a 84F83530 		strb	r3, [r4, #53]
 5868              	.L285:
1418:Drivers/STM32H7xx_HAL_Driver/Src/stm32h7xx_hal_dma.c ****       }
 5869              		.loc 1 1418 9 is_stmt 1 view .LVU1872
1418:Drivers/STM32H7xx_HAL_Driver/Src/stm32h7xx_hal_dma.c ****       }
 5870              		.loc 1 1418 9 view .LVU1873
 5871 056e 0023     		movs	r3, #0
 5872 0570 84F83430 		strb	r3, [r4, #52]
ARM GAS  /tmp/ccMjPS5V.s 			page 169


 5873              	.L278:
1418:Drivers/STM32H7xx_HAL_Driver/Src/stm32h7xx_hal_dma.c ****       }
 5874              		.loc 1 1418 9 discriminator 1 view .LVU1874
1421:Drivers/STM32H7xx_HAL_Driver/Src/stm32h7xx_hal_dma.c ****       {
 5875              		.loc 1 1421 7 view .LVU1875
1421:Drivers/STM32H7xx_HAL_Driver/Src/stm32h7xx_hal_dma.c ****       {
 5876              		.loc 1 1421 14 is_stmt 0 view .LVU1876
 5877 0574 E36C     		ldr	r3, [r4, #76]
1421:Drivers/STM32H7xx_HAL_Driver/Src/stm32h7xx_hal_dma.c ****       {
 5878              		.loc 1 1421 9 view .LVU1877
 5879 0576 0BB1     		cbz	r3, .L243
1424:Drivers/STM32H7xx_HAL_Driver/Src/stm32h7xx_hal_dma.c ****       }
 5880              		.loc 1 1424 9 is_stmt 1 view .LVU1878
 5881 0578 2046     		mov	r0, r4
 5882 057a 9847     		blx	r3
 5883              	.LVL203:
 5884              	.L243:
1563:Drivers/STM32H7xx_HAL_Driver/Src/stm32h7xx_hal_dma.c **** 
 5885              		.loc 1 1563 1 is_stmt 0 view .LVU1879
 5886 057c 03B0     		add	sp, sp, #12
 5887              	.LCFI24:
 5888              		.cfi_remember_state
 5889              		.cfi_def_cfa_offset 20
 5890              		@ sp needed
 5891 057e F0BD     		pop	{r4, r5, r6, r7, pc}
 5892              	.LVL204:
 5893              	.L284:
 5894              	.LCFI25:
 5895              		.cfi_restore_state
1414:Drivers/STM32H7xx_HAL_Driver/Src/stm32h7xx_hal_dma.c ****         }
 5896              		.loc 1 1414 11 is_stmt 1 view .LVU1880
1414:Drivers/STM32H7xx_HAL_Driver/Src/stm32h7xx_hal_dma.c ****         }
 5897              		.loc 1 1414 23 is_stmt 0 view .LVU1881
 5898 0580 0123     		movs	r3, #1
 5899 0582 84F83530 		strb	r3, [r4, #53]
 5900 0586 F2E7     		b	.L285
 5901              	.LVL205:
 5902              	.L288:
1453:Drivers/STM32H7xx_HAL_Driver/Src/stm32h7xx_hal_dma.c ****           {
 5903              		.loc 1 1453 11 is_stmt 1 view .LVU1882
1453:Drivers/STM32H7xx_HAL_Driver/Src/stm32h7xx_hal_dma.c ****           {
 5904              		.loc 1 1453 18 is_stmt 0 view .LVU1883
 5905 0588 236C     		ldr	r3, [r4, #64]
1453:Drivers/STM32H7xx_HAL_Driver/Src/stm32h7xx_hal_dma.c ****           {
 5906              		.loc 1 1453 13 view .LVU1884
 5907 058a 002B     		cmp	r3, #0
 5908 058c F6D0     		beq	.L243
1456:Drivers/STM32H7xx_HAL_Driver/Src/stm32h7xx_hal_dma.c ****           }
 5909              		.loc 1 1456 13 is_stmt 1 view .LVU1885
 5910 058e 2046     		mov	r0, r4
 5911 0590 9847     		blx	r3
 5912              	.LVL206:
1456:Drivers/STM32H7xx_HAL_Driver/Src/stm32h7xx_hal_dma.c ****           }
 5913              		.loc 1 1456 13 is_stmt 0 view .LVU1886
 5914 0592 F3E7     		b	.L243
 5915              	.LVL207:
 5916              	.L287:
ARM GAS  /tmp/ccMjPS5V.s 			page 170


1462:Drivers/STM32H7xx_HAL_Driver/Src/stm32h7xx_hal_dma.c ****         {
 5917              		.loc 1 1462 9 is_stmt 1 view .LVU1887
1462:Drivers/STM32H7xx_HAL_Driver/Src/stm32h7xx_hal_dma.c ****         {
 5918              		.loc 1 1462 11 is_stmt 0 view .LVU1888
 5919 0594 12F0200F 		tst	r2, #32
 5920 0598 3AD1     		bne	.L289
1465:Drivers/STM32H7xx_HAL_Driver/Src/stm32h7xx_hal_dma.c ****         }
 5921              		.loc 1 1465 11 is_stmt 1 view .LVU1889
 5922 059a 2368     		ldr	r3, [r4]
 5923 059c 6449     		ldr	r1, .L307
 5924 059e 654A     		ldr	r2, .L307+4
 5925              	.LVL208:
1465:Drivers/STM32H7xx_HAL_Driver/Src/stm32h7xx_hal_dma.c ****         }
 5926              		.loc 1 1465 11 is_stmt 0 view .LVU1890
 5927 05a0 9342     		cmp	r3, r2
 5928 05a2 18BF     		it	ne
 5929 05a4 8B42     		cmpne	r3, r1
 5930 05a6 2FD0     		beq	.L290
1465:Drivers/STM32H7xx_HAL_Driver/Src/stm32h7xx_hal_dma.c ****         }
 5931              		.loc 1 1465 11 discriminator 2 view .LVU1891
 5932 05a8 1832     		adds	r2, r2, #24
 5933 05aa 9342     		cmp	r3, r2
 5934 05ac 2CD0     		beq	.L290
1465:Drivers/STM32H7xx_HAL_Driver/Src/stm32h7xx_hal_dma.c ****         }
 5935              		.loc 1 1465 11 discriminator 4 view .LVU1892
 5936 05ae 1832     		adds	r2, r2, #24
 5937 05b0 9342     		cmp	r3, r2
 5938 05b2 29D0     		beq	.L290
1465:Drivers/STM32H7xx_HAL_Driver/Src/stm32h7xx_hal_dma.c ****         }
 5939              		.loc 1 1465 11 discriminator 6 view .LVU1893
 5940 05b4 1832     		adds	r2, r2, #24
 5941 05b6 9342     		cmp	r3, r2
 5942 05b8 26D0     		beq	.L290
1465:Drivers/STM32H7xx_HAL_Driver/Src/stm32h7xx_hal_dma.c ****         }
 5943              		.loc 1 1465 11 discriminator 8 view .LVU1894
 5944 05ba 1832     		adds	r2, r2, #24
 5945 05bc 9342     		cmp	r3, r2
 5946 05be 23D0     		beq	.L290
1465:Drivers/STM32H7xx_HAL_Driver/Src/stm32h7xx_hal_dma.c ****         }
 5947              		.loc 1 1465 11 discriminator 10 view .LVU1895
 5948 05c0 1832     		adds	r2, r2, #24
 5949 05c2 9342     		cmp	r3, r2
 5950 05c4 20D0     		beq	.L290
1465:Drivers/STM32H7xx_HAL_Driver/Src/stm32h7xx_hal_dma.c ****         }
 5951              		.loc 1 1465 11 discriminator 12 view .LVU1896
 5952 05c6 1832     		adds	r2, r2, #24
 5953 05c8 9342     		cmp	r3, r2
 5954 05ca 1DD0     		beq	.L290
1465:Drivers/STM32H7xx_HAL_Driver/Src/stm32h7xx_hal_dma.c ****         }
 5955              		.loc 1 1465 11 discriminator 14 view .LVU1897
 5956 05cc 02F55672 		add	r2, r2, #856
 5957 05d0 9342     		cmp	r3, r2
 5958 05d2 19D0     		beq	.L290
1465:Drivers/STM32H7xx_HAL_Driver/Src/stm32h7xx_hal_dma.c ****         }
 5959              		.loc 1 1465 11 discriminator 16 view .LVU1898
 5960 05d4 1832     		adds	r2, r2, #24
 5961 05d6 9342     		cmp	r3, r2
ARM GAS  /tmp/ccMjPS5V.s 			page 171


 5962 05d8 16D0     		beq	.L290
1465:Drivers/STM32H7xx_HAL_Driver/Src/stm32h7xx_hal_dma.c ****         }
 5963              		.loc 1 1465 11 discriminator 18 view .LVU1899
 5964 05da 1832     		adds	r2, r2, #24
 5965 05dc 9342     		cmp	r3, r2
 5966 05de 13D0     		beq	.L290
1465:Drivers/STM32H7xx_HAL_Driver/Src/stm32h7xx_hal_dma.c ****         }
 5967              		.loc 1 1465 11 discriminator 20 view .LVU1900
 5968 05e0 1832     		adds	r2, r2, #24
 5969 05e2 9342     		cmp	r3, r2
 5970 05e4 10D0     		beq	.L290
1465:Drivers/STM32H7xx_HAL_Driver/Src/stm32h7xx_hal_dma.c ****         }
 5971              		.loc 1 1465 11 discriminator 22 view .LVU1901
 5972 05e6 1832     		adds	r2, r2, #24
 5973 05e8 9342     		cmp	r3, r2
 5974 05ea 0DD0     		beq	.L290
1465:Drivers/STM32H7xx_HAL_Driver/Src/stm32h7xx_hal_dma.c ****         }
 5975              		.loc 1 1465 11 discriminator 24 view .LVU1902
 5976 05ec 1832     		adds	r2, r2, #24
 5977 05ee 9342     		cmp	r3, r2
 5978 05f0 0AD0     		beq	.L290
1465:Drivers/STM32H7xx_HAL_Driver/Src/stm32h7xx_hal_dma.c ****         }
 5979              		.loc 1 1465 11 discriminator 26 view .LVU1903
 5980 05f2 1832     		adds	r2, r2, #24
 5981 05f4 9342     		cmp	r3, r2
 5982 05f6 07D0     		beq	.L290
1465:Drivers/STM32H7xx_HAL_Driver/Src/stm32h7xx_hal_dma.c ****         }
 5983              		.loc 1 1465 11 discriminator 28 view .LVU1904
 5984 05f8 1832     		adds	r2, r2, #24
 5985 05fa 9342     		cmp	r3, r2
 5986 05fc 04D0     		beq	.L290
1465:Drivers/STM32H7xx_HAL_Driver/Src/stm32h7xx_hal_dma.c ****         }
 5987              		.loc 1 1465 11 discriminator 30 view .LVU1905
 5988 05fe 1A68     		ldr	r2, [r3]
 5989 0600 22F00402 		bic	r2, r2, #4
 5990 0604 1A60     		str	r2, [r3]
 5991 0606 03E0     		b	.L289
 5992              	.L290:
1465:Drivers/STM32H7xx_HAL_Driver/Src/stm32h7xx_hal_dma.c ****         }
 5993              		.loc 1 1465 11 discriminator 29 view .LVU1906
 5994 0608 1A68     		ldr	r2, [r3]
 5995 060a 22F00802 		bic	r2, r2, #8
 5996 060e 1A60     		str	r2, [r3]
 5997              	.L289:
1471:Drivers/STM32H7xx_HAL_Driver/Src/stm32h7xx_hal_dma.c ****         {
 5998              		.loc 1 1471 8 is_stmt 1 view .LVU1907
1471:Drivers/STM32H7xx_HAL_Driver/Src/stm32h7xx_hal_dma.c ****         {
 5999              		.loc 1 1471 15 is_stmt 0 view .LVU1908
 6000 0610 236C     		ldr	r3, [r4, #64]
1471:Drivers/STM32H7xx_HAL_Driver/Src/stm32h7xx_hal_dma.c ****         {
 6001              		.loc 1 1471 10 view .LVU1909
 6002 0612 002B     		cmp	r3, #0
 6003 0614 B2D0     		beq	.L243
1474:Drivers/STM32H7xx_HAL_Driver/Src/stm32h7xx_hal_dma.c ****         }
 6004              		.loc 1 1474 11 is_stmt 1 view .LVU1910
 6005 0616 2046     		mov	r0, r4
 6006 0618 9847     		blx	r3
ARM GAS  /tmp/ccMjPS5V.s 			page 172


 6007              	.LVL209:
1474:Drivers/STM32H7xx_HAL_Driver/Src/stm32h7xx_hal_dma.c ****         }
 6008              		.loc 1 1474 11 is_stmt 0 view .LVU1911
 6009 061a AFE7     		b	.L243
 6010              	.LVL210:
 6011              	.L286:
1480:Drivers/STM32H7xx_HAL_Driver/Src/stm32h7xx_hal_dma.c ****     {
 6012              		.loc 1 1480 10 is_stmt 1 view .LVU1912
1480:Drivers/STM32H7xx_HAL_Driver/Src/stm32h7xx_hal_dma.c ****     {
 6013              		.loc 1 1480 45 is_stmt 0 view .LVU1913
 6014 061c 0220     		movs	r0, #2
 6015 061e 8840     		lsls	r0, r0, r1
1480:Drivers/STM32H7xx_HAL_Driver/Src/stm32h7xx_hal_dma.c ****     {
 6016              		.loc 1 1480 13 view .LVU1914
 6017 0620 10EA0C0F 		tst	r0, ip
 6018 0624 60D0     		beq	.L292
1480:Drivers/STM32H7xx_HAL_Driver/Src/stm32h7xx_hal_dma.c ****     {
 6019              		.loc 1 1480 85 discriminator 1 view .LVU1915
 6020 0626 12F0020F 		tst	r2, #2
 6021 062a 5DD0     		beq	.L292
1483:Drivers/STM32H7xx_HAL_Driver/Src/stm32h7xx_hal_dma.c **** 
 6022              		.loc 1 1483 7 is_stmt 1 view .LVU1916
1483:Drivers/STM32H7xx_HAL_Driver/Src/stm32h7xx_hal_dma.c **** 
 6023              		.loc 1 1483 23 is_stmt 0 view .LVU1917
 6024 062c 7860     		str	r0, [r7, #4]
1486:Drivers/STM32H7xx_HAL_Driver/Src/stm32h7xx_hal_dma.c ****       {
 6025              		.loc 1 1486 7 is_stmt 1 view .LVU1918
1486:Drivers/STM32H7xx_HAL_Driver/Src/stm32h7xx_hal_dma.c ****       {
 6026              		.loc 1 1486 9 is_stmt 0 view .LVU1919
 6027 062e 12F4004F 		tst	r2, #32768
 6028 0632 0ED0     		beq	.L293
1489:Drivers/STM32H7xx_HAL_Driver/Src/stm32h7xx_hal_dma.c ****         {
 6029              		.loc 1 1489 9 is_stmt 1 view .LVU1920
1489:Drivers/STM32H7xx_HAL_Driver/Src/stm32h7xx_hal_dma.c ****         {
 6030              		.loc 1 1489 11 is_stmt 0 view .LVU1921
 6031 0634 12F4803F 		tst	r2, #65536
 6032 0638 05D1     		bne	.L294
1491:Drivers/STM32H7xx_HAL_Driver/Src/stm32h7xx_hal_dma.c ****           {
 6033              		.loc 1 1491 11 is_stmt 1 view .LVU1922
1491:Drivers/STM32H7xx_HAL_Driver/Src/stm32h7xx_hal_dma.c ****           {
 6034              		.loc 1 1491 18 is_stmt 0 view .LVU1923
 6035 063a 636C     		ldr	r3, [r4, #68]
1491:Drivers/STM32H7xx_HAL_Driver/Src/stm32h7xx_hal_dma.c ****           {
 6036              		.loc 1 1491 13 view .LVU1924
 6037 063c 002B     		cmp	r3, #0
 6038 063e 9DD0     		beq	.L243
1494:Drivers/STM32H7xx_HAL_Driver/Src/stm32h7xx_hal_dma.c ****           }
 6039              		.loc 1 1494 13 is_stmt 1 view .LVU1925
 6040 0640 2046     		mov	r0, r4
 6041 0642 9847     		blx	r3
 6042              	.LVL211:
1494:Drivers/STM32H7xx_HAL_Driver/Src/stm32h7xx_hal_dma.c ****           }
 6043              		.loc 1 1494 13 is_stmt 0 view .LVU1926
 6044 0644 9AE7     		b	.L243
 6045              	.LVL212:
 6046              	.L294:
1500:Drivers/STM32H7xx_HAL_Driver/Src/stm32h7xx_hal_dma.c ****           {
ARM GAS  /tmp/ccMjPS5V.s 			page 173


 6047              		.loc 1 1500 11 is_stmt 1 view .LVU1927
1500:Drivers/STM32H7xx_HAL_Driver/Src/stm32h7xx_hal_dma.c ****           {
 6048              		.loc 1 1500 18 is_stmt 0 view .LVU1928
 6049 0646 E36B     		ldr	r3, [r4, #60]
1500:Drivers/STM32H7xx_HAL_Driver/Src/stm32h7xx_hal_dma.c ****           {
 6050              		.loc 1 1500 13 view .LVU1929
 6051 0648 002B     		cmp	r3, #0
 6052 064a 97D0     		beq	.L243
1503:Drivers/STM32H7xx_HAL_Driver/Src/stm32h7xx_hal_dma.c ****           }
 6053              		.loc 1 1503 13 is_stmt 1 view .LVU1930
 6054 064c 2046     		mov	r0, r4
 6055 064e 9847     		blx	r3
 6056              	.LVL213:
1503:Drivers/STM32H7xx_HAL_Driver/Src/stm32h7xx_hal_dma.c ****           }
 6057              		.loc 1 1503 13 is_stmt 0 view .LVU1931
 6058 0650 94E7     		b	.L243
 6059              	.LVL214:
 6060              	.L293:
1509:Drivers/STM32H7xx_HAL_Driver/Src/stm32h7xx_hal_dma.c ****         {
 6061              		.loc 1 1509 9 is_stmt 1 view .LVU1932
1509:Drivers/STM32H7xx_HAL_Driver/Src/stm32h7xx_hal_dma.c ****         {
 6062              		.loc 1 1509 11 is_stmt 0 view .LVU1933
 6063 0652 12F0200F 		tst	r2, #32
 6064 0656 40D1     		bne	.L295
1512:Drivers/STM32H7xx_HAL_Driver/Src/stm32h7xx_hal_dma.c **** 
 6065              		.loc 1 1512 11 is_stmt 1 view .LVU1934
 6066 0658 2368     		ldr	r3, [r4]
 6067 065a 3549     		ldr	r1, .L307
 6068 065c 354A     		ldr	r2, .L307+4
 6069              	.LVL215:
1512:Drivers/STM32H7xx_HAL_Driver/Src/stm32h7xx_hal_dma.c **** 
 6070              		.loc 1 1512 11 is_stmt 0 view .LVU1935
 6071 065e 9342     		cmp	r3, r2
 6072 0660 18BF     		it	ne
 6073 0662 8B42     		cmpne	r3, r1
 6074 0664 2FD0     		beq	.L296
1512:Drivers/STM32H7xx_HAL_Driver/Src/stm32h7xx_hal_dma.c **** 
 6075              		.loc 1 1512 11 discriminator 2 view .LVU1936
 6076 0666 1832     		adds	r2, r2, #24
 6077 0668 9342     		cmp	r3, r2
 6078 066a 2CD0     		beq	.L296
1512:Drivers/STM32H7xx_HAL_Driver/Src/stm32h7xx_hal_dma.c **** 
 6079              		.loc 1 1512 11 discriminator 4 view .LVU1937
 6080 066c 1832     		adds	r2, r2, #24
 6081 066e 9342     		cmp	r3, r2
 6082 0670 29D0     		beq	.L296
1512:Drivers/STM32H7xx_HAL_Driver/Src/stm32h7xx_hal_dma.c **** 
 6083              		.loc 1 1512 11 discriminator 6 view .LVU1938
 6084 0672 1832     		adds	r2, r2, #24
 6085 0674 9342     		cmp	r3, r2
 6086 0676 26D0     		beq	.L296
1512:Drivers/STM32H7xx_HAL_Driver/Src/stm32h7xx_hal_dma.c **** 
 6087              		.loc 1 1512 11 discriminator 8 view .LVU1939
 6088 0678 1832     		adds	r2, r2, #24
 6089 067a 9342     		cmp	r3, r2
 6090 067c 23D0     		beq	.L296
1512:Drivers/STM32H7xx_HAL_Driver/Src/stm32h7xx_hal_dma.c **** 
ARM GAS  /tmp/ccMjPS5V.s 			page 174


 6091              		.loc 1 1512 11 discriminator 10 view .LVU1940
 6092 067e 1832     		adds	r2, r2, #24
 6093 0680 9342     		cmp	r3, r2
 6094 0682 20D0     		beq	.L296
1512:Drivers/STM32H7xx_HAL_Driver/Src/stm32h7xx_hal_dma.c **** 
 6095              		.loc 1 1512 11 discriminator 12 view .LVU1941
 6096 0684 1832     		adds	r2, r2, #24
 6097 0686 9342     		cmp	r3, r2
 6098 0688 1DD0     		beq	.L296
1512:Drivers/STM32H7xx_HAL_Driver/Src/stm32h7xx_hal_dma.c **** 
 6099              		.loc 1 1512 11 discriminator 14 view .LVU1942
 6100 068a 02F55672 		add	r2, r2, #856
 6101 068e 9342     		cmp	r3, r2
 6102 0690 19D0     		beq	.L296
1512:Drivers/STM32H7xx_HAL_Driver/Src/stm32h7xx_hal_dma.c **** 
 6103              		.loc 1 1512 11 discriminator 16 view .LVU1943
 6104 0692 1832     		adds	r2, r2, #24
 6105 0694 9342     		cmp	r3, r2
 6106 0696 16D0     		beq	.L296
1512:Drivers/STM32H7xx_HAL_Driver/Src/stm32h7xx_hal_dma.c **** 
 6107              		.loc 1 1512 11 discriminator 18 view .LVU1944
 6108 0698 1832     		adds	r2, r2, #24
 6109 069a 9342     		cmp	r3, r2
 6110 069c 13D0     		beq	.L296
1512:Drivers/STM32H7xx_HAL_Driver/Src/stm32h7xx_hal_dma.c **** 
 6111              		.loc 1 1512 11 discriminator 20 view .LVU1945
 6112 069e 1832     		adds	r2, r2, #24
 6113 06a0 9342     		cmp	r3, r2
 6114 06a2 10D0     		beq	.L296
1512:Drivers/STM32H7xx_HAL_Driver/Src/stm32h7xx_hal_dma.c **** 
 6115              		.loc 1 1512 11 discriminator 22 view .LVU1946
 6116 06a4 1832     		adds	r2, r2, #24
 6117 06a6 9342     		cmp	r3, r2
 6118 06a8 0DD0     		beq	.L296
1512:Drivers/STM32H7xx_HAL_Driver/Src/stm32h7xx_hal_dma.c **** 
 6119              		.loc 1 1512 11 discriminator 24 view .LVU1947
 6120 06aa 1832     		adds	r2, r2, #24
 6121 06ac 9342     		cmp	r3, r2
 6122 06ae 0AD0     		beq	.L296
1512:Drivers/STM32H7xx_HAL_Driver/Src/stm32h7xx_hal_dma.c **** 
 6123              		.loc 1 1512 11 discriminator 26 view .LVU1948
 6124 06b0 1832     		adds	r2, r2, #24
 6125 06b2 9342     		cmp	r3, r2
 6126 06b4 07D0     		beq	.L296
1512:Drivers/STM32H7xx_HAL_Driver/Src/stm32h7xx_hal_dma.c **** 
 6127              		.loc 1 1512 11 discriminator 28 view .LVU1949
 6128 06b6 1832     		adds	r2, r2, #24
 6129 06b8 9342     		cmp	r3, r2
 6130 06ba 04D0     		beq	.L296
1512:Drivers/STM32H7xx_HAL_Driver/Src/stm32h7xx_hal_dma.c **** 
 6131              		.loc 1 1512 11 discriminator 30 view .LVU1950
 6132 06bc 1A68     		ldr	r2, [r3]
 6133 06be 22F00A02 		bic	r2, r2, #10
 6134 06c2 1A60     		str	r2, [r3]
 6135 06c4 03E0     		b	.L298
 6136              	.L296:
1512:Drivers/STM32H7xx_HAL_Driver/Src/stm32h7xx_hal_dma.c **** 
ARM GAS  /tmp/ccMjPS5V.s 			page 175


 6137              		.loc 1 1512 11 discriminator 29 view .LVU1951
 6138 06c6 1A68     		ldr	r2, [r3]
 6139 06c8 22F01402 		bic	r2, r2, #20
 6140 06cc 1A60     		str	r2, [r3]
 6141              	.L298:
1515:Drivers/STM32H7xx_HAL_Driver/Src/stm32h7xx_hal_dma.c **** 
 6142              		.loc 1 1515 11 is_stmt 1 view .LVU1952
1515:Drivers/STM32H7xx_HAL_Driver/Src/stm32h7xx_hal_dma.c **** 
 6143              		.loc 1 1515 23 is_stmt 0 view .LVU1953
 6144 06ce 0123     		movs	r3, #1
 6145 06d0 84F83530 		strb	r3, [r4, #53]
1518:Drivers/STM32H7xx_HAL_Driver/Src/stm32h7xx_hal_dma.c ****         }
 6146              		.loc 1 1518 11 is_stmt 1 view .LVU1954
1518:Drivers/STM32H7xx_HAL_Driver/Src/stm32h7xx_hal_dma.c ****         }
 6147              		.loc 1 1518 11 view .LVU1955
 6148 06d4 0023     		movs	r3, #0
 6149 06d6 84F83430 		strb	r3, [r4, #52]
 6150              	.L295:
1518:Drivers/STM32H7xx_HAL_Driver/Src/stm32h7xx_hal_dma.c ****         }
 6151              		.loc 1 1518 11 discriminator 1 view .LVU1956
1521:Drivers/STM32H7xx_HAL_Driver/Src/stm32h7xx_hal_dma.c ****         {
 6152              		.loc 1 1521 9 view .LVU1957
1521:Drivers/STM32H7xx_HAL_Driver/Src/stm32h7xx_hal_dma.c ****         {
 6153              		.loc 1 1521 16 is_stmt 0 view .LVU1958
 6154 06da E36B     		ldr	r3, [r4, #60]
1521:Drivers/STM32H7xx_HAL_Driver/Src/stm32h7xx_hal_dma.c ****         {
 6155              		.loc 1 1521 11 view .LVU1959
 6156 06dc 002B     		cmp	r3, #0
 6157 06de 3FF44DAF 		beq	.L243
1524:Drivers/STM32H7xx_HAL_Driver/Src/stm32h7xx_hal_dma.c ****         }
 6158              		.loc 1 1524 11 is_stmt 1 view .LVU1960
 6159 06e2 2046     		mov	r0, r4
 6160 06e4 9847     		blx	r3
 6161              	.LVL216:
1524:Drivers/STM32H7xx_HAL_Driver/Src/stm32h7xx_hal_dma.c ****         }
 6162              		.loc 1 1524 11 is_stmt 0 view .LVU1961
 6163 06e6 49E7     		b	.L243
 6164              	.LVL217:
 6165              	.L292:
1529:Drivers/STM32H7xx_HAL_Driver/Src/stm32h7xx_hal_dma.c ****     {
 6166              		.loc 1 1529 10 is_stmt 1 view .LVU1962
1529:Drivers/STM32H7xx_HAL_Driver/Src/stm32h7xx_hal_dma.c ****     {
 6167              		.loc 1 1529 45 is_stmt 0 view .LVU1963
 6168 06e8 0820     		movs	r0, #8
 6169 06ea 00FA01F1 		lsl	r1, r0, r1
1529:Drivers/STM32H7xx_HAL_Driver/Src/stm32h7xx_hal_dma.c ****     {
 6170              		.loc 1 1529 13 view .LVU1964
 6171 06ee 11EA0C0F 		tst	r1, ip
 6172 06f2 3FF443AF 		beq	.L243
1529:Drivers/STM32H7xx_HAL_Driver/Src/stm32h7xx_hal_dma.c ****     {
 6173              		.loc 1 1529 85 discriminator 1 view .LVU1965
 6174 06f6 12F0080F 		tst	r2, #8
 6175 06fa 3FF43FAF 		beq	.L243
1534:Drivers/STM32H7xx_HAL_Driver/Src/stm32h7xx_hal_dma.c **** 
 6176              		.loc 1 1534 7 is_stmt 1 view .LVU1966
1534:Drivers/STM32H7xx_HAL_Driver/Src/stm32h7xx_hal_dma.c **** 
 6177              		.loc 1 1534 7 is_stmt 0 discriminator 30 view .LVU1967
ARM GAS  /tmp/ccMjPS5V.s 			page 176


 6178 06fe 1A68     		ldr	r2, [r3]
 6179              	.LVL218:
1534:Drivers/STM32H7xx_HAL_Driver/Src/stm32h7xx_hal_dma.c **** 
 6180              		.loc 1 1534 7 discriminator 30 view .LVU1968
 6181 0700 22F00E02 		bic	r2, r2, #14
 6182 0704 1A60     		str	r2, [r3]
1537:Drivers/STM32H7xx_HAL_Driver/Src/stm32h7xx_hal_dma.c **** 
 6183              		.loc 1 1537 7 is_stmt 1 view .LVU1969
1537:Drivers/STM32H7xx_HAL_Driver/Src/stm32h7xx_hal_dma.c **** 
 6184              		.loc 1 1537 49 is_stmt 0 view .LVU1970
 6185 0706 E36D     		ldr	r3, [r4, #92]
1537:Drivers/STM32H7xx_HAL_Driver/Src/stm32h7xx_hal_dma.c **** 
 6186              		.loc 1 1537 63 view .LVU1971
 6187 0708 03F01F03 		and	r3, r3, #31
1537:Drivers/STM32H7xx_HAL_Driver/Src/stm32h7xx_hal_dma.c **** 
 6188              		.loc 1 1537 41 view .LVU1972
 6189 070c 0122     		movs	r2, #1
 6190 070e 02FA03F3 		lsl	r3, r2, r3
1537:Drivers/STM32H7xx_HAL_Driver/Src/stm32h7xx_hal_dma.c **** 
 6191              		.loc 1 1537 23 view .LVU1973
 6192 0712 7B60     		str	r3, [r7, #4]
1540:Drivers/STM32H7xx_HAL_Driver/Src/stm32h7xx_hal_dma.c **** 
 6193              		.loc 1 1540 7 is_stmt 1 view .LVU1974
1540:Drivers/STM32H7xx_HAL_Driver/Src/stm32h7xx_hal_dma.c **** 
 6194              		.loc 1 1540 23 is_stmt 0 view .LVU1975
 6195 0714 6265     		str	r2, [r4, #84]
1543:Drivers/STM32H7xx_HAL_Driver/Src/stm32h7xx_hal_dma.c **** 
 6196              		.loc 1 1543 7 is_stmt 1 view .LVU1976
1543:Drivers/STM32H7xx_HAL_Driver/Src/stm32h7xx_hal_dma.c **** 
 6197              		.loc 1 1543 19 is_stmt 0 view .LVU1977
 6198 0716 84F83520 		strb	r2, [r4, #53]
1546:Drivers/STM32H7xx_HAL_Driver/Src/stm32h7xx_hal_dma.c **** 
 6199              		.loc 1 1546 7 is_stmt 1 view .LVU1978
1546:Drivers/STM32H7xx_HAL_Driver/Src/stm32h7xx_hal_dma.c **** 
 6200              		.loc 1 1546 7 view .LVU1979
 6201 071a 0023     		movs	r3, #0
 6202 071c 84F83430 		strb	r3, [r4, #52]
1546:Drivers/STM32H7xx_HAL_Driver/Src/stm32h7xx_hal_dma.c **** 
 6203              		.loc 1 1546 7 view .LVU1980
1548:Drivers/STM32H7xx_HAL_Driver/Src/stm32h7xx_hal_dma.c ****       {
 6204              		.loc 1 1548 7 view .LVU1981
1548:Drivers/STM32H7xx_HAL_Driver/Src/stm32h7xx_hal_dma.c ****       {
 6205              		.loc 1 1548 15 is_stmt 0 view .LVU1982
 6206 0720 E36C     		ldr	r3, [r4, #76]
1548:Drivers/STM32H7xx_HAL_Driver/Src/stm32h7xx_hal_dma.c ****       {
 6207              		.loc 1 1548 10 view .LVU1983
 6208 0722 002B     		cmp	r3, #0
 6209 0724 3FF42AAF 		beq	.L243
1551:Drivers/STM32H7xx_HAL_Driver/Src/stm32h7xx_hal_dma.c ****       }
 6210              		.loc 1 1551 9 is_stmt 1 view .LVU1984
 6211 0728 2046     		mov	r0, r4
 6212 072a 9847     		blx	r3
 6213              	.LVL219:
1562:Drivers/STM32H7xx_HAL_Driver/Src/stm32h7xx_hal_dma.c **** }
 6214              		.loc 1 1562 3 view .LVU1985
 6215 072c 26E7     		b	.L243
 6216              	.L308:
ARM GAS  /tmp/ccMjPS5V.s 			page 177


 6217 072e 00BF     		.align	2
 6218              	.L307:
 6219 0730 10000240 		.word	1073872912
 6220 0734 28000240 		.word	1073872936
 6221              		.cfi_endproc
 6222              	.LFE153:
 6224              		.section	.text.HAL_DMA_RegisterCallback,"ax",%progbits
 6225              		.align	1
 6226              		.global	HAL_DMA_RegisterCallback
 6227              		.syntax unified
 6228              		.thumb
 6229              		.thumb_func
 6231              	HAL_DMA_RegisterCallback:
 6232              	.LVL220:
 6233              	.LFB154:
1576:Drivers/STM32H7xx_HAL_Driver/Src/stm32h7xx_hal_dma.c **** 
 6234              		.loc 1 1576 1 view -0
 6235              		.cfi_startproc
 6236              		@ args = 0, pretend = 0, frame = 0
 6237              		@ frame_needed = 0, uses_anonymous_args = 0
 6238              		@ link register save eliminated.
1578:Drivers/STM32H7xx_HAL_Driver/Src/stm32h7xx_hal_dma.c **** 
 6239              		.loc 1 1578 3 view .LVU1987
1581:Drivers/STM32H7xx_HAL_Driver/Src/stm32h7xx_hal_dma.c ****   {
 6240              		.loc 1 1581 3 view .LVU1988
1581:Drivers/STM32H7xx_HAL_Driver/Src/stm32h7xx_hal_dma.c ****   {
 6241              		.loc 1 1581 5 is_stmt 0 view .LVU1989
 6242 0000 0346     		mov	r3, r0
 6243 0002 48B3     		cbz	r0, .L319
1587:Drivers/STM32H7xx_HAL_Driver/Src/stm32h7xx_hal_dma.c **** 
 6244              		.loc 1 1587 3 is_stmt 1 view .LVU1990
1587:Drivers/STM32H7xx_HAL_Driver/Src/stm32h7xx_hal_dma.c **** 
 6245              		.loc 1 1587 3 view .LVU1991
 6246 0004 90F83400 		ldrb	r0, [r0, #52]	@ zero_extendqisi2
 6247              	.LVL221:
1587:Drivers/STM32H7xx_HAL_Driver/Src/stm32h7xx_hal_dma.c **** 
 6248              		.loc 1 1587 3 is_stmt 0 view .LVU1992
 6249 0008 0128     		cmp	r0, #1
 6250 000a 27D0     		beq	.L320
1587:Drivers/STM32H7xx_HAL_Driver/Src/stm32h7xx_hal_dma.c **** 
 6251              		.loc 1 1587 3 is_stmt 1 discriminator 2 view .LVU1993
 6252 000c 0120     		movs	r0, #1
 6253 000e 83F83400 		strb	r0, [r3, #52]
1587:Drivers/STM32H7xx_HAL_Driver/Src/stm32h7xx_hal_dma.c **** 
 6254              		.loc 1 1587 3 discriminator 2 view .LVU1994
1589:Drivers/STM32H7xx_HAL_Driver/Src/stm32h7xx_hal_dma.c ****   {
 6255              		.loc 1 1589 3 view .LVU1995
1589:Drivers/STM32H7xx_HAL_Driver/Src/stm32h7xx_hal_dma.c ****   {
 6256              		.loc 1 1589 33 is_stmt 0 view .LVU1996
 6257 0012 93F83500 		ldrb	r0, [r3, #53]	@ zero_extendqisi2
 6258 0016 C0B2     		uxtb	r0, r0
1589:Drivers/STM32H7xx_HAL_Driver/Src/stm32h7xx_hal_dma.c ****   {
 6259              		.loc 1 1589 5 view .LVU1997
 6260 0018 0128     		cmp	r0, #1
 6261 001a 04D0     		beq	.L323
1625:Drivers/STM32H7xx_HAL_Driver/Src/stm32h7xx_hal_dma.c ****   }
 6262              		.loc 1 1625 12 view .LVU1998
ARM GAS  /tmp/ccMjPS5V.s 			page 178


 6263 001c 0120     		movs	r0, #1
 6264              	.L311:
 6265              	.LVL222:
1629:Drivers/STM32H7xx_HAL_Driver/Src/stm32h7xx_hal_dma.c **** 
 6266              		.loc 1 1629 3 is_stmt 1 view .LVU1999
1629:Drivers/STM32H7xx_HAL_Driver/Src/stm32h7xx_hal_dma.c **** 
 6267              		.loc 1 1629 3 view .LVU2000
 6268 001e 0022     		movs	r2, #0
 6269              	.LVL223:
1629:Drivers/STM32H7xx_HAL_Driver/Src/stm32h7xx_hal_dma.c **** 
 6270              		.loc 1 1629 3 is_stmt 0 view .LVU2001
 6271 0020 83F83420 		strb	r2, [r3, #52]
1629:Drivers/STM32H7xx_HAL_Driver/Src/stm32h7xx_hal_dma.c **** 
 6272              		.loc 1 1629 3 is_stmt 1 view .LVU2002
1631:Drivers/STM32H7xx_HAL_Driver/Src/stm32h7xx_hal_dma.c **** }
 6273              		.loc 1 1631 3 view .LVU2003
1631:Drivers/STM32H7xx_HAL_Driver/Src/stm32h7xx_hal_dma.c **** }
 6274              		.loc 1 1631 10 is_stmt 0 view .LVU2004
 6275 0024 7047     		bx	lr
 6276              	.LVL224:
 6277              	.L323:
1591:Drivers/STM32H7xx_HAL_Driver/Src/stm32h7xx_hal_dma.c ****     {
 6278              		.loc 1 1591 5 is_stmt 1 view .LVU2005
 6279 0026 0529     		cmp	r1, #5
 6280 0028 F9D8     		bhi	.L311
 6281 002a DFE801F0 		tbb	[pc, r1]
 6282              	.L313:
 6283 002e 03       		.byte	(.L318-.L313)/2
 6284 002f 06       		.byte	(.L317-.L313)/2
 6285 0030 09       		.byte	(.L316-.L313)/2
 6286 0031 0C       		.byte	(.L315-.L313)/2
 6287 0032 0F       		.byte	(.L314-.L313)/2
 6288 0033 12       		.byte	(.L312-.L313)/2
 6289              		.p2align 1
 6290              	.L318:
1594:Drivers/STM32H7xx_HAL_Driver/Src/stm32h7xx_hal_dma.c ****       break;
 6291              		.loc 1 1594 7 view .LVU2006
1594:Drivers/STM32H7xx_HAL_Driver/Src/stm32h7xx_hal_dma.c ****       break;
 6292              		.loc 1 1594 30 is_stmt 0 view .LVU2007
 6293 0034 DA63     		str	r2, [r3, #60]
1595:Drivers/STM32H7xx_HAL_Driver/Src/stm32h7xx_hal_dma.c **** 
 6294              		.loc 1 1595 7 is_stmt 1 view .LVU2008
1578:Drivers/STM32H7xx_HAL_Driver/Src/stm32h7xx_hal_dma.c **** 
 6295              		.loc 1 1578 21 is_stmt 0 view .LVU2009
 6296 0036 0846     		mov	r0, r1
1595:Drivers/STM32H7xx_HAL_Driver/Src/stm32h7xx_hal_dma.c **** 
 6297              		.loc 1 1595 7 view .LVU2010
 6298 0038 F1E7     		b	.L311
 6299              	.L317:
1598:Drivers/STM32H7xx_HAL_Driver/Src/stm32h7xx_hal_dma.c ****       break;
 6300              		.loc 1 1598 7 is_stmt 1 view .LVU2011
1598:Drivers/STM32H7xx_HAL_Driver/Src/stm32h7xx_hal_dma.c ****       break;
 6301              		.loc 1 1598 34 is_stmt 0 view .LVU2012
 6302 003a 1A64     		str	r2, [r3, #64]
1599:Drivers/STM32H7xx_HAL_Driver/Src/stm32h7xx_hal_dma.c **** 
 6303              		.loc 1 1599 7 is_stmt 1 view .LVU2013
1578:Drivers/STM32H7xx_HAL_Driver/Src/stm32h7xx_hal_dma.c **** 
ARM GAS  /tmp/ccMjPS5V.s 			page 179


 6304              		.loc 1 1578 21 is_stmt 0 view .LVU2014
 6305 003c 0020     		movs	r0, #0
1599:Drivers/STM32H7xx_HAL_Driver/Src/stm32h7xx_hal_dma.c **** 
 6306              		.loc 1 1599 7 view .LVU2015
 6307 003e EEE7     		b	.L311
 6308              	.L316:
1602:Drivers/STM32H7xx_HAL_Driver/Src/stm32h7xx_hal_dma.c ****       break;
 6309              		.loc 1 1602 7 is_stmt 1 view .LVU2016
1602:Drivers/STM32H7xx_HAL_Driver/Src/stm32h7xx_hal_dma.c ****       break;
 6310              		.loc 1 1602 32 is_stmt 0 view .LVU2017
 6311 0040 5A64     		str	r2, [r3, #68]
1603:Drivers/STM32H7xx_HAL_Driver/Src/stm32h7xx_hal_dma.c **** 
 6312              		.loc 1 1603 7 is_stmt 1 view .LVU2018
1578:Drivers/STM32H7xx_HAL_Driver/Src/stm32h7xx_hal_dma.c **** 
 6313              		.loc 1 1578 21 is_stmt 0 view .LVU2019
 6314 0042 0020     		movs	r0, #0
1603:Drivers/STM32H7xx_HAL_Driver/Src/stm32h7xx_hal_dma.c **** 
 6315              		.loc 1 1603 7 view .LVU2020
 6316 0044 EBE7     		b	.L311
 6317              	.L315:
1606:Drivers/STM32H7xx_HAL_Driver/Src/stm32h7xx_hal_dma.c ****       break;
 6318              		.loc 1 1606 7 is_stmt 1 view .LVU2021
1606:Drivers/STM32H7xx_HAL_Driver/Src/stm32h7xx_hal_dma.c ****       break;
 6319              		.loc 1 1606 36 is_stmt 0 view .LVU2022
 6320 0046 9A64     		str	r2, [r3, #72]
1607:Drivers/STM32H7xx_HAL_Driver/Src/stm32h7xx_hal_dma.c **** 
 6321              		.loc 1 1607 7 is_stmt 1 view .LVU2023
1578:Drivers/STM32H7xx_HAL_Driver/Src/stm32h7xx_hal_dma.c **** 
 6322              		.loc 1 1578 21 is_stmt 0 view .LVU2024
 6323 0048 0020     		movs	r0, #0
1607:Drivers/STM32H7xx_HAL_Driver/Src/stm32h7xx_hal_dma.c **** 
 6324              		.loc 1 1607 7 view .LVU2025
 6325 004a E8E7     		b	.L311
 6326              	.L314:
1610:Drivers/STM32H7xx_HAL_Driver/Src/stm32h7xx_hal_dma.c ****       break;
 6327              		.loc 1 1610 7 is_stmt 1 view .LVU2026
1610:Drivers/STM32H7xx_HAL_Driver/Src/stm32h7xx_hal_dma.c ****       break;
 6328              		.loc 1 1610 31 is_stmt 0 view .LVU2027
 6329 004c DA64     		str	r2, [r3, #76]
1611:Drivers/STM32H7xx_HAL_Driver/Src/stm32h7xx_hal_dma.c **** 
 6330              		.loc 1 1611 7 is_stmt 1 view .LVU2028
1578:Drivers/STM32H7xx_HAL_Driver/Src/stm32h7xx_hal_dma.c **** 
 6331              		.loc 1 1578 21 is_stmt 0 view .LVU2029
 6332 004e 0020     		movs	r0, #0
1611:Drivers/STM32H7xx_HAL_Driver/Src/stm32h7xx_hal_dma.c **** 
 6333              		.loc 1 1611 7 view .LVU2030
 6334 0050 E5E7     		b	.L311
 6335              	.L312:
1614:Drivers/STM32H7xx_HAL_Driver/Src/stm32h7xx_hal_dma.c ****       break;
 6336              		.loc 1 1614 7 is_stmt 1 view .LVU2031
1614:Drivers/STM32H7xx_HAL_Driver/Src/stm32h7xx_hal_dma.c ****       break;
 6337              		.loc 1 1614 31 is_stmt 0 view .LVU2032
 6338 0052 1A65     		str	r2, [r3, #80]
1615:Drivers/STM32H7xx_HAL_Driver/Src/stm32h7xx_hal_dma.c **** 
 6339              		.loc 1 1615 7 is_stmt 1 view .LVU2033
1578:Drivers/STM32H7xx_HAL_Driver/Src/stm32h7xx_hal_dma.c **** 
 6340              		.loc 1 1578 21 is_stmt 0 view .LVU2034
ARM GAS  /tmp/ccMjPS5V.s 			page 180


 6341 0054 0020     		movs	r0, #0
1615:Drivers/STM32H7xx_HAL_Driver/Src/stm32h7xx_hal_dma.c **** 
 6342              		.loc 1 1615 7 view .LVU2035
 6343 0056 E2E7     		b	.L311
 6344              	.LVL225:
 6345              	.L319:
1583:Drivers/STM32H7xx_HAL_Driver/Src/stm32h7xx_hal_dma.c ****   }
 6346              		.loc 1 1583 12 view .LVU2036
 6347 0058 0120     		movs	r0, #1
 6348              	.LVL226:
1583:Drivers/STM32H7xx_HAL_Driver/Src/stm32h7xx_hal_dma.c ****   }
 6349              		.loc 1 1583 12 view .LVU2037
 6350 005a 7047     		bx	lr
 6351              	.L320:
1587:Drivers/STM32H7xx_HAL_Driver/Src/stm32h7xx_hal_dma.c **** 
 6352              		.loc 1 1587 3 discriminator 1 view .LVU2038
 6353 005c 0220     		movs	r0, #2
1632:Drivers/STM32H7xx_HAL_Driver/Src/stm32h7xx_hal_dma.c **** 
 6354              		.loc 1 1632 1 view .LVU2039
 6355 005e 7047     		bx	lr
 6356              		.cfi_endproc
 6357              	.LFE154:
 6359              		.section	.text.HAL_DMA_UnRegisterCallback,"ax",%progbits
 6360              		.align	1
 6361              		.global	HAL_DMA_UnRegisterCallback
 6362              		.syntax unified
 6363              		.thumb
 6364              		.thumb_func
 6366              	HAL_DMA_UnRegisterCallback:
 6367              	.LVL227:
 6368              	.LFB155:
1643:Drivers/STM32H7xx_HAL_Driver/Src/stm32h7xx_hal_dma.c ****   HAL_StatusTypeDef status = HAL_OK;
 6369              		.loc 1 1643 1 is_stmt 1 view -0
 6370              		.cfi_startproc
 6371              		@ args = 0, pretend = 0, frame = 0
 6372              		@ frame_needed = 0, uses_anonymous_args = 0
 6373              		@ link register save eliminated.
1644:Drivers/STM32H7xx_HAL_Driver/Src/stm32h7xx_hal_dma.c **** 
 6374              		.loc 1 1644 3 view .LVU2041
1647:Drivers/STM32H7xx_HAL_Driver/Src/stm32h7xx_hal_dma.c ****   {
 6375              		.loc 1 1647 3 view .LVU2042
1647:Drivers/STM32H7xx_HAL_Driver/Src/stm32h7xx_hal_dma.c ****   {
 6376              		.loc 1 1647 5 is_stmt 0 view .LVU2043
 6377 0000 0346     		mov	r3, r0
 6378 0002 0028     		cmp	r0, #0
 6379 0004 33D0     		beq	.L335
1653:Drivers/STM32H7xx_HAL_Driver/Src/stm32h7xx_hal_dma.c **** 
 6380              		.loc 1 1653 3 is_stmt 1 view .LVU2044
1653:Drivers/STM32H7xx_HAL_Driver/Src/stm32h7xx_hal_dma.c **** 
 6381              		.loc 1 1653 3 view .LVU2045
 6382 0006 90F83420 		ldrb	r2, [r0, #52]	@ zero_extendqisi2
 6383 000a 012A     		cmp	r2, #1
 6384 000c 31D0     		beq	.L336
1653:Drivers/STM32H7xx_HAL_Driver/Src/stm32h7xx_hal_dma.c **** 
 6385              		.loc 1 1653 3 discriminator 2 view .LVU2046
 6386 000e 0122     		movs	r2, #1
 6387 0010 80F83420 		strb	r2, [r0, #52]
ARM GAS  /tmp/ccMjPS5V.s 			page 181


1653:Drivers/STM32H7xx_HAL_Driver/Src/stm32h7xx_hal_dma.c **** 
 6388              		.loc 1 1653 3 discriminator 2 view .LVU2047
1655:Drivers/STM32H7xx_HAL_Driver/Src/stm32h7xx_hal_dma.c ****   {
 6389              		.loc 1 1655 3 view .LVU2048
1655:Drivers/STM32H7xx_HAL_Driver/Src/stm32h7xx_hal_dma.c ****   {
 6390              		.loc 1 1655 33 is_stmt 0 view .LVU2049
 6391 0014 90F83500 		ldrb	r0, [r0, #53]	@ zero_extendqisi2
 6392              	.LVL228:
1655:Drivers/STM32H7xx_HAL_Driver/Src/stm32h7xx_hal_dma.c ****   {
 6393              		.loc 1 1655 33 view .LVU2050
 6394 0018 C0B2     		uxtb	r0, r0
1655:Drivers/STM32H7xx_HAL_Driver/Src/stm32h7xx_hal_dma.c ****   {
 6395              		.loc 1 1655 5 view .LVU2051
 6396 001a 9042     		cmp	r0, r2
 6397 001c 04D0     		beq	.L339
1699:Drivers/STM32H7xx_HAL_Driver/Src/stm32h7xx_hal_dma.c ****   }
 6398              		.loc 1 1699 12 view .LVU2052
 6399 001e 0120     		movs	r0, #1
 6400              	.L326:
 6401              	.LVL229:
1703:Drivers/STM32H7xx_HAL_Driver/Src/stm32h7xx_hal_dma.c **** 
 6402              		.loc 1 1703 3 is_stmt 1 view .LVU2053
1703:Drivers/STM32H7xx_HAL_Driver/Src/stm32h7xx_hal_dma.c **** 
 6403              		.loc 1 1703 3 view .LVU2054
 6404 0020 0022     		movs	r2, #0
 6405 0022 83F83420 		strb	r2, [r3, #52]
1703:Drivers/STM32H7xx_HAL_Driver/Src/stm32h7xx_hal_dma.c **** 
 6406              		.loc 1 1703 3 view .LVU2055
1705:Drivers/STM32H7xx_HAL_Driver/Src/stm32h7xx_hal_dma.c **** }
 6407              		.loc 1 1705 3 view .LVU2056
1705:Drivers/STM32H7xx_HAL_Driver/Src/stm32h7xx_hal_dma.c **** }
 6408              		.loc 1 1705 10 is_stmt 0 view .LVU2057
 6409 0026 7047     		bx	lr
 6410              	.LVL230:
 6411              	.L339:
1657:Drivers/STM32H7xx_HAL_Driver/Src/stm32h7xx_hal_dma.c ****     {
 6412              		.loc 1 1657 5 is_stmt 1 view .LVU2058
 6413 0028 0629     		cmp	r1, #6
 6414 002a F9D8     		bhi	.L326
 6415 002c DFE801F0 		tbb	[pc, r1]
 6416              	.L328:
 6417 0030 04       		.byte	(.L334-.L328)/2
 6418 0031 08       		.byte	(.L333-.L328)/2
 6419 0032 0B       		.byte	(.L332-.L328)/2
 6420 0033 0E       		.byte	(.L331-.L328)/2
 6421 0034 11       		.byte	(.L330-.L328)/2
 6422 0035 14       		.byte	(.L329-.L328)/2
 6423 0036 17       		.byte	(.L327-.L328)/2
 6424 0037 00       		.p2align 1
 6425              	.L334:
1660:Drivers/STM32H7xx_HAL_Driver/Src/stm32h7xx_hal_dma.c ****       break;
 6426              		.loc 1 1660 7 view .LVU2059
1660:Drivers/STM32H7xx_HAL_Driver/Src/stm32h7xx_hal_dma.c ****       break;
 6427              		.loc 1 1660 30 is_stmt 0 view .LVU2060
 6428 0038 0022     		movs	r2, #0
 6429 003a DA63     		str	r2, [r3, #60]
1661:Drivers/STM32H7xx_HAL_Driver/Src/stm32h7xx_hal_dma.c **** 
ARM GAS  /tmp/ccMjPS5V.s 			page 182


 6430              		.loc 1 1661 7 is_stmt 1 view .LVU2061
1644:Drivers/STM32H7xx_HAL_Driver/Src/stm32h7xx_hal_dma.c **** 
 6431              		.loc 1 1644 21 is_stmt 0 view .LVU2062
 6432 003c 0846     		mov	r0, r1
1661:Drivers/STM32H7xx_HAL_Driver/Src/stm32h7xx_hal_dma.c **** 
 6433              		.loc 1 1661 7 view .LVU2063
 6434 003e EFE7     		b	.L326
 6435              	.L333:
1664:Drivers/STM32H7xx_HAL_Driver/Src/stm32h7xx_hal_dma.c ****       break;
 6436              		.loc 1 1664 7 is_stmt 1 view .LVU2064
1664:Drivers/STM32H7xx_HAL_Driver/Src/stm32h7xx_hal_dma.c ****       break;
 6437              		.loc 1 1664 34 is_stmt 0 view .LVU2065
 6438 0040 0020     		movs	r0, #0
 6439 0042 1864     		str	r0, [r3, #64]
1665:Drivers/STM32H7xx_HAL_Driver/Src/stm32h7xx_hal_dma.c **** 
 6440              		.loc 1 1665 7 is_stmt 1 view .LVU2066
 6441 0044 ECE7     		b	.L326
 6442              	.L332:
1668:Drivers/STM32H7xx_HAL_Driver/Src/stm32h7xx_hal_dma.c ****       break;
 6443              		.loc 1 1668 7 view .LVU2067
1668:Drivers/STM32H7xx_HAL_Driver/Src/stm32h7xx_hal_dma.c ****       break;
 6444              		.loc 1 1668 32 is_stmt 0 view .LVU2068
 6445 0046 0020     		movs	r0, #0
 6446 0048 5864     		str	r0, [r3, #68]
1669:Drivers/STM32H7xx_HAL_Driver/Src/stm32h7xx_hal_dma.c **** 
 6447              		.loc 1 1669 7 is_stmt 1 view .LVU2069
 6448 004a E9E7     		b	.L326
 6449              	.L331:
1672:Drivers/STM32H7xx_HAL_Driver/Src/stm32h7xx_hal_dma.c ****       break;
 6450              		.loc 1 1672 7 view .LVU2070
1672:Drivers/STM32H7xx_HAL_Driver/Src/stm32h7xx_hal_dma.c ****       break;
 6451              		.loc 1 1672 36 is_stmt 0 view .LVU2071
 6452 004c 0020     		movs	r0, #0
 6453 004e 9864     		str	r0, [r3, #72]
1673:Drivers/STM32H7xx_HAL_Driver/Src/stm32h7xx_hal_dma.c **** 
 6454              		.loc 1 1673 7 is_stmt 1 view .LVU2072
 6455 0050 E6E7     		b	.L326
 6456              	.L330:
1676:Drivers/STM32H7xx_HAL_Driver/Src/stm32h7xx_hal_dma.c ****       break;
 6457              		.loc 1 1676 7 view .LVU2073
1676:Drivers/STM32H7xx_HAL_Driver/Src/stm32h7xx_hal_dma.c ****       break;
 6458              		.loc 1 1676 31 is_stmt 0 view .LVU2074
 6459 0052 0020     		movs	r0, #0
 6460 0054 D864     		str	r0, [r3, #76]
1677:Drivers/STM32H7xx_HAL_Driver/Src/stm32h7xx_hal_dma.c **** 
 6461              		.loc 1 1677 7 is_stmt 1 view .LVU2075
 6462 0056 E3E7     		b	.L326
 6463              	.L329:
1680:Drivers/STM32H7xx_HAL_Driver/Src/stm32h7xx_hal_dma.c ****       break;
 6464              		.loc 1 1680 7 view .LVU2076
1680:Drivers/STM32H7xx_HAL_Driver/Src/stm32h7xx_hal_dma.c ****       break;
 6465              		.loc 1 1680 31 is_stmt 0 view .LVU2077
 6466 0058 0020     		movs	r0, #0
 6467 005a 1865     		str	r0, [r3, #80]
1681:Drivers/STM32H7xx_HAL_Driver/Src/stm32h7xx_hal_dma.c **** 
 6468              		.loc 1 1681 7 is_stmt 1 view .LVU2078
 6469 005c E0E7     		b	.L326
ARM GAS  /tmp/ccMjPS5V.s 			page 183


 6470              	.L327:
1684:Drivers/STM32H7xx_HAL_Driver/Src/stm32h7xx_hal_dma.c ****       hdma->XferHalfCpltCallback = NULL;
 6471              		.loc 1 1684 7 view .LVU2079
1684:Drivers/STM32H7xx_HAL_Driver/Src/stm32h7xx_hal_dma.c ****       hdma->XferHalfCpltCallback = NULL;
 6472              		.loc 1 1684 30 is_stmt 0 view .LVU2080
 6473 005e 0020     		movs	r0, #0
 6474 0060 D863     		str	r0, [r3, #60]
1685:Drivers/STM32H7xx_HAL_Driver/Src/stm32h7xx_hal_dma.c ****       hdma->XferM1CpltCallback = NULL;
 6475              		.loc 1 1685 7 is_stmt 1 view .LVU2081
1685:Drivers/STM32H7xx_HAL_Driver/Src/stm32h7xx_hal_dma.c ****       hdma->XferM1CpltCallback = NULL;
 6476              		.loc 1 1685 34 is_stmt 0 view .LVU2082
 6477 0062 1864     		str	r0, [r3, #64]
1686:Drivers/STM32H7xx_HAL_Driver/Src/stm32h7xx_hal_dma.c ****       hdma->XferM1HalfCpltCallback = NULL;
 6478              		.loc 1 1686 7 is_stmt 1 view .LVU2083
1686:Drivers/STM32H7xx_HAL_Driver/Src/stm32h7xx_hal_dma.c ****       hdma->XferM1HalfCpltCallback = NULL;
 6479              		.loc 1 1686 32 is_stmt 0 view .LVU2084
 6480 0064 5864     		str	r0, [r3, #68]
1687:Drivers/STM32H7xx_HAL_Driver/Src/stm32h7xx_hal_dma.c ****       hdma->XferErrorCallback = NULL;
 6481              		.loc 1 1687 7 is_stmt 1 view .LVU2085
1687:Drivers/STM32H7xx_HAL_Driver/Src/stm32h7xx_hal_dma.c ****       hdma->XferErrorCallback = NULL;
 6482              		.loc 1 1687 36 is_stmt 0 view .LVU2086
 6483 0066 9864     		str	r0, [r3, #72]
1688:Drivers/STM32H7xx_HAL_Driver/Src/stm32h7xx_hal_dma.c ****       hdma->XferAbortCallback = NULL;
 6484              		.loc 1 1688 7 is_stmt 1 view .LVU2087
1688:Drivers/STM32H7xx_HAL_Driver/Src/stm32h7xx_hal_dma.c ****       hdma->XferAbortCallback = NULL;
 6485              		.loc 1 1688 31 is_stmt 0 view .LVU2088
 6486 0068 D864     		str	r0, [r3, #76]
1689:Drivers/STM32H7xx_HAL_Driver/Src/stm32h7xx_hal_dma.c ****       break;
 6487              		.loc 1 1689 7 is_stmt 1 view .LVU2089
1689:Drivers/STM32H7xx_HAL_Driver/Src/stm32h7xx_hal_dma.c ****       break;
 6488              		.loc 1 1689 31 is_stmt 0 view .LVU2090
 6489 006a 1865     		str	r0, [r3, #80]
1690:Drivers/STM32H7xx_HAL_Driver/Src/stm32h7xx_hal_dma.c **** 
 6490              		.loc 1 1690 7 is_stmt 1 view .LVU2091
 6491 006c D8E7     		b	.L326
 6492              	.LVL231:
 6493              	.L335:
1649:Drivers/STM32H7xx_HAL_Driver/Src/stm32h7xx_hal_dma.c ****   }
 6494              		.loc 1 1649 12 is_stmt 0 view .LVU2092
 6495 006e 0120     		movs	r0, #1
 6496              	.LVL232:
1649:Drivers/STM32H7xx_HAL_Driver/Src/stm32h7xx_hal_dma.c ****   }
 6497              		.loc 1 1649 12 view .LVU2093
 6498 0070 7047     		bx	lr
 6499              	.LVL233:
 6500              	.L336:
1653:Drivers/STM32H7xx_HAL_Driver/Src/stm32h7xx_hal_dma.c **** 
 6501              		.loc 1 1653 3 discriminator 1 view .LVU2094
 6502 0072 0220     		movs	r0, #2
 6503              	.LVL234:
1706:Drivers/STM32H7xx_HAL_Driver/Src/stm32h7xx_hal_dma.c **** 
 6504              		.loc 1 1706 1 view .LVU2095
 6505 0074 7047     		bx	lr
 6506              		.cfi_endproc
 6507              	.LFE155:
 6509              		.section	.text.HAL_DMA_GetState,"ax",%progbits
 6510              		.align	1
ARM GAS  /tmp/ccMjPS5V.s 			page 184


 6511              		.global	HAL_DMA_GetState
 6512              		.syntax unified
 6513              		.thumb
 6514              		.thumb_func
 6516              	HAL_DMA_GetState:
 6517              	.LVL235:
 6518              	.LFB156:
1734:Drivers/STM32H7xx_HAL_Driver/Src/stm32h7xx_hal_dma.c ****   return hdma->State;
 6519              		.loc 1 1734 1 is_stmt 1 view -0
 6520              		.cfi_startproc
 6521              		@ args = 0, pretend = 0, frame = 0
 6522              		@ frame_needed = 0, uses_anonymous_args = 0
 6523              		@ link register save eliminated.
1735:Drivers/STM32H7xx_HAL_Driver/Src/stm32h7xx_hal_dma.c **** }
 6524              		.loc 1 1735 3 view .LVU2097
1735:Drivers/STM32H7xx_HAL_Driver/Src/stm32h7xx_hal_dma.c **** }
 6525              		.loc 1 1735 14 is_stmt 0 view .LVU2098
 6526 0000 90F83500 		ldrb	r0, [r0, #53]	@ zero_extendqisi2
 6527              	.LVL236:
1736:Drivers/STM32H7xx_HAL_Driver/Src/stm32h7xx_hal_dma.c **** 
 6528              		.loc 1 1736 1 view .LVU2099
 6529 0004 7047     		bx	lr
 6530              		.cfi_endproc
 6531              	.LFE156:
 6533              		.section	.text.HAL_DMA_GetError,"ax",%progbits
 6534              		.align	1
 6535              		.global	HAL_DMA_GetError
 6536              		.syntax unified
 6537              		.thumb
 6538              		.thumb_func
 6540              	HAL_DMA_GetError:
 6541              	.LVL237:
 6542              	.LFB157:
1745:Drivers/STM32H7xx_HAL_Driver/Src/stm32h7xx_hal_dma.c ****   return hdma->ErrorCode;
 6543              		.loc 1 1745 1 is_stmt 1 view -0
 6544              		.cfi_startproc
 6545              		@ args = 0, pretend = 0, frame = 0
 6546              		@ frame_needed = 0, uses_anonymous_args = 0
 6547              		@ link register save eliminated.
1746:Drivers/STM32H7xx_HAL_Driver/Src/stm32h7xx_hal_dma.c **** }
 6548              		.loc 1 1746 3 view .LVU2101
1746:Drivers/STM32H7xx_HAL_Driver/Src/stm32h7xx_hal_dma.c **** }
 6549              		.loc 1 1746 14 is_stmt 0 view .LVU2102
 6550 0000 406D     		ldr	r0, [r0, #84]
 6551              	.LVL238:
1747:Drivers/STM32H7xx_HAL_Driver/Src/stm32h7xx_hal_dma.c **** 
 6552              		.loc 1 1747 1 view .LVU2103
 6553 0002 7047     		bx	lr
 6554              		.cfi_endproc
 6555              	.LFE157:
 6557              		.section	.rodata.flagBitshiftOffset.0,"a"
 6558              		.align	2
 6561              	flagBitshiftOffset.0:
 6562 0000 00061016 		.ascii	"\000\006\020\026\000\006\020\026"
 6562      00061016 
 6563              		.text
 6564              	.Letext0:
ARM GAS  /tmp/ccMjPS5V.s 			page 185


 6565              		.file 2 "/usr/lib/gcc/arm-none-eabi/13.2.1/include/stdint.h"
 6566              		.file 3 "Drivers/CMSIS/Device/ST/STM32H7xx/Include/stm32h743xx.h"
 6567              		.file 4 "Drivers/STM32H7xx_HAL_Driver/Inc/stm32h7xx_hal_def.h"
 6568              		.file 5 "Drivers/STM32H7xx_HAL_Driver/Inc/stm32h7xx_hal_dma.h"
 6569              		.file 6 "Drivers/CMSIS/Device/ST/STM32H7xx/Include/system_stm32h7xx.h"
 6570              		.file 7 "Drivers/STM32H7xx_HAL_Driver/Inc/stm32h7xx_hal.h"
ARM GAS  /tmp/ccMjPS5V.s 			page 186


DEFINED SYMBOLS
                            *ABS*:00000000 stm32h7xx_hal_dma.c
     /tmp/ccMjPS5V.s:20     .text.DMA_SetConfig:00000000 $t
     /tmp/ccMjPS5V.s:25     .text.DMA_SetConfig:00000000 DMA_SetConfig
     /tmp/ccMjPS5V.s:387    .text.DMA_SetConfig:000001a0 $d
     /tmp/ccMjPS5V.s:396    .text.DMA_CalcBaseAndBitshift:00000000 $t
     /tmp/ccMjPS5V.s:401    .text.DMA_CalcBaseAndBitshift:00000000 DMA_CalcBaseAndBitshift
     /tmp/ccMjPS5V.s:550    .text.DMA_CalcBaseAndBitshift:000000a0 $d
     /tmp/ccMjPS5V.s:6561   .rodata.flagBitshiftOffset.0:00000000 flagBitshiftOffset.0
     /tmp/ccMjPS5V.s:559    .text.DMA_CheckFifoParam:00000000 $t
     /tmp/ccMjPS5V.s:564    .text.DMA_CheckFifoParam:00000000 DMA_CheckFifoParam
     /tmp/ccMjPS5V.s:652    .text.DMA_CheckFifoParam:00000052 $d
     /tmp/ccMjPS5V.s:656    .text.DMA_CheckFifoParam:00000056 $t
     /tmp/ccMjPS5V.s:749    .text.DMA_CalcDMAMUXChannelBaseAndMask:00000000 $t
     /tmp/ccMjPS5V.s:754    .text.DMA_CalcDMAMUXChannelBaseAndMask:00000000 DMA_CalcDMAMUXChannelBaseAndMask
     /tmp/ccMjPS5V.s:885    .text.DMA_CalcDMAMUXChannelBaseAndMask:00000088 $d
     /tmp/ccMjPS5V.s:898    .text.DMA_CalcDMAMUXRequestGenBaseAndMask:00000000 $t
     /tmp/ccMjPS5V.s:903    .text.DMA_CalcDMAMUXRequestGenBaseAndMask:00000000 DMA_CalcDMAMUXRequestGenBaseAndMask
     /tmp/ccMjPS5V.s:1004   .text.DMA_CalcDMAMUXRequestGenBaseAndMask:00000064 $d
     /tmp/ccMjPS5V.s:1014   .text.HAL_DMA_Init:00000000 $t
     /tmp/ccMjPS5V.s:1020   .text.HAL_DMA_Init:00000000 HAL_DMA_Init
     /tmp/ccMjPS5V.s:1294   .text.HAL_DMA_Init:00000160 $d
     /tmp/ccMjPS5V.s:1304   .text.HAL_DMA_Init:00000178 $t
     /tmp/ccMjPS5V.s:1766   .text.HAL_DMA_Init:00000384 $d
     /tmp/ccMjPS5V.s:1778   .text.HAL_DMA_DeInit:00000000 $t
     /tmp/ccMjPS5V.s:1784   .text.HAL_DMA_DeInit:00000000 HAL_DMA_DeInit
     /tmp/ccMjPS5V.s:2182   .text.HAL_DMA_DeInit:000001c0 $d
     /tmp/ccMjPS5V.s:2191   .text.HAL_DMA_Start:00000000 $t
     /tmp/ccMjPS5V.s:2197   .text.HAL_DMA_Start:00000000 HAL_DMA_Start
     /tmp/ccMjPS5V.s:2452   .text.HAL_DMA_Start:00000140 $d
     /tmp/ccMjPS5V.s:2458   .text.HAL_DMA_Start_IT:00000000 $t
     /tmp/ccMjPS5V.s:2464   .text.HAL_DMA_Start_IT:00000000 HAL_DMA_Start_IT
     /tmp/ccMjPS5V.s:2948   .text.HAL_DMA_Start_IT:0000028c $d
     /tmp/ccMjPS5V.s:2955   .text.HAL_DMA_Abort:00000000 $t
     /tmp/ccMjPS5V.s:2961   .text.HAL_DMA_Abort:00000000 HAL_DMA_Abort
     /tmp/ccMjPS5V.s:3411   .text.HAL_DMA_Abort:0000025c $d
     /tmp/ccMjPS5V.s:3418   .text.HAL_DMA_Abort:00000268 $t
     /tmp/ccMjPS5V.s:3578   .text.HAL_DMA_Abort:00000334 $d
     /tmp/ccMjPS5V.s:3585   .text.HAL_DMA_Abort_IT:00000000 $t
     /tmp/ccMjPS5V.s:3591   .text.HAL_DMA_Abort_IT:00000000 HAL_DMA_Abort_IT
     /tmp/ccMjPS5V.s:3987   .text.HAL_DMA_Abort_IT:0000020c $d
     /tmp/ccMjPS5V.s:3995   .text.HAL_DMA_PollForTransfer:00000000 $t
     /tmp/ccMjPS5V.s:4001   .text.HAL_DMA_PollForTransfer:00000000 HAL_DMA_PollForTransfer
     /tmp/ccMjPS5V.s:4244   .text.HAL_DMA_PollForTransfer:0000010c $d
     /tmp/ccMjPS5V.s:4250   .text.HAL_DMA_PollForTransfer:00000114 $t
     /tmp/ccMjPS5V.s:4719   .text.HAL_DMA_PollForTransfer:000003b0 $d
     /tmp/ccMjPS5V.s:4725   .text.HAL_DMA_PollForTransfer:000003bc $t
     /tmp/ccMjPS5V.s:4825   .text.HAL_DMA_PollForTransfer:00000448 $d
     /tmp/ccMjPS5V.s:4831   .text.HAL_DMA_IRQHandler:00000000 $t
     /tmp/ccMjPS5V.s:4837   .text.HAL_DMA_IRQHandler:00000000 HAL_DMA_IRQHandler
     /tmp/ccMjPS5V.s:5219   .text.HAL_DMA_IRQHandler:00000200 $d
     /tmp/ccMjPS5V.s:5229   .text.HAL_DMA_IRQHandler:00000220 $t
     /tmp/ccMjPS5V.s:5712   .text.HAL_DMA_IRQHandler:00000494 $d
     /tmp/ccMjPS5V.s:5717   .text.HAL_DMA_IRQHandler:0000049c $t
     /tmp/ccMjPS5V.s:6219   .text.HAL_DMA_IRQHandler:00000730 $d
     /tmp/ccMjPS5V.s:6225   .text.HAL_DMA_RegisterCallback:00000000 $t
     /tmp/ccMjPS5V.s:6231   .text.HAL_DMA_RegisterCallback:00000000 HAL_DMA_RegisterCallback
ARM GAS  /tmp/ccMjPS5V.s 			page 187


     /tmp/ccMjPS5V.s:6283   .text.HAL_DMA_RegisterCallback:0000002e $d
     /tmp/ccMjPS5V.s:6289   .text.HAL_DMA_RegisterCallback:00000034 $t
     /tmp/ccMjPS5V.s:6360   .text.HAL_DMA_UnRegisterCallback:00000000 $t
     /tmp/ccMjPS5V.s:6366   .text.HAL_DMA_UnRegisterCallback:00000000 HAL_DMA_UnRegisterCallback
     /tmp/ccMjPS5V.s:6417   .text.HAL_DMA_UnRegisterCallback:00000030 $d
     /tmp/ccMjPS5V.s:6510   .text.HAL_DMA_GetState:00000000 $t
     /tmp/ccMjPS5V.s:6516   .text.HAL_DMA_GetState:00000000 HAL_DMA_GetState
     /tmp/ccMjPS5V.s:6534   .text.HAL_DMA_GetError:00000000 $t
     /tmp/ccMjPS5V.s:6540   .text.HAL_DMA_GetError:00000000 HAL_DMA_GetError
     /tmp/ccMjPS5V.s:6558   .rodata.flagBitshiftOffset.0:00000000 $d
     /tmp/ccMjPS5V.s:6424   .text.HAL_DMA_UnRegisterCallback:00000037 $d
     /tmp/ccMjPS5V.s:6424   .text.HAL_DMA_UnRegisterCallback:00000038 $t

UNDEFINED SYMBOLS
HAL_GetTick
SystemCoreClock
