ARM GAS  /tmp/cck0UwGt.s 			page 1


   1              		.cpu cortex-m7
   2              		.arch armv7e-m
   3              		.fpu fpv5-d16
   4              		.eabi_attribute 28, 1
   5              		.eabi_attribute 20, 1
   6              		.eabi_attribute 21, 1
   7              		.eabi_attribute 23, 3
   8              		.eabi_attribute 24, 1
   9              		.eabi_attribute 25, 1
  10              		.eabi_attribute 26, 1
  11              		.eabi_attribute 30, 1
  12              		.eabi_attribute 34, 1
  13              		.eabi_attribute 18, 4
  14              		.file	"stm32h7xx_hal_flash_ex.c"
  15              		.text
  16              	.Ltext0:
  17              		.cfi_sections	.debug_frame
  18              		.file 1 "Drivers/STM32H7xx_HAL_Driver/Src/stm32h7xx_hal_flash_ex.c"
  19              		.section	.text.FLASH_MassErase,"ax",%progbits
  20              		.align	1
  21              		.syntax unified
  22              		.thumb
  23              		.thumb_func
  25              	FLASH_MassErase:
  26              	.LVL0:
  27              	.LFB155:
   1:Drivers/STM32H7xx_HAL_Driver/Src/stm32h7xx_hal_flash_ex.c **** /**
   2:Drivers/STM32H7xx_HAL_Driver/Src/stm32h7xx_hal_flash_ex.c ****   ******************************************************************************
   3:Drivers/STM32H7xx_HAL_Driver/Src/stm32h7xx_hal_flash_ex.c ****   * @file    stm32h7xx_hal_flash_ex.c
   4:Drivers/STM32H7xx_HAL_Driver/Src/stm32h7xx_hal_flash_ex.c ****   * @author  MCD Application Team
   5:Drivers/STM32H7xx_HAL_Driver/Src/stm32h7xx_hal_flash_ex.c ****   * @brief   Extended FLASH HAL module driver.
   6:Drivers/STM32H7xx_HAL_Driver/Src/stm32h7xx_hal_flash_ex.c ****   *          This file provides firmware functions to manage the following
   7:Drivers/STM32H7xx_HAL_Driver/Src/stm32h7xx_hal_flash_ex.c ****   *          functionalities of the FLASH extension peripheral:
   8:Drivers/STM32H7xx_HAL_Driver/Src/stm32h7xx_hal_flash_ex.c ****   *           + Extended programming operations functions
   9:Drivers/STM32H7xx_HAL_Driver/Src/stm32h7xx_hal_flash_ex.c ****   *
  10:Drivers/STM32H7xx_HAL_Driver/Src/stm32h7xx_hal_flash_ex.c ****  @verbatim
  11:Drivers/STM32H7xx_HAL_Driver/Src/stm32h7xx_hal_flash_ex.c ****  ==============================================================================
  12:Drivers/STM32H7xx_HAL_Driver/Src/stm32h7xx_hal_flash_ex.c ****                    ##### Flash Extension features #####
  13:Drivers/STM32H7xx_HAL_Driver/Src/stm32h7xx_hal_flash_ex.c ****   ==============================================================================
  14:Drivers/STM32H7xx_HAL_Driver/Src/stm32h7xx_hal_flash_ex.c **** 
  15:Drivers/STM32H7xx_HAL_Driver/Src/stm32h7xx_hal_flash_ex.c ****   [..] Comparing to other previous devices, the FLASH interface for STM32H7xx
  16:Drivers/STM32H7xx_HAL_Driver/Src/stm32h7xx_hal_flash_ex.c ****        devices contains the following additional features
  17:Drivers/STM32H7xx_HAL_Driver/Src/stm32h7xx_hal_flash_ex.c **** 
  18:Drivers/STM32H7xx_HAL_Driver/Src/stm32h7xx_hal_flash_ex.c ****        (+) Capacity up to 2 Mbyte with dual bank architecture supporting read-while-write
  19:Drivers/STM32H7xx_HAL_Driver/Src/stm32h7xx_hal_flash_ex.c ****            capability (RWW)
  20:Drivers/STM32H7xx_HAL_Driver/Src/stm32h7xx_hal_flash_ex.c ****        (+) Dual bank memory organization
  21:Drivers/STM32H7xx_HAL_Driver/Src/stm32h7xx_hal_flash_ex.c ****        (+) PCROP protection for all banks
  22:Drivers/STM32H7xx_HAL_Driver/Src/stm32h7xx_hal_flash_ex.c ****        (+) Global readout protection (RDP)
  23:Drivers/STM32H7xx_HAL_Driver/Src/stm32h7xx_hal_flash_ex.c ****        (+) Write protection
  24:Drivers/STM32H7xx_HAL_Driver/Src/stm32h7xx_hal_flash_ex.c ****        (+) Secure access only protection
  25:Drivers/STM32H7xx_HAL_Driver/Src/stm32h7xx_hal_flash_ex.c ****        (+) Bank / register swapping (when Dual-Bank)
  26:Drivers/STM32H7xx_HAL_Driver/Src/stm32h7xx_hal_flash_ex.c ****        (+) Cyclic Redundancy Check (CRC)
  27:Drivers/STM32H7xx_HAL_Driver/Src/stm32h7xx_hal_flash_ex.c **** 
  28:Drivers/STM32H7xx_HAL_Driver/Src/stm32h7xx_hal_flash_ex.c ****                         ##### How to use this driver #####
  29:Drivers/STM32H7xx_HAL_Driver/Src/stm32h7xx_hal_flash_ex.c ****  ==============================================================================
  30:Drivers/STM32H7xx_HAL_Driver/Src/stm32h7xx_hal_flash_ex.c ****   [..] This driver provides functions to configure and program the FLASH memory
  31:Drivers/STM32H7xx_HAL_Driver/Src/stm32h7xx_hal_flash_ex.c ****        of all STM32H7xx devices. It includes
ARM GAS  /tmp/cck0UwGt.s 			page 2


  32:Drivers/STM32H7xx_HAL_Driver/Src/stm32h7xx_hal_flash_ex.c ****       (#) FLASH Memory Erase functions:
  33:Drivers/STM32H7xx_HAL_Driver/Src/stm32h7xx_hal_flash_ex.c ****            (++) Lock and Unlock the FLASH interface using HAL_FLASH_Unlock() and
  34:Drivers/STM32H7xx_HAL_Driver/Src/stm32h7xx_hal_flash_ex.c ****                 HAL_FLASH_Lock() functions
  35:Drivers/STM32H7xx_HAL_Driver/Src/stm32h7xx_hal_flash_ex.c ****            (++) Erase function: Sector erase, bank erase and dual-bank mass erase
  36:Drivers/STM32H7xx_HAL_Driver/Src/stm32h7xx_hal_flash_ex.c ****            (++) There are two modes of erase :
  37:Drivers/STM32H7xx_HAL_Driver/Src/stm32h7xx_hal_flash_ex.c ****              (+++) Polling Mode using HAL_FLASHEx_Erase()
  38:Drivers/STM32H7xx_HAL_Driver/Src/stm32h7xx_hal_flash_ex.c ****              (+++) Interrupt Mode using HAL_FLASHEx_Erase_IT()
  39:Drivers/STM32H7xx_HAL_Driver/Src/stm32h7xx_hal_flash_ex.c **** 
  40:Drivers/STM32H7xx_HAL_Driver/Src/stm32h7xx_hal_flash_ex.c ****       (#) Option Bytes Programming functions: Use HAL_FLASHEx_OBProgram() to:
  41:Drivers/STM32H7xx_HAL_Driver/Src/stm32h7xx_hal_flash_ex.c ****         (++) Set/Reset the write protection per bank
  42:Drivers/STM32H7xx_HAL_Driver/Src/stm32h7xx_hal_flash_ex.c ****         (++) Set the Read protection Level
  43:Drivers/STM32H7xx_HAL_Driver/Src/stm32h7xx_hal_flash_ex.c ****         (++) Set the BOR level
  44:Drivers/STM32H7xx_HAL_Driver/Src/stm32h7xx_hal_flash_ex.c ****         (++) Program the user Option Bytes
  45:Drivers/STM32H7xx_HAL_Driver/Src/stm32h7xx_hal_flash_ex.c ****         (++) PCROP protection configuration and control per bank
  46:Drivers/STM32H7xx_HAL_Driver/Src/stm32h7xx_hal_flash_ex.c ****         (++) Secure area configuration and control per bank
  47:Drivers/STM32H7xx_HAL_Driver/Src/stm32h7xx_hal_flash_ex.c ****         (++) Core Boot address configuration
  48:Drivers/STM32H7xx_HAL_Driver/Src/stm32h7xx_hal_flash_ex.c ****         (++) TCM / AXI shared RAM configuration
  49:Drivers/STM32H7xx_HAL_Driver/Src/stm32h7xx_hal_flash_ex.c ****         (++) CPU Frequency Boost configuration
  50:Drivers/STM32H7xx_HAL_Driver/Src/stm32h7xx_hal_flash_ex.c **** 
  51:Drivers/STM32H7xx_HAL_Driver/Src/stm32h7xx_hal_flash_ex.c ****       (#) FLASH Memory Lock and unlock per Bank: HAL_FLASHEx_Lock_Bank1(), HAL_FLASHEx_Unlock_Bank1
  52:Drivers/STM32H7xx_HAL_Driver/Src/stm32h7xx_hal_flash_ex.c ****           HAL_FLASHEx_Lock_Bank2() and HAL_FLASHEx_Unlock_Bank2() functions
  53:Drivers/STM32H7xx_HAL_Driver/Src/stm32h7xx_hal_flash_ex.c **** 
  54:Drivers/STM32H7xx_HAL_Driver/Src/stm32h7xx_hal_flash_ex.c ****       (#) FLASH CRC computation function: Use HAL_FLASHEx_ComputeCRC() to:
  55:Drivers/STM32H7xx_HAL_Driver/Src/stm32h7xx_hal_flash_ex.c ****           (++) Enable CRC feature
  56:Drivers/STM32H7xx_HAL_Driver/Src/stm32h7xx_hal_flash_ex.c ****           (++) Program the desired burst size
  57:Drivers/STM32H7xx_HAL_Driver/Src/stm32h7xx_hal_flash_ex.c ****           (++) Define the user Flash Area on which the CRC has be computed
  58:Drivers/STM32H7xx_HAL_Driver/Src/stm32h7xx_hal_flash_ex.c ****           (++) Perform the CRC computation
  59:Drivers/STM32H7xx_HAL_Driver/Src/stm32h7xx_hal_flash_ex.c ****           (++) Disable CRC feature
  60:Drivers/STM32H7xx_HAL_Driver/Src/stm32h7xx_hal_flash_ex.c **** 
  61:Drivers/STM32H7xx_HAL_Driver/Src/stm32h7xx_hal_flash_ex.c ****       (#) Error correction code error functions:
  62:Drivers/STM32H7xx_HAL_Driver/Src/stm32h7xx_hal_flash_ex.c ****           (++) Use the HAL_FLASHEx_EnableEccCorrectionInterrupt() and HAL_FLASHEx_DisableEccCorrect
  63:Drivers/STM32H7xx_HAL_Driver/Src/stm32h7xx_hal_flash_ex.c ****                functions to enable and disable the FLASH ECC correction interruption.
  64:Drivers/STM32H7xx_HAL_Driver/Src/stm32h7xx_hal_flash_ex.c ****           (++) Use the HAL_FLASHEx_EnableEccDetectionInterrupt() and HAL_FLASHEx_DisableEccDetectio
  65:Drivers/STM32H7xx_HAL_Driver/Src/stm32h7xx_hal_flash_ex.c ****                functions to enable and disable the FLASH ECC Detection interruption.
  66:Drivers/STM32H7xx_HAL_Driver/Src/stm32h7xx_hal_flash_ex.c ****           (++) Handle ECCD interrupt by calling HAL_FLASHEx_BusFault_IRQHandler()
  67:Drivers/STM32H7xx_HAL_Driver/Src/stm32h7xx_hal_flash_ex.c ****           (++) Use HAL_FLASHEx_BusFault_IRQHandler() function called under BusFault_IRQHandler() in
  68:Drivers/STM32H7xx_HAL_Driver/Src/stm32h7xx_hal_flash_ex.c ****                to handle the ECCD interrupt.
  69:Drivers/STM32H7xx_HAL_Driver/Src/stm32h7xx_hal_flash_ex.c ****           (++) Use HAL_FLASHEx_GetEccInfo() function to get the flash ECC fail information.
  70:Drivers/STM32H7xx_HAL_Driver/Src/stm32h7xx_hal_flash_ex.c **** 
  71:Drivers/STM32H7xx_HAL_Driver/Src/stm32h7xx_hal_flash_ex.c ****  @endverbatim
  72:Drivers/STM32H7xx_HAL_Driver/Src/stm32h7xx_hal_flash_ex.c ****   ******************************************************************************
  73:Drivers/STM32H7xx_HAL_Driver/Src/stm32h7xx_hal_flash_ex.c ****   * @attention
  74:Drivers/STM32H7xx_HAL_Driver/Src/stm32h7xx_hal_flash_ex.c ****   *
  75:Drivers/STM32H7xx_HAL_Driver/Src/stm32h7xx_hal_flash_ex.c ****   * Copyright (c) 2017 STMicroelectronics.
  76:Drivers/STM32H7xx_HAL_Driver/Src/stm32h7xx_hal_flash_ex.c ****   * All rights reserved.
  77:Drivers/STM32H7xx_HAL_Driver/Src/stm32h7xx_hal_flash_ex.c ****   *
  78:Drivers/STM32H7xx_HAL_Driver/Src/stm32h7xx_hal_flash_ex.c ****   * This software is licensed under terms that can be found in the LICENSE file in
  79:Drivers/STM32H7xx_HAL_Driver/Src/stm32h7xx_hal_flash_ex.c ****   * the root directory of this software component.
  80:Drivers/STM32H7xx_HAL_Driver/Src/stm32h7xx_hal_flash_ex.c ****   * If no LICENSE file comes with this software, it is provided AS-IS.
  81:Drivers/STM32H7xx_HAL_Driver/Src/stm32h7xx_hal_flash_ex.c ****   ******************************************************************************
  82:Drivers/STM32H7xx_HAL_Driver/Src/stm32h7xx_hal_flash_ex.c ****   */
  83:Drivers/STM32H7xx_HAL_Driver/Src/stm32h7xx_hal_flash_ex.c **** 
  84:Drivers/STM32H7xx_HAL_Driver/Src/stm32h7xx_hal_flash_ex.c **** /* Includes ------------------------------------------------------------------*/
  85:Drivers/STM32H7xx_HAL_Driver/Src/stm32h7xx_hal_flash_ex.c **** #include "stm32h7xx_hal.h"
  86:Drivers/STM32H7xx_HAL_Driver/Src/stm32h7xx_hal_flash_ex.c **** 
  87:Drivers/STM32H7xx_HAL_Driver/Src/stm32h7xx_hal_flash_ex.c **** /** @addtogroup STM32H7xx_HAL_Driver
  88:Drivers/STM32H7xx_HAL_Driver/Src/stm32h7xx_hal_flash_ex.c ****   * @{
ARM GAS  /tmp/cck0UwGt.s 			page 3


  89:Drivers/STM32H7xx_HAL_Driver/Src/stm32h7xx_hal_flash_ex.c ****   */
  90:Drivers/STM32H7xx_HAL_Driver/Src/stm32h7xx_hal_flash_ex.c **** 
  91:Drivers/STM32H7xx_HAL_Driver/Src/stm32h7xx_hal_flash_ex.c **** /** @defgroup FLASHEx  FLASHEx
  92:Drivers/STM32H7xx_HAL_Driver/Src/stm32h7xx_hal_flash_ex.c ****   * @brief FLASH HAL Extension module driver
  93:Drivers/STM32H7xx_HAL_Driver/Src/stm32h7xx_hal_flash_ex.c ****   * @{
  94:Drivers/STM32H7xx_HAL_Driver/Src/stm32h7xx_hal_flash_ex.c ****   */
  95:Drivers/STM32H7xx_HAL_Driver/Src/stm32h7xx_hal_flash_ex.c **** 
  96:Drivers/STM32H7xx_HAL_Driver/Src/stm32h7xx_hal_flash_ex.c **** #ifdef HAL_FLASH_MODULE_ENABLED
  97:Drivers/STM32H7xx_HAL_Driver/Src/stm32h7xx_hal_flash_ex.c **** 
  98:Drivers/STM32H7xx_HAL_Driver/Src/stm32h7xx_hal_flash_ex.c **** /* Private typedef -----------------------------------------------------------*/
  99:Drivers/STM32H7xx_HAL_Driver/Src/stm32h7xx_hal_flash_ex.c **** /* Private define ------------------------------------------------------------*/
 100:Drivers/STM32H7xx_HAL_Driver/Src/stm32h7xx_hal_flash_ex.c **** /** @addtogroup FLASHEx_Private_Constants
 101:Drivers/STM32H7xx_HAL_Driver/Src/stm32h7xx_hal_flash_ex.c ****   * @{
 102:Drivers/STM32H7xx_HAL_Driver/Src/stm32h7xx_hal_flash_ex.c ****   */
 103:Drivers/STM32H7xx_HAL_Driver/Src/stm32h7xx_hal_flash_ex.c **** #define FLASH_TIMEOUT_VALUE       50000U /* 50 s */
 104:Drivers/STM32H7xx_HAL_Driver/Src/stm32h7xx_hal_flash_ex.c **** 
 105:Drivers/STM32H7xx_HAL_Driver/Src/stm32h7xx_hal_flash_ex.c **** /**
 106:Drivers/STM32H7xx_HAL_Driver/Src/stm32h7xx_hal_flash_ex.c ****   * @}
 107:Drivers/STM32H7xx_HAL_Driver/Src/stm32h7xx_hal_flash_ex.c ****   */
 108:Drivers/STM32H7xx_HAL_Driver/Src/stm32h7xx_hal_flash_ex.c **** /* Private macro -------------------------------------------------------------*/
 109:Drivers/STM32H7xx_HAL_Driver/Src/stm32h7xx_hal_flash_ex.c **** /* Private variables ---------------------------------------------------------*/
 110:Drivers/STM32H7xx_HAL_Driver/Src/stm32h7xx_hal_flash_ex.c **** /* Private function prototypes -----------------------------------------------*/
 111:Drivers/STM32H7xx_HAL_Driver/Src/stm32h7xx_hal_flash_ex.c **** /** @defgroup FLASHEx_Private_Functions FLASHEx Private Functions
 112:Drivers/STM32H7xx_HAL_Driver/Src/stm32h7xx_hal_flash_ex.c ****   * @{
 113:Drivers/STM32H7xx_HAL_Driver/Src/stm32h7xx_hal_flash_ex.c ****   */
 114:Drivers/STM32H7xx_HAL_Driver/Src/stm32h7xx_hal_flash_ex.c **** static void FLASH_MassErase(uint32_t VoltageRange, uint32_t Banks);
 115:Drivers/STM32H7xx_HAL_Driver/Src/stm32h7xx_hal_flash_ex.c **** static void FLASH_OB_EnableWRP(uint32_t WRPSector, uint32_t Banks);
 116:Drivers/STM32H7xx_HAL_Driver/Src/stm32h7xx_hal_flash_ex.c **** static void FLASH_OB_DisableWRP(uint32_t WRPSector, uint32_t Bank);
 117:Drivers/STM32H7xx_HAL_Driver/Src/stm32h7xx_hal_flash_ex.c **** static void FLASH_OB_GetWRP(uint32_t *WRPState, uint32_t *WRPSector, uint32_t Bank);
 118:Drivers/STM32H7xx_HAL_Driver/Src/stm32h7xx_hal_flash_ex.c **** static void FLASH_OB_RDPConfig(uint32_t RDPLevel);
 119:Drivers/STM32H7xx_HAL_Driver/Src/stm32h7xx_hal_flash_ex.c **** static uint32_t FLASH_OB_GetRDP(void);
 120:Drivers/STM32H7xx_HAL_Driver/Src/stm32h7xx_hal_flash_ex.c **** static void FLASH_OB_PCROPConfig(uint32_t PCROConfigRDP, uint32_t PCROPStartAddr, uint32_t PCROPEnd
 121:Drivers/STM32H7xx_HAL_Driver/Src/stm32h7xx_hal_flash_ex.c **** static void FLASH_OB_GetPCROP(uint32_t *PCROPConfig, uint32_t *PCROPStartAddr,uint32_t *PCROPEndAdd
 122:Drivers/STM32H7xx_HAL_Driver/Src/stm32h7xx_hal_flash_ex.c **** static void FLASH_OB_BOR_LevelConfig(uint32_t Level);
 123:Drivers/STM32H7xx_HAL_Driver/Src/stm32h7xx_hal_flash_ex.c **** static uint32_t FLASH_OB_GetBOR(void);
 124:Drivers/STM32H7xx_HAL_Driver/Src/stm32h7xx_hal_flash_ex.c **** static void FLASH_OB_UserConfig(uint32_t UserType, uint32_t UserConfig);
 125:Drivers/STM32H7xx_HAL_Driver/Src/stm32h7xx_hal_flash_ex.c **** static uint32_t FLASH_OB_GetUser(void);
 126:Drivers/STM32H7xx_HAL_Driver/Src/stm32h7xx_hal_flash_ex.c **** static void FLASH_OB_BootAddConfig(uint32_t BootOption, uint32_t BootAddress0, uint32_t BootAddress
 127:Drivers/STM32H7xx_HAL_Driver/Src/stm32h7xx_hal_flash_ex.c **** static void FLASH_OB_GetBootAdd(uint32_t *BootAddress0, uint32_t *BootAddress1);
 128:Drivers/STM32H7xx_HAL_Driver/Src/stm32h7xx_hal_flash_ex.c **** static void FLASH_OB_SecureAreaConfig(uint32_t SecureAreaConfig, uint32_t SecureAreaStartAddr, uint
 129:Drivers/STM32H7xx_HAL_Driver/Src/stm32h7xx_hal_flash_ex.c **** static void FLASH_OB_GetSecureArea(uint32_t *SecureAreaConfig, uint32_t *SecureAreaStartAddr, uint3
 130:Drivers/STM32H7xx_HAL_Driver/Src/stm32h7xx_hal_flash_ex.c **** static void FLASH_CRC_AddSector(uint32_t Sector, uint32_t Bank);
 131:Drivers/STM32H7xx_HAL_Driver/Src/stm32h7xx_hal_flash_ex.c **** static void FLASH_CRC_SelectAddress(uint32_t CRCStartAddr, uint32_t CRCEndAddr, uint32_t Bank);
 132:Drivers/STM32H7xx_HAL_Driver/Src/stm32h7xx_hal_flash_ex.c **** 
 133:Drivers/STM32H7xx_HAL_Driver/Src/stm32h7xx_hal_flash_ex.c **** #if defined (DUAL_CORE)
 134:Drivers/STM32H7xx_HAL_Driver/Src/stm32h7xx_hal_flash_ex.c **** static void FLASH_OB_CM4BootAddConfig(uint32_t BootOption, uint32_t BootAddress0, uint32_t BootAddr
 135:Drivers/STM32H7xx_HAL_Driver/Src/stm32h7xx_hal_flash_ex.c **** static void FLASH_OB_GetCM4BootAdd(uint32_t *BootAddress0, uint32_t *BootAddress1);
 136:Drivers/STM32H7xx_HAL_Driver/Src/stm32h7xx_hal_flash_ex.c **** #endif /*DUAL_CORE*/
 137:Drivers/STM32H7xx_HAL_Driver/Src/stm32h7xx_hal_flash_ex.c **** 
 138:Drivers/STM32H7xx_HAL_Driver/Src/stm32h7xx_hal_flash_ex.c **** #if defined (FLASH_OTPBL_LOCKBL)
 139:Drivers/STM32H7xx_HAL_Driver/Src/stm32h7xx_hal_flash_ex.c **** static void FLASH_OB_OTP_LockConfig(uint32_t OTP_Block);
 140:Drivers/STM32H7xx_HAL_Driver/Src/stm32h7xx_hal_flash_ex.c **** static uint32_t FLASH_OB_OTP_GetLock(void);
 141:Drivers/STM32H7xx_HAL_Driver/Src/stm32h7xx_hal_flash_ex.c **** #endif /* FLASH_OTPBL_LOCKBL */
 142:Drivers/STM32H7xx_HAL_Driver/Src/stm32h7xx_hal_flash_ex.c **** 
 143:Drivers/STM32H7xx_HAL_Driver/Src/stm32h7xx_hal_flash_ex.c **** #if defined (FLASH_OPTSR2_TCM_AXI_SHARED)
 144:Drivers/STM32H7xx_HAL_Driver/Src/stm32h7xx_hal_flash_ex.c **** static void FLASH_OB_SharedRAM_Config(uint32_t SharedRamConfig);
 145:Drivers/STM32H7xx_HAL_Driver/Src/stm32h7xx_hal_flash_ex.c **** static uint32_t FLASH_OB_SharedRAM_GetConfig(void);
ARM GAS  /tmp/cck0UwGt.s 			page 4


 146:Drivers/STM32H7xx_HAL_Driver/Src/stm32h7xx_hal_flash_ex.c **** #endif /* FLASH_OPTSR2_TCM_AXI_SHARED */
 147:Drivers/STM32H7xx_HAL_Driver/Src/stm32h7xx_hal_flash_ex.c **** 
 148:Drivers/STM32H7xx_HAL_Driver/Src/stm32h7xx_hal_flash_ex.c **** #if defined (FLASH_OPTSR2_CPUFREQ_BOOST)
 149:Drivers/STM32H7xx_HAL_Driver/Src/stm32h7xx_hal_flash_ex.c **** static void FLASH_OB_CPUFreq_BoostConfig(uint32_t FreqBoost);
 150:Drivers/STM32H7xx_HAL_Driver/Src/stm32h7xx_hal_flash_ex.c **** static uint32_t FLASH_OB_CPUFreq_GetBoost(void);
 151:Drivers/STM32H7xx_HAL_Driver/Src/stm32h7xx_hal_flash_ex.c **** #endif /* FLASH_OPTSR2_CPUFREQ_BOOST */
 152:Drivers/STM32H7xx_HAL_Driver/Src/stm32h7xx_hal_flash_ex.c **** /**
 153:Drivers/STM32H7xx_HAL_Driver/Src/stm32h7xx_hal_flash_ex.c ****   * @}
 154:Drivers/STM32H7xx_HAL_Driver/Src/stm32h7xx_hal_flash_ex.c ****   */
 155:Drivers/STM32H7xx_HAL_Driver/Src/stm32h7xx_hal_flash_ex.c **** 
 156:Drivers/STM32H7xx_HAL_Driver/Src/stm32h7xx_hal_flash_ex.c **** /* Exported functions ---------------------------------------------------------*/
 157:Drivers/STM32H7xx_HAL_Driver/Src/stm32h7xx_hal_flash_ex.c **** /** @defgroup FLASHEx_Exported_Functions FLASHEx Exported Functions
 158:Drivers/STM32H7xx_HAL_Driver/Src/stm32h7xx_hal_flash_ex.c ****   * @{
 159:Drivers/STM32H7xx_HAL_Driver/Src/stm32h7xx_hal_flash_ex.c ****   */
 160:Drivers/STM32H7xx_HAL_Driver/Src/stm32h7xx_hal_flash_ex.c **** 
 161:Drivers/STM32H7xx_HAL_Driver/Src/stm32h7xx_hal_flash_ex.c **** /** @defgroup FLASHEx_Exported_Functions_Group1 Extended IO operation functions
 162:Drivers/STM32H7xx_HAL_Driver/Src/stm32h7xx_hal_flash_ex.c ****  *  @brief   Extended IO operation functions
 163:Drivers/STM32H7xx_HAL_Driver/Src/stm32h7xx_hal_flash_ex.c ****  *
 164:Drivers/STM32H7xx_HAL_Driver/Src/stm32h7xx_hal_flash_ex.c **** @verbatim
 165:Drivers/STM32H7xx_HAL_Driver/Src/stm32h7xx_hal_flash_ex.c ****  ===============================================================================
 166:Drivers/STM32H7xx_HAL_Driver/Src/stm32h7xx_hal_flash_ex.c ****                 ##### Extended programming operation functions #####
 167:Drivers/STM32H7xx_HAL_Driver/Src/stm32h7xx_hal_flash_ex.c ****  ===============================================================================
 168:Drivers/STM32H7xx_HAL_Driver/Src/stm32h7xx_hal_flash_ex.c ****     [..]
 169:Drivers/STM32H7xx_HAL_Driver/Src/stm32h7xx_hal_flash_ex.c ****     This subsection provides a set of functions allowing to manage the Extension FLASH
 170:Drivers/STM32H7xx_HAL_Driver/Src/stm32h7xx_hal_flash_ex.c ****     programming operations Operations.
 171:Drivers/STM32H7xx_HAL_Driver/Src/stm32h7xx_hal_flash_ex.c **** 
 172:Drivers/STM32H7xx_HAL_Driver/Src/stm32h7xx_hal_flash_ex.c **** @endverbatim
 173:Drivers/STM32H7xx_HAL_Driver/Src/stm32h7xx_hal_flash_ex.c ****   * @{
 174:Drivers/STM32H7xx_HAL_Driver/Src/stm32h7xx_hal_flash_ex.c ****   */
 175:Drivers/STM32H7xx_HAL_Driver/Src/stm32h7xx_hal_flash_ex.c **** /**
 176:Drivers/STM32H7xx_HAL_Driver/Src/stm32h7xx_hal_flash_ex.c ****   * @brief  Perform a mass erase or erase the specified FLASH memory sectors
 177:Drivers/STM32H7xx_HAL_Driver/Src/stm32h7xx_hal_flash_ex.c ****   * @param[in]  pEraseInit pointer to an FLASH_EraseInitTypeDef structure that
 178:Drivers/STM32H7xx_HAL_Driver/Src/stm32h7xx_hal_flash_ex.c ****   *         contains the configuration information for the erasing.
 179:Drivers/STM32H7xx_HAL_Driver/Src/stm32h7xx_hal_flash_ex.c ****   *
 180:Drivers/STM32H7xx_HAL_Driver/Src/stm32h7xx_hal_flash_ex.c ****   * @param[out]  SectorError pointer to variable  that contains the configuration
 181:Drivers/STM32H7xx_HAL_Driver/Src/stm32h7xx_hal_flash_ex.c ****   *          information on faulty sector in case of error (0xFFFFFFFF means that all
 182:Drivers/STM32H7xx_HAL_Driver/Src/stm32h7xx_hal_flash_ex.c ****   *          the sectors have been correctly erased)
 183:Drivers/STM32H7xx_HAL_Driver/Src/stm32h7xx_hal_flash_ex.c ****   *
 184:Drivers/STM32H7xx_HAL_Driver/Src/stm32h7xx_hal_flash_ex.c ****   * @note   For dual-bank devices, if the SWAP_BANK option byte is enabled, the parameter
 185:Drivers/STM32H7xx_HAL_Driver/Src/stm32h7xx_hal_flash_ex.c ****   *         pEraseInit->Banks is modified accordingly. The logical bank addresses are swapped
 186:Drivers/STM32H7xx_HAL_Driver/Src/stm32h7xx_hal_flash_ex.c ****   *         as follows:
 187:Drivers/STM32H7xx_HAL_Driver/Src/stm32h7xx_hal_flash_ex.c ****   *          - FLASH_BANK_1 corresponds to the physical Bank2
 188:Drivers/STM32H7xx_HAL_Driver/Src/stm32h7xx_hal_flash_ex.c ****   *          - FLASH_BANK_2 corresponds to the physical Bank1
 189:Drivers/STM32H7xx_HAL_Driver/Src/stm32h7xx_hal_flash_ex.c ****   *
 190:Drivers/STM32H7xx_HAL_Driver/Src/stm32h7xx_hal_flash_ex.c ****   * @retval HAL Status
 191:Drivers/STM32H7xx_HAL_Driver/Src/stm32h7xx_hal_flash_ex.c ****   */
 192:Drivers/STM32H7xx_HAL_Driver/Src/stm32h7xx_hal_flash_ex.c **** HAL_StatusTypeDef HAL_FLASHEx_Erase(FLASH_EraseInitTypeDef *pEraseInit, uint32_t *SectorError)
 193:Drivers/STM32H7xx_HAL_Driver/Src/stm32h7xx_hal_flash_ex.c **** {
 194:Drivers/STM32H7xx_HAL_Driver/Src/stm32h7xx_hal_flash_ex.c ****   HAL_StatusTypeDef status = HAL_OK;
 195:Drivers/STM32H7xx_HAL_Driver/Src/stm32h7xx_hal_flash_ex.c ****   uint32_t sector_index;
 196:Drivers/STM32H7xx_HAL_Driver/Src/stm32h7xx_hal_flash_ex.c **** 
 197:Drivers/STM32H7xx_HAL_Driver/Src/stm32h7xx_hal_flash_ex.c ****   /* Check the parameters */
 198:Drivers/STM32H7xx_HAL_Driver/Src/stm32h7xx_hal_flash_ex.c ****   assert_param(IS_FLASH_TYPEERASE(pEraseInit->TypeErase));
 199:Drivers/STM32H7xx_HAL_Driver/Src/stm32h7xx_hal_flash_ex.c ****   assert_param(IS_FLASH_BANK(pEraseInit->Banks));
 200:Drivers/STM32H7xx_HAL_Driver/Src/stm32h7xx_hal_flash_ex.c **** 
 201:Drivers/STM32H7xx_HAL_Driver/Src/stm32h7xx_hal_flash_ex.c ****   /* Process Locked */
 202:Drivers/STM32H7xx_HAL_Driver/Src/stm32h7xx_hal_flash_ex.c ****   __HAL_LOCK(&pFlash);
ARM GAS  /tmp/cck0UwGt.s 			page 5


 203:Drivers/STM32H7xx_HAL_Driver/Src/stm32h7xx_hal_flash_ex.c **** 
 204:Drivers/STM32H7xx_HAL_Driver/Src/stm32h7xx_hal_flash_ex.c ****   /* Reset error code */
 205:Drivers/STM32H7xx_HAL_Driver/Src/stm32h7xx_hal_flash_ex.c ****   pFlash.ErrorCode = HAL_FLASH_ERROR_NONE;
 206:Drivers/STM32H7xx_HAL_Driver/Src/stm32h7xx_hal_flash_ex.c **** 
 207:Drivers/STM32H7xx_HAL_Driver/Src/stm32h7xx_hal_flash_ex.c ****   /* Wait for last operation to be completed on Bank1 */
 208:Drivers/STM32H7xx_HAL_Driver/Src/stm32h7xx_hal_flash_ex.c ****   if((pEraseInit->Banks & FLASH_BANK_1) == FLASH_BANK_1)
 209:Drivers/STM32H7xx_HAL_Driver/Src/stm32h7xx_hal_flash_ex.c ****   {
 210:Drivers/STM32H7xx_HAL_Driver/Src/stm32h7xx_hal_flash_ex.c ****     if(FLASH_WaitForLastOperation((uint32_t)FLASH_TIMEOUT_VALUE, FLASH_BANK_1) != HAL_OK)
 211:Drivers/STM32H7xx_HAL_Driver/Src/stm32h7xx_hal_flash_ex.c ****     {
 212:Drivers/STM32H7xx_HAL_Driver/Src/stm32h7xx_hal_flash_ex.c ****       status = HAL_ERROR;
 213:Drivers/STM32H7xx_HAL_Driver/Src/stm32h7xx_hal_flash_ex.c ****     }
 214:Drivers/STM32H7xx_HAL_Driver/Src/stm32h7xx_hal_flash_ex.c ****   }
 215:Drivers/STM32H7xx_HAL_Driver/Src/stm32h7xx_hal_flash_ex.c **** 
 216:Drivers/STM32H7xx_HAL_Driver/Src/stm32h7xx_hal_flash_ex.c **** #if defined (DUAL_BANK)
 217:Drivers/STM32H7xx_HAL_Driver/Src/stm32h7xx_hal_flash_ex.c ****   /* Wait for last operation to be completed on Bank2 */
 218:Drivers/STM32H7xx_HAL_Driver/Src/stm32h7xx_hal_flash_ex.c ****   if((pEraseInit->Banks & FLASH_BANK_2) == FLASH_BANK_2)
 219:Drivers/STM32H7xx_HAL_Driver/Src/stm32h7xx_hal_flash_ex.c ****   {
 220:Drivers/STM32H7xx_HAL_Driver/Src/stm32h7xx_hal_flash_ex.c ****     if(FLASH_WaitForLastOperation((uint32_t)FLASH_TIMEOUT_VALUE, FLASH_BANK_2) != HAL_OK)
 221:Drivers/STM32H7xx_HAL_Driver/Src/stm32h7xx_hal_flash_ex.c ****     {
 222:Drivers/STM32H7xx_HAL_Driver/Src/stm32h7xx_hal_flash_ex.c ****       status = HAL_ERROR;
 223:Drivers/STM32H7xx_HAL_Driver/Src/stm32h7xx_hal_flash_ex.c ****     }
 224:Drivers/STM32H7xx_HAL_Driver/Src/stm32h7xx_hal_flash_ex.c ****   }
 225:Drivers/STM32H7xx_HAL_Driver/Src/stm32h7xx_hal_flash_ex.c **** #endif /* DUAL_BANK */
 226:Drivers/STM32H7xx_HAL_Driver/Src/stm32h7xx_hal_flash_ex.c **** 
 227:Drivers/STM32H7xx_HAL_Driver/Src/stm32h7xx_hal_flash_ex.c ****   if(status == HAL_OK)
 228:Drivers/STM32H7xx_HAL_Driver/Src/stm32h7xx_hal_flash_ex.c ****   {
 229:Drivers/STM32H7xx_HAL_Driver/Src/stm32h7xx_hal_flash_ex.c ****     if(pEraseInit->TypeErase == FLASH_TYPEERASE_MASSERASE)
 230:Drivers/STM32H7xx_HAL_Driver/Src/stm32h7xx_hal_flash_ex.c ****     {
 231:Drivers/STM32H7xx_HAL_Driver/Src/stm32h7xx_hal_flash_ex.c ****       /* Mass erase to be done */
 232:Drivers/STM32H7xx_HAL_Driver/Src/stm32h7xx_hal_flash_ex.c ****       FLASH_MassErase(pEraseInit->VoltageRange, pEraseInit->Banks);
 233:Drivers/STM32H7xx_HAL_Driver/Src/stm32h7xx_hal_flash_ex.c **** 
 234:Drivers/STM32H7xx_HAL_Driver/Src/stm32h7xx_hal_flash_ex.c ****       /* Wait for last operation to be completed on Bank 1 */
 235:Drivers/STM32H7xx_HAL_Driver/Src/stm32h7xx_hal_flash_ex.c ****       if((pEraseInit->Banks & FLASH_BANK_1) == FLASH_BANK_1)
 236:Drivers/STM32H7xx_HAL_Driver/Src/stm32h7xx_hal_flash_ex.c ****       {
 237:Drivers/STM32H7xx_HAL_Driver/Src/stm32h7xx_hal_flash_ex.c ****         if(FLASH_WaitForLastOperation((uint32_t)FLASH_TIMEOUT_VALUE, FLASH_BANK_1) != HAL_OK)
 238:Drivers/STM32H7xx_HAL_Driver/Src/stm32h7xx_hal_flash_ex.c ****         {
 239:Drivers/STM32H7xx_HAL_Driver/Src/stm32h7xx_hal_flash_ex.c ****           status = HAL_ERROR;
 240:Drivers/STM32H7xx_HAL_Driver/Src/stm32h7xx_hal_flash_ex.c ****         }
 241:Drivers/STM32H7xx_HAL_Driver/Src/stm32h7xx_hal_flash_ex.c ****         /* if the erase operation is completed, disable the Bank1 BER Bit */
 242:Drivers/STM32H7xx_HAL_Driver/Src/stm32h7xx_hal_flash_ex.c ****         FLASH->CR1 &= (~FLASH_CR_BER);
 243:Drivers/STM32H7xx_HAL_Driver/Src/stm32h7xx_hal_flash_ex.c ****       }
 244:Drivers/STM32H7xx_HAL_Driver/Src/stm32h7xx_hal_flash_ex.c **** #if defined (DUAL_BANK)
 245:Drivers/STM32H7xx_HAL_Driver/Src/stm32h7xx_hal_flash_ex.c ****       /* Wait for last operation to be completed on Bank 2 */
 246:Drivers/STM32H7xx_HAL_Driver/Src/stm32h7xx_hal_flash_ex.c ****       if((pEraseInit->Banks & FLASH_BANK_2) == FLASH_BANK_2)
 247:Drivers/STM32H7xx_HAL_Driver/Src/stm32h7xx_hal_flash_ex.c ****       {
 248:Drivers/STM32H7xx_HAL_Driver/Src/stm32h7xx_hal_flash_ex.c ****         if(FLASH_WaitForLastOperation((uint32_t)FLASH_TIMEOUT_VALUE, FLASH_BANK_2) != HAL_OK)
 249:Drivers/STM32H7xx_HAL_Driver/Src/stm32h7xx_hal_flash_ex.c ****         {
 250:Drivers/STM32H7xx_HAL_Driver/Src/stm32h7xx_hal_flash_ex.c ****           status = HAL_ERROR;
 251:Drivers/STM32H7xx_HAL_Driver/Src/stm32h7xx_hal_flash_ex.c ****         }
 252:Drivers/STM32H7xx_HAL_Driver/Src/stm32h7xx_hal_flash_ex.c ****         /* if the erase operation is completed, disable the Bank2 BER Bit */
 253:Drivers/STM32H7xx_HAL_Driver/Src/stm32h7xx_hal_flash_ex.c ****         FLASH->CR2 &= (~FLASH_CR_BER);
 254:Drivers/STM32H7xx_HAL_Driver/Src/stm32h7xx_hal_flash_ex.c ****       }
 255:Drivers/STM32H7xx_HAL_Driver/Src/stm32h7xx_hal_flash_ex.c **** #endif /* DUAL_BANK */
 256:Drivers/STM32H7xx_HAL_Driver/Src/stm32h7xx_hal_flash_ex.c ****     }
 257:Drivers/STM32H7xx_HAL_Driver/Src/stm32h7xx_hal_flash_ex.c ****     else
 258:Drivers/STM32H7xx_HAL_Driver/Src/stm32h7xx_hal_flash_ex.c ****     {
 259:Drivers/STM32H7xx_HAL_Driver/Src/stm32h7xx_hal_flash_ex.c ****       /*Initialization of SectorError variable*/
ARM GAS  /tmp/cck0UwGt.s 			page 6


 260:Drivers/STM32H7xx_HAL_Driver/Src/stm32h7xx_hal_flash_ex.c ****       *SectorError = 0xFFFFFFFFU;
 261:Drivers/STM32H7xx_HAL_Driver/Src/stm32h7xx_hal_flash_ex.c **** 
 262:Drivers/STM32H7xx_HAL_Driver/Src/stm32h7xx_hal_flash_ex.c ****       /* Erase by sector by sector to be done*/
 263:Drivers/STM32H7xx_HAL_Driver/Src/stm32h7xx_hal_flash_ex.c ****       for(sector_index = pEraseInit->Sector; sector_index < (pEraseInit->NbSectors + pEraseInit->Se
 264:Drivers/STM32H7xx_HAL_Driver/Src/stm32h7xx_hal_flash_ex.c ****       {
 265:Drivers/STM32H7xx_HAL_Driver/Src/stm32h7xx_hal_flash_ex.c ****         FLASH_Erase_Sector(sector_index, pEraseInit->Banks, pEraseInit->VoltageRange);
 266:Drivers/STM32H7xx_HAL_Driver/Src/stm32h7xx_hal_flash_ex.c **** 
 267:Drivers/STM32H7xx_HAL_Driver/Src/stm32h7xx_hal_flash_ex.c ****         if((pEraseInit->Banks & FLASH_BANK_1) == FLASH_BANK_1)
 268:Drivers/STM32H7xx_HAL_Driver/Src/stm32h7xx_hal_flash_ex.c ****         {
 269:Drivers/STM32H7xx_HAL_Driver/Src/stm32h7xx_hal_flash_ex.c ****           /* Wait for last operation to be completed */
 270:Drivers/STM32H7xx_HAL_Driver/Src/stm32h7xx_hal_flash_ex.c ****           status = FLASH_WaitForLastOperation((uint32_t)FLASH_TIMEOUT_VALUE, FLASH_BANK_1);
 271:Drivers/STM32H7xx_HAL_Driver/Src/stm32h7xx_hal_flash_ex.c **** 
 272:Drivers/STM32H7xx_HAL_Driver/Src/stm32h7xx_hal_flash_ex.c ****           /* If the erase operation is completed, disable the SER Bit */
 273:Drivers/STM32H7xx_HAL_Driver/Src/stm32h7xx_hal_flash_ex.c ****           FLASH->CR1 &= (~(FLASH_CR_SER | FLASH_CR_SNB));
 274:Drivers/STM32H7xx_HAL_Driver/Src/stm32h7xx_hal_flash_ex.c ****         }
 275:Drivers/STM32H7xx_HAL_Driver/Src/stm32h7xx_hal_flash_ex.c **** #if defined (DUAL_BANK)
 276:Drivers/STM32H7xx_HAL_Driver/Src/stm32h7xx_hal_flash_ex.c ****         if((pEraseInit->Banks & FLASH_BANK_2) == FLASH_BANK_2)
 277:Drivers/STM32H7xx_HAL_Driver/Src/stm32h7xx_hal_flash_ex.c ****         {
 278:Drivers/STM32H7xx_HAL_Driver/Src/stm32h7xx_hal_flash_ex.c ****           /* Wait for last operation to be completed */
 279:Drivers/STM32H7xx_HAL_Driver/Src/stm32h7xx_hal_flash_ex.c ****           status = FLASH_WaitForLastOperation((uint32_t)FLASH_TIMEOUT_VALUE, FLASH_BANK_2);
 280:Drivers/STM32H7xx_HAL_Driver/Src/stm32h7xx_hal_flash_ex.c **** 
 281:Drivers/STM32H7xx_HAL_Driver/Src/stm32h7xx_hal_flash_ex.c ****           /* If the erase operation is completed, disable the SER Bit */
 282:Drivers/STM32H7xx_HAL_Driver/Src/stm32h7xx_hal_flash_ex.c ****           FLASH->CR2 &= (~(FLASH_CR_SER | FLASH_CR_SNB));
 283:Drivers/STM32H7xx_HAL_Driver/Src/stm32h7xx_hal_flash_ex.c ****         }
 284:Drivers/STM32H7xx_HAL_Driver/Src/stm32h7xx_hal_flash_ex.c **** #endif /* DUAL_BANK */
 285:Drivers/STM32H7xx_HAL_Driver/Src/stm32h7xx_hal_flash_ex.c **** 
 286:Drivers/STM32H7xx_HAL_Driver/Src/stm32h7xx_hal_flash_ex.c ****         if(status != HAL_OK)
 287:Drivers/STM32H7xx_HAL_Driver/Src/stm32h7xx_hal_flash_ex.c ****         {
 288:Drivers/STM32H7xx_HAL_Driver/Src/stm32h7xx_hal_flash_ex.c ****           /* In case of error, stop erase procedure and return the faulty sector */
 289:Drivers/STM32H7xx_HAL_Driver/Src/stm32h7xx_hal_flash_ex.c ****           *SectorError = sector_index;
 290:Drivers/STM32H7xx_HAL_Driver/Src/stm32h7xx_hal_flash_ex.c ****           break;
 291:Drivers/STM32H7xx_HAL_Driver/Src/stm32h7xx_hal_flash_ex.c ****         }
 292:Drivers/STM32H7xx_HAL_Driver/Src/stm32h7xx_hal_flash_ex.c ****       }
 293:Drivers/STM32H7xx_HAL_Driver/Src/stm32h7xx_hal_flash_ex.c ****     }
 294:Drivers/STM32H7xx_HAL_Driver/Src/stm32h7xx_hal_flash_ex.c ****   }
 295:Drivers/STM32H7xx_HAL_Driver/Src/stm32h7xx_hal_flash_ex.c **** 
 296:Drivers/STM32H7xx_HAL_Driver/Src/stm32h7xx_hal_flash_ex.c ****   /* Process Unlocked */
 297:Drivers/STM32H7xx_HAL_Driver/Src/stm32h7xx_hal_flash_ex.c ****   __HAL_UNLOCK(&pFlash);
 298:Drivers/STM32H7xx_HAL_Driver/Src/stm32h7xx_hal_flash_ex.c **** 
 299:Drivers/STM32H7xx_HAL_Driver/Src/stm32h7xx_hal_flash_ex.c ****   return status;
 300:Drivers/STM32H7xx_HAL_Driver/Src/stm32h7xx_hal_flash_ex.c **** }
 301:Drivers/STM32H7xx_HAL_Driver/Src/stm32h7xx_hal_flash_ex.c **** 
 302:Drivers/STM32H7xx_HAL_Driver/Src/stm32h7xx_hal_flash_ex.c **** /**
 303:Drivers/STM32H7xx_HAL_Driver/Src/stm32h7xx_hal_flash_ex.c ****   * @brief  Perform a mass erase or erase the specified FLASH memory sectors with interrupt enabled
 304:Drivers/STM32H7xx_HAL_Driver/Src/stm32h7xx_hal_flash_ex.c ****   * @param  pEraseInit pointer to an FLASH_EraseInitTypeDef structure that
 305:Drivers/STM32H7xx_HAL_Driver/Src/stm32h7xx_hal_flash_ex.c ****   *         contains the configuration information for the erasing.
 306:Drivers/STM32H7xx_HAL_Driver/Src/stm32h7xx_hal_flash_ex.c ****   *
 307:Drivers/STM32H7xx_HAL_Driver/Src/stm32h7xx_hal_flash_ex.c ****   * @note   For dual-bank devices, if the SWAP_BANK option byte is enabled, the parameter
 308:Drivers/STM32H7xx_HAL_Driver/Src/stm32h7xx_hal_flash_ex.c ****   *         pEraseInit->Banks is modified accordingly. The logical bank addresses are swapped
 309:Drivers/STM32H7xx_HAL_Driver/Src/stm32h7xx_hal_flash_ex.c ****   *         as follows:
 310:Drivers/STM32H7xx_HAL_Driver/Src/stm32h7xx_hal_flash_ex.c ****   *          - FLASH_BANK_1 corresponds to the physical Bank2
 311:Drivers/STM32H7xx_HAL_Driver/Src/stm32h7xx_hal_flash_ex.c ****   *          - FLASH_BANK_2 corresponds to the physical Bank1
 312:Drivers/STM32H7xx_HAL_Driver/Src/stm32h7xx_hal_flash_ex.c ****   *
 313:Drivers/STM32H7xx_HAL_Driver/Src/stm32h7xx_hal_flash_ex.c ****   * @retval HAL Status
 314:Drivers/STM32H7xx_HAL_Driver/Src/stm32h7xx_hal_flash_ex.c ****   */
 315:Drivers/STM32H7xx_HAL_Driver/Src/stm32h7xx_hal_flash_ex.c **** HAL_StatusTypeDef HAL_FLASHEx_Erase_IT(FLASH_EraseInitTypeDef *pEraseInit)
 316:Drivers/STM32H7xx_HAL_Driver/Src/stm32h7xx_hal_flash_ex.c **** {
ARM GAS  /tmp/cck0UwGt.s 			page 7


 317:Drivers/STM32H7xx_HAL_Driver/Src/stm32h7xx_hal_flash_ex.c ****   HAL_StatusTypeDef status = HAL_OK;
 318:Drivers/STM32H7xx_HAL_Driver/Src/stm32h7xx_hal_flash_ex.c **** 
 319:Drivers/STM32H7xx_HAL_Driver/Src/stm32h7xx_hal_flash_ex.c ****   /* Check the parameters */
 320:Drivers/STM32H7xx_HAL_Driver/Src/stm32h7xx_hal_flash_ex.c ****   assert_param(IS_FLASH_TYPEERASE(pEraseInit->TypeErase));
 321:Drivers/STM32H7xx_HAL_Driver/Src/stm32h7xx_hal_flash_ex.c ****   assert_param(IS_FLASH_BANK(pEraseInit->Banks));
 322:Drivers/STM32H7xx_HAL_Driver/Src/stm32h7xx_hal_flash_ex.c **** 
 323:Drivers/STM32H7xx_HAL_Driver/Src/stm32h7xx_hal_flash_ex.c ****   /* Process Locked */
 324:Drivers/STM32H7xx_HAL_Driver/Src/stm32h7xx_hal_flash_ex.c ****   __HAL_LOCK(&pFlash);
 325:Drivers/STM32H7xx_HAL_Driver/Src/stm32h7xx_hal_flash_ex.c **** 
 326:Drivers/STM32H7xx_HAL_Driver/Src/stm32h7xx_hal_flash_ex.c ****   /* Reset error code */
 327:Drivers/STM32H7xx_HAL_Driver/Src/stm32h7xx_hal_flash_ex.c ****   pFlash.ErrorCode = HAL_FLASH_ERROR_NONE;
 328:Drivers/STM32H7xx_HAL_Driver/Src/stm32h7xx_hal_flash_ex.c **** 
 329:Drivers/STM32H7xx_HAL_Driver/Src/stm32h7xx_hal_flash_ex.c ****   /* Wait for last operation to be completed on Bank 1 */
 330:Drivers/STM32H7xx_HAL_Driver/Src/stm32h7xx_hal_flash_ex.c ****   if((pEraseInit->Banks & FLASH_BANK_1) == FLASH_BANK_1)
 331:Drivers/STM32H7xx_HAL_Driver/Src/stm32h7xx_hal_flash_ex.c ****   {
 332:Drivers/STM32H7xx_HAL_Driver/Src/stm32h7xx_hal_flash_ex.c ****     if(FLASH_WaitForLastOperation((uint32_t)FLASH_TIMEOUT_VALUE, FLASH_BANK_1) != HAL_OK)
 333:Drivers/STM32H7xx_HAL_Driver/Src/stm32h7xx_hal_flash_ex.c ****     {
 334:Drivers/STM32H7xx_HAL_Driver/Src/stm32h7xx_hal_flash_ex.c ****       status = HAL_ERROR;
 335:Drivers/STM32H7xx_HAL_Driver/Src/stm32h7xx_hal_flash_ex.c ****     }
 336:Drivers/STM32H7xx_HAL_Driver/Src/stm32h7xx_hal_flash_ex.c ****   }
 337:Drivers/STM32H7xx_HAL_Driver/Src/stm32h7xx_hal_flash_ex.c **** 
 338:Drivers/STM32H7xx_HAL_Driver/Src/stm32h7xx_hal_flash_ex.c **** #if defined (DUAL_BANK)
 339:Drivers/STM32H7xx_HAL_Driver/Src/stm32h7xx_hal_flash_ex.c ****   /* Wait for last operation to be completed on Bank 2 */
 340:Drivers/STM32H7xx_HAL_Driver/Src/stm32h7xx_hal_flash_ex.c ****   if((pEraseInit->Banks & FLASH_BANK_2) == FLASH_BANK_2)
 341:Drivers/STM32H7xx_HAL_Driver/Src/stm32h7xx_hal_flash_ex.c ****   {
 342:Drivers/STM32H7xx_HAL_Driver/Src/stm32h7xx_hal_flash_ex.c ****     if(FLASH_WaitForLastOperation((uint32_t)FLASH_TIMEOUT_VALUE, FLASH_BANK_2) != HAL_OK)
 343:Drivers/STM32H7xx_HAL_Driver/Src/stm32h7xx_hal_flash_ex.c ****     {
 344:Drivers/STM32H7xx_HAL_Driver/Src/stm32h7xx_hal_flash_ex.c ****       status = HAL_ERROR;
 345:Drivers/STM32H7xx_HAL_Driver/Src/stm32h7xx_hal_flash_ex.c ****     }
 346:Drivers/STM32H7xx_HAL_Driver/Src/stm32h7xx_hal_flash_ex.c ****   }
 347:Drivers/STM32H7xx_HAL_Driver/Src/stm32h7xx_hal_flash_ex.c **** #endif /* DUAL_BANK */
 348:Drivers/STM32H7xx_HAL_Driver/Src/stm32h7xx_hal_flash_ex.c **** 
 349:Drivers/STM32H7xx_HAL_Driver/Src/stm32h7xx_hal_flash_ex.c ****   if (status != HAL_OK)
 350:Drivers/STM32H7xx_HAL_Driver/Src/stm32h7xx_hal_flash_ex.c ****   {
 351:Drivers/STM32H7xx_HAL_Driver/Src/stm32h7xx_hal_flash_ex.c ****     /* Process Unlocked */
 352:Drivers/STM32H7xx_HAL_Driver/Src/stm32h7xx_hal_flash_ex.c ****     __HAL_UNLOCK(&pFlash);
 353:Drivers/STM32H7xx_HAL_Driver/Src/stm32h7xx_hal_flash_ex.c ****   }
 354:Drivers/STM32H7xx_HAL_Driver/Src/stm32h7xx_hal_flash_ex.c ****   else
 355:Drivers/STM32H7xx_HAL_Driver/Src/stm32h7xx_hal_flash_ex.c ****   {
 356:Drivers/STM32H7xx_HAL_Driver/Src/stm32h7xx_hal_flash_ex.c ****     if((pEraseInit->Banks & FLASH_BANK_1) == FLASH_BANK_1)
 357:Drivers/STM32H7xx_HAL_Driver/Src/stm32h7xx_hal_flash_ex.c ****     {
 358:Drivers/STM32H7xx_HAL_Driver/Src/stm32h7xx_hal_flash_ex.c ****       /* Enable End of Operation and Error interrupts for Bank 1 */
 359:Drivers/STM32H7xx_HAL_Driver/Src/stm32h7xx_hal_flash_ex.c **** #if defined (FLASH_CR_OPERRIE)
 360:Drivers/STM32H7xx_HAL_Driver/Src/stm32h7xx_hal_flash_ex.c ****       __HAL_FLASH_ENABLE_IT_BANK1(FLASH_IT_EOP_BANK1     | FLASH_IT_WRPERR_BANK1 | FLASH_IT_PGSERR_
 361:Drivers/STM32H7xx_HAL_Driver/Src/stm32h7xx_hal_flash_ex.c ****                                   FLASH_IT_STRBERR_BANK1 | FLASH_IT_INCERR_BANK1 | FLASH_IT_OPERR_B
 362:Drivers/STM32H7xx_HAL_Driver/Src/stm32h7xx_hal_flash_ex.c **** #else
 363:Drivers/STM32H7xx_HAL_Driver/Src/stm32h7xx_hal_flash_ex.c ****       __HAL_FLASH_ENABLE_IT_BANK1(FLASH_IT_EOP_BANK1     | FLASH_IT_WRPERR_BANK1 | FLASH_IT_PGSERR_
 364:Drivers/STM32H7xx_HAL_Driver/Src/stm32h7xx_hal_flash_ex.c ****                                   FLASH_IT_STRBERR_BANK1 | FLASH_IT_INCERR_BANK1);
 365:Drivers/STM32H7xx_HAL_Driver/Src/stm32h7xx_hal_flash_ex.c **** #endif /* FLASH_CR_OPERRIE */
 366:Drivers/STM32H7xx_HAL_Driver/Src/stm32h7xx_hal_flash_ex.c ****     }
 367:Drivers/STM32H7xx_HAL_Driver/Src/stm32h7xx_hal_flash_ex.c **** #if defined (DUAL_BANK)
 368:Drivers/STM32H7xx_HAL_Driver/Src/stm32h7xx_hal_flash_ex.c ****     if((pEraseInit->Banks & FLASH_BANK_2) == FLASH_BANK_2)
 369:Drivers/STM32H7xx_HAL_Driver/Src/stm32h7xx_hal_flash_ex.c ****     {
 370:Drivers/STM32H7xx_HAL_Driver/Src/stm32h7xx_hal_flash_ex.c ****       /* Enable End of Operation and Error interrupts for Bank 2 */
 371:Drivers/STM32H7xx_HAL_Driver/Src/stm32h7xx_hal_flash_ex.c **** #if defined (FLASH_CR_OPERRIE)
 372:Drivers/STM32H7xx_HAL_Driver/Src/stm32h7xx_hal_flash_ex.c ****       __HAL_FLASH_ENABLE_IT_BANK2(FLASH_IT_EOP_BANK2     | FLASH_IT_WRPERR_BANK2 | FLASH_IT_PGSERR_
 373:Drivers/STM32H7xx_HAL_Driver/Src/stm32h7xx_hal_flash_ex.c ****                                   FLASH_IT_STRBERR_BANK2 | FLASH_IT_INCERR_BANK2 | FLASH_IT_OPERR_B
ARM GAS  /tmp/cck0UwGt.s 			page 8


 374:Drivers/STM32H7xx_HAL_Driver/Src/stm32h7xx_hal_flash_ex.c **** #else
 375:Drivers/STM32H7xx_HAL_Driver/Src/stm32h7xx_hal_flash_ex.c ****       __HAL_FLASH_ENABLE_IT_BANK2(FLASH_IT_EOP_BANK2     | FLASH_IT_WRPERR_BANK2 | FLASH_IT_PGSERR_
 376:Drivers/STM32H7xx_HAL_Driver/Src/stm32h7xx_hal_flash_ex.c ****                                   FLASH_IT_STRBERR_BANK2 | FLASH_IT_INCERR_BANK2);
 377:Drivers/STM32H7xx_HAL_Driver/Src/stm32h7xx_hal_flash_ex.c **** #endif /* FLASH_CR_OPERRIE */
 378:Drivers/STM32H7xx_HAL_Driver/Src/stm32h7xx_hal_flash_ex.c ****     }
 379:Drivers/STM32H7xx_HAL_Driver/Src/stm32h7xx_hal_flash_ex.c **** #endif /* DUAL_BANK */
 380:Drivers/STM32H7xx_HAL_Driver/Src/stm32h7xx_hal_flash_ex.c **** 
 381:Drivers/STM32H7xx_HAL_Driver/Src/stm32h7xx_hal_flash_ex.c ****     if(pEraseInit->TypeErase == FLASH_TYPEERASE_MASSERASE)
 382:Drivers/STM32H7xx_HAL_Driver/Src/stm32h7xx_hal_flash_ex.c ****     {
 383:Drivers/STM32H7xx_HAL_Driver/Src/stm32h7xx_hal_flash_ex.c ****       /*Mass erase to be done*/
 384:Drivers/STM32H7xx_HAL_Driver/Src/stm32h7xx_hal_flash_ex.c ****       if(pEraseInit->Banks == FLASH_BANK_1)
 385:Drivers/STM32H7xx_HAL_Driver/Src/stm32h7xx_hal_flash_ex.c ****       {
 386:Drivers/STM32H7xx_HAL_Driver/Src/stm32h7xx_hal_flash_ex.c ****         pFlash.ProcedureOnGoing = FLASH_PROC_MASSERASE_BANK1;
 387:Drivers/STM32H7xx_HAL_Driver/Src/stm32h7xx_hal_flash_ex.c ****       }
 388:Drivers/STM32H7xx_HAL_Driver/Src/stm32h7xx_hal_flash_ex.c **** #if defined (DUAL_BANK)
 389:Drivers/STM32H7xx_HAL_Driver/Src/stm32h7xx_hal_flash_ex.c ****       else if(pEraseInit->Banks == FLASH_BANK_2)
 390:Drivers/STM32H7xx_HAL_Driver/Src/stm32h7xx_hal_flash_ex.c ****       {
 391:Drivers/STM32H7xx_HAL_Driver/Src/stm32h7xx_hal_flash_ex.c ****         pFlash.ProcedureOnGoing = FLASH_PROC_MASSERASE_BANK2;
 392:Drivers/STM32H7xx_HAL_Driver/Src/stm32h7xx_hal_flash_ex.c ****       }
 393:Drivers/STM32H7xx_HAL_Driver/Src/stm32h7xx_hal_flash_ex.c **** #endif /* DUAL_BANK */
 394:Drivers/STM32H7xx_HAL_Driver/Src/stm32h7xx_hal_flash_ex.c ****       else
 395:Drivers/STM32H7xx_HAL_Driver/Src/stm32h7xx_hal_flash_ex.c ****       {
 396:Drivers/STM32H7xx_HAL_Driver/Src/stm32h7xx_hal_flash_ex.c ****         pFlash.ProcedureOnGoing = FLASH_PROC_ALLBANK_MASSERASE;
 397:Drivers/STM32H7xx_HAL_Driver/Src/stm32h7xx_hal_flash_ex.c ****       }
 398:Drivers/STM32H7xx_HAL_Driver/Src/stm32h7xx_hal_flash_ex.c **** 
 399:Drivers/STM32H7xx_HAL_Driver/Src/stm32h7xx_hal_flash_ex.c ****       FLASH_MassErase(pEraseInit->VoltageRange, pEraseInit->Banks);
 400:Drivers/STM32H7xx_HAL_Driver/Src/stm32h7xx_hal_flash_ex.c ****     }
 401:Drivers/STM32H7xx_HAL_Driver/Src/stm32h7xx_hal_flash_ex.c ****     else
 402:Drivers/STM32H7xx_HAL_Driver/Src/stm32h7xx_hal_flash_ex.c ****     {
 403:Drivers/STM32H7xx_HAL_Driver/Src/stm32h7xx_hal_flash_ex.c ****       /* Erase by sector to be done */
 404:Drivers/STM32H7xx_HAL_Driver/Src/stm32h7xx_hal_flash_ex.c **** #if defined (DUAL_BANK)
 405:Drivers/STM32H7xx_HAL_Driver/Src/stm32h7xx_hal_flash_ex.c ****       if(pEraseInit->Banks == FLASH_BANK_1)
 406:Drivers/STM32H7xx_HAL_Driver/Src/stm32h7xx_hal_flash_ex.c ****       {
 407:Drivers/STM32H7xx_HAL_Driver/Src/stm32h7xx_hal_flash_ex.c ****         pFlash.ProcedureOnGoing = FLASH_PROC_SECTERASE_BANK1;
 408:Drivers/STM32H7xx_HAL_Driver/Src/stm32h7xx_hal_flash_ex.c ****       }
 409:Drivers/STM32H7xx_HAL_Driver/Src/stm32h7xx_hal_flash_ex.c ****       else
 410:Drivers/STM32H7xx_HAL_Driver/Src/stm32h7xx_hal_flash_ex.c ****       {
 411:Drivers/STM32H7xx_HAL_Driver/Src/stm32h7xx_hal_flash_ex.c ****         pFlash.ProcedureOnGoing = FLASH_PROC_SECTERASE_BANK2;
 412:Drivers/STM32H7xx_HAL_Driver/Src/stm32h7xx_hal_flash_ex.c ****       }
 413:Drivers/STM32H7xx_HAL_Driver/Src/stm32h7xx_hal_flash_ex.c **** #else
 414:Drivers/STM32H7xx_HAL_Driver/Src/stm32h7xx_hal_flash_ex.c ****       pFlash.ProcedureOnGoing = FLASH_PROC_SECTERASE_BANK1;
 415:Drivers/STM32H7xx_HAL_Driver/Src/stm32h7xx_hal_flash_ex.c **** #endif /* DUAL_BANK */
 416:Drivers/STM32H7xx_HAL_Driver/Src/stm32h7xx_hal_flash_ex.c **** 
 417:Drivers/STM32H7xx_HAL_Driver/Src/stm32h7xx_hal_flash_ex.c ****       pFlash.NbSectorsToErase = pEraseInit->NbSectors;
 418:Drivers/STM32H7xx_HAL_Driver/Src/stm32h7xx_hal_flash_ex.c ****       pFlash.Sector = pEraseInit->Sector;
 419:Drivers/STM32H7xx_HAL_Driver/Src/stm32h7xx_hal_flash_ex.c ****       pFlash.VoltageForErase = pEraseInit->VoltageRange;
 420:Drivers/STM32H7xx_HAL_Driver/Src/stm32h7xx_hal_flash_ex.c **** 
 421:Drivers/STM32H7xx_HAL_Driver/Src/stm32h7xx_hal_flash_ex.c ****       /* Erase first sector and wait for IT */
 422:Drivers/STM32H7xx_HAL_Driver/Src/stm32h7xx_hal_flash_ex.c ****       FLASH_Erase_Sector(pEraseInit->Sector, pEraseInit->Banks, pEraseInit->VoltageRange);
 423:Drivers/STM32H7xx_HAL_Driver/Src/stm32h7xx_hal_flash_ex.c ****     }
 424:Drivers/STM32H7xx_HAL_Driver/Src/stm32h7xx_hal_flash_ex.c ****   }
 425:Drivers/STM32H7xx_HAL_Driver/Src/stm32h7xx_hal_flash_ex.c **** 
 426:Drivers/STM32H7xx_HAL_Driver/Src/stm32h7xx_hal_flash_ex.c ****   return status;
 427:Drivers/STM32H7xx_HAL_Driver/Src/stm32h7xx_hal_flash_ex.c **** }
 428:Drivers/STM32H7xx_HAL_Driver/Src/stm32h7xx_hal_flash_ex.c **** 
 429:Drivers/STM32H7xx_HAL_Driver/Src/stm32h7xx_hal_flash_ex.c **** /**
 430:Drivers/STM32H7xx_HAL_Driver/Src/stm32h7xx_hal_flash_ex.c ****   * @brief  Program option bytes
ARM GAS  /tmp/cck0UwGt.s 			page 9


 431:Drivers/STM32H7xx_HAL_Driver/Src/stm32h7xx_hal_flash_ex.c ****   * @param  pOBInit pointer to an FLASH_OBProgramInitTypeDef structure that
 432:Drivers/STM32H7xx_HAL_Driver/Src/stm32h7xx_hal_flash_ex.c ****   *         contains the configuration information for the programming.
 433:Drivers/STM32H7xx_HAL_Driver/Src/stm32h7xx_hal_flash_ex.c ****   *
 434:Drivers/STM32H7xx_HAL_Driver/Src/stm32h7xx_hal_flash_ex.c ****   * @retval HAL Status
 435:Drivers/STM32H7xx_HAL_Driver/Src/stm32h7xx_hal_flash_ex.c ****   */
 436:Drivers/STM32H7xx_HAL_Driver/Src/stm32h7xx_hal_flash_ex.c **** HAL_StatusTypeDef HAL_FLASHEx_OBProgram(FLASH_OBProgramInitTypeDef *pOBInit)
 437:Drivers/STM32H7xx_HAL_Driver/Src/stm32h7xx_hal_flash_ex.c **** {
 438:Drivers/STM32H7xx_HAL_Driver/Src/stm32h7xx_hal_flash_ex.c ****   HAL_StatusTypeDef status;
 439:Drivers/STM32H7xx_HAL_Driver/Src/stm32h7xx_hal_flash_ex.c **** 
 440:Drivers/STM32H7xx_HAL_Driver/Src/stm32h7xx_hal_flash_ex.c ****   /* Check the parameters */
 441:Drivers/STM32H7xx_HAL_Driver/Src/stm32h7xx_hal_flash_ex.c ****   assert_param(IS_OPTIONBYTE(pOBInit->OptionType));
 442:Drivers/STM32H7xx_HAL_Driver/Src/stm32h7xx_hal_flash_ex.c **** 
 443:Drivers/STM32H7xx_HAL_Driver/Src/stm32h7xx_hal_flash_ex.c ****   /* Process Locked */
 444:Drivers/STM32H7xx_HAL_Driver/Src/stm32h7xx_hal_flash_ex.c ****   __HAL_LOCK(&pFlash);
 445:Drivers/STM32H7xx_HAL_Driver/Src/stm32h7xx_hal_flash_ex.c **** 
 446:Drivers/STM32H7xx_HAL_Driver/Src/stm32h7xx_hal_flash_ex.c ****   /* Reset Error Code */
 447:Drivers/STM32H7xx_HAL_Driver/Src/stm32h7xx_hal_flash_ex.c ****   pFlash.ErrorCode = HAL_FLASH_ERROR_NONE;
 448:Drivers/STM32H7xx_HAL_Driver/Src/stm32h7xx_hal_flash_ex.c **** 
 449:Drivers/STM32H7xx_HAL_Driver/Src/stm32h7xx_hal_flash_ex.c ****   /* Wait for last operation to be completed */
 450:Drivers/STM32H7xx_HAL_Driver/Src/stm32h7xx_hal_flash_ex.c ****   if(FLASH_WaitForLastOperation((uint32_t)FLASH_TIMEOUT_VALUE, FLASH_BANK_1) != HAL_OK)
 451:Drivers/STM32H7xx_HAL_Driver/Src/stm32h7xx_hal_flash_ex.c ****   {
 452:Drivers/STM32H7xx_HAL_Driver/Src/stm32h7xx_hal_flash_ex.c ****     status = HAL_ERROR;
 453:Drivers/STM32H7xx_HAL_Driver/Src/stm32h7xx_hal_flash_ex.c ****   }
 454:Drivers/STM32H7xx_HAL_Driver/Src/stm32h7xx_hal_flash_ex.c **** #if defined (DUAL_BANK)
 455:Drivers/STM32H7xx_HAL_Driver/Src/stm32h7xx_hal_flash_ex.c ****   else if(FLASH_WaitForLastOperation((uint32_t)FLASH_TIMEOUT_VALUE, FLASH_BANK_2) != HAL_OK)
 456:Drivers/STM32H7xx_HAL_Driver/Src/stm32h7xx_hal_flash_ex.c ****   {
 457:Drivers/STM32H7xx_HAL_Driver/Src/stm32h7xx_hal_flash_ex.c ****     status = HAL_ERROR;
 458:Drivers/STM32H7xx_HAL_Driver/Src/stm32h7xx_hal_flash_ex.c ****   }
 459:Drivers/STM32H7xx_HAL_Driver/Src/stm32h7xx_hal_flash_ex.c **** #endif /* DUAL_BANK */
 460:Drivers/STM32H7xx_HAL_Driver/Src/stm32h7xx_hal_flash_ex.c ****   else
 461:Drivers/STM32H7xx_HAL_Driver/Src/stm32h7xx_hal_flash_ex.c ****   {
 462:Drivers/STM32H7xx_HAL_Driver/Src/stm32h7xx_hal_flash_ex.c ****     status = HAL_OK;
 463:Drivers/STM32H7xx_HAL_Driver/Src/stm32h7xx_hal_flash_ex.c ****   }
 464:Drivers/STM32H7xx_HAL_Driver/Src/stm32h7xx_hal_flash_ex.c **** 
 465:Drivers/STM32H7xx_HAL_Driver/Src/stm32h7xx_hal_flash_ex.c ****   if(status == HAL_OK)
 466:Drivers/STM32H7xx_HAL_Driver/Src/stm32h7xx_hal_flash_ex.c ****   {
 467:Drivers/STM32H7xx_HAL_Driver/Src/stm32h7xx_hal_flash_ex.c ****     /*Write protection configuration*/
 468:Drivers/STM32H7xx_HAL_Driver/Src/stm32h7xx_hal_flash_ex.c ****     if((pOBInit->OptionType & OPTIONBYTE_WRP) == OPTIONBYTE_WRP)
 469:Drivers/STM32H7xx_HAL_Driver/Src/stm32h7xx_hal_flash_ex.c ****     {
 470:Drivers/STM32H7xx_HAL_Driver/Src/stm32h7xx_hal_flash_ex.c ****       assert_param(IS_WRPSTATE(pOBInit->WRPState));
 471:Drivers/STM32H7xx_HAL_Driver/Src/stm32h7xx_hal_flash_ex.c **** 
 472:Drivers/STM32H7xx_HAL_Driver/Src/stm32h7xx_hal_flash_ex.c ****       if(pOBInit->WRPState == OB_WRPSTATE_ENABLE)
 473:Drivers/STM32H7xx_HAL_Driver/Src/stm32h7xx_hal_flash_ex.c ****       {
 474:Drivers/STM32H7xx_HAL_Driver/Src/stm32h7xx_hal_flash_ex.c ****         /*Enable of Write protection on the selected Sector*/
 475:Drivers/STM32H7xx_HAL_Driver/Src/stm32h7xx_hal_flash_ex.c ****         FLASH_OB_EnableWRP(pOBInit->WRPSector,pOBInit->Banks);
 476:Drivers/STM32H7xx_HAL_Driver/Src/stm32h7xx_hal_flash_ex.c ****       }
 477:Drivers/STM32H7xx_HAL_Driver/Src/stm32h7xx_hal_flash_ex.c ****       else
 478:Drivers/STM32H7xx_HAL_Driver/Src/stm32h7xx_hal_flash_ex.c ****       {
 479:Drivers/STM32H7xx_HAL_Driver/Src/stm32h7xx_hal_flash_ex.c ****         /*Disable of Write protection on the selected Sector*/
 480:Drivers/STM32H7xx_HAL_Driver/Src/stm32h7xx_hal_flash_ex.c ****         FLASH_OB_DisableWRP(pOBInit->WRPSector, pOBInit->Banks);
 481:Drivers/STM32H7xx_HAL_Driver/Src/stm32h7xx_hal_flash_ex.c ****       }
 482:Drivers/STM32H7xx_HAL_Driver/Src/stm32h7xx_hal_flash_ex.c ****     }
 483:Drivers/STM32H7xx_HAL_Driver/Src/stm32h7xx_hal_flash_ex.c **** 
 484:Drivers/STM32H7xx_HAL_Driver/Src/stm32h7xx_hal_flash_ex.c ****     /* Read protection configuration */
 485:Drivers/STM32H7xx_HAL_Driver/Src/stm32h7xx_hal_flash_ex.c ****     if((pOBInit->OptionType & OPTIONBYTE_RDP) != 0U)
 486:Drivers/STM32H7xx_HAL_Driver/Src/stm32h7xx_hal_flash_ex.c ****     {
 487:Drivers/STM32H7xx_HAL_Driver/Src/stm32h7xx_hal_flash_ex.c ****       /* Configure the Read protection level */
ARM GAS  /tmp/cck0UwGt.s 			page 10


 488:Drivers/STM32H7xx_HAL_Driver/Src/stm32h7xx_hal_flash_ex.c ****       FLASH_OB_RDPConfig(pOBInit->RDPLevel);
 489:Drivers/STM32H7xx_HAL_Driver/Src/stm32h7xx_hal_flash_ex.c ****     }
 490:Drivers/STM32H7xx_HAL_Driver/Src/stm32h7xx_hal_flash_ex.c **** 
 491:Drivers/STM32H7xx_HAL_Driver/Src/stm32h7xx_hal_flash_ex.c ****     /* User Configuration */
 492:Drivers/STM32H7xx_HAL_Driver/Src/stm32h7xx_hal_flash_ex.c ****     if((pOBInit->OptionType & OPTIONBYTE_USER) != 0U)
 493:Drivers/STM32H7xx_HAL_Driver/Src/stm32h7xx_hal_flash_ex.c ****     {
 494:Drivers/STM32H7xx_HAL_Driver/Src/stm32h7xx_hal_flash_ex.c ****       /* Configure the user option bytes */
 495:Drivers/STM32H7xx_HAL_Driver/Src/stm32h7xx_hal_flash_ex.c ****       FLASH_OB_UserConfig(pOBInit->USERType, pOBInit->USERConfig);
 496:Drivers/STM32H7xx_HAL_Driver/Src/stm32h7xx_hal_flash_ex.c ****     }
 497:Drivers/STM32H7xx_HAL_Driver/Src/stm32h7xx_hal_flash_ex.c **** 
 498:Drivers/STM32H7xx_HAL_Driver/Src/stm32h7xx_hal_flash_ex.c ****     /* PCROP Configuration */
 499:Drivers/STM32H7xx_HAL_Driver/Src/stm32h7xx_hal_flash_ex.c ****     if((pOBInit->OptionType & OPTIONBYTE_PCROP) != 0U)
 500:Drivers/STM32H7xx_HAL_Driver/Src/stm32h7xx_hal_flash_ex.c ****     {
 501:Drivers/STM32H7xx_HAL_Driver/Src/stm32h7xx_hal_flash_ex.c ****       assert_param(IS_FLASH_BANK(pOBInit->Banks));
 502:Drivers/STM32H7xx_HAL_Driver/Src/stm32h7xx_hal_flash_ex.c **** 
 503:Drivers/STM32H7xx_HAL_Driver/Src/stm32h7xx_hal_flash_ex.c ****       /*Configure the Proprietary code readout protection */
 504:Drivers/STM32H7xx_HAL_Driver/Src/stm32h7xx_hal_flash_ex.c ****       FLASH_OB_PCROPConfig(pOBInit->PCROPConfig, pOBInit->PCROPStartAddr, pOBInit->PCROPEndAddr, pO
 505:Drivers/STM32H7xx_HAL_Driver/Src/stm32h7xx_hal_flash_ex.c ****     }
 506:Drivers/STM32H7xx_HAL_Driver/Src/stm32h7xx_hal_flash_ex.c **** 
 507:Drivers/STM32H7xx_HAL_Driver/Src/stm32h7xx_hal_flash_ex.c ****     /* BOR Level configuration */
 508:Drivers/STM32H7xx_HAL_Driver/Src/stm32h7xx_hal_flash_ex.c ****     if((pOBInit->OptionType & OPTIONBYTE_BOR) == OPTIONBYTE_BOR)
 509:Drivers/STM32H7xx_HAL_Driver/Src/stm32h7xx_hal_flash_ex.c ****     {
 510:Drivers/STM32H7xx_HAL_Driver/Src/stm32h7xx_hal_flash_ex.c ****       FLASH_OB_BOR_LevelConfig(pOBInit->BORLevel);
 511:Drivers/STM32H7xx_HAL_Driver/Src/stm32h7xx_hal_flash_ex.c ****     }
 512:Drivers/STM32H7xx_HAL_Driver/Src/stm32h7xx_hal_flash_ex.c **** 
 513:Drivers/STM32H7xx_HAL_Driver/Src/stm32h7xx_hal_flash_ex.c **** #if defined(DUAL_CORE)
 514:Drivers/STM32H7xx_HAL_Driver/Src/stm32h7xx_hal_flash_ex.c ****     /* CM7 Boot Address  configuration */
 515:Drivers/STM32H7xx_HAL_Driver/Src/stm32h7xx_hal_flash_ex.c ****     if((pOBInit->OptionType & OPTIONBYTE_CM7_BOOTADD) == OPTIONBYTE_CM7_BOOTADD)
 516:Drivers/STM32H7xx_HAL_Driver/Src/stm32h7xx_hal_flash_ex.c ****     {
 517:Drivers/STM32H7xx_HAL_Driver/Src/stm32h7xx_hal_flash_ex.c ****       FLASH_OB_BootAddConfig(pOBInit->BootConfig, pOBInit->BootAddr0, pOBInit->BootAddr1);
 518:Drivers/STM32H7xx_HAL_Driver/Src/stm32h7xx_hal_flash_ex.c ****     }
 519:Drivers/STM32H7xx_HAL_Driver/Src/stm32h7xx_hal_flash_ex.c **** 
 520:Drivers/STM32H7xx_HAL_Driver/Src/stm32h7xx_hal_flash_ex.c ****     /* CM4 Boot Address  configuration */
 521:Drivers/STM32H7xx_HAL_Driver/Src/stm32h7xx_hal_flash_ex.c ****     if((pOBInit->OptionType & OPTIONBYTE_CM4_BOOTADD) == OPTIONBYTE_CM4_BOOTADD)
 522:Drivers/STM32H7xx_HAL_Driver/Src/stm32h7xx_hal_flash_ex.c ****     {
 523:Drivers/STM32H7xx_HAL_Driver/Src/stm32h7xx_hal_flash_ex.c ****       FLASH_OB_CM4BootAddConfig(pOBInit->CM4BootConfig, pOBInit->CM4BootAddr0, pOBInit->CM4BootAddr
 524:Drivers/STM32H7xx_HAL_Driver/Src/stm32h7xx_hal_flash_ex.c ****     }
 525:Drivers/STM32H7xx_HAL_Driver/Src/stm32h7xx_hal_flash_ex.c **** #else /* Single Core*/
 526:Drivers/STM32H7xx_HAL_Driver/Src/stm32h7xx_hal_flash_ex.c ****     /* Boot Address  configuration */
 527:Drivers/STM32H7xx_HAL_Driver/Src/stm32h7xx_hal_flash_ex.c ****     if((pOBInit->OptionType & OPTIONBYTE_BOOTADD) == OPTIONBYTE_BOOTADD)
 528:Drivers/STM32H7xx_HAL_Driver/Src/stm32h7xx_hal_flash_ex.c ****     {
 529:Drivers/STM32H7xx_HAL_Driver/Src/stm32h7xx_hal_flash_ex.c ****       FLASH_OB_BootAddConfig(pOBInit->BootConfig, pOBInit->BootAddr0, pOBInit->BootAddr1);
 530:Drivers/STM32H7xx_HAL_Driver/Src/stm32h7xx_hal_flash_ex.c ****     }
 531:Drivers/STM32H7xx_HAL_Driver/Src/stm32h7xx_hal_flash_ex.c **** #endif /*DUAL_CORE*/
 532:Drivers/STM32H7xx_HAL_Driver/Src/stm32h7xx_hal_flash_ex.c **** 
 533:Drivers/STM32H7xx_HAL_Driver/Src/stm32h7xx_hal_flash_ex.c ****     /* Secure area configuration */
 534:Drivers/STM32H7xx_HAL_Driver/Src/stm32h7xx_hal_flash_ex.c ****     if((pOBInit->OptionType & OPTIONBYTE_SECURE_AREA) == OPTIONBYTE_SECURE_AREA)
 535:Drivers/STM32H7xx_HAL_Driver/Src/stm32h7xx_hal_flash_ex.c ****     {
 536:Drivers/STM32H7xx_HAL_Driver/Src/stm32h7xx_hal_flash_ex.c ****       FLASH_OB_SecureAreaConfig(pOBInit->SecureAreaConfig, pOBInit->SecureAreaStartAddr, pOBInit->S
 537:Drivers/STM32H7xx_HAL_Driver/Src/stm32h7xx_hal_flash_ex.c ****     }
 538:Drivers/STM32H7xx_HAL_Driver/Src/stm32h7xx_hal_flash_ex.c **** 
 539:Drivers/STM32H7xx_HAL_Driver/Src/stm32h7xx_hal_flash_ex.c **** #if defined(FLASH_OTPBL_LOCKBL)
 540:Drivers/STM32H7xx_HAL_Driver/Src/stm32h7xx_hal_flash_ex.c ****     /* OTP Block Lock configuration */
 541:Drivers/STM32H7xx_HAL_Driver/Src/stm32h7xx_hal_flash_ex.c ****     if((pOBInit->OptionType & OPTIONBYTE_OTP_LOCK) == OPTIONBYTE_OTP_LOCK)
 542:Drivers/STM32H7xx_HAL_Driver/Src/stm32h7xx_hal_flash_ex.c ****     {
 543:Drivers/STM32H7xx_HAL_Driver/Src/stm32h7xx_hal_flash_ex.c ****       FLASH_OB_OTP_LockConfig(pOBInit->OTPBlockLock);
 544:Drivers/STM32H7xx_HAL_Driver/Src/stm32h7xx_hal_flash_ex.c ****     }
ARM GAS  /tmp/cck0UwGt.s 			page 11


 545:Drivers/STM32H7xx_HAL_Driver/Src/stm32h7xx_hal_flash_ex.c **** #endif /* FLASH_OTPBL_LOCKBL */
 546:Drivers/STM32H7xx_HAL_Driver/Src/stm32h7xx_hal_flash_ex.c **** 
 547:Drivers/STM32H7xx_HAL_Driver/Src/stm32h7xx_hal_flash_ex.c **** #if defined(FLASH_OPTSR2_TCM_AXI_SHARED)
 548:Drivers/STM32H7xx_HAL_Driver/Src/stm32h7xx_hal_flash_ex.c ****     /* TCM / AXI Shared RAM configuration */
 549:Drivers/STM32H7xx_HAL_Driver/Src/stm32h7xx_hal_flash_ex.c ****     if((pOBInit->OptionType & OPTIONBYTE_SHARED_RAM) == OPTIONBYTE_SHARED_RAM)
 550:Drivers/STM32H7xx_HAL_Driver/Src/stm32h7xx_hal_flash_ex.c ****     {
 551:Drivers/STM32H7xx_HAL_Driver/Src/stm32h7xx_hal_flash_ex.c ****       FLASH_OB_SharedRAM_Config(pOBInit->SharedRamConfig);
 552:Drivers/STM32H7xx_HAL_Driver/Src/stm32h7xx_hal_flash_ex.c ****     }
 553:Drivers/STM32H7xx_HAL_Driver/Src/stm32h7xx_hal_flash_ex.c **** #endif /* FLASH_OPTSR2_TCM_AXI_SHARED */
 554:Drivers/STM32H7xx_HAL_Driver/Src/stm32h7xx_hal_flash_ex.c **** 
 555:Drivers/STM32H7xx_HAL_Driver/Src/stm32h7xx_hal_flash_ex.c **** #if defined(FLASH_OPTSR2_CPUFREQ_BOOST)
 556:Drivers/STM32H7xx_HAL_Driver/Src/stm32h7xx_hal_flash_ex.c ****     /* CPU Frequency Boost configuration */
 557:Drivers/STM32H7xx_HAL_Driver/Src/stm32h7xx_hal_flash_ex.c ****     if((pOBInit->OptionType & OPTIONBYTE_FREQ_BOOST) == OPTIONBYTE_FREQ_BOOST)
 558:Drivers/STM32H7xx_HAL_Driver/Src/stm32h7xx_hal_flash_ex.c ****     {
 559:Drivers/STM32H7xx_HAL_Driver/Src/stm32h7xx_hal_flash_ex.c ****       FLASH_OB_CPUFreq_BoostConfig(pOBInit->FreqBoostState);
 560:Drivers/STM32H7xx_HAL_Driver/Src/stm32h7xx_hal_flash_ex.c ****     }
 561:Drivers/STM32H7xx_HAL_Driver/Src/stm32h7xx_hal_flash_ex.c **** #endif /* FLASH_OPTSR2_CPUFREQ_BOOST */
 562:Drivers/STM32H7xx_HAL_Driver/Src/stm32h7xx_hal_flash_ex.c ****   }
 563:Drivers/STM32H7xx_HAL_Driver/Src/stm32h7xx_hal_flash_ex.c **** 
 564:Drivers/STM32H7xx_HAL_Driver/Src/stm32h7xx_hal_flash_ex.c ****   /* Process Unlocked */
 565:Drivers/STM32H7xx_HAL_Driver/Src/stm32h7xx_hal_flash_ex.c ****   __HAL_UNLOCK(&pFlash);
 566:Drivers/STM32H7xx_HAL_Driver/Src/stm32h7xx_hal_flash_ex.c **** 
 567:Drivers/STM32H7xx_HAL_Driver/Src/stm32h7xx_hal_flash_ex.c ****   return status;
 568:Drivers/STM32H7xx_HAL_Driver/Src/stm32h7xx_hal_flash_ex.c **** }
 569:Drivers/STM32H7xx_HAL_Driver/Src/stm32h7xx_hal_flash_ex.c **** 
 570:Drivers/STM32H7xx_HAL_Driver/Src/stm32h7xx_hal_flash_ex.c **** /**
 571:Drivers/STM32H7xx_HAL_Driver/Src/stm32h7xx_hal_flash_ex.c ****   * @brief Get the Option byte configuration
 572:Drivers/STM32H7xx_HAL_Driver/Src/stm32h7xx_hal_flash_ex.c ****   * @param  pOBInit pointer to an FLASH_OBProgramInitTypeDef structure that
 573:Drivers/STM32H7xx_HAL_Driver/Src/stm32h7xx_hal_flash_ex.c ****   *         contains the configuration information for the programming.
 574:Drivers/STM32H7xx_HAL_Driver/Src/stm32h7xx_hal_flash_ex.c ****   * @note   The parameter Banks of the pOBInit structure must be set exclusively to FLASH_BANK_1 or
 575:Drivers/STM32H7xx_HAL_Driver/Src/stm32h7xx_hal_flash_ex.c ****   *         as this parameter is use to get the given Bank WRP, PCROP and secured area configuratio
 576:Drivers/STM32H7xx_HAL_Driver/Src/stm32h7xx_hal_flash_ex.c ****   *
 577:Drivers/STM32H7xx_HAL_Driver/Src/stm32h7xx_hal_flash_ex.c ****   * @retval None
 578:Drivers/STM32H7xx_HAL_Driver/Src/stm32h7xx_hal_flash_ex.c ****   */
 579:Drivers/STM32H7xx_HAL_Driver/Src/stm32h7xx_hal_flash_ex.c **** void HAL_FLASHEx_OBGetConfig(FLASH_OBProgramInitTypeDef *pOBInit)
 580:Drivers/STM32H7xx_HAL_Driver/Src/stm32h7xx_hal_flash_ex.c **** {
 581:Drivers/STM32H7xx_HAL_Driver/Src/stm32h7xx_hal_flash_ex.c ****   pOBInit->OptionType = (OPTIONBYTE_USER | OPTIONBYTE_RDP | OPTIONBYTE_BOR);
 582:Drivers/STM32H7xx_HAL_Driver/Src/stm32h7xx_hal_flash_ex.c **** 
 583:Drivers/STM32H7xx_HAL_Driver/Src/stm32h7xx_hal_flash_ex.c ****   /* Get Read protection level */
 584:Drivers/STM32H7xx_HAL_Driver/Src/stm32h7xx_hal_flash_ex.c ****   pOBInit->RDPLevel = FLASH_OB_GetRDP();
 585:Drivers/STM32H7xx_HAL_Driver/Src/stm32h7xx_hal_flash_ex.c **** 
 586:Drivers/STM32H7xx_HAL_Driver/Src/stm32h7xx_hal_flash_ex.c ****   /* Get the user option bytes */
 587:Drivers/STM32H7xx_HAL_Driver/Src/stm32h7xx_hal_flash_ex.c ****   pOBInit->USERConfig = FLASH_OB_GetUser();
 588:Drivers/STM32H7xx_HAL_Driver/Src/stm32h7xx_hal_flash_ex.c **** 
 589:Drivers/STM32H7xx_HAL_Driver/Src/stm32h7xx_hal_flash_ex.c ****   /*Get BOR Level*/
 590:Drivers/STM32H7xx_HAL_Driver/Src/stm32h7xx_hal_flash_ex.c ****   pOBInit->BORLevel = FLASH_OB_GetBOR();
 591:Drivers/STM32H7xx_HAL_Driver/Src/stm32h7xx_hal_flash_ex.c **** 
 592:Drivers/STM32H7xx_HAL_Driver/Src/stm32h7xx_hal_flash_ex.c **** #if defined (DUAL_BANK)
 593:Drivers/STM32H7xx_HAL_Driver/Src/stm32h7xx_hal_flash_ex.c ****   if ((pOBInit->Banks == FLASH_BANK_1) || (pOBInit->Banks == FLASH_BANK_2))
 594:Drivers/STM32H7xx_HAL_Driver/Src/stm32h7xx_hal_flash_ex.c **** #else
 595:Drivers/STM32H7xx_HAL_Driver/Src/stm32h7xx_hal_flash_ex.c ****   if (pOBInit->Banks == FLASH_BANK_1)
 596:Drivers/STM32H7xx_HAL_Driver/Src/stm32h7xx_hal_flash_ex.c **** #endif /* DUAL_BANK */
 597:Drivers/STM32H7xx_HAL_Driver/Src/stm32h7xx_hal_flash_ex.c ****   {
 598:Drivers/STM32H7xx_HAL_Driver/Src/stm32h7xx_hal_flash_ex.c ****     pOBInit->OptionType |= (OPTIONBYTE_WRP | OPTIONBYTE_PCROP | OPTIONBYTE_SECURE_AREA);
 599:Drivers/STM32H7xx_HAL_Driver/Src/stm32h7xx_hal_flash_ex.c **** 
 600:Drivers/STM32H7xx_HAL_Driver/Src/stm32h7xx_hal_flash_ex.c ****     /* Get write protection on the selected area */
 601:Drivers/STM32H7xx_HAL_Driver/Src/stm32h7xx_hal_flash_ex.c ****     FLASH_OB_GetWRP(&(pOBInit->WRPState), &(pOBInit->WRPSector), pOBInit->Banks);
ARM GAS  /tmp/cck0UwGt.s 			page 12


 602:Drivers/STM32H7xx_HAL_Driver/Src/stm32h7xx_hal_flash_ex.c **** 
 603:Drivers/STM32H7xx_HAL_Driver/Src/stm32h7xx_hal_flash_ex.c ****     /* Get the Proprietary code readout protection */
 604:Drivers/STM32H7xx_HAL_Driver/Src/stm32h7xx_hal_flash_ex.c ****     FLASH_OB_GetPCROP(&(pOBInit->PCROPConfig), &(pOBInit->PCROPStartAddr), &(pOBInit->PCROPEndAddr)
 605:Drivers/STM32H7xx_HAL_Driver/Src/stm32h7xx_hal_flash_ex.c **** 
 606:Drivers/STM32H7xx_HAL_Driver/Src/stm32h7xx_hal_flash_ex.c ****     /*Get Bank Secure area*/
 607:Drivers/STM32H7xx_HAL_Driver/Src/stm32h7xx_hal_flash_ex.c ****     FLASH_OB_GetSecureArea(&(pOBInit->SecureAreaConfig), &(pOBInit->SecureAreaStartAddr), &(pOBInit
 608:Drivers/STM32H7xx_HAL_Driver/Src/stm32h7xx_hal_flash_ex.c ****   }
 609:Drivers/STM32H7xx_HAL_Driver/Src/stm32h7xx_hal_flash_ex.c **** 
 610:Drivers/STM32H7xx_HAL_Driver/Src/stm32h7xx_hal_flash_ex.c ****   /*Get Boot Address*/
 611:Drivers/STM32H7xx_HAL_Driver/Src/stm32h7xx_hal_flash_ex.c ****   FLASH_OB_GetBootAdd(&(pOBInit->BootAddr0), &(pOBInit->BootAddr1));
 612:Drivers/STM32H7xx_HAL_Driver/Src/stm32h7xx_hal_flash_ex.c **** #if defined(DUAL_CORE)
 613:Drivers/STM32H7xx_HAL_Driver/Src/stm32h7xx_hal_flash_ex.c ****   pOBInit->OptionType |= OPTIONBYTE_CM7_BOOTADD | OPTIONBYTE_CM4_BOOTADD;
 614:Drivers/STM32H7xx_HAL_Driver/Src/stm32h7xx_hal_flash_ex.c **** 
 615:Drivers/STM32H7xx_HAL_Driver/Src/stm32h7xx_hal_flash_ex.c ****   /*Get CM4 Boot Address*/
 616:Drivers/STM32H7xx_HAL_Driver/Src/stm32h7xx_hal_flash_ex.c ****   FLASH_OB_GetCM4BootAdd(&(pOBInit->CM4BootAddr0), &(pOBInit->CM4BootAddr1));
 617:Drivers/STM32H7xx_HAL_Driver/Src/stm32h7xx_hal_flash_ex.c **** #else
 618:Drivers/STM32H7xx_HAL_Driver/Src/stm32h7xx_hal_flash_ex.c ****   pOBInit->OptionType |= OPTIONBYTE_BOOTADD;
 619:Drivers/STM32H7xx_HAL_Driver/Src/stm32h7xx_hal_flash_ex.c **** #endif /*DUAL_CORE*/
 620:Drivers/STM32H7xx_HAL_Driver/Src/stm32h7xx_hal_flash_ex.c **** 
 621:Drivers/STM32H7xx_HAL_Driver/Src/stm32h7xx_hal_flash_ex.c **** #if defined (FLASH_OTPBL_LOCKBL)
 622:Drivers/STM32H7xx_HAL_Driver/Src/stm32h7xx_hal_flash_ex.c ****   pOBInit->OptionType |= OPTIONBYTE_OTP_LOCK;
 623:Drivers/STM32H7xx_HAL_Driver/Src/stm32h7xx_hal_flash_ex.c **** 
 624:Drivers/STM32H7xx_HAL_Driver/Src/stm32h7xx_hal_flash_ex.c ****   /* Get OTP Block Lock */
 625:Drivers/STM32H7xx_HAL_Driver/Src/stm32h7xx_hal_flash_ex.c ****   pOBInit->OTPBlockLock = FLASH_OB_OTP_GetLock();
 626:Drivers/STM32H7xx_HAL_Driver/Src/stm32h7xx_hal_flash_ex.c **** #endif /* FLASH_OTPBL_LOCKBL */
 627:Drivers/STM32H7xx_HAL_Driver/Src/stm32h7xx_hal_flash_ex.c **** 
 628:Drivers/STM32H7xx_HAL_Driver/Src/stm32h7xx_hal_flash_ex.c **** #if defined (FLASH_OPTSR2_TCM_AXI_SHARED)
 629:Drivers/STM32H7xx_HAL_Driver/Src/stm32h7xx_hal_flash_ex.c ****   pOBInit->OptionType |= OPTIONBYTE_SHARED_RAM;
 630:Drivers/STM32H7xx_HAL_Driver/Src/stm32h7xx_hal_flash_ex.c **** 
 631:Drivers/STM32H7xx_HAL_Driver/Src/stm32h7xx_hal_flash_ex.c ****   /* Get TCM / AXI Shared RAM */
 632:Drivers/STM32H7xx_HAL_Driver/Src/stm32h7xx_hal_flash_ex.c ****   pOBInit->SharedRamConfig = FLASH_OB_SharedRAM_GetConfig();
 633:Drivers/STM32H7xx_HAL_Driver/Src/stm32h7xx_hal_flash_ex.c **** #endif /* FLASH_OPTSR2_TCM_AXI_SHARED */
 634:Drivers/STM32H7xx_HAL_Driver/Src/stm32h7xx_hal_flash_ex.c **** 
 635:Drivers/STM32H7xx_HAL_Driver/Src/stm32h7xx_hal_flash_ex.c **** #if defined (FLASH_OPTSR2_CPUFREQ_BOOST)
 636:Drivers/STM32H7xx_HAL_Driver/Src/stm32h7xx_hal_flash_ex.c ****   pOBInit->OptionType |= OPTIONBYTE_FREQ_BOOST;
 637:Drivers/STM32H7xx_HAL_Driver/Src/stm32h7xx_hal_flash_ex.c **** 
 638:Drivers/STM32H7xx_HAL_Driver/Src/stm32h7xx_hal_flash_ex.c ****   /* Get CPU Frequency Boost */
 639:Drivers/STM32H7xx_HAL_Driver/Src/stm32h7xx_hal_flash_ex.c ****   pOBInit->FreqBoostState = FLASH_OB_CPUFreq_GetBoost();
 640:Drivers/STM32H7xx_HAL_Driver/Src/stm32h7xx_hal_flash_ex.c **** #endif /* FLASH_OPTSR2_CPUFREQ_BOOST */
 641:Drivers/STM32H7xx_HAL_Driver/Src/stm32h7xx_hal_flash_ex.c **** }
 642:Drivers/STM32H7xx_HAL_Driver/Src/stm32h7xx_hal_flash_ex.c **** 
 643:Drivers/STM32H7xx_HAL_Driver/Src/stm32h7xx_hal_flash_ex.c **** /**
 644:Drivers/STM32H7xx_HAL_Driver/Src/stm32h7xx_hal_flash_ex.c ****   * @brief  Unlock the FLASH Bank1 control registers access
 645:Drivers/STM32H7xx_HAL_Driver/Src/stm32h7xx_hal_flash_ex.c ****   * @retval HAL Status
 646:Drivers/STM32H7xx_HAL_Driver/Src/stm32h7xx_hal_flash_ex.c ****   */
 647:Drivers/STM32H7xx_HAL_Driver/Src/stm32h7xx_hal_flash_ex.c **** HAL_StatusTypeDef HAL_FLASHEx_Unlock_Bank1(void)
 648:Drivers/STM32H7xx_HAL_Driver/Src/stm32h7xx_hal_flash_ex.c **** {
 649:Drivers/STM32H7xx_HAL_Driver/Src/stm32h7xx_hal_flash_ex.c ****   if(READ_BIT(FLASH->CR1, FLASH_CR_LOCK) != 0U)
 650:Drivers/STM32H7xx_HAL_Driver/Src/stm32h7xx_hal_flash_ex.c ****   {
 651:Drivers/STM32H7xx_HAL_Driver/Src/stm32h7xx_hal_flash_ex.c ****     /* Authorize the FLASH Bank1 Registers access */
 652:Drivers/STM32H7xx_HAL_Driver/Src/stm32h7xx_hal_flash_ex.c ****     WRITE_REG(FLASH->KEYR1, FLASH_KEY1);
 653:Drivers/STM32H7xx_HAL_Driver/Src/stm32h7xx_hal_flash_ex.c ****     WRITE_REG(FLASH->KEYR1, FLASH_KEY2);
 654:Drivers/STM32H7xx_HAL_Driver/Src/stm32h7xx_hal_flash_ex.c **** 
 655:Drivers/STM32H7xx_HAL_Driver/Src/stm32h7xx_hal_flash_ex.c ****     /* Verify Flash Bank1 is unlocked */
 656:Drivers/STM32H7xx_HAL_Driver/Src/stm32h7xx_hal_flash_ex.c ****     if (READ_BIT(FLASH->CR1, FLASH_CR_LOCK) != 0U)
 657:Drivers/STM32H7xx_HAL_Driver/Src/stm32h7xx_hal_flash_ex.c ****     {
 658:Drivers/STM32H7xx_HAL_Driver/Src/stm32h7xx_hal_flash_ex.c ****       return HAL_ERROR;
ARM GAS  /tmp/cck0UwGt.s 			page 13


 659:Drivers/STM32H7xx_HAL_Driver/Src/stm32h7xx_hal_flash_ex.c ****     }
 660:Drivers/STM32H7xx_HAL_Driver/Src/stm32h7xx_hal_flash_ex.c ****   }
 661:Drivers/STM32H7xx_HAL_Driver/Src/stm32h7xx_hal_flash_ex.c **** 
 662:Drivers/STM32H7xx_HAL_Driver/Src/stm32h7xx_hal_flash_ex.c ****   return HAL_OK;
 663:Drivers/STM32H7xx_HAL_Driver/Src/stm32h7xx_hal_flash_ex.c **** }
 664:Drivers/STM32H7xx_HAL_Driver/Src/stm32h7xx_hal_flash_ex.c **** 
 665:Drivers/STM32H7xx_HAL_Driver/Src/stm32h7xx_hal_flash_ex.c **** /**
 666:Drivers/STM32H7xx_HAL_Driver/Src/stm32h7xx_hal_flash_ex.c ****   * @brief  Locks the FLASH Bank1 control registers access
 667:Drivers/STM32H7xx_HAL_Driver/Src/stm32h7xx_hal_flash_ex.c ****   * @retval HAL Status
 668:Drivers/STM32H7xx_HAL_Driver/Src/stm32h7xx_hal_flash_ex.c ****   */
 669:Drivers/STM32H7xx_HAL_Driver/Src/stm32h7xx_hal_flash_ex.c **** HAL_StatusTypeDef HAL_FLASHEx_Lock_Bank1(void)
 670:Drivers/STM32H7xx_HAL_Driver/Src/stm32h7xx_hal_flash_ex.c **** {
 671:Drivers/STM32H7xx_HAL_Driver/Src/stm32h7xx_hal_flash_ex.c ****   /* Set the LOCK Bit to lock the FLASH Bank1 Registers access */
 672:Drivers/STM32H7xx_HAL_Driver/Src/stm32h7xx_hal_flash_ex.c ****   SET_BIT(FLASH->CR1, FLASH_CR_LOCK);
 673:Drivers/STM32H7xx_HAL_Driver/Src/stm32h7xx_hal_flash_ex.c ****   return HAL_OK;
 674:Drivers/STM32H7xx_HAL_Driver/Src/stm32h7xx_hal_flash_ex.c **** }
 675:Drivers/STM32H7xx_HAL_Driver/Src/stm32h7xx_hal_flash_ex.c **** 
 676:Drivers/STM32H7xx_HAL_Driver/Src/stm32h7xx_hal_flash_ex.c **** #if defined (DUAL_BANK)
 677:Drivers/STM32H7xx_HAL_Driver/Src/stm32h7xx_hal_flash_ex.c **** /**
 678:Drivers/STM32H7xx_HAL_Driver/Src/stm32h7xx_hal_flash_ex.c ****   * @brief  Unlock the FLASH Bank2 control registers access
 679:Drivers/STM32H7xx_HAL_Driver/Src/stm32h7xx_hal_flash_ex.c ****   * @retval HAL Status
 680:Drivers/STM32H7xx_HAL_Driver/Src/stm32h7xx_hal_flash_ex.c ****   */
 681:Drivers/STM32H7xx_HAL_Driver/Src/stm32h7xx_hal_flash_ex.c **** HAL_StatusTypeDef HAL_FLASHEx_Unlock_Bank2(void)
 682:Drivers/STM32H7xx_HAL_Driver/Src/stm32h7xx_hal_flash_ex.c **** {
 683:Drivers/STM32H7xx_HAL_Driver/Src/stm32h7xx_hal_flash_ex.c ****   if(READ_BIT(FLASH->CR2, FLASH_CR_LOCK) != 0U)
 684:Drivers/STM32H7xx_HAL_Driver/Src/stm32h7xx_hal_flash_ex.c ****   {
 685:Drivers/STM32H7xx_HAL_Driver/Src/stm32h7xx_hal_flash_ex.c ****     /* Authorize the FLASH Bank2 Registers access */
 686:Drivers/STM32H7xx_HAL_Driver/Src/stm32h7xx_hal_flash_ex.c ****     WRITE_REG(FLASH->KEYR2, FLASH_KEY1);
 687:Drivers/STM32H7xx_HAL_Driver/Src/stm32h7xx_hal_flash_ex.c ****     WRITE_REG(FLASH->KEYR2, FLASH_KEY2);
 688:Drivers/STM32H7xx_HAL_Driver/Src/stm32h7xx_hal_flash_ex.c **** 
 689:Drivers/STM32H7xx_HAL_Driver/Src/stm32h7xx_hal_flash_ex.c ****     /* Verify Flash Bank1 is unlocked */
 690:Drivers/STM32H7xx_HAL_Driver/Src/stm32h7xx_hal_flash_ex.c ****     if (READ_BIT(FLASH->CR2, FLASH_CR_LOCK) != 0U)
 691:Drivers/STM32H7xx_HAL_Driver/Src/stm32h7xx_hal_flash_ex.c ****     {
 692:Drivers/STM32H7xx_HAL_Driver/Src/stm32h7xx_hal_flash_ex.c ****       return HAL_ERROR;
 693:Drivers/STM32H7xx_HAL_Driver/Src/stm32h7xx_hal_flash_ex.c ****     }
 694:Drivers/STM32H7xx_HAL_Driver/Src/stm32h7xx_hal_flash_ex.c ****   }
 695:Drivers/STM32H7xx_HAL_Driver/Src/stm32h7xx_hal_flash_ex.c **** 
 696:Drivers/STM32H7xx_HAL_Driver/Src/stm32h7xx_hal_flash_ex.c ****   return HAL_OK;
 697:Drivers/STM32H7xx_HAL_Driver/Src/stm32h7xx_hal_flash_ex.c **** }
 698:Drivers/STM32H7xx_HAL_Driver/Src/stm32h7xx_hal_flash_ex.c **** 
 699:Drivers/STM32H7xx_HAL_Driver/Src/stm32h7xx_hal_flash_ex.c **** /**
 700:Drivers/STM32H7xx_HAL_Driver/Src/stm32h7xx_hal_flash_ex.c ****   * @brief  Locks the FLASH Bank2 control registers access
 701:Drivers/STM32H7xx_HAL_Driver/Src/stm32h7xx_hal_flash_ex.c ****   * @retval HAL Status
 702:Drivers/STM32H7xx_HAL_Driver/Src/stm32h7xx_hal_flash_ex.c ****   */
 703:Drivers/STM32H7xx_HAL_Driver/Src/stm32h7xx_hal_flash_ex.c **** HAL_StatusTypeDef HAL_FLASHEx_Lock_Bank2(void)
 704:Drivers/STM32H7xx_HAL_Driver/Src/stm32h7xx_hal_flash_ex.c **** {
 705:Drivers/STM32H7xx_HAL_Driver/Src/stm32h7xx_hal_flash_ex.c ****   /* Set the LOCK Bit to lock the FLASH Bank2 Registers access */
 706:Drivers/STM32H7xx_HAL_Driver/Src/stm32h7xx_hal_flash_ex.c ****   SET_BIT(FLASH->CR2, FLASH_CR_LOCK);
 707:Drivers/STM32H7xx_HAL_Driver/Src/stm32h7xx_hal_flash_ex.c ****   return HAL_OK;
 708:Drivers/STM32H7xx_HAL_Driver/Src/stm32h7xx_hal_flash_ex.c **** }
 709:Drivers/STM32H7xx_HAL_Driver/Src/stm32h7xx_hal_flash_ex.c **** #endif /* DUAL_BANK */
 710:Drivers/STM32H7xx_HAL_Driver/Src/stm32h7xx_hal_flash_ex.c **** 
 711:Drivers/STM32H7xx_HAL_Driver/Src/stm32h7xx_hal_flash_ex.c **** /*
 712:Drivers/STM32H7xx_HAL_Driver/Src/stm32h7xx_hal_flash_ex.c ****   * @brief  Perform a CRC computation on the specified FLASH memory area
 713:Drivers/STM32H7xx_HAL_Driver/Src/stm32h7xx_hal_flash_ex.c ****   * @param  pCRCInit pointer to an FLASH_CRCInitTypeDef structure that
 714:Drivers/STM32H7xx_HAL_Driver/Src/stm32h7xx_hal_flash_ex.c ****   *         contains the configuration information for the CRC computation.
 715:Drivers/STM32H7xx_HAL_Driver/Src/stm32h7xx_hal_flash_ex.c ****   * @note   CRC computation uses CRC-32 (Ethernet) polynomial 0x4C11DB7
ARM GAS  /tmp/cck0UwGt.s 			page 14


 716:Drivers/STM32H7xx_HAL_Driver/Src/stm32h7xx_hal_flash_ex.c ****   * @note   The application should avoid running a CRC on PCROP or secure-only
 717:Drivers/STM32H7xx_HAL_Driver/Src/stm32h7xx_hal_flash_ex.c ****   *         user Flash memory area since it may alter the expected CRC value.
 718:Drivers/STM32H7xx_HAL_Driver/Src/stm32h7xx_hal_flash_ex.c ****   *         A special error flag (CRC read error: CRCRDERR) can be used to
 719:Drivers/STM32H7xx_HAL_Driver/Src/stm32h7xx_hal_flash_ex.c ****   *         detect such a case.
 720:Drivers/STM32H7xx_HAL_Driver/Src/stm32h7xx_hal_flash_ex.c ****   * @retval HAL Status
 721:Drivers/STM32H7xx_HAL_Driver/Src/stm32h7xx_hal_flash_ex.c **** */
 722:Drivers/STM32H7xx_HAL_Driver/Src/stm32h7xx_hal_flash_ex.c **** HAL_StatusTypeDef HAL_FLASHEx_ComputeCRC(FLASH_CRCInitTypeDef *pCRCInit, uint32_t *CRC_Result)
 723:Drivers/STM32H7xx_HAL_Driver/Src/stm32h7xx_hal_flash_ex.c **** {
 724:Drivers/STM32H7xx_HAL_Driver/Src/stm32h7xx_hal_flash_ex.c ****   HAL_StatusTypeDef status;
 725:Drivers/STM32H7xx_HAL_Driver/Src/stm32h7xx_hal_flash_ex.c ****   uint32_t sector_index;
 726:Drivers/STM32H7xx_HAL_Driver/Src/stm32h7xx_hal_flash_ex.c **** 
 727:Drivers/STM32H7xx_HAL_Driver/Src/stm32h7xx_hal_flash_ex.c ****   /* Check the parameters */
 728:Drivers/STM32H7xx_HAL_Driver/Src/stm32h7xx_hal_flash_ex.c ****   assert_param(IS_FLASH_BANK_EXCLUSIVE(pCRCInit->Bank));
 729:Drivers/STM32H7xx_HAL_Driver/Src/stm32h7xx_hal_flash_ex.c ****   assert_param(IS_FLASH_TYPECRC(pCRCInit->TypeCRC));
 730:Drivers/STM32H7xx_HAL_Driver/Src/stm32h7xx_hal_flash_ex.c **** 
 731:Drivers/STM32H7xx_HAL_Driver/Src/stm32h7xx_hal_flash_ex.c ****   /* Wait for OB change operation to be completed */
 732:Drivers/STM32H7xx_HAL_Driver/Src/stm32h7xx_hal_flash_ex.c ****   status = FLASH_OB_WaitForLastOperation((uint32_t)FLASH_TIMEOUT_VALUE);
 733:Drivers/STM32H7xx_HAL_Driver/Src/stm32h7xx_hal_flash_ex.c **** 
 734:Drivers/STM32H7xx_HAL_Driver/Src/stm32h7xx_hal_flash_ex.c ****   if (status == HAL_OK)
 735:Drivers/STM32H7xx_HAL_Driver/Src/stm32h7xx_hal_flash_ex.c ****   {
 736:Drivers/STM32H7xx_HAL_Driver/Src/stm32h7xx_hal_flash_ex.c ****     if (pCRCInit->Bank == FLASH_BANK_1)
 737:Drivers/STM32H7xx_HAL_Driver/Src/stm32h7xx_hal_flash_ex.c ****     {
 738:Drivers/STM32H7xx_HAL_Driver/Src/stm32h7xx_hal_flash_ex.c ****       /* Enable CRC feature */
 739:Drivers/STM32H7xx_HAL_Driver/Src/stm32h7xx_hal_flash_ex.c ****       FLASH->CR1 |= FLASH_CR_CRC_EN;
 740:Drivers/STM32H7xx_HAL_Driver/Src/stm32h7xx_hal_flash_ex.c **** 
 741:Drivers/STM32H7xx_HAL_Driver/Src/stm32h7xx_hal_flash_ex.c ****       /* Clear CRC flags in Status Register: CRC end of calculation and CRC read error */
 742:Drivers/STM32H7xx_HAL_Driver/Src/stm32h7xx_hal_flash_ex.c ****       FLASH->CCR1 |= (FLASH_CCR_CLR_CRCEND | FLASH_CCR_CLR_CRCRDERR);
 743:Drivers/STM32H7xx_HAL_Driver/Src/stm32h7xx_hal_flash_ex.c ****       /* Clear burst size and type bits before setting new values */
 744:Drivers/STM32H7xx_HAL_Driver/Src/stm32h7xx_hal_flash_ex.c ****       FLASH->CRCCR1 &= ~(FLASH_CRCCR_CRC_BURST_Msk | FLASH_CRCCR_ALL_BANK);
 745:Drivers/STM32H7xx_HAL_Driver/Src/stm32h7xx_hal_flash_ex.c ****       /* Clear current CRC result, program burst size and define memory area on which CRC has to be
 746:Drivers/STM32H7xx_HAL_Driver/Src/stm32h7xx_hal_flash_ex.c ****       FLASH->CRCCR1 |= FLASH_CRCCR_CLEAN_CRC | pCRCInit->BurstSize | pCRCInit->TypeCRC;
 747:Drivers/STM32H7xx_HAL_Driver/Src/stm32h7xx_hal_flash_ex.c **** 
 748:Drivers/STM32H7xx_HAL_Driver/Src/stm32h7xx_hal_flash_ex.c ****       if (pCRCInit->TypeCRC == FLASH_CRC_SECTORS)
 749:Drivers/STM32H7xx_HAL_Driver/Src/stm32h7xx_hal_flash_ex.c ****       {
 750:Drivers/STM32H7xx_HAL_Driver/Src/stm32h7xx_hal_flash_ex.c ****         /* Clear sectors list */
 751:Drivers/STM32H7xx_HAL_Driver/Src/stm32h7xx_hal_flash_ex.c ****         FLASH->CRCCR1 |= FLASH_CRCCR_CLEAN_SECT;
 752:Drivers/STM32H7xx_HAL_Driver/Src/stm32h7xx_hal_flash_ex.c **** 
 753:Drivers/STM32H7xx_HAL_Driver/Src/stm32h7xx_hal_flash_ex.c ****         /* Select CRC sectors */
 754:Drivers/STM32H7xx_HAL_Driver/Src/stm32h7xx_hal_flash_ex.c ****         for(sector_index = pCRCInit->Sector; sector_index < (pCRCInit->NbSectors + pCRCInit->Sector
 755:Drivers/STM32H7xx_HAL_Driver/Src/stm32h7xx_hal_flash_ex.c ****         {
 756:Drivers/STM32H7xx_HAL_Driver/Src/stm32h7xx_hal_flash_ex.c ****           FLASH_CRC_AddSector(sector_index, FLASH_BANK_1);
 757:Drivers/STM32H7xx_HAL_Driver/Src/stm32h7xx_hal_flash_ex.c ****         }
 758:Drivers/STM32H7xx_HAL_Driver/Src/stm32h7xx_hal_flash_ex.c ****       }
 759:Drivers/STM32H7xx_HAL_Driver/Src/stm32h7xx_hal_flash_ex.c ****       else if (pCRCInit->TypeCRC == FLASH_CRC_BANK)
 760:Drivers/STM32H7xx_HAL_Driver/Src/stm32h7xx_hal_flash_ex.c ****       {
 761:Drivers/STM32H7xx_HAL_Driver/Src/stm32h7xx_hal_flash_ex.c ****         /* Enable Bank 1 CRC select bit */
 762:Drivers/STM32H7xx_HAL_Driver/Src/stm32h7xx_hal_flash_ex.c ****         FLASH->CRCCR1 |= FLASH_CRCCR_ALL_BANK;
 763:Drivers/STM32H7xx_HAL_Driver/Src/stm32h7xx_hal_flash_ex.c ****       }
 764:Drivers/STM32H7xx_HAL_Driver/Src/stm32h7xx_hal_flash_ex.c ****       else
 765:Drivers/STM32H7xx_HAL_Driver/Src/stm32h7xx_hal_flash_ex.c ****       {
 766:Drivers/STM32H7xx_HAL_Driver/Src/stm32h7xx_hal_flash_ex.c ****         /* Select CRC start and end addresses */
 767:Drivers/STM32H7xx_HAL_Driver/Src/stm32h7xx_hal_flash_ex.c ****         FLASH_CRC_SelectAddress(pCRCInit->CRCStartAddr, pCRCInit->CRCEndAddr, FLASH_BANK_1);
 768:Drivers/STM32H7xx_HAL_Driver/Src/stm32h7xx_hal_flash_ex.c ****       }
 769:Drivers/STM32H7xx_HAL_Driver/Src/stm32h7xx_hal_flash_ex.c **** 
 770:Drivers/STM32H7xx_HAL_Driver/Src/stm32h7xx_hal_flash_ex.c ****       /* Start the CRC calculation */
 771:Drivers/STM32H7xx_HAL_Driver/Src/stm32h7xx_hal_flash_ex.c ****       FLASH->CRCCR1 |= FLASH_CRCCR_START_CRC;
 772:Drivers/STM32H7xx_HAL_Driver/Src/stm32h7xx_hal_flash_ex.c **** 
ARM GAS  /tmp/cck0UwGt.s 			page 15


 773:Drivers/STM32H7xx_HAL_Driver/Src/stm32h7xx_hal_flash_ex.c ****       /* Wait on CRC busy flag */
 774:Drivers/STM32H7xx_HAL_Driver/Src/stm32h7xx_hal_flash_ex.c ****       status = FLASH_CRC_WaitForLastOperation((uint32_t)FLASH_TIMEOUT_VALUE, FLASH_BANK_1);
 775:Drivers/STM32H7xx_HAL_Driver/Src/stm32h7xx_hal_flash_ex.c **** 
 776:Drivers/STM32H7xx_HAL_Driver/Src/stm32h7xx_hal_flash_ex.c ****       /* Return CRC result */
 777:Drivers/STM32H7xx_HAL_Driver/Src/stm32h7xx_hal_flash_ex.c ****       (*CRC_Result) = FLASH->CRCDATA;
 778:Drivers/STM32H7xx_HAL_Driver/Src/stm32h7xx_hal_flash_ex.c **** 
 779:Drivers/STM32H7xx_HAL_Driver/Src/stm32h7xx_hal_flash_ex.c ****       /* Disable CRC feature */
 780:Drivers/STM32H7xx_HAL_Driver/Src/stm32h7xx_hal_flash_ex.c ****       FLASH->CR1 &= (~FLASH_CR_CRC_EN);
 781:Drivers/STM32H7xx_HAL_Driver/Src/stm32h7xx_hal_flash_ex.c **** 
 782:Drivers/STM32H7xx_HAL_Driver/Src/stm32h7xx_hal_flash_ex.c ****       /* Clear CRC flags */
 783:Drivers/STM32H7xx_HAL_Driver/Src/stm32h7xx_hal_flash_ex.c ****       __HAL_FLASH_CLEAR_FLAG_BANK1(FLASH_FLAG_CRCEND_BANK1 | FLASH_FLAG_CRCRDERR_BANK1);
 784:Drivers/STM32H7xx_HAL_Driver/Src/stm32h7xx_hal_flash_ex.c ****     }
 785:Drivers/STM32H7xx_HAL_Driver/Src/stm32h7xx_hal_flash_ex.c **** #if defined (DUAL_BANK)
 786:Drivers/STM32H7xx_HAL_Driver/Src/stm32h7xx_hal_flash_ex.c ****     else
 787:Drivers/STM32H7xx_HAL_Driver/Src/stm32h7xx_hal_flash_ex.c ****     {
 788:Drivers/STM32H7xx_HAL_Driver/Src/stm32h7xx_hal_flash_ex.c ****       /* Enable CRC feature */
 789:Drivers/STM32H7xx_HAL_Driver/Src/stm32h7xx_hal_flash_ex.c ****       FLASH->CR2 |= FLASH_CR_CRC_EN;
 790:Drivers/STM32H7xx_HAL_Driver/Src/stm32h7xx_hal_flash_ex.c **** 
 791:Drivers/STM32H7xx_HAL_Driver/Src/stm32h7xx_hal_flash_ex.c ****       /* Clear CRC flags in Status Register: CRC end of calculation and CRC read error */
 792:Drivers/STM32H7xx_HAL_Driver/Src/stm32h7xx_hal_flash_ex.c ****       FLASH->CCR2 |= (FLASH_CCR_CLR_CRCEND | FLASH_CCR_CLR_CRCRDERR);
 793:Drivers/STM32H7xx_HAL_Driver/Src/stm32h7xx_hal_flash_ex.c ****       /* Clear burst size and type bits before setting new values */
 794:Drivers/STM32H7xx_HAL_Driver/Src/stm32h7xx_hal_flash_ex.c ****       FLASH->CRCCR2 &= ~(FLASH_CRCCR_CRC_BURST_Msk | FLASH_CRCCR_ALL_BANK);
 795:Drivers/STM32H7xx_HAL_Driver/Src/stm32h7xx_hal_flash_ex.c ****       /* Clear current CRC result, program burst size and define memory area on which CRC has to be
 796:Drivers/STM32H7xx_HAL_Driver/Src/stm32h7xx_hal_flash_ex.c ****       FLASH->CRCCR2 |= FLASH_CRCCR_CLEAN_CRC | pCRCInit->BurstSize | pCRCInit->TypeCRC;
 797:Drivers/STM32H7xx_HAL_Driver/Src/stm32h7xx_hal_flash_ex.c **** 
 798:Drivers/STM32H7xx_HAL_Driver/Src/stm32h7xx_hal_flash_ex.c ****       if (pCRCInit->TypeCRC == FLASH_CRC_SECTORS)
 799:Drivers/STM32H7xx_HAL_Driver/Src/stm32h7xx_hal_flash_ex.c ****       {
 800:Drivers/STM32H7xx_HAL_Driver/Src/stm32h7xx_hal_flash_ex.c ****         /* Clear sectors list */
 801:Drivers/STM32H7xx_HAL_Driver/Src/stm32h7xx_hal_flash_ex.c ****         FLASH->CRCCR2 |= FLASH_CRCCR_CLEAN_SECT;
 802:Drivers/STM32H7xx_HAL_Driver/Src/stm32h7xx_hal_flash_ex.c **** 
 803:Drivers/STM32H7xx_HAL_Driver/Src/stm32h7xx_hal_flash_ex.c ****         /* Add CRC sectors */
 804:Drivers/STM32H7xx_HAL_Driver/Src/stm32h7xx_hal_flash_ex.c ****         for(sector_index = pCRCInit->Sector; sector_index < (pCRCInit->NbSectors + pCRCInit->Sector
 805:Drivers/STM32H7xx_HAL_Driver/Src/stm32h7xx_hal_flash_ex.c ****         {
 806:Drivers/STM32H7xx_HAL_Driver/Src/stm32h7xx_hal_flash_ex.c ****           FLASH_CRC_AddSector(sector_index, FLASH_BANK_2);
 807:Drivers/STM32H7xx_HAL_Driver/Src/stm32h7xx_hal_flash_ex.c ****         }
 808:Drivers/STM32H7xx_HAL_Driver/Src/stm32h7xx_hal_flash_ex.c ****       }
 809:Drivers/STM32H7xx_HAL_Driver/Src/stm32h7xx_hal_flash_ex.c ****       else if (pCRCInit->TypeCRC == FLASH_CRC_BANK)
 810:Drivers/STM32H7xx_HAL_Driver/Src/stm32h7xx_hal_flash_ex.c ****       {
 811:Drivers/STM32H7xx_HAL_Driver/Src/stm32h7xx_hal_flash_ex.c ****         /* Enable Bank 2 CRC select bit */
 812:Drivers/STM32H7xx_HAL_Driver/Src/stm32h7xx_hal_flash_ex.c ****         FLASH->CRCCR2 |= FLASH_CRCCR_ALL_BANK;
 813:Drivers/STM32H7xx_HAL_Driver/Src/stm32h7xx_hal_flash_ex.c ****       }
 814:Drivers/STM32H7xx_HAL_Driver/Src/stm32h7xx_hal_flash_ex.c ****       else
 815:Drivers/STM32H7xx_HAL_Driver/Src/stm32h7xx_hal_flash_ex.c ****       {
 816:Drivers/STM32H7xx_HAL_Driver/Src/stm32h7xx_hal_flash_ex.c ****         /* Select CRC start and end addresses */
 817:Drivers/STM32H7xx_HAL_Driver/Src/stm32h7xx_hal_flash_ex.c ****         FLASH_CRC_SelectAddress(pCRCInit->CRCStartAddr, pCRCInit->CRCEndAddr, FLASH_BANK_2);
 818:Drivers/STM32H7xx_HAL_Driver/Src/stm32h7xx_hal_flash_ex.c ****       }
 819:Drivers/STM32H7xx_HAL_Driver/Src/stm32h7xx_hal_flash_ex.c **** 
 820:Drivers/STM32H7xx_HAL_Driver/Src/stm32h7xx_hal_flash_ex.c ****       /* Start the CRC calculation */
 821:Drivers/STM32H7xx_HAL_Driver/Src/stm32h7xx_hal_flash_ex.c ****       FLASH->CRCCR2 |= FLASH_CRCCR_START_CRC;
 822:Drivers/STM32H7xx_HAL_Driver/Src/stm32h7xx_hal_flash_ex.c **** 
 823:Drivers/STM32H7xx_HAL_Driver/Src/stm32h7xx_hal_flash_ex.c ****       /* Wait on CRC busy flag */
 824:Drivers/STM32H7xx_HAL_Driver/Src/stm32h7xx_hal_flash_ex.c ****       status = FLASH_CRC_WaitForLastOperation((uint32_t)FLASH_TIMEOUT_VALUE, FLASH_BANK_2);
 825:Drivers/STM32H7xx_HAL_Driver/Src/stm32h7xx_hal_flash_ex.c **** 
 826:Drivers/STM32H7xx_HAL_Driver/Src/stm32h7xx_hal_flash_ex.c ****       /* Return CRC result */
 827:Drivers/STM32H7xx_HAL_Driver/Src/stm32h7xx_hal_flash_ex.c ****       (*CRC_Result) = FLASH->CRCDATA;
 828:Drivers/STM32H7xx_HAL_Driver/Src/stm32h7xx_hal_flash_ex.c **** 
 829:Drivers/STM32H7xx_HAL_Driver/Src/stm32h7xx_hal_flash_ex.c ****       /* Disable CRC feature */
ARM GAS  /tmp/cck0UwGt.s 			page 16


 830:Drivers/STM32H7xx_HAL_Driver/Src/stm32h7xx_hal_flash_ex.c ****       FLASH->CR2 &= (~FLASH_CR_CRC_EN);
 831:Drivers/STM32H7xx_HAL_Driver/Src/stm32h7xx_hal_flash_ex.c **** 
 832:Drivers/STM32H7xx_HAL_Driver/Src/stm32h7xx_hal_flash_ex.c ****       /* Clear CRC flags */
 833:Drivers/STM32H7xx_HAL_Driver/Src/stm32h7xx_hal_flash_ex.c ****       __HAL_FLASH_CLEAR_FLAG_BANK2(FLASH_FLAG_CRCEND_BANK2 | FLASH_FLAG_CRCRDERR_BANK2);
 834:Drivers/STM32H7xx_HAL_Driver/Src/stm32h7xx_hal_flash_ex.c ****     }
 835:Drivers/STM32H7xx_HAL_Driver/Src/stm32h7xx_hal_flash_ex.c **** #endif /* DUAL_BANK */
 836:Drivers/STM32H7xx_HAL_Driver/Src/stm32h7xx_hal_flash_ex.c ****   }
 837:Drivers/STM32H7xx_HAL_Driver/Src/stm32h7xx_hal_flash_ex.c **** 
 838:Drivers/STM32H7xx_HAL_Driver/Src/stm32h7xx_hal_flash_ex.c ****   return status;
 839:Drivers/STM32H7xx_HAL_Driver/Src/stm32h7xx_hal_flash_ex.c **** }
 840:Drivers/STM32H7xx_HAL_Driver/Src/stm32h7xx_hal_flash_ex.c **** 
 841:Drivers/STM32H7xx_HAL_Driver/Src/stm32h7xx_hal_flash_ex.c **** /**
 842:Drivers/STM32H7xx_HAL_Driver/Src/stm32h7xx_hal_flash_ex.c ****   * @}
 843:Drivers/STM32H7xx_HAL_Driver/Src/stm32h7xx_hal_flash_ex.c ****   */
 844:Drivers/STM32H7xx_HAL_Driver/Src/stm32h7xx_hal_flash_ex.c **** 
 845:Drivers/STM32H7xx_HAL_Driver/Src/stm32h7xx_hal_flash_ex.c **** #if (USE_FLASH_ECC == 1U)
 846:Drivers/STM32H7xx_HAL_Driver/Src/stm32h7xx_hal_flash_ex.c **** /** @defgroup FLASHEx_Exported_Functions_Group2 Extended ECC operation functions
 847:Drivers/STM32H7xx_HAL_Driver/Src/stm32h7xx_hal_flash_ex.c ****   *  @brief   Extended ECC operation functions
 848:Drivers/STM32H7xx_HAL_Driver/Src/stm32h7xx_hal_flash_ex.c ****   *
 849:Drivers/STM32H7xx_HAL_Driver/Src/stm32h7xx_hal_flash_ex.c **** @verbatim
 850:Drivers/STM32H7xx_HAL_Driver/Src/stm32h7xx_hal_flash_ex.c ****  ===============================================================================
 851:Drivers/STM32H7xx_HAL_Driver/Src/stm32h7xx_hal_flash_ex.c ****                   ##### Extended ECC operation functions #####
 852:Drivers/STM32H7xx_HAL_Driver/Src/stm32h7xx_hal_flash_ex.c ****  ===============================================================================
 853:Drivers/STM32H7xx_HAL_Driver/Src/stm32h7xx_hal_flash_ex.c ****     [..]
 854:Drivers/STM32H7xx_HAL_Driver/Src/stm32h7xx_hal_flash_ex.c ****     This subsection provides a set of functions allowing to manage the Extended FLASH
 855:Drivers/STM32H7xx_HAL_Driver/Src/stm32h7xx_hal_flash_ex.c ****     ECC Operations.
 856:Drivers/STM32H7xx_HAL_Driver/Src/stm32h7xx_hal_flash_ex.c **** 
 857:Drivers/STM32H7xx_HAL_Driver/Src/stm32h7xx_hal_flash_ex.c **** @endverbatim
 858:Drivers/STM32H7xx_HAL_Driver/Src/stm32h7xx_hal_flash_ex.c ****   * @{
 859:Drivers/STM32H7xx_HAL_Driver/Src/stm32h7xx_hal_flash_ex.c ****   */
 860:Drivers/STM32H7xx_HAL_Driver/Src/stm32h7xx_hal_flash_ex.c **** 
 861:Drivers/STM32H7xx_HAL_Driver/Src/stm32h7xx_hal_flash_ex.c **** /**
 862:Drivers/STM32H7xx_HAL_Driver/Src/stm32h7xx_hal_flash_ex.c ****   * @brief  Enable ECC correction interrupts on FLASH BANK1 and BANK2.
 863:Drivers/STM32H7xx_HAL_Driver/Src/stm32h7xx_hal_flash_ex.c ****   * @param  None
 864:Drivers/STM32H7xx_HAL_Driver/Src/stm32h7xx_hal_flash_ex.c ****   * @retval None
 865:Drivers/STM32H7xx_HAL_Driver/Src/stm32h7xx_hal_flash_ex.c ****   */
 866:Drivers/STM32H7xx_HAL_Driver/Src/stm32h7xx_hal_flash_ex.c **** void HAL_FLASHEx_EnableEccCorrectionInterrupt(void)
 867:Drivers/STM32H7xx_HAL_Driver/Src/stm32h7xx_hal_flash_ex.c **** {
 868:Drivers/STM32H7xx_HAL_Driver/Src/stm32h7xx_hal_flash_ex.c ****   __HAL_FLASH_ENABLE_IT(FLASH_IT_SNECCERR_BANK1);
 869:Drivers/STM32H7xx_HAL_Driver/Src/stm32h7xx_hal_flash_ex.c **** 
 870:Drivers/STM32H7xx_HAL_Driver/Src/stm32h7xx_hal_flash_ex.c **** #if defined (DUAL_BANK)
 871:Drivers/STM32H7xx_HAL_Driver/Src/stm32h7xx_hal_flash_ex.c ****   __HAL_FLASH_ENABLE_IT(FLASH_IT_SNECCERR_BANK2);
 872:Drivers/STM32H7xx_HAL_Driver/Src/stm32h7xx_hal_flash_ex.c **** #endif /* DUAL_BANK */
 873:Drivers/STM32H7xx_HAL_Driver/Src/stm32h7xx_hal_flash_ex.c **** }
 874:Drivers/STM32H7xx_HAL_Driver/Src/stm32h7xx_hal_flash_ex.c **** 
 875:Drivers/STM32H7xx_HAL_Driver/Src/stm32h7xx_hal_flash_ex.c **** /**
 876:Drivers/STM32H7xx_HAL_Driver/Src/stm32h7xx_hal_flash_ex.c ****   * @brief  Disable ECC correction interrupts on FLASH BANK1 and BANK2.
 877:Drivers/STM32H7xx_HAL_Driver/Src/stm32h7xx_hal_flash_ex.c ****   * @param  None
 878:Drivers/STM32H7xx_HAL_Driver/Src/stm32h7xx_hal_flash_ex.c ****   * @retval None
 879:Drivers/STM32H7xx_HAL_Driver/Src/stm32h7xx_hal_flash_ex.c ****   */
 880:Drivers/STM32H7xx_HAL_Driver/Src/stm32h7xx_hal_flash_ex.c **** void HAL_FLASHEx_DisableEccCorrectionInterrupt(void)
 881:Drivers/STM32H7xx_HAL_Driver/Src/stm32h7xx_hal_flash_ex.c **** {
 882:Drivers/STM32H7xx_HAL_Driver/Src/stm32h7xx_hal_flash_ex.c ****   __HAL_FLASH_DISABLE_IT(FLASH_IT_SNECCERR_BANK1);
 883:Drivers/STM32H7xx_HAL_Driver/Src/stm32h7xx_hal_flash_ex.c **** 
 884:Drivers/STM32H7xx_HAL_Driver/Src/stm32h7xx_hal_flash_ex.c **** #if defined (DUAL_BANK)
 885:Drivers/STM32H7xx_HAL_Driver/Src/stm32h7xx_hal_flash_ex.c ****   __HAL_FLASH_DISABLE_IT(FLASH_IT_SNECCERR_BANK2);
 886:Drivers/STM32H7xx_HAL_Driver/Src/stm32h7xx_hal_flash_ex.c **** #endif /* DUAL_BANK */
ARM GAS  /tmp/cck0UwGt.s 			page 17


 887:Drivers/STM32H7xx_HAL_Driver/Src/stm32h7xx_hal_flash_ex.c **** }
 888:Drivers/STM32H7xx_HAL_Driver/Src/stm32h7xx_hal_flash_ex.c **** 
 889:Drivers/STM32H7xx_HAL_Driver/Src/stm32h7xx_hal_flash_ex.c **** /**
 890:Drivers/STM32H7xx_HAL_Driver/Src/stm32h7xx_hal_flash_ex.c ****   * @brief  Enable ECC correction interrupt on FLASH BANK1.
 891:Drivers/STM32H7xx_HAL_Driver/Src/stm32h7xx_hal_flash_ex.c ****   * @param  None
 892:Drivers/STM32H7xx_HAL_Driver/Src/stm32h7xx_hal_flash_ex.c ****   * @retval None
 893:Drivers/STM32H7xx_HAL_Driver/Src/stm32h7xx_hal_flash_ex.c ****   */
 894:Drivers/STM32H7xx_HAL_Driver/Src/stm32h7xx_hal_flash_ex.c **** void HAL_FLASHEx_EnableEccCorrectionInterrupt_Bank1(void)
 895:Drivers/STM32H7xx_HAL_Driver/Src/stm32h7xx_hal_flash_ex.c **** {
 896:Drivers/STM32H7xx_HAL_Driver/Src/stm32h7xx_hal_flash_ex.c ****   __HAL_FLASH_ENABLE_IT(FLASH_IT_SNECCERR_BANK1);
 897:Drivers/STM32H7xx_HAL_Driver/Src/stm32h7xx_hal_flash_ex.c **** }
 898:Drivers/STM32H7xx_HAL_Driver/Src/stm32h7xx_hal_flash_ex.c **** 
 899:Drivers/STM32H7xx_HAL_Driver/Src/stm32h7xx_hal_flash_ex.c **** /**
 900:Drivers/STM32H7xx_HAL_Driver/Src/stm32h7xx_hal_flash_ex.c ****   * @brief  Disable ECC correction interrupt on FLASH BANK1.
 901:Drivers/STM32H7xx_HAL_Driver/Src/stm32h7xx_hal_flash_ex.c ****   * @param  None
 902:Drivers/STM32H7xx_HAL_Driver/Src/stm32h7xx_hal_flash_ex.c ****   * @retval None
 903:Drivers/STM32H7xx_HAL_Driver/Src/stm32h7xx_hal_flash_ex.c ****   */
 904:Drivers/STM32H7xx_HAL_Driver/Src/stm32h7xx_hal_flash_ex.c **** void HAL_FLASHEx_DisableEccCorrectionInterrupt_Bank1(void)
 905:Drivers/STM32H7xx_HAL_Driver/Src/stm32h7xx_hal_flash_ex.c **** {
 906:Drivers/STM32H7xx_HAL_Driver/Src/stm32h7xx_hal_flash_ex.c ****   __HAL_FLASH_DISABLE_IT(FLASH_IT_SNECCERR_BANK1);
 907:Drivers/STM32H7xx_HAL_Driver/Src/stm32h7xx_hal_flash_ex.c **** }
 908:Drivers/STM32H7xx_HAL_Driver/Src/stm32h7xx_hal_flash_ex.c **** 
 909:Drivers/STM32H7xx_HAL_Driver/Src/stm32h7xx_hal_flash_ex.c **** #if defined (DUAL_BANK)
 910:Drivers/STM32H7xx_HAL_Driver/Src/stm32h7xx_hal_flash_ex.c **** /**
 911:Drivers/STM32H7xx_HAL_Driver/Src/stm32h7xx_hal_flash_ex.c ****   * @brief  Enable ECC correction interrupt on FLASH BANK2.
 912:Drivers/STM32H7xx_HAL_Driver/Src/stm32h7xx_hal_flash_ex.c ****   * @param  None
 913:Drivers/STM32H7xx_HAL_Driver/Src/stm32h7xx_hal_flash_ex.c ****   * @retval None
 914:Drivers/STM32H7xx_HAL_Driver/Src/stm32h7xx_hal_flash_ex.c ****   */
 915:Drivers/STM32H7xx_HAL_Driver/Src/stm32h7xx_hal_flash_ex.c **** void HAL_FLASHEx_EnableEccCorrectionInterrupt_Bank2(void)
 916:Drivers/STM32H7xx_HAL_Driver/Src/stm32h7xx_hal_flash_ex.c **** {
 917:Drivers/STM32H7xx_HAL_Driver/Src/stm32h7xx_hal_flash_ex.c ****   __HAL_FLASH_ENABLE_IT(FLASH_IT_SNECCERR_BANK2);
 918:Drivers/STM32H7xx_HAL_Driver/Src/stm32h7xx_hal_flash_ex.c **** }
 919:Drivers/STM32H7xx_HAL_Driver/Src/stm32h7xx_hal_flash_ex.c **** 
 920:Drivers/STM32H7xx_HAL_Driver/Src/stm32h7xx_hal_flash_ex.c **** /**
 921:Drivers/STM32H7xx_HAL_Driver/Src/stm32h7xx_hal_flash_ex.c ****   * @brief  Disable ECC correction interrupt on FLASH BANK2.
 922:Drivers/STM32H7xx_HAL_Driver/Src/stm32h7xx_hal_flash_ex.c ****   * @param  None
 923:Drivers/STM32H7xx_HAL_Driver/Src/stm32h7xx_hal_flash_ex.c ****   * @retval None
 924:Drivers/STM32H7xx_HAL_Driver/Src/stm32h7xx_hal_flash_ex.c ****   */
 925:Drivers/STM32H7xx_HAL_Driver/Src/stm32h7xx_hal_flash_ex.c **** void HAL_FLASHEx_DisableEccCorrectionInterrupt_Bank2(void)
 926:Drivers/STM32H7xx_HAL_Driver/Src/stm32h7xx_hal_flash_ex.c **** {
 927:Drivers/STM32H7xx_HAL_Driver/Src/stm32h7xx_hal_flash_ex.c ****   __HAL_FLASH_DISABLE_IT(FLASH_IT_SNECCERR_BANK2);
 928:Drivers/STM32H7xx_HAL_Driver/Src/stm32h7xx_hal_flash_ex.c **** }
 929:Drivers/STM32H7xx_HAL_Driver/Src/stm32h7xx_hal_flash_ex.c **** #endif /* DUAL_BANK */
 930:Drivers/STM32H7xx_HAL_Driver/Src/stm32h7xx_hal_flash_ex.c **** 
 931:Drivers/STM32H7xx_HAL_Driver/Src/stm32h7xx_hal_flash_ex.c **** /**
 932:Drivers/STM32H7xx_HAL_Driver/Src/stm32h7xx_hal_flash_ex.c ****   * @brief  Enable ECC Detection interrupts on FLASH BANK1 and BANK2.
 933:Drivers/STM32H7xx_HAL_Driver/Src/stm32h7xx_hal_flash_ex.c ****   * @param  None
 934:Drivers/STM32H7xx_HAL_Driver/Src/stm32h7xx_hal_flash_ex.c ****   * @retval None
 935:Drivers/STM32H7xx_HAL_Driver/Src/stm32h7xx_hal_flash_ex.c ****   */
 936:Drivers/STM32H7xx_HAL_Driver/Src/stm32h7xx_hal_flash_ex.c **** void HAL_FLASHEx_EnableEccDetectionInterrupt(void)
 937:Drivers/STM32H7xx_HAL_Driver/Src/stm32h7xx_hal_flash_ex.c **** {
 938:Drivers/STM32H7xx_HAL_Driver/Src/stm32h7xx_hal_flash_ex.c ****   __HAL_FLASH_ENABLE_IT(FLASH_IT_DBECCERR_BANK1);
 939:Drivers/STM32H7xx_HAL_Driver/Src/stm32h7xx_hal_flash_ex.c **** 
 940:Drivers/STM32H7xx_HAL_Driver/Src/stm32h7xx_hal_flash_ex.c **** #if defined (DUAL_BANK)
 941:Drivers/STM32H7xx_HAL_Driver/Src/stm32h7xx_hal_flash_ex.c ****   __HAL_FLASH_ENABLE_IT(FLASH_IT_DBECCERR_BANK2);
 942:Drivers/STM32H7xx_HAL_Driver/Src/stm32h7xx_hal_flash_ex.c **** #endif /* DUAL_BANK */
 943:Drivers/STM32H7xx_HAL_Driver/Src/stm32h7xx_hal_flash_ex.c **** }
ARM GAS  /tmp/cck0UwGt.s 			page 18


 944:Drivers/STM32H7xx_HAL_Driver/Src/stm32h7xx_hal_flash_ex.c **** 
 945:Drivers/STM32H7xx_HAL_Driver/Src/stm32h7xx_hal_flash_ex.c **** /**
 946:Drivers/STM32H7xx_HAL_Driver/Src/stm32h7xx_hal_flash_ex.c ****   * @brief  Disable ECC Detection interrupts on FLASH BANK1 and BANK2.
 947:Drivers/STM32H7xx_HAL_Driver/Src/stm32h7xx_hal_flash_ex.c ****   * @param  None
 948:Drivers/STM32H7xx_HAL_Driver/Src/stm32h7xx_hal_flash_ex.c ****   * @retval None
 949:Drivers/STM32H7xx_HAL_Driver/Src/stm32h7xx_hal_flash_ex.c ****   */
 950:Drivers/STM32H7xx_HAL_Driver/Src/stm32h7xx_hal_flash_ex.c **** void HAL_FLASHEx_DisableEccDetectionInterrupt(void)
 951:Drivers/STM32H7xx_HAL_Driver/Src/stm32h7xx_hal_flash_ex.c **** {
 952:Drivers/STM32H7xx_HAL_Driver/Src/stm32h7xx_hal_flash_ex.c ****   __HAL_FLASH_DISABLE_IT(FLASH_IT_DBECCERR_BANK1);
 953:Drivers/STM32H7xx_HAL_Driver/Src/stm32h7xx_hal_flash_ex.c **** 
 954:Drivers/STM32H7xx_HAL_Driver/Src/stm32h7xx_hal_flash_ex.c **** #if defined (DUAL_BANK)
 955:Drivers/STM32H7xx_HAL_Driver/Src/stm32h7xx_hal_flash_ex.c ****   __HAL_FLASH_DISABLE_IT(FLASH_IT_DBECCERR_BANK2);
 956:Drivers/STM32H7xx_HAL_Driver/Src/stm32h7xx_hal_flash_ex.c **** #endif /* DUAL_BANK */
 957:Drivers/STM32H7xx_HAL_Driver/Src/stm32h7xx_hal_flash_ex.c **** }
 958:Drivers/STM32H7xx_HAL_Driver/Src/stm32h7xx_hal_flash_ex.c **** 
 959:Drivers/STM32H7xx_HAL_Driver/Src/stm32h7xx_hal_flash_ex.c **** /**
 960:Drivers/STM32H7xx_HAL_Driver/Src/stm32h7xx_hal_flash_ex.c ****   * @brief  Enable ECC Detection interrupt on FLASH BANK1.
 961:Drivers/STM32H7xx_HAL_Driver/Src/stm32h7xx_hal_flash_ex.c ****   * @param  None
 962:Drivers/STM32H7xx_HAL_Driver/Src/stm32h7xx_hal_flash_ex.c ****   * @retval None
 963:Drivers/STM32H7xx_HAL_Driver/Src/stm32h7xx_hal_flash_ex.c ****   */
 964:Drivers/STM32H7xx_HAL_Driver/Src/stm32h7xx_hal_flash_ex.c **** void HAL_FLASHEx_EnableEccDetectionInterrupt_Bank1(void)
 965:Drivers/STM32H7xx_HAL_Driver/Src/stm32h7xx_hal_flash_ex.c **** {
 966:Drivers/STM32H7xx_HAL_Driver/Src/stm32h7xx_hal_flash_ex.c ****   __HAL_FLASH_ENABLE_IT(FLASH_IT_DBECCERR_BANK1);
 967:Drivers/STM32H7xx_HAL_Driver/Src/stm32h7xx_hal_flash_ex.c **** }
 968:Drivers/STM32H7xx_HAL_Driver/Src/stm32h7xx_hal_flash_ex.c **** 
 969:Drivers/STM32H7xx_HAL_Driver/Src/stm32h7xx_hal_flash_ex.c **** /**
 970:Drivers/STM32H7xx_HAL_Driver/Src/stm32h7xx_hal_flash_ex.c ****   * @brief  Disable ECC correction interrupt on FLASH BANK1.
 971:Drivers/STM32H7xx_HAL_Driver/Src/stm32h7xx_hal_flash_ex.c ****   * @param  None
 972:Drivers/STM32H7xx_HAL_Driver/Src/stm32h7xx_hal_flash_ex.c ****   * @retval None
 973:Drivers/STM32H7xx_HAL_Driver/Src/stm32h7xx_hal_flash_ex.c ****   */
 974:Drivers/STM32H7xx_HAL_Driver/Src/stm32h7xx_hal_flash_ex.c **** void HAL_FLASHEx_DisableEccDetectionInterrupt_Bank1(void)
 975:Drivers/STM32H7xx_HAL_Driver/Src/stm32h7xx_hal_flash_ex.c **** {
 976:Drivers/STM32H7xx_HAL_Driver/Src/stm32h7xx_hal_flash_ex.c ****   __HAL_FLASH_DISABLE_IT(FLASH_IT_DBECCERR_BANK1);
 977:Drivers/STM32H7xx_HAL_Driver/Src/stm32h7xx_hal_flash_ex.c **** }
 978:Drivers/STM32H7xx_HAL_Driver/Src/stm32h7xx_hal_flash_ex.c **** 
 979:Drivers/STM32H7xx_HAL_Driver/Src/stm32h7xx_hal_flash_ex.c **** #if defined (DUAL_BANK)
 980:Drivers/STM32H7xx_HAL_Driver/Src/stm32h7xx_hal_flash_ex.c **** /**
 981:Drivers/STM32H7xx_HAL_Driver/Src/stm32h7xx_hal_flash_ex.c ****   * @brief  Enable ECC Detection interrupt on FLASH BANK2.
 982:Drivers/STM32H7xx_HAL_Driver/Src/stm32h7xx_hal_flash_ex.c ****   * @param  None
 983:Drivers/STM32H7xx_HAL_Driver/Src/stm32h7xx_hal_flash_ex.c ****   * @retval None
 984:Drivers/STM32H7xx_HAL_Driver/Src/stm32h7xx_hal_flash_ex.c ****   */
 985:Drivers/STM32H7xx_HAL_Driver/Src/stm32h7xx_hal_flash_ex.c **** void HAL_FLASHEx_EnableEccDetectionInterrupt_Bank2(void)
 986:Drivers/STM32H7xx_HAL_Driver/Src/stm32h7xx_hal_flash_ex.c **** {
 987:Drivers/STM32H7xx_HAL_Driver/Src/stm32h7xx_hal_flash_ex.c ****   __HAL_FLASH_ENABLE_IT(FLASH_IT_DBECCERR_BANK2);
 988:Drivers/STM32H7xx_HAL_Driver/Src/stm32h7xx_hal_flash_ex.c **** }
 989:Drivers/STM32H7xx_HAL_Driver/Src/stm32h7xx_hal_flash_ex.c **** 
 990:Drivers/STM32H7xx_HAL_Driver/Src/stm32h7xx_hal_flash_ex.c **** /**
 991:Drivers/STM32H7xx_HAL_Driver/Src/stm32h7xx_hal_flash_ex.c ****   * @brief  Disable ECC Detection interrupt on FLASH BANK2.
 992:Drivers/STM32H7xx_HAL_Driver/Src/stm32h7xx_hal_flash_ex.c ****   * @param  None
 993:Drivers/STM32H7xx_HAL_Driver/Src/stm32h7xx_hal_flash_ex.c ****   * @retval None
 994:Drivers/STM32H7xx_HAL_Driver/Src/stm32h7xx_hal_flash_ex.c ****   */
 995:Drivers/STM32H7xx_HAL_Driver/Src/stm32h7xx_hal_flash_ex.c **** void HAL_FLASHEx_DisableEccDetectionInterrupt_Bank2(void)
 996:Drivers/STM32H7xx_HAL_Driver/Src/stm32h7xx_hal_flash_ex.c **** {
 997:Drivers/STM32H7xx_HAL_Driver/Src/stm32h7xx_hal_flash_ex.c ****   __HAL_FLASH_DISABLE_IT(FLASH_IT_DBECCERR_BANK2);
 998:Drivers/STM32H7xx_HAL_Driver/Src/stm32h7xx_hal_flash_ex.c **** }
 999:Drivers/STM32H7xx_HAL_Driver/Src/stm32h7xx_hal_flash_ex.c **** #endif /* DUAL_BANK */
1000:Drivers/STM32H7xx_HAL_Driver/Src/stm32h7xx_hal_flash_ex.c **** 
ARM GAS  /tmp/cck0UwGt.s 			page 19


1001:Drivers/STM32H7xx_HAL_Driver/Src/stm32h7xx_hal_flash_ex.c **** /**
1002:Drivers/STM32H7xx_HAL_Driver/Src/stm32h7xx_hal_flash_ex.c ****   * @brief  Get the ECC error information.
1003:Drivers/STM32H7xx_HAL_Driver/Src/stm32h7xx_hal_flash_ex.c ****   * @param  pData Pointer to an FLASH_EccInfoTypeDef structure that contains the
1004:Drivers/STM32H7xx_HAL_Driver/Src/stm32h7xx_hal_flash_ex.c ****   *         ECC error information.
1005:Drivers/STM32H7xx_HAL_Driver/Src/stm32h7xx_hal_flash_ex.c ****   * @note   This function should be called before ECC bit is cleared
1006:Drivers/STM32H7xx_HAL_Driver/Src/stm32h7xx_hal_flash_ex.c ****   *         (in callback function)
1007:Drivers/STM32H7xx_HAL_Driver/Src/stm32h7xx_hal_flash_ex.c ****   * @retval None
1008:Drivers/STM32H7xx_HAL_Driver/Src/stm32h7xx_hal_flash_ex.c ****   */
1009:Drivers/STM32H7xx_HAL_Driver/Src/stm32h7xx_hal_flash_ex.c **** void HAL_FLASHEx_GetEccInfo(FLASH_EccInfoTypeDef *pData)
1010:Drivers/STM32H7xx_HAL_Driver/Src/stm32h7xx_hal_flash_ex.c **** {
1011:Drivers/STM32H7xx_HAL_Driver/Src/stm32h7xx_hal_flash_ex.c ****   uint32_t errorflag;
1012:Drivers/STM32H7xx_HAL_Driver/Src/stm32h7xx_hal_flash_ex.c **** 
1013:Drivers/STM32H7xx_HAL_Driver/Src/stm32h7xx_hal_flash_ex.c ****   /* Check FLASH Bank1 ECC single correction and double detection error flags */
1014:Drivers/STM32H7xx_HAL_Driver/Src/stm32h7xx_hal_flash_ex.c ****   errorflag = FLASH->SR1 & (FLASH_FLAG_SNECCERR_BANK1 | FLASH_FLAG_DBECCERR_BANK1);
1015:Drivers/STM32H7xx_HAL_Driver/Src/stm32h7xx_hal_flash_ex.c ****   if(errorflag != 0U)
1016:Drivers/STM32H7xx_HAL_Driver/Src/stm32h7xx_hal_flash_ex.c ****   {
1017:Drivers/STM32H7xx_HAL_Driver/Src/stm32h7xx_hal_flash_ex.c ****     pData->Area = FLASH_ECC_AREA_USER_BANK1;
1018:Drivers/STM32H7xx_HAL_Driver/Src/stm32h7xx_hal_flash_ex.c ****     pData->Address = ((((FLASH->ECC_FA1 & FLASH_ECC_FA_FAIL_ECC_ADDR))* FLASH_NB_32BITWORD_IN_FLASH
1019:Drivers/STM32H7xx_HAL_Driver/Src/stm32h7xx_hal_flash_ex.c ****   }
1020:Drivers/STM32H7xx_HAL_Driver/Src/stm32h7xx_hal_flash_ex.c **** #if defined (DUAL_BANK)
1021:Drivers/STM32H7xx_HAL_Driver/Src/stm32h7xx_hal_flash_ex.c ****   /* Check FLASH Bank2 ECC single correction and double detection error flags */
1022:Drivers/STM32H7xx_HAL_Driver/Src/stm32h7xx_hal_flash_ex.c ****   errorflag = FLASH->SR2 & (FLASH_FLAG_SNECCERR_BANK2 | FLASH_FLAG_DBECCERR_BANK2);
1023:Drivers/STM32H7xx_HAL_Driver/Src/stm32h7xx_hal_flash_ex.c ****   if(errorflag != 0U)
1024:Drivers/STM32H7xx_HAL_Driver/Src/stm32h7xx_hal_flash_ex.c ****   {
1025:Drivers/STM32H7xx_HAL_Driver/Src/stm32h7xx_hal_flash_ex.c ****     pData->Area = FLASH_ECC_AREA_USER_BANK2;
1026:Drivers/STM32H7xx_HAL_Driver/Src/stm32h7xx_hal_flash_ex.c ****     pData->Address = ((((FLASH->ECC_FA2 & FLASH_ECC_FA_FAIL_ECC_ADDR))* FLASH_NB_32BITWORD_IN_FLASH
1027:Drivers/STM32H7xx_HAL_Driver/Src/stm32h7xx_hal_flash_ex.c ****   }
1028:Drivers/STM32H7xx_HAL_Driver/Src/stm32h7xx_hal_flash_ex.c **** #endif /* DUAL_BANK */
1029:Drivers/STM32H7xx_HAL_Driver/Src/stm32h7xx_hal_flash_ex.c **** }
1030:Drivers/STM32H7xx_HAL_Driver/Src/stm32h7xx_hal_flash_ex.c **** 
1031:Drivers/STM32H7xx_HAL_Driver/Src/stm32h7xx_hal_flash_ex.c **** /**
1032:Drivers/STM32H7xx_HAL_Driver/Src/stm32h7xx_hal_flash_ex.c ****   * @brief Handle Flash ECC Detection interrupt request.
1033:Drivers/STM32H7xx_HAL_Driver/Src/stm32h7xx_hal_flash_ex.c ****   * @retval None
1034:Drivers/STM32H7xx_HAL_Driver/Src/stm32h7xx_hal_flash_ex.c ****   */
1035:Drivers/STM32H7xx_HAL_Driver/Src/stm32h7xx_hal_flash_ex.c **** void HAL_FLASHEx_BusFault_IRQHandler(void)
1036:Drivers/STM32H7xx_HAL_Driver/Src/stm32h7xx_hal_flash_ex.c **** {
1037:Drivers/STM32H7xx_HAL_Driver/Src/stm32h7xx_hal_flash_ex.c ****   /* Check if the ECC double error occurred*/
1038:Drivers/STM32H7xx_HAL_Driver/Src/stm32h7xx_hal_flash_ex.c ****   if ((FLASH->SR1 & FLASH_FLAG_DBECCERR_BANK1)  != 0)
1039:Drivers/STM32H7xx_HAL_Driver/Src/stm32h7xx_hal_flash_ex.c ****   {
1040:Drivers/STM32H7xx_HAL_Driver/Src/stm32h7xx_hal_flash_ex.c ****     /* FLASH ECC detection user callback */
1041:Drivers/STM32H7xx_HAL_Driver/Src/stm32h7xx_hal_flash_ex.c ****     HAL_FLASHEx_EccDetectionCallback();
1042:Drivers/STM32H7xx_HAL_Driver/Src/stm32h7xx_hal_flash_ex.c **** 
1043:Drivers/STM32H7xx_HAL_Driver/Src/stm32h7xx_hal_flash_ex.c ****     /* Clear Bank 1 ECC double detection error flag
1044:Drivers/STM32H7xx_HAL_Driver/Src/stm32h7xx_hal_flash_ex.c ****     note : this step will clear all the information related to the flash ECC detection
1045:Drivers/STM32H7xx_HAL_Driver/Src/stm32h7xx_hal_flash_ex.c ****     */
1046:Drivers/STM32H7xx_HAL_Driver/Src/stm32h7xx_hal_flash_ex.c ****     __HAL_FLASH_CLEAR_FLAG_BANK1(FLASH_FLAG_DBECCERR_BANK1);
1047:Drivers/STM32H7xx_HAL_Driver/Src/stm32h7xx_hal_flash_ex.c ****   }
1048:Drivers/STM32H7xx_HAL_Driver/Src/stm32h7xx_hal_flash_ex.c **** #if defined (DUAL_BANK)
1049:Drivers/STM32H7xx_HAL_Driver/Src/stm32h7xx_hal_flash_ex.c ****   /* Check if the ECC double error occurred*/
1050:Drivers/STM32H7xx_HAL_Driver/Src/stm32h7xx_hal_flash_ex.c ****   if ((FLASH->SR2 & FLASH_FLAG_DBECCERR_BANK2)  != 0)
1051:Drivers/STM32H7xx_HAL_Driver/Src/stm32h7xx_hal_flash_ex.c ****   {
1052:Drivers/STM32H7xx_HAL_Driver/Src/stm32h7xx_hal_flash_ex.c ****     /* FLASH ECC detection user callback */
1053:Drivers/STM32H7xx_HAL_Driver/Src/stm32h7xx_hal_flash_ex.c ****     HAL_FLASHEx_EccDetectionCallback();
1054:Drivers/STM32H7xx_HAL_Driver/Src/stm32h7xx_hal_flash_ex.c **** 
1055:Drivers/STM32H7xx_HAL_Driver/Src/stm32h7xx_hal_flash_ex.c ****     /* Clear Bank 2 ECC double detection error flag
1056:Drivers/STM32H7xx_HAL_Driver/Src/stm32h7xx_hal_flash_ex.c ****     note : this step will clear all the information related to the flash ECC detection
1057:Drivers/STM32H7xx_HAL_Driver/Src/stm32h7xx_hal_flash_ex.c ****     */
ARM GAS  /tmp/cck0UwGt.s 			page 20


1058:Drivers/STM32H7xx_HAL_Driver/Src/stm32h7xx_hal_flash_ex.c ****     __HAL_FLASH_CLEAR_FLAG_BANK2(FLASH_FLAG_DBECCERR_BANK2);
1059:Drivers/STM32H7xx_HAL_Driver/Src/stm32h7xx_hal_flash_ex.c ****   }
1060:Drivers/STM32H7xx_HAL_Driver/Src/stm32h7xx_hal_flash_ex.c **** #endif /* DUAL_BANK */
1061:Drivers/STM32H7xx_HAL_Driver/Src/stm32h7xx_hal_flash_ex.c **** }
1062:Drivers/STM32H7xx_HAL_Driver/Src/stm32h7xx_hal_flash_ex.c **** 
1063:Drivers/STM32H7xx_HAL_Driver/Src/stm32h7xx_hal_flash_ex.c **** /**
1064:Drivers/STM32H7xx_HAL_Driver/Src/stm32h7xx_hal_flash_ex.c ****   * @brief  FLASH ECC Correction interrupt callback.
1065:Drivers/STM32H7xx_HAL_Driver/Src/stm32h7xx_hal_flash_ex.c ****   * @retval None
1066:Drivers/STM32H7xx_HAL_Driver/Src/stm32h7xx_hal_flash_ex.c ****   */
1067:Drivers/STM32H7xx_HAL_Driver/Src/stm32h7xx_hal_flash_ex.c **** __weak void HAL_FLASHEx_EccCorrectionCallback(void)
1068:Drivers/STM32H7xx_HAL_Driver/Src/stm32h7xx_hal_flash_ex.c **** {
1069:Drivers/STM32H7xx_HAL_Driver/Src/stm32h7xx_hal_flash_ex.c ****   /* NOTE : This function should not be modified, when the callback is needed,
1070:Drivers/STM32H7xx_HAL_Driver/Src/stm32h7xx_hal_flash_ex.c ****             the HAL_FLASHEx_EccCorrectionCallback could be implemented in the user file
1071:Drivers/STM32H7xx_HAL_Driver/Src/stm32h7xx_hal_flash_ex.c ****    */
1072:Drivers/STM32H7xx_HAL_Driver/Src/stm32h7xx_hal_flash_ex.c **** }
1073:Drivers/STM32H7xx_HAL_Driver/Src/stm32h7xx_hal_flash_ex.c **** 
1074:Drivers/STM32H7xx_HAL_Driver/Src/stm32h7xx_hal_flash_ex.c **** /**
1075:Drivers/STM32H7xx_HAL_Driver/Src/stm32h7xx_hal_flash_ex.c ****   * @brief  FLASH ECC Detection interrupt callback.
1076:Drivers/STM32H7xx_HAL_Driver/Src/stm32h7xx_hal_flash_ex.c ****   * @retval None
1077:Drivers/STM32H7xx_HAL_Driver/Src/stm32h7xx_hal_flash_ex.c ****   */
1078:Drivers/STM32H7xx_HAL_Driver/Src/stm32h7xx_hal_flash_ex.c **** __weak void HAL_FLASHEx_EccDetectionCallback(void)
1079:Drivers/STM32H7xx_HAL_Driver/Src/stm32h7xx_hal_flash_ex.c **** {
1080:Drivers/STM32H7xx_HAL_Driver/Src/stm32h7xx_hal_flash_ex.c ****   /* NOTE : This function should not be modified, when the callback is needed,
1081:Drivers/STM32H7xx_HAL_Driver/Src/stm32h7xx_hal_flash_ex.c ****             the HAL_FLASHEx_EccDetectionCallback could be implemented in the user file
1082:Drivers/STM32H7xx_HAL_Driver/Src/stm32h7xx_hal_flash_ex.c ****    */
1083:Drivers/STM32H7xx_HAL_Driver/Src/stm32h7xx_hal_flash_ex.c **** }
1084:Drivers/STM32H7xx_HAL_Driver/Src/stm32h7xx_hal_flash_ex.c **** 
1085:Drivers/STM32H7xx_HAL_Driver/Src/stm32h7xx_hal_flash_ex.c **** /**
1086:Drivers/STM32H7xx_HAL_Driver/Src/stm32h7xx_hal_flash_ex.c ****   * @}
1087:Drivers/STM32H7xx_HAL_Driver/Src/stm32h7xx_hal_flash_ex.c ****   */
1088:Drivers/STM32H7xx_HAL_Driver/Src/stm32h7xx_hal_flash_ex.c **** #endif /* USE_FLASH_ECC */
1089:Drivers/STM32H7xx_HAL_Driver/Src/stm32h7xx_hal_flash_ex.c **** 
1090:Drivers/STM32H7xx_HAL_Driver/Src/stm32h7xx_hal_flash_ex.c **** /**
1091:Drivers/STM32H7xx_HAL_Driver/Src/stm32h7xx_hal_flash_ex.c ****   * @}
1092:Drivers/STM32H7xx_HAL_Driver/Src/stm32h7xx_hal_flash_ex.c ****   */
1093:Drivers/STM32H7xx_HAL_Driver/Src/stm32h7xx_hal_flash_ex.c **** 
1094:Drivers/STM32H7xx_HAL_Driver/Src/stm32h7xx_hal_flash_ex.c **** /* Private functions ---------------------------------------------------------*/
1095:Drivers/STM32H7xx_HAL_Driver/Src/stm32h7xx_hal_flash_ex.c **** 
1096:Drivers/STM32H7xx_HAL_Driver/Src/stm32h7xx_hal_flash_ex.c **** /** @addtogroup FLASHEx_Private_Functions
1097:Drivers/STM32H7xx_HAL_Driver/Src/stm32h7xx_hal_flash_ex.c ****   * @{
1098:Drivers/STM32H7xx_HAL_Driver/Src/stm32h7xx_hal_flash_ex.c ****   */
1099:Drivers/STM32H7xx_HAL_Driver/Src/stm32h7xx_hal_flash_ex.c **** 
1100:Drivers/STM32H7xx_HAL_Driver/Src/stm32h7xx_hal_flash_ex.c **** /**
1101:Drivers/STM32H7xx_HAL_Driver/Src/stm32h7xx_hal_flash_ex.c ****   * @brief  Mass erase of FLASH memory
1102:Drivers/STM32H7xx_HAL_Driver/Src/stm32h7xx_hal_flash_ex.c ****   * @param  VoltageRange The device program/erase parallelism.
1103:Drivers/STM32H7xx_HAL_Driver/Src/stm32h7xx_hal_flash_ex.c ****   *          This parameter can be one of the following values:
1104:Drivers/STM32H7xx_HAL_Driver/Src/stm32h7xx_hal_flash_ex.c ****   *            @arg FLASH_VOLTAGE_RANGE_1 : Flash program/erase by 8 bits
1105:Drivers/STM32H7xx_HAL_Driver/Src/stm32h7xx_hal_flash_ex.c ****   *            @arg FLASH_VOLTAGE_RANGE_2 : Flash program/erase by 16 bits
1106:Drivers/STM32H7xx_HAL_Driver/Src/stm32h7xx_hal_flash_ex.c ****   *            @arg FLASH_VOLTAGE_RANGE_3 : Flash program/erase by 32 bits
1107:Drivers/STM32H7xx_HAL_Driver/Src/stm32h7xx_hal_flash_ex.c ****   *            @arg FLASH_VOLTAGE_RANGE_4 : Flash program/erase by 64 bits
1108:Drivers/STM32H7xx_HAL_Driver/Src/stm32h7xx_hal_flash_ex.c ****   *
1109:Drivers/STM32H7xx_HAL_Driver/Src/stm32h7xx_hal_flash_ex.c ****   * @param  Banks Banks to be erased
1110:Drivers/STM32H7xx_HAL_Driver/Src/stm32h7xx_hal_flash_ex.c ****   *          This parameter can be one of the following values:
1111:Drivers/STM32H7xx_HAL_Driver/Src/stm32h7xx_hal_flash_ex.c ****   *            @arg FLASH_BANK_1: Bank1 to be erased
1112:Drivers/STM32H7xx_HAL_Driver/Src/stm32h7xx_hal_flash_ex.c ****   *            @arg FLASH_BANK_2: Bank2 to be erased
1113:Drivers/STM32H7xx_HAL_Driver/Src/stm32h7xx_hal_flash_ex.c ****   *            @arg FLASH_BANK_BOTH: Bank1 and Bank2 to be erased
1114:Drivers/STM32H7xx_HAL_Driver/Src/stm32h7xx_hal_flash_ex.c ****   *
ARM GAS  /tmp/cck0UwGt.s 			page 21


1115:Drivers/STM32H7xx_HAL_Driver/Src/stm32h7xx_hal_flash_ex.c ****   * @retval HAL Status
1116:Drivers/STM32H7xx_HAL_Driver/Src/stm32h7xx_hal_flash_ex.c ****   */
1117:Drivers/STM32H7xx_HAL_Driver/Src/stm32h7xx_hal_flash_ex.c **** static void FLASH_MassErase(uint32_t VoltageRange, uint32_t Banks)
1118:Drivers/STM32H7xx_HAL_Driver/Src/stm32h7xx_hal_flash_ex.c **** {
  28              		.loc 1 1118 1 view -0
  29              		.cfi_startproc
  30              		@ args = 0, pretend = 0, frame = 0
  31              		@ frame_needed = 0, uses_anonymous_args = 0
  32              		@ link register save eliminated.
1119:Drivers/STM32H7xx_HAL_Driver/Src/stm32h7xx_hal_flash_ex.c ****   /* Check the parameters */
1120:Drivers/STM32H7xx_HAL_Driver/Src/stm32h7xx_hal_flash_ex.c **** #if defined (FLASH_CR_PSIZE)
1121:Drivers/STM32H7xx_HAL_Driver/Src/stm32h7xx_hal_flash_ex.c ****   assert_param(IS_VOLTAGERANGE(VoltageRange));
  33              		.loc 1 1121 3 view .LVU1
1122:Drivers/STM32H7xx_HAL_Driver/Src/stm32h7xx_hal_flash_ex.c **** #else
1123:Drivers/STM32H7xx_HAL_Driver/Src/stm32h7xx_hal_flash_ex.c ****   UNUSED(VoltageRange);
1124:Drivers/STM32H7xx_HAL_Driver/Src/stm32h7xx_hal_flash_ex.c **** #endif /* FLASH_CR_PSIZE */
1125:Drivers/STM32H7xx_HAL_Driver/Src/stm32h7xx_hal_flash_ex.c ****   assert_param(IS_FLASH_BANK(Banks));
  34              		.loc 1 1125 3 view .LVU2
1126:Drivers/STM32H7xx_HAL_Driver/Src/stm32h7xx_hal_flash_ex.c **** 
1127:Drivers/STM32H7xx_HAL_Driver/Src/stm32h7xx_hal_flash_ex.c **** #if defined (DUAL_BANK)
1128:Drivers/STM32H7xx_HAL_Driver/Src/stm32h7xx_hal_flash_ex.c ****   /* Flash Mass Erase */
1129:Drivers/STM32H7xx_HAL_Driver/Src/stm32h7xx_hal_flash_ex.c ****   if((Banks & FLASH_BANK_BOTH) == FLASH_BANK_BOTH)
  35              		.loc 1 1129 3 view .LVU3
  36              		.loc 1 1129 13 is_stmt 0 view .LVU4
  37 0000 01F00303 		and	r3, r1, #3
  38              		.loc 1 1129 5 view .LVU5
  39 0004 032B     		cmp	r3, #3
  40 0006 24D0     		beq	.L5
1130:Drivers/STM32H7xx_HAL_Driver/Src/stm32h7xx_hal_flash_ex.c ****   {
1131:Drivers/STM32H7xx_HAL_Driver/Src/stm32h7xx_hal_flash_ex.c **** #if defined (FLASH_CR_PSIZE)
1132:Drivers/STM32H7xx_HAL_Driver/Src/stm32h7xx_hal_flash_ex.c ****     /* Reset Program/erase VoltageRange for Bank1 and Bank2 */
1133:Drivers/STM32H7xx_HAL_Driver/Src/stm32h7xx_hal_flash_ex.c ****     FLASH->CR1 &= (~FLASH_CR_PSIZE);
1134:Drivers/STM32H7xx_HAL_Driver/Src/stm32h7xx_hal_flash_ex.c ****     FLASH->CR2 &= (~FLASH_CR_PSIZE);
1135:Drivers/STM32H7xx_HAL_Driver/Src/stm32h7xx_hal_flash_ex.c **** 
1136:Drivers/STM32H7xx_HAL_Driver/Src/stm32h7xx_hal_flash_ex.c ****     /* Set voltage range */
1137:Drivers/STM32H7xx_HAL_Driver/Src/stm32h7xx_hal_flash_ex.c ****     FLASH->CR1 |= VoltageRange;
1138:Drivers/STM32H7xx_HAL_Driver/Src/stm32h7xx_hal_flash_ex.c ****     FLASH->CR2 |= VoltageRange;
1139:Drivers/STM32H7xx_HAL_Driver/Src/stm32h7xx_hal_flash_ex.c **** #endif /* FLASH_CR_PSIZE */
1140:Drivers/STM32H7xx_HAL_Driver/Src/stm32h7xx_hal_flash_ex.c **** 
1141:Drivers/STM32H7xx_HAL_Driver/Src/stm32h7xx_hal_flash_ex.c ****     /* Set Mass Erase Bit */
1142:Drivers/STM32H7xx_HAL_Driver/Src/stm32h7xx_hal_flash_ex.c ****     FLASH->OPTCR |= FLASH_OPTCR_MER;
1143:Drivers/STM32H7xx_HAL_Driver/Src/stm32h7xx_hal_flash_ex.c ****   }
1144:Drivers/STM32H7xx_HAL_Driver/Src/stm32h7xx_hal_flash_ex.c ****   else
1145:Drivers/STM32H7xx_HAL_Driver/Src/stm32h7xx_hal_flash_ex.c **** #endif /* DUAL_BANK */
1146:Drivers/STM32H7xx_HAL_Driver/Src/stm32h7xx_hal_flash_ex.c ****   {
1147:Drivers/STM32H7xx_HAL_Driver/Src/stm32h7xx_hal_flash_ex.c ****     /* Proceed to erase Flash Bank  */
1148:Drivers/STM32H7xx_HAL_Driver/Src/stm32h7xx_hal_flash_ex.c ****     if((Banks & FLASH_BANK_1) == FLASH_BANK_1)
  41              		.loc 1 1148 5 is_stmt 1 view .LVU6
  42              		.loc 1 1148 7 is_stmt 0 view .LVU7
  43 0008 11F0010F 		tst	r1, #1
  44 000c 0BD0     		beq	.L4
1149:Drivers/STM32H7xx_HAL_Driver/Src/stm32h7xx_hal_flash_ex.c ****     {
1150:Drivers/STM32H7xx_HAL_Driver/Src/stm32h7xx_hal_flash_ex.c **** #if defined (FLASH_CR_PSIZE)
1151:Drivers/STM32H7xx_HAL_Driver/Src/stm32h7xx_hal_flash_ex.c ****       /* Set Program/erase VoltageRange for Bank1 */
1152:Drivers/STM32H7xx_HAL_Driver/Src/stm32h7xx_hal_flash_ex.c ****       FLASH->CR1 &= (~FLASH_CR_PSIZE);
  45              		.loc 1 1152 7 is_stmt 1 view .LVU8
  46              		.loc 1 1152 12 is_stmt 0 view .LVU9
ARM GAS  /tmp/cck0UwGt.s 			page 22


  47 000e 1D4B     		ldr	r3, .L6
  48 0010 DA68     		ldr	r2, [r3, #12]
  49              		.loc 1 1152 18 view .LVU10
  50 0012 22F03002 		bic	r2, r2, #48
  51 0016 DA60     		str	r2, [r3, #12]
1153:Drivers/STM32H7xx_HAL_Driver/Src/stm32h7xx_hal_flash_ex.c ****       FLASH->CR1 |=  VoltageRange;
  52              		.loc 1 1153 7 is_stmt 1 view .LVU11
  53              		.loc 1 1153 12 is_stmt 0 view .LVU12
  54 0018 DA68     		ldr	r2, [r3, #12]
  55              		.loc 1 1153 18 view .LVU13
  56 001a 0243     		orrs	r2, r2, r0
  57 001c DA60     		str	r2, [r3, #12]
1154:Drivers/STM32H7xx_HAL_Driver/Src/stm32h7xx_hal_flash_ex.c **** #endif /* FLASH_CR_PSIZE */
1155:Drivers/STM32H7xx_HAL_Driver/Src/stm32h7xx_hal_flash_ex.c **** 
1156:Drivers/STM32H7xx_HAL_Driver/Src/stm32h7xx_hal_flash_ex.c ****       /* Erase Bank1 */
1157:Drivers/STM32H7xx_HAL_Driver/Src/stm32h7xx_hal_flash_ex.c ****       FLASH->CR1 |= (FLASH_CR_BER | FLASH_CR_START);
  58              		.loc 1 1157 7 is_stmt 1 view .LVU14
  59              		.loc 1 1157 12 is_stmt 0 view .LVU15
  60 001e DA68     		ldr	r2, [r3, #12]
  61              		.loc 1 1157 18 view .LVU16
  62 0020 42F08802 		orr	r2, r2, #136
  63 0024 DA60     		str	r2, [r3, #12]
  64              	.L4:
1158:Drivers/STM32H7xx_HAL_Driver/Src/stm32h7xx_hal_flash_ex.c ****     }
1159:Drivers/STM32H7xx_HAL_Driver/Src/stm32h7xx_hal_flash_ex.c **** 
1160:Drivers/STM32H7xx_HAL_Driver/Src/stm32h7xx_hal_flash_ex.c **** #if defined (DUAL_BANK)
1161:Drivers/STM32H7xx_HAL_Driver/Src/stm32h7xx_hal_flash_ex.c ****     if((Banks & FLASH_BANK_2) == FLASH_BANK_2)
  65              		.loc 1 1161 5 is_stmt 1 view .LVU17
  66              		.loc 1 1161 7 is_stmt 0 view .LVU18
  67 0026 11F0020F 		tst	r1, #2
  68 002a 11D0     		beq	.L1
1162:Drivers/STM32H7xx_HAL_Driver/Src/stm32h7xx_hal_flash_ex.c ****     {
1163:Drivers/STM32H7xx_HAL_Driver/Src/stm32h7xx_hal_flash_ex.c **** #if defined (FLASH_CR_PSIZE)
1164:Drivers/STM32H7xx_HAL_Driver/Src/stm32h7xx_hal_flash_ex.c ****       /* Set Program/erase VoltageRange for Bank2 */
1165:Drivers/STM32H7xx_HAL_Driver/Src/stm32h7xx_hal_flash_ex.c ****       FLASH->CR2 &= (~FLASH_CR_PSIZE);
  69              		.loc 1 1165 7 is_stmt 1 view .LVU19
  70              		.loc 1 1165 12 is_stmt 0 view .LVU20
  71 002c 154B     		ldr	r3, .L6
  72 002e D3F80C21 		ldr	r2, [r3, #268]
  73              		.loc 1 1165 18 view .LVU21
  74 0032 22F03002 		bic	r2, r2, #48
  75 0036 C3F80C21 		str	r2, [r3, #268]
1166:Drivers/STM32H7xx_HAL_Driver/Src/stm32h7xx_hal_flash_ex.c ****       FLASH->CR2 |= VoltageRange;
  76              		.loc 1 1166 7 is_stmt 1 view .LVU22
  77              		.loc 1 1166 12 is_stmt 0 view .LVU23
  78 003a D3F80C21 		ldr	r2, [r3, #268]
  79              		.loc 1 1166 18 view .LVU24
  80 003e 0243     		orrs	r2, r2, r0
  81 0040 C3F80C21 		str	r2, [r3, #268]
1167:Drivers/STM32H7xx_HAL_Driver/Src/stm32h7xx_hal_flash_ex.c **** #endif /* FLASH_CR_PSIZE */
1168:Drivers/STM32H7xx_HAL_Driver/Src/stm32h7xx_hal_flash_ex.c **** 
1169:Drivers/STM32H7xx_HAL_Driver/Src/stm32h7xx_hal_flash_ex.c ****       /* Erase Bank2 */
1170:Drivers/STM32H7xx_HAL_Driver/Src/stm32h7xx_hal_flash_ex.c ****       FLASH->CR2 |= (FLASH_CR_BER | FLASH_CR_START);
  82              		.loc 1 1170 7 is_stmt 1 view .LVU25
  83              		.loc 1 1170 12 is_stmt 0 view .LVU26
  84 0044 D3F80C21 		ldr	r2, [r3, #268]
  85              		.loc 1 1170 18 view .LVU27
ARM GAS  /tmp/cck0UwGt.s 			page 23


  86 0048 42F08802 		orr	r2, r2, #136
  87 004c C3F80C21 		str	r2, [r3, #268]
  88              	.L1:
1171:Drivers/STM32H7xx_HAL_Driver/Src/stm32h7xx_hal_flash_ex.c ****     }
1172:Drivers/STM32H7xx_HAL_Driver/Src/stm32h7xx_hal_flash_ex.c **** #endif /* DUAL_BANK */
1173:Drivers/STM32H7xx_HAL_Driver/Src/stm32h7xx_hal_flash_ex.c ****   }
1174:Drivers/STM32H7xx_HAL_Driver/Src/stm32h7xx_hal_flash_ex.c **** }
  89              		.loc 1 1174 1 view .LVU28
  90 0050 7047     		bx	lr
  91              	.L5:
1133:Drivers/STM32H7xx_HAL_Driver/Src/stm32h7xx_hal_flash_ex.c ****     FLASH->CR2 &= (~FLASH_CR_PSIZE);
  92              		.loc 1 1133 5 is_stmt 1 view .LVU29
1133:Drivers/STM32H7xx_HAL_Driver/Src/stm32h7xx_hal_flash_ex.c ****     FLASH->CR2 &= (~FLASH_CR_PSIZE);
  93              		.loc 1 1133 10 is_stmt 0 view .LVU30
  94 0052 0C4B     		ldr	r3, .L6
  95 0054 DA68     		ldr	r2, [r3, #12]
1133:Drivers/STM32H7xx_HAL_Driver/Src/stm32h7xx_hal_flash_ex.c ****     FLASH->CR2 &= (~FLASH_CR_PSIZE);
  96              		.loc 1 1133 16 view .LVU31
  97 0056 22F03002 		bic	r2, r2, #48
  98 005a DA60     		str	r2, [r3, #12]
1134:Drivers/STM32H7xx_HAL_Driver/Src/stm32h7xx_hal_flash_ex.c **** 
  99              		.loc 1 1134 5 is_stmt 1 view .LVU32
1134:Drivers/STM32H7xx_HAL_Driver/Src/stm32h7xx_hal_flash_ex.c **** 
 100              		.loc 1 1134 10 is_stmt 0 view .LVU33
 101 005c D3F80C21 		ldr	r2, [r3, #268]
1134:Drivers/STM32H7xx_HAL_Driver/Src/stm32h7xx_hal_flash_ex.c **** 
 102              		.loc 1 1134 16 view .LVU34
 103 0060 22F03002 		bic	r2, r2, #48
 104 0064 C3F80C21 		str	r2, [r3, #268]
1137:Drivers/STM32H7xx_HAL_Driver/Src/stm32h7xx_hal_flash_ex.c ****     FLASH->CR2 |= VoltageRange;
 105              		.loc 1 1137 5 is_stmt 1 view .LVU35
1137:Drivers/STM32H7xx_HAL_Driver/Src/stm32h7xx_hal_flash_ex.c ****     FLASH->CR2 |= VoltageRange;
 106              		.loc 1 1137 10 is_stmt 0 view .LVU36
 107 0068 DA68     		ldr	r2, [r3, #12]
1137:Drivers/STM32H7xx_HAL_Driver/Src/stm32h7xx_hal_flash_ex.c ****     FLASH->CR2 |= VoltageRange;
 108              		.loc 1 1137 16 view .LVU37
 109 006a 0243     		orrs	r2, r2, r0
 110 006c DA60     		str	r2, [r3, #12]
1138:Drivers/STM32H7xx_HAL_Driver/Src/stm32h7xx_hal_flash_ex.c **** #endif /* FLASH_CR_PSIZE */
 111              		.loc 1 1138 5 is_stmt 1 view .LVU38
1138:Drivers/STM32H7xx_HAL_Driver/Src/stm32h7xx_hal_flash_ex.c **** #endif /* FLASH_CR_PSIZE */
 112              		.loc 1 1138 10 is_stmt 0 view .LVU39
 113 006e D3F80C21 		ldr	r2, [r3, #268]
1138:Drivers/STM32H7xx_HAL_Driver/Src/stm32h7xx_hal_flash_ex.c **** #endif /* FLASH_CR_PSIZE */
 114              		.loc 1 1138 16 view .LVU40
 115 0072 0243     		orrs	r2, r2, r0
 116 0074 C3F80C21 		str	r2, [r3, #268]
1142:Drivers/STM32H7xx_HAL_Driver/Src/stm32h7xx_hal_flash_ex.c ****   }
 117              		.loc 1 1142 5 is_stmt 1 view .LVU41
1142:Drivers/STM32H7xx_HAL_Driver/Src/stm32h7xx_hal_flash_ex.c ****   }
 118              		.loc 1 1142 10 is_stmt 0 view .LVU42
 119 0078 9A69     		ldr	r2, [r3, #24]
1142:Drivers/STM32H7xx_HAL_Driver/Src/stm32h7xx_hal_flash_ex.c ****   }
 120              		.loc 1 1142 18 view .LVU43
 121 007a 42F01002 		orr	r2, r2, #16
 122 007e 9A61     		str	r2, [r3, #24]
 123 0080 7047     		bx	lr
ARM GAS  /tmp/cck0UwGt.s 			page 24


 124              	.L7:
 125 0082 00BF     		.align	2
 126              	.L6:
 127 0084 00200052 		.word	1375739904
 128              		.cfi_endproc
 129              	.LFE155:
 131              		.section	.text.FLASH_OB_EnableWRP,"ax",%progbits
 132              		.align	1
 133              		.syntax unified
 134              		.thumb
 135              		.thumb_func
 137              	FLASH_OB_EnableWRP:
 138              	.LVL1:
 139              	.LFB157:
1175:Drivers/STM32H7xx_HAL_Driver/Src/stm32h7xx_hal_flash_ex.c **** 
1176:Drivers/STM32H7xx_HAL_Driver/Src/stm32h7xx_hal_flash_ex.c **** /**
1177:Drivers/STM32H7xx_HAL_Driver/Src/stm32h7xx_hal_flash_ex.c ****   * @brief  Erase the specified FLASH memory sector
1178:Drivers/STM32H7xx_HAL_Driver/Src/stm32h7xx_hal_flash_ex.c ****   * @param  Sector FLASH sector to erase
1179:Drivers/STM32H7xx_HAL_Driver/Src/stm32h7xx_hal_flash_ex.c ****   *          This parameter can be a value of @ref FLASH_Sectors
1180:Drivers/STM32H7xx_HAL_Driver/Src/stm32h7xx_hal_flash_ex.c ****   * @param  Banks Banks to be erased
1181:Drivers/STM32H7xx_HAL_Driver/Src/stm32h7xx_hal_flash_ex.c ****   *          This parameter can be one of the following values:
1182:Drivers/STM32H7xx_HAL_Driver/Src/stm32h7xx_hal_flash_ex.c ****   *            @arg FLASH_BANK_1: Bank1 to be erased
1183:Drivers/STM32H7xx_HAL_Driver/Src/stm32h7xx_hal_flash_ex.c ****   *            @arg FLASH_BANK_2: Bank2 to be erased
1184:Drivers/STM32H7xx_HAL_Driver/Src/stm32h7xx_hal_flash_ex.c ****   *            @arg FLASH_BANK_BOTH: Bank1 and Bank2 to be erased
1185:Drivers/STM32H7xx_HAL_Driver/Src/stm32h7xx_hal_flash_ex.c ****   * @param  VoltageRange The device program/erase parallelism.
1186:Drivers/STM32H7xx_HAL_Driver/Src/stm32h7xx_hal_flash_ex.c ****   *          This parameter can be one of the following values:
1187:Drivers/STM32H7xx_HAL_Driver/Src/stm32h7xx_hal_flash_ex.c ****   *            @arg FLASH_VOLTAGE_RANGE_1 : Flash program/erase by 8 bits
1188:Drivers/STM32H7xx_HAL_Driver/Src/stm32h7xx_hal_flash_ex.c ****   *            @arg FLASH_VOLTAGE_RANGE_2 : Flash program/erase by 16 bits
1189:Drivers/STM32H7xx_HAL_Driver/Src/stm32h7xx_hal_flash_ex.c ****   *            @arg FLASH_VOLTAGE_RANGE_3 : Flash program/erase by 32 bits
1190:Drivers/STM32H7xx_HAL_Driver/Src/stm32h7xx_hal_flash_ex.c ****   *            @arg FLASH_VOLTAGE_RANGE_4 : Flash program/erase by 64 bits
1191:Drivers/STM32H7xx_HAL_Driver/Src/stm32h7xx_hal_flash_ex.c ****   *
1192:Drivers/STM32H7xx_HAL_Driver/Src/stm32h7xx_hal_flash_ex.c ****   * @retval None
1193:Drivers/STM32H7xx_HAL_Driver/Src/stm32h7xx_hal_flash_ex.c ****   */
1194:Drivers/STM32H7xx_HAL_Driver/Src/stm32h7xx_hal_flash_ex.c **** void FLASH_Erase_Sector(uint32_t Sector, uint32_t Banks, uint32_t VoltageRange)
1195:Drivers/STM32H7xx_HAL_Driver/Src/stm32h7xx_hal_flash_ex.c **** {
1196:Drivers/STM32H7xx_HAL_Driver/Src/stm32h7xx_hal_flash_ex.c ****   assert_param(IS_FLASH_SECTOR(Sector));
1197:Drivers/STM32H7xx_HAL_Driver/Src/stm32h7xx_hal_flash_ex.c ****   assert_param(IS_FLASH_BANK_EXCLUSIVE(Banks));
1198:Drivers/STM32H7xx_HAL_Driver/Src/stm32h7xx_hal_flash_ex.c **** #if defined (FLASH_CR_PSIZE)
1199:Drivers/STM32H7xx_HAL_Driver/Src/stm32h7xx_hal_flash_ex.c ****   assert_param(IS_VOLTAGERANGE(VoltageRange));
1200:Drivers/STM32H7xx_HAL_Driver/Src/stm32h7xx_hal_flash_ex.c **** #else
1201:Drivers/STM32H7xx_HAL_Driver/Src/stm32h7xx_hal_flash_ex.c ****   UNUSED(VoltageRange);
1202:Drivers/STM32H7xx_HAL_Driver/Src/stm32h7xx_hal_flash_ex.c **** #endif /* FLASH_CR_PSIZE */
1203:Drivers/STM32H7xx_HAL_Driver/Src/stm32h7xx_hal_flash_ex.c **** 
1204:Drivers/STM32H7xx_HAL_Driver/Src/stm32h7xx_hal_flash_ex.c ****   if((Banks & FLASH_BANK_1) == FLASH_BANK_1)
1205:Drivers/STM32H7xx_HAL_Driver/Src/stm32h7xx_hal_flash_ex.c ****   {
1206:Drivers/STM32H7xx_HAL_Driver/Src/stm32h7xx_hal_flash_ex.c **** #if defined (FLASH_CR_PSIZE)
1207:Drivers/STM32H7xx_HAL_Driver/Src/stm32h7xx_hal_flash_ex.c ****     /* Reset Program/erase VoltageRange and Sector Number for Bank1 */
1208:Drivers/STM32H7xx_HAL_Driver/Src/stm32h7xx_hal_flash_ex.c ****     FLASH->CR1 &= ~(FLASH_CR_PSIZE | FLASH_CR_SNB);
1209:Drivers/STM32H7xx_HAL_Driver/Src/stm32h7xx_hal_flash_ex.c **** 
1210:Drivers/STM32H7xx_HAL_Driver/Src/stm32h7xx_hal_flash_ex.c ****     FLASH->CR1 |= (FLASH_CR_SER | VoltageRange | (Sector << FLASH_CR_SNB_Pos) | FLASH_CR_START);
1211:Drivers/STM32H7xx_HAL_Driver/Src/stm32h7xx_hal_flash_ex.c **** #else
1212:Drivers/STM32H7xx_HAL_Driver/Src/stm32h7xx_hal_flash_ex.c ****     /* Reset Sector Number for Bank1 */
1213:Drivers/STM32H7xx_HAL_Driver/Src/stm32h7xx_hal_flash_ex.c ****     FLASH->CR1 &= ~(FLASH_CR_SNB);
1214:Drivers/STM32H7xx_HAL_Driver/Src/stm32h7xx_hal_flash_ex.c **** 
1215:Drivers/STM32H7xx_HAL_Driver/Src/stm32h7xx_hal_flash_ex.c ****     FLASH->CR1 |= (FLASH_CR_SER | (Sector << FLASH_CR_SNB_Pos) | FLASH_CR_START);
1216:Drivers/STM32H7xx_HAL_Driver/Src/stm32h7xx_hal_flash_ex.c **** #endif /* FLASH_CR_PSIZE */
1217:Drivers/STM32H7xx_HAL_Driver/Src/stm32h7xx_hal_flash_ex.c ****   }
ARM GAS  /tmp/cck0UwGt.s 			page 25


1218:Drivers/STM32H7xx_HAL_Driver/Src/stm32h7xx_hal_flash_ex.c **** 
1219:Drivers/STM32H7xx_HAL_Driver/Src/stm32h7xx_hal_flash_ex.c **** #if defined (DUAL_BANK)
1220:Drivers/STM32H7xx_HAL_Driver/Src/stm32h7xx_hal_flash_ex.c ****   if((Banks & FLASH_BANK_2) == FLASH_BANK_2)
1221:Drivers/STM32H7xx_HAL_Driver/Src/stm32h7xx_hal_flash_ex.c ****   {
1222:Drivers/STM32H7xx_HAL_Driver/Src/stm32h7xx_hal_flash_ex.c **** #if defined (FLASH_CR_PSIZE)
1223:Drivers/STM32H7xx_HAL_Driver/Src/stm32h7xx_hal_flash_ex.c ****     /* Reset Program/erase VoltageRange and Sector Number for Bank2 */
1224:Drivers/STM32H7xx_HAL_Driver/Src/stm32h7xx_hal_flash_ex.c ****     FLASH->CR2 &= ~(FLASH_CR_PSIZE | FLASH_CR_SNB);
1225:Drivers/STM32H7xx_HAL_Driver/Src/stm32h7xx_hal_flash_ex.c **** 
1226:Drivers/STM32H7xx_HAL_Driver/Src/stm32h7xx_hal_flash_ex.c ****     FLASH->CR2 |= (FLASH_CR_SER | VoltageRange  | (Sector << FLASH_CR_SNB_Pos) | FLASH_CR_START);
1227:Drivers/STM32H7xx_HAL_Driver/Src/stm32h7xx_hal_flash_ex.c **** #else
1228:Drivers/STM32H7xx_HAL_Driver/Src/stm32h7xx_hal_flash_ex.c ****     /* Reset Sector Number for Bank2 */
1229:Drivers/STM32H7xx_HAL_Driver/Src/stm32h7xx_hal_flash_ex.c ****     FLASH->CR2 &= ~(FLASH_CR_SNB);
1230:Drivers/STM32H7xx_HAL_Driver/Src/stm32h7xx_hal_flash_ex.c **** 
1231:Drivers/STM32H7xx_HAL_Driver/Src/stm32h7xx_hal_flash_ex.c ****     FLASH->CR2 |= (FLASH_CR_SER | (Sector << FLASH_CR_SNB_Pos) | FLASH_CR_START);
1232:Drivers/STM32H7xx_HAL_Driver/Src/stm32h7xx_hal_flash_ex.c **** #endif /* FLASH_CR_PSIZE */
1233:Drivers/STM32H7xx_HAL_Driver/Src/stm32h7xx_hal_flash_ex.c ****   }
1234:Drivers/STM32H7xx_HAL_Driver/Src/stm32h7xx_hal_flash_ex.c **** #endif /* DUAL_BANK */
1235:Drivers/STM32H7xx_HAL_Driver/Src/stm32h7xx_hal_flash_ex.c **** }
1236:Drivers/STM32H7xx_HAL_Driver/Src/stm32h7xx_hal_flash_ex.c **** 
1237:Drivers/STM32H7xx_HAL_Driver/Src/stm32h7xx_hal_flash_ex.c **** /**
1238:Drivers/STM32H7xx_HAL_Driver/Src/stm32h7xx_hal_flash_ex.c ****   * @brief  Enable the write protection of the desired bank1 or bank 2 sectors
1239:Drivers/STM32H7xx_HAL_Driver/Src/stm32h7xx_hal_flash_ex.c ****   * @param  WRPSector specifies the sector(s) to be write protected.
1240:Drivers/STM32H7xx_HAL_Driver/Src/stm32h7xx_hal_flash_ex.c ****   *          This parameter can be one of the following values:
1241:Drivers/STM32H7xx_HAL_Driver/Src/stm32h7xx_hal_flash_ex.c ****   *            @arg WRPSector:  A combination of OB_WRP_SECTOR_0 to OB_WRP_SECTOR_7 or OB_WRP_SECTO
1242:Drivers/STM32H7xx_HAL_Driver/Src/stm32h7xx_hal_flash_ex.c ****   *
1243:Drivers/STM32H7xx_HAL_Driver/Src/stm32h7xx_hal_flash_ex.c ****   * @param  Banks the specific bank to apply WRP sectors
1244:Drivers/STM32H7xx_HAL_Driver/Src/stm32h7xx_hal_flash_ex.c ****   *          This parameter can be one of the following values:
1245:Drivers/STM32H7xx_HAL_Driver/Src/stm32h7xx_hal_flash_ex.c ****   *            @arg FLASH_BANK_1: enable WRP on specified bank1 sectors
1246:Drivers/STM32H7xx_HAL_Driver/Src/stm32h7xx_hal_flash_ex.c ****   *            @arg FLASH_BANK_2: enable WRP on specified bank2 sectors
1247:Drivers/STM32H7xx_HAL_Driver/Src/stm32h7xx_hal_flash_ex.c ****   *            @arg FLASH_BANK_BOTH: enable WRP on both bank1 and bank2 specified sectors
1248:Drivers/STM32H7xx_HAL_Driver/Src/stm32h7xx_hal_flash_ex.c ****   *
1249:Drivers/STM32H7xx_HAL_Driver/Src/stm32h7xx_hal_flash_ex.c ****   * @retval HAL FLASH State
1250:Drivers/STM32H7xx_HAL_Driver/Src/stm32h7xx_hal_flash_ex.c ****   */
1251:Drivers/STM32H7xx_HAL_Driver/Src/stm32h7xx_hal_flash_ex.c **** static void FLASH_OB_EnableWRP(uint32_t WRPSector, uint32_t Banks)
1252:Drivers/STM32H7xx_HAL_Driver/Src/stm32h7xx_hal_flash_ex.c **** {
 140              		.loc 1 1252 1 is_stmt 1 view -0
 141              		.cfi_startproc
 142              		@ args = 0, pretend = 0, frame = 0
 143              		@ frame_needed = 0, uses_anonymous_args = 0
 144              		@ link register save eliminated.
1253:Drivers/STM32H7xx_HAL_Driver/Src/stm32h7xx_hal_flash_ex.c ****   /* Check the parameters */
1254:Drivers/STM32H7xx_HAL_Driver/Src/stm32h7xx_hal_flash_ex.c ****   assert_param(IS_OB_WRP_SECTOR(WRPSector));
 145              		.loc 1 1254 3 view .LVU45
1255:Drivers/STM32H7xx_HAL_Driver/Src/stm32h7xx_hal_flash_ex.c ****   assert_param(IS_FLASH_BANK(Banks));
 146              		.loc 1 1255 3 view .LVU46
1256:Drivers/STM32H7xx_HAL_Driver/Src/stm32h7xx_hal_flash_ex.c **** 
1257:Drivers/STM32H7xx_HAL_Driver/Src/stm32h7xx_hal_flash_ex.c ****   if((Banks & FLASH_BANK_1) == FLASH_BANK_1)
 147              		.loc 1 1257 3 view .LVU47
 148              		.loc 1 1257 5 is_stmt 0 view .LVU48
 149 0000 11F0010F 		tst	r1, #1
 150 0004 06D0     		beq	.L9
1258:Drivers/STM32H7xx_HAL_Driver/Src/stm32h7xx_hal_flash_ex.c ****   {
1259:Drivers/STM32H7xx_HAL_Driver/Src/stm32h7xx_hal_flash_ex.c ****     /* Enable Write Protection for bank 1 */
1260:Drivers/STM32H7xx_HAL_Driver/Src/stm32h7xx_hal_flash_ex.c ****     FLASH->WPSN_PRG1 &= (~(WRPSector & FLASH_WPSN_WRPSN));
 151              		.loc 1 1260 5 is_stmt 1 view .LVU49
 152              		.loc 1 1260 10 is_stmt 0 view .LVU50
 153 0006 094A     		ldr	r2, .L11
ARM GAS  /tmp/cck0UwGt.s 			page 26


 154 0008 D36B     		ldr	r3, [r2, #60]
 155              		.loc 1 1260 38 view .LVU51
 156 000a 5FFA80FC 		uxtb	ip, r0
 157              		.loc 1 1260 22 view .LVU52
 158 000e 23EA0C03 		bic	r3, r3, ip
 159 0012 D363     		str	r3, [r2, #60]
 160              	.L9:
1261:Drivers/STM32H7xx_HAL_Driver/Src/stm32h7xx_hal_flash_ex.c ****   }
1262:Drivers/STM32H7xx_HAL_Driver/Src/stm32h7xx_hal_flash_ex.c **** 
1263:Drivers/STM32H7xx_HAL_Driver/Src/stm32h7xx_hal_flash_ex.c **** #if defined (DUAL_BANK)
1264:Drivers/STM32H7xx_HAL_Driver/Src/stm32h7xx_hal_flash_ex.c ****   if((Banks & FLASH_BANK_2) == FLASH_BANK_2)
 161              		.loc 1 1264 3 is_stmt 1 view .LVU53
 162              		.loc 1 1264 5 is_stmt 0 view .LVU54
 163 0014 11F0020F 		tst	r1, #2
 164 0018 07D0     		beq	.L8
1265:Drivers/STM32H7xx_HAL_Driver/Src/stm32h7xx_hal_flash_ex.c ****   {
1266:Drivers/STM32H7xx_HAL_Driver/Src/stm32h7xx_hal_flash_ex.c ****     /* Enable Write Protection for bank 2 */
1267:Drivers/STM32H7xx_HAL_Driver/Src/stm32h7xx_hal_flash_ex.c ****     FLASH->WPSN_PRG2 &= (~(WRPSector & FLASH_WPSN_WRPSN));
 165              		.loc 1 1267 5 is_stmt 1 view .LVU55
 166              		.loc 1 1267 10 is_stmt 0 view .LVU56
 167 001a 044A     		ldr	r2, .L11
 168 001c D2F83C31 		ldr	r3, [r2, #316]
 169              		.loc 1 1267 38 view .LVU57
 170 0020 C0B2     		uxtb	r0, r0
 171              	.LVL2:
 172              		.loc 1 1267 22 view .LVU58
 173 0022 23EA0003 		bic	r3, r3, r0
 174 0026 C2F83C31 		str	r3, [r2, #316]
 175              	.L8:
1268:Drivers/STM32H7xx_HAL_Driver/Src/stm32h7xx_hal_flash_ex.c ****   }
1269:Drivers/STM32H7xx_HAL_Driver/Src/stm32h7xx_hal_flash_ex.c **** #endif /* DUAL_BANK */
1270:Drivers/STM32H7xx_HAL_Driver/Src/stm32h7xx_hal_flash_ex.c **** }
 176              		.loc 1 1270 1 view .LVU59
 177 002a 7047     		bx	lr
 178              	.L12:
 179              		.align	2
 180              	.L11:
 181 002c 00200052 		.word	1375739904
 182              		.cfi_endproc
 183              	.LFE157:
 185              		.section	.text.FLASH_OB_DisableWRP,"ax",%progbits
 186              		.align	1
 187              		.syntax unified
 188              		.thumb
 189              		.thumb_func
 191              	FLASH_OB_DisableWRP:
 192              	.LVL3:
 193              	.LFB158:
1271:Drivers/STM32H7xx_HAL_Driver/Src/stm32h7xx_hal_flash_ex.c **** 
1272:Drivers/STM32H7xx_HAL_Driver/Src/stm32h7xx_hal_flash_ex.c **** /**
1273:Drivers/STM32H7xx_HAL_Driver/Src/stm32h7xx_hal_flash_ex.c ****   * @brief  Disable the write protection of the desired bank1 or bank 2 sectors
1274:Drivers/STM32H7xx_HAL_Driver/Src/stm32h7xx_hal_flash_ex.c ****   * @param  WRPSector specifies the sector(s) to disable write protection.
1275:Drivers/STM32H7xx_HAL_Driver/Src/stm32h7xx_hal_flash_ex.c ****   *          This parameter can be one of the following values:
1276:Drivers/STM32H7xx_HAL_Driver/Src/stm32h7xx_hal_flash_ex.c ****   *            @arg WRPSector:  A combination of FLASH_OB_WRP_SECTOR_0 to FLASH_OB_WRP_SECTOR_7 or 
1277:Drivers/STM32H7xx_HAL_Driver/Src/stm32h7xx_hal_flash_ex.c ****   *
1278:Drivers/STM32H7xx_HAL_Driver/Src/stm32h7xx_hal_flash_ex.c ****   * @param  Banks the specific bank to apply WRP sectors
1279:Drivers/STM32H7xx_HAL_Driver/Src/stm32h7xx_hal_flash_ex.c ****   *          This parameter can be one of the following values:
ARM GAS  /tmp/cck0UwGt.s 			page 27


1280:Drivers/STM32H7xx_HAL_Driver/Src/stm32h7xx_hal_flash_ex.c ****   *            @arg FLASH_BANK_1: disable WRP on specified bank1 sectors
1281:Drivers/STM32H7xx_HAL_Driver/Src/stm32h7xx_hal_flash_ex.c ****   *            @arg FLASH_BANK_2: disable WRP on specified bank2 sectors
1282:Drivers/STM32H7xx_HAL_Driver/Src/stm32h7xx_hal_flash_ex.c ****   *            @arg FLASH_BANK_BOTH: disable WRP on both bank1 and bank2 specified sectors
1283:Drivers/STM32H7xx_HAL_Driver/Src/stm32h7xx_hal_flash_ex.c ****   *
1284:Drivers/STM32H7xx_HAL_Driver/Src/stm32h7xx_hal_flash_ex.c ****   * @retval HAL FLASH State
1285:Drivers/STM32H7xx_HAL_Driver/Src/stm32h7xx_hal_flash_ex.c ****   */
1286:Drivers/STM32H7xx_HAL_Driver/Src/stm32h7xx_hal_flash_ex.c **** static void FLASH_OB_DisableWRP(uint32_t WRPSector, uint32_t Banks)
1287:Drivers/STM32H7xx_HAL_Driver/Src/stm32h7xx_hal_flash_ex.c **** {
 194              		.loc 1 1287 1 is_stmt 1 view -0
 195              		.cfi_startproc
 196              		@ args = 0, pretend = 0, frame = 0
 197              		@ frame_needed = 0, uses_anonymous_args = 0
 198              		@ link register save eliminated.
1288:Drivers/STM32H7xx_HAL_Driver/Src/stm32h7xx_hal_flash_ex.c ****   /* Check the parameters */
1289:Drivers/STM32H7xx_HAL_Driver/Src/stm32h7xx_hal_flash_ex.c ****   assert_param(IS_OB_WRP_SECTOR(WRPSector));
 199              		.loc 1 1289 3 view .LVU61
1290:Drivers/STM32H7xx_HAL_Driver/Src/stm32h7xx_hal_flash_ex.c ****   assert_param(IS_FLASH_BANK(Banks));
 200              		.loc 1 1290 3 view .LVU62
1291:Drivers/STM32H7xx_HAL_Driver/Src/stm32h7xx_hal_flash_ex.c **** 
1292:Drivers/STM32H7xx_HAL_Driver/Src/stm32h7xx_hal_flash_ex.c ****   if((Banks & FLASH_BANK_1) == FLASH_BANK_1)
 201              		.loc 1 1292 3 view .LVU63
 202              		.loc 1 1292 5 is_stmt 0 view .LVU64
 203 0000 11F0010F 		tst	r1, #1
 204 0004 06D0     		beq	.L14
1293:Drivers/STM32H7xx_HAL_Driver/Src/stm32h7xx_hal_flash_ex.c ****   {
1294:Drivers/STM32H7xx_HAL_Driver/Src/stm32h7xx_hal_flash_ex.c ****     /* Disable Write Protection for bank 1 */
1295:Drivers/STM32H7xx_HAL_Driver/Src/stm32h7xx_hal_flash_ex.c ****     FLASH->WPSN_PRG1 |= (WRPSector & FLASH_WPSN_WRPSN);
 205              		.loc 1 1295 5 is_stmt 1 view .LVU65
 206              		.loc 1 1295 10 is_stmt 0 view .LVU66
 207 0006 094A     		ldr	r2, .L16
 208 0008 D36B     		ldr	r3, [r2, #60]
 209              		.loc 1 1295 36 view .LVU67
 210 000a 5FFA80FC 		uxtb	ip, r0
 211              		.loc 1 1295 22 view .LVU68
 212 000e 43EA0C03 		orr	r3, r3, ip
 213 0012 D363     		str	r3, [r2, #60]
 214              	.L14:
1296:Drivers/STM32H7xx_HAL_Driver/Src/stm32h7xx_hal_flash_ex.c ****   }
1297:Drivers/STM32H7xx_HAL_Driver/Src/stm32h7xx_hal_flash_ex.c **** 
1298:Drivers/STM32H7xx_HAL_Driver/Src/stm32h7xx_hal_flash_ex.c **** #if defined (DUAL_BANK)
1299:Drivers/STM32H7xx_HAL_Driver/Src/stm32h7xx_hal_flash_ex.c ****   if((Banks & FLASH_BANK_2) == FLASH_BANK_2)
 215              		.loc 1 1299 3 is_stmt 1 view .LVU69
 216              		.loc 1 1299 5 is_stmt 0 view .LVU70
 217 0014 11F0020F 		tst	r1, #2
 218 0018 06D0     		beq	.L13
1300:Drivers/STM32H7xx_HAL_Driver/Src/stm32h7xx_hal_flash_ex.c ****   {
1301:Drivers/STM32H7xx_HAL_Driver/Src/stm32h7xx_hal_flash_ex.c ****     /* Disable Write Protection for bank 2 */
1302:Drivers/STM32H7xx_HAL_Driver/Src/stm32h7xx_hal_flash_ex.c ****     FLASH->WPSN_PRG2 |= (WRPSector & FLASH_WPSN_WRPSN);
 219              		.loc 1 1302 5 is_stmt 1 view .LVU71
 220              		.loc 1 1302 10 is_stmt 0 view .LVU72
 221 001a 044A     		ldr	r2, .L16
 222 001c D2F83C31 		ldr	r3, [r2, #316]
 223              		.loc 1 1302 36 view .LVU73
 224 0020 C0B2     		uxtb	r0, r0
 225              	.LVL4:
 226              		.loc 1 1302 22 view .LVU74
 227 0022 0343     		orrs	r3, r3, r0
ARM GAS  /tmp/cck0UwGt.s 			page 28


 228 0024 C2F83C31 		str	r3, [r2, #316]
 229              	.L13:
1303:Drivers/STM32H7xx_HAL_Driver/Src/stm32h7xx_hal_flash_ex.c ****   }
1304:Drivers/STM32H7xx_HAL_Driver/Src/stm32h7xx_hal_flash_ex.c **** #endif /* DUAL_BANK */
1305:Drivers/STM32H7xx_HAL_Driver/Src/stm32h7xx_hal_flash_ex.c **** }
 230              		.loc 1 1305 1 view .LVU75
 231 0028 7047     		bx	lr
 232              	.L17:
 233 002a 00BF     		.align	2
 234              	.L16:
 235 002c 00200052 		.word	1375739904
 236              		.cfi_endproc
 237              	.LFE158:
 239              		.section	.text.FLASH_OB_GetWRP,"ax",%progbits
 240              		.align	1
 241              		.syntax unified
 242              		.thumb
 243              		.thumb_func
 245              	FLASH_OB_GetWRP:
 246              	.LVL5:
 247              	.LFB159:
1306:Drivers/STM32H7xx_HAL_Driver/Src/stm32h7xx_hal_flash_ex.c **** 
1307:Drivers/STM32H7xx_HAL_Driver/Src/stm32h7xx_hal_flash_ex.c **** /**
1308:Drivers/STM32H7xx_HAL_Driver/Src/stm32h7xx_hal_flash_ex.c ****   * @brief  Get the write protection of the given bank 1 or bank 2 sectors
1309:Drivers/STM32H7xx_HAL_Driver/Src/stm32h7xx_hal_flash_ex.c ****   * @param  WRPState gives the write protection state on the given bank.
1310:Drivers/STM32H7xx_HAL_Driver/Src/stm32h7xx_hal_flash_ex.c ****   *          This parameter can be one of the following values:
1311:Drivers/STM32H7xx_HAL_Driver/Src/stm32h7xx_hal_flash_ex.c ****   *          @arg WRPState: OB_WRPSTATE_DISABLE or OB_WRPSTATE_ENABLE
1312:Drivers/STM32H7xx_HAL_Driver/Src/stm32h7xx_hal_flash_ex.c **** 
1313:Drivers/STM32H7xx_HAL_Driver/Src/stm32h7xx_hal_flash_ex.c ****   * @param  WRPSector gives the write protected sector(s) on the given bank .
1314:Drivers/STM32H7xx_HAL_Driver/Src/stm32h7xx_hal_flash_ex.c ****   *          This parameter can be one of the following values:
1315:Drivers/STM32H7xx_HAL_Driver/Src/stm32h7xx_hal_flash_ex.c ****   *          @arg WRPSector: A combination of FLASH_OB_WRP_SECTOR_0 to FLASH_OB_WRP_SECTOR_7 or FLA
1316:Drivers/STM32H7xx_HAL_Driver/Src/stm32h7xx_hal_flash_ex.c ****   *
1317:Drivers/STM32H7xx_HAL_Driver/Src/stm32h7xx_hal_flash_ex.c ****   * @param  Bank the specific bank to apply WRP sectors
1318:Drivers/STM32H7xx_HAL_Driver/Src/stm32h7xx_hal_flash_ex.c ****   *          This parameter can be exclusively one of the following values:
1319:Drivers/STM32H7xx_HAL_Driver/Src/stm32h7xx_hal_flash_ex.c ****   *            @arg FLASH_BANK_1: Get bank1 WRP sectors
1320:Drivers/STM32H7xx_HAL_Driver/Src/stm32h7xx_hal_flash_ex.c ****   *            @arg FLASH_BANK_2: Get bank2 WRP sectors
1321:Drivers/STM32H7xx_HAL_Driver/Src/stm32h7xx_hal_flash_ex.c ****   *            @arg FLASH_BANK_BOTH: note allowed in this functions
1322:Drivers/STM32H7xx_HAL_Driver/Src/stm32h7xx_hal_flash_ex.c ****   *
1323:Drivers/STM32H7xx_HAL_Driver/Src/stm32h7xx_hal_flash_ex.c ****   * @retval HAL FLASH State
1324:Drivers/STM32H7xx_HAL_Driver/Src/stm32h7xx_hal_flash_ex.c ****   */
1325:Drivers/STM32H7xx_HAL_Driver/Src/stm32h7xx_hal_flash_ex.c **** static void FLASH_OB_GetWRP(uint32_t *WRPState, uint32_t *WRPSector, uint32_t Bank)
1326:Drivers/STM32H7xx_HAL_Driver/Src/stm32h7xx_hal_flash_ex.c **** {
 248              		.loc 1 1326 1 is_stmt 1 view -0
 249              		.cfi_startproc
 250              		@ args = 0, pretend = 0, frame = 0
 251              		@ frame_needed = 0, uses_anonymous_args = 0
 252              		@ link register save eliminated.
1327:Drivers/STM32H7xx_HAL_Driver/Src/stm32h7xx_hal_flash_ex.c ****   uint32_t regvalue = 0U;
 253              		.loc 1 1327 3 view .LVU77
1328:Drivers/STM32H7xx_HAL_Driver/Src/stm32h7xx_hal_flash_ex.c **** 
1329:Drivers/STM32H7xx_HAL_Driver/Src/stm32h7xx_hal_flash_ex.c ****   if(Bank == FLASH_BANK_1)
 254              		.loc 1 1329 3 view .LVU78
 255              		.loc 1 1329 5 is_stmt 0 view .LVU79
 256 0000 012A     		cmp	r2, #1
 257 0002 08D0     		beq	.L24
1327:Drivers/STM32H7xx_HAL_Driver/Src/stm32h7xx_hal_flash_ex.c ****   uint32_t regvalue = 0U;
 258              		.loc 1 1327 12 view .LVU80
ARM GAS  /tmp/cck0UwGt.s 			page 29


 259 0004 0023     		movs	r3, #0
 260              	.LVL6:
 261              	.L19:
1330:Drivers/STM32H7xx_HAL_Driver/Src/stm32h7xx_hal_flash_ex.c ****   {
1331:Drivers/STM32H7xx_HAL_Driver/Src/stm32h7xx_hal_flash_ex.c ****     regvalue = FLASH->WPSN_CUR1;
1332:Drivers/STM32H7xx_HAL_Driver/Src/stm32h7xx_hal_flash_ex.c ****   }
1333:Drivers/STM32H7xx_HAL_Driver/Src/stm32h7xx_hal_flash_ex.c **** 
1334:Drivers/STM32H7xx_HAL_Driver/Src/stm32h7xx_hal_flash_ex.c **** #if defined (DUAL_BANK)
1335:Drivers/STM32H7xx_HAL_Driver/Src/stm32h7xx_hal_flash_ex.c ****   if(Bank == FLASH_BANK_2)
 262              		.loc 1 1335 3 is_stmt 1 view .LVU81
 263              		.loc 1 1335 5 is_stmt 0 view .LVU82
 264 0006 022A     		cmp	r2, #2
 265 0008 08D0     		beq	.L25
 266              	.L20:
1336:Drivers/STM32H7xx_HAL_Driver/Src/stm32h7xx_hal_flash_ex.c ****   {
1337:Drivers/STM32H7xx_HAL_Driver/Src/stm32h7xx_hal_flash_ex.c ****     regvalue = FLASH->WPSN_CUR2;
1338:Drivers/STM32H7xx_HAL_Driver/Src/stm32h7xx_hal_flash_ex.c ****   }
1339:Drivers/STM32H7xx_HAL_Driver/Src/stm32h7xx_hal_flash_ex.c **** #endif /* DUAL_BANK */
1340:Drivers/STM32H7xx_HAL_Driver/Src/stm32h7xx_hal_flash_ex.c **** 
1341:Drivers/STM32H7xx_HAL_Driver/Src/stm32h7xx_hal_flash_ex.c ****   (*WRPSector) = (~regvalue) & FLASH_WPSN_WRPSN;
 267              		.loc 1 1341 3 is_stmt 1 view .LVU83
 268              		.loc 1 1341 19 is_stmt 0 view .LVU84
 269 000a DB43     		mvns	r3, r3
 270              	.LVL7:
 271              		.loc 1 1341 30 view .LVU85
 272 000c DBB2     		uxtb	r3, r3
 273              	.LVL8:
 274              		.loc 1 1341 16 view .LVU86
 275 000e 0B60     		str	r3, [r1]
1342:Drivers/STM32H7xx_HAL_Driver/Src/stm32h7xx_hal_flash_ex.c **** 
1343:Drivers/STM32H7xx_HAL_Driver/Src/stm32h7xx_hal_flash_ex.c ****   if(*WRPSector == 0U)
 276              		.loc 1 1343 3 is_stmt 1 view .LVU87
 277              		.loc 1 1343 5 is_stmt 0 view .LVU88
 278 0010 43B9     		cbnz	r3, .L21
1344:Drivers/STM32H7xx_HAL_Driver/Src/stm32h7xx_hal_flash_ex.c ****   {
1345:Drivers/STM32H7xx_HAL_Driver/Src/stm32h7xx_hal_flash_ex.c ****     (*WRPState) = OB_WRPSTATE_DISABLE;
 279              		.loc 1 1345 5 is_stmt 1 view .LVU89
 280              		.loc 1 1345 17 is_stmt 0 view .LVU90
 281 0012 0360     		str	r3, [r0]
 282 0014 7047     		bx	lr
 283              	.LVL9:
 284              	.L24:
1331:Drivers/STM32H7xx_HAL_Driver/Src/stm32h7xx_hal_flash_ex.c ****   }
 285              		.loc 1 1331 5 is_stmt 1 view .LVU91
1331:Drivers/STM32H7xx_HAL_Driver/Src/stm32h7xx_hal_flash_ex.c ****   }
 286              		.loc 1 1331 14 is_stmt 0 view .LVU92
 287 0016 054B     		ldr	r3, .L26
 288 0018 9B6B     		ldr	r3, [r3, #56]
 289              	.LVL10:
1331:Drivers/STM32H7xx_HAL_Driver/Src/stm32h7xx_hal_flash_ex.c ****   }
 290              		.loc 1 1331 14 view .LVU93
 291 001a F4E7     		b	.L19
 292              	.L25:
1337:Drivers/STM32H7xx_HAL_Driver/Src/stm32h7xx_hal_flash_ex.c ****   }
 293              		.loc 1 1337 5 is_stmt 1 view .LVU94
1337:Drivers/STM32H7xx_HAL_Driver/Src/stm32h7xx_hal_flash_ex.c ****   }
 294              		.loc 1 1337 14 is_stmt 0 view .LVU95
ARM GAS  /tmp/cck0UwGt.s 			page 30


 295 001c 034B     		ldr	r3, .L26
 296              	.LVL11:
1337:Drivers/STM32H7xx_HAL_Driver/Src/stm32h7xx_hal_flash_ex.c ****   }
 297              		.loc 1 1337 14 view .LVU96
 298 001e D3F83831 		ldr	r3, [r3, #312]
 299              	.LVL12:
1337:Drivers/STM32H7xx_HAL_Driver/Src/stm32h7xx_hal_flash_ex.c ****   }
 300              		.loc 1 1337 14 view .LVU97
 301 0022 F2E7     		b	.L20
 302              	.LVL13:
 303              	.L21:
1346:Drivers/STM32H7xx_HAL_Driver/Src/stm32h7xx_hal_flash_ex.c ****   }
1347:Drivers/STM32H7xx_HAL_Driver/Src/stm32h7xx_hal_flash_ex.c ****   else
1348:Drivers/STM32H7xx_HAL_Driver/Src/stm32h7xx_hal_flash_ex.c ****   {
1349:Drivers/STM32H7xx_HAL_Driver/Src/stm32h7xx_hal_flash_ex.c ****     (*WRPState) = OB_WRPSTATE_ENABLE;
 304              		.loc 1 1349 5 is_stmt 1 view .LVU98
 305              		.loc 1 1349 17 is_stmt 0 view .LVU99
 306 0024 0123     		movs	r3, #1
 307 0026 0360     		str	r3, [r0]
1350:Drivers/STM32H7xx_HAL_Driver/Src/stm32h7xx_hal_flash_ex.c ****   }
1351:Drivers/STM32H7xx_HAL_Driver/Src/stm32h7xx_hal_flash_ex.c **** }
 308              		.loc 1 1351 1 view .LVU100
 309 0028 7047     		bx	lr
 310              	.L27:
 311 002a 00BF     		.align	2
 312              	.L26:
 313 002c 00200052 		.word	1375739904
 314              		.cfi_endproc
 315              	.LFE159:
 317              		.section	.text.FLASH_OB_RDPConfig,"ax",%progbits
 318              		.align	1
 319              		.syntax unified
 320              		.thumb
 321              		.thumb_func
 323              	FLASH_OB_RDPConfig:
 324              	.LVL14:
 325              	.LFB160:
1352:Drivers/STM32H7xx_HAL_Driver/Src/stm32h7xx_hal_flash_ex.c **** 
1353:Drivers/STM32H7xx_HAL_Driver/Src/stm32h7xx_hal_flash_ex.c **** /**
1354:Drivers/STM32H7xx_HAL_Driver/Src/stm32h7xx_hal_flash_ex.c ****   * @brief  Set the read protection level.
1355:Drivers/STM32H7xx_HAL_Driver/Src/stm32h7xx_hal_flash_ex.c ****   *
1356:Drivers/STM32H7xx_HAL_Driver/Src/stm32h7xx_hal_flash_ex.c ****   * @note   To configure the RDP level, the option lock bit OPTLOCK must be
1357:Drivers/STM32H7xx_HAL_Driver/Src/stm32h7xx_hal_flash_ex.c ****   *         cleared with the call of the HAL_FLASH_OB_Unlock() function.
1358:Drivers/STM32H7xx_HAL_Driver/Src/stm32h7xx_hal_flash_ex.c ****   * @note   To validate the RDP level, the option bytes must be reloaded
1359:Drivers/STM32H7xx_HAL_Driver/Src/stm32h7xx_hal_flash_ex.c ****   *         through the call of the HAL_FLASH_OB_Launch() function.
1360:Drivers/STM32H7xx_HAL_Driver/Src/stm32h7xx_hal_flash_ex.c ****   * @note   !!! Warning : When enabling OB_RDP level 2 it's no more possible
1361:Drivers/STM32H7xx_HAL_Driver/Src/stm32h7xx_hal_flash_ex.c ****   *         to go back to level 1 or 0 !!!
1362:Drivers/STM32H7xx_HAL_Driver/Src/stm32h7xx_hal_flash_ex.c ****   *
1363:Drivers/STM32H7xx_HAL_Driver/Src/stm32h7xx_hal_flash_ex.c ****   * @param  RDPLevel specifies the read protection level.
1364:Drivers/STM32H7xx_HAL_Driver/Src/stm32h7xx_hal_flash_ex.c ****   *         This parameter can be one of the following values:
1365:Drivers/STM32H7xx_HAL_Driver/Src/stm32h7xx_hal_flash_ex.c ****   *            @arg OB_RDP_LEVEL_0: No protection
1366:Drivers/STM32H7xx_HAL_Driver/Src/stm32h7xx_hal_flash_ex.c ****   *            @arg OB_RDP_LEVEL_1: Read protection of the memory
1367:Drivers/STM32H7xx_HAL_Driver/Src/stm32h7xx_hal_flash_ex.c ****   *            @arg OB_RDP_LEVEL_2: Full chip protection
1368:Drivers/STM32H7xx_HAL_Driver/Src/stm32h7xx_hal_flash_ex.c ****   *
1369:Drivers/STM32H7xx_HAL_Driver/Src/stm32h7xx_hal_flash_ex.c ****   * @retval HAL status
1370:Drivers/STM32H7xx_HAL_Driver/Src/stm32h7xx_hal_flash_ex.c ****   */
1371:Drivers/STM32H7xx_HAL_Driver/Src/stm32h7xx_hal_flash_ex.c **** static void FLASH_OB_RDPConfig(uint32_t RDPLevel)
ARM GAS  /tmp/cck0UwGt.s 			page 31


1372:Drivers/STM32H7xx_HAL_Driver/Src/stm32h7xx_hal_flash_ex.c **** {
 326              		.loc 1 1372 1 is_stmt 1 view -0
 327              		.cfi_startproc
 328              		@ args = 0, pretend = 0, frame = 0
 329              		@ frame_needed = 0, uses_anonymous_args = 0
 330              		@ link register save eliminated.
1373:Drivers/STM32H7xx_HAL_Driver/Src/stm32h7xx_hal_flash_ex.c ****   /* Check the parameters */
1374:Drivers/STM32H7xx_HAL_Driver/Src/stm32h7xx_hal_flash_ex.c ****   assert_param(IS_OB_RDP_LEVEL(RDPLevel));
 331              		.loc 1 1374 3 view .LVU102
1375:Drivers/STM32H7xx_HAL_Driver/Src/stm32h7xx_hal_flash_ex.c **** 
1376:Drivers/STM32H7xx_HAL_Driver/Src/stm32h7xx_hal_flash_ex.c ****   /* Configure the RDP level in the option bytes register */
1377:Drivers/STM32H7xx_HAL_Driver/Src/stm32h7xx_hal_flash_ex.c ****   MODIFY_REG(FLASH->OPTSR_PRG, FLASH_OPTSR_RDP, RDPLevel);
 332              		.loc 1 1377 3 view .LVU103
 333 0000 034A     		ldr	r2, .L29
 334 0002 136A     		ldr	r3, [r2, #32]
 335 0004 23F47F43 		bic	r3, r3, #65280
 336 0008 0343     		orrs	r3, r3, r0
 337 000a 1362     		str	r3, [r2, #32]
1378:Drivers/STM32H7xx_HAL_Driver/Src/stm32h7xx_hal_flash_ex.c **** }
 338              		.loc 1 1378 1 is_stmt 0 view .LVU104
 339 000c 7047     		bx	lr
 340              	.L30:
 341 000e 00BF     		.align	2
 342              	.L29:
 343 0010 00200052 		.word	1375739904
 344              		.cfi_endproc
 345              	.LFE160:
 347              		.section	.text.FLASH_OB_GetRDP,"ax",%progbits
 348              		.align	1
 349              		.syntax unified
 350              		.thumb
 351              		.thumb_func
 353              	FLASH_OB_GetRDP:
 354              	.LFB161:
1379:Drivers/STM32H7xx_HAL_Driver/Src/stm32h7xx_hal_flash_ex.c **** 
1380:Drivers/STM32H7xx_HAL_Driver/Src/stm32h7xx_hal_flash_ex.c **** /**
1381:Drivers/STM32H7xx_HAL_Driver/Src/stm32h7xx_hal_flash_ex.c ****   * @brief  Get the read protection level.
1382:Drivers/STM32H7xx_HAL_Driver/Src/stm32h7xx_hal_flash_ex.c ****   * @retval RDPLevel specifies the read protection level.
1383:Drivers/STM32H7xx_HAL_Driver/Src/stm32h7xx_hal_flash_ex.c ****   *         This return value can be one of the following values:
1384:Drivers/STM32H7xx_HAL_Driver/Src/stm32h7xx_hal_flash_ex.c ****   *            @arg OB_RDP_LEVEL_0: No protection
1385:Drivers/STM32H7xx_HAL_Driver/Src/stm32h7xx_hal_flash_ex.c ****   *            @arg OB_RDP_LEVEL_1: Read protection of the memory
1386:Drivers/STM32H7xx_HAL_Driver/Src/stm32h7xx_hal_flash_ex.c ****   *            @arg OB_RDP_LEVEL_2: Full chip protection
1387:Drivers/STM32H7xx_HAL_Driver/Src/stm32h7xx_hal_flash_ex.c ****   */
1388:Drivers/STM32H7xx_HAL_Driver/Src/stm32h7xx_hal_flash_ex.c **** static uint32_t FLASH_OB_GetRDP(void)
1389:Drivers/STM32H7xx_HAL_Driver/Src/stm32h7xx_hal_flash_ex.c **** {
 355              		.loc 1 1389 1 is_stmt 1 view -0
 356              		.cfi_startproc
 357              		@ args = 0, pretend = 0, frame = 0
 358              		@ frame_needed = 0, uses_anonymous_args = 0
 359              		@ link register save eliminated.
1390:Drivers/STM32H7xx_HAL_Driver/Src/stm32h7xx_hal_flash_ex.c ****   uint32_t rdp_level = READ_BIT(FLASH->OPTSR_CUR, FLASH_OPTSR_RDP);
 360              		.loc 1 1390 3 view .LVU106
 361              		.loc 1 1390 24 is_stmt 0 view .LVU107
 362 0000 064B     		ldr	r3, .L34
 363 0002 D869     		ldr	r0, [r3, #28]
 364              		.loc 1 1390 12 view .LVU108
 365 0004 00F47F40 		and	r0, r0, #65280
ARM GAS  /tmp/cck0UwGt.s 			page 32


 366              	.LVL15:
1391:Drivers/STM32H7xx_HAL_Driver/Src/stm32h7xx_hal_flash_ex.c ****   
1392:Drivers/STM32H7xx_HAL_Driver/Src/stm32h7xx_hal_flash_ex.c ****   if ((rdp_level != OB_RDP_LEVEL_0) && (rdp_level != OB_RDP_LEVEL_2))
 367              		.loc 1 1392 3 is_stmt 1 view .LVU109
 368              		.loc 1 1392 6 is_stmt 0 view .LVU110
 369 0008 B0F52A4F 		cmp	r0, #43520
 370 000c 18BF     		it	ne
 371 000e B0F54C4F 		cmpne	r0, #52224
 372 0012 00D1     		bne	.L33
 373              	.LVL16:
 374              	.L31:
1393:Drivers/STM32H7xx_HAL_Driver/Src/stm32h7xx_hal_flash_ex.c ****   {
1394:Drivers/STM32H7xx_HAL_Driver/Src/stm32h7xx_hal_flash_ex.c ****     return (OB_RDP_LEVEL_1);
1395:Drivers/STM32H7xx_HAL_Driver/Src/stm32h7xx_hal_flash_ex.c ****   }
1396:Drivers/STM32H7xx_HAL_Driver/Src/stm32h7xx_hal_flash_ex.c ****   else
1397:Drivers/STM32H7xx_HAL_Driver/Src/stm32h7xx_hal_flash_ex.c ****   {
1398:Drivers/STM32H7xx_HAL_Driver/Src/stm32h7xx_hal_flash_ex.c ****     return rdp_level;
1399:Drivers/STM32H7xx_HAL_Driver/Src/stm32h7xx_hal_flash_ex.c ****   }
1400:Drivers/STM32H7xx_HAL_Driver/Src/stm32h7xx_hal_flash_ex.c **** }
 375              		.loc 1 1400 1 view .LVU111
 376 0014 7047     		bx	lr
 377              	.LVL17:
 378              	.L33:
1394:Drivers/STM32H7xx_HAL_Driver/Src/stm32h7xx_hal_flash_ex.c ****   }
 379              		.loc 1 1394 12 view .LVU112
 380 0016 4FF4AA40 		mov	r0, #21760
 381              	.LVL18:
1394:Drivers/STM32H7xx_HAL_Driver/Src/stm32h7xx_hal_flash_ex.c ****   }
 382              		.loc 1 1394 12 view .LVU113
 383 001a FBE7     		b	.L31
 384              	.L35:
 385              		.align	2
 386              	.L34:
 387 001c 00200052 		.word	1375739904
 388              		.cfi_endproc
 389              	.LFE161:
 391              		.section	.text.FLASH_OB_UserConfig,"ax",%progbits
 392              		.align	1
 393              		.syntax unified
 394              		.thumb
 395              		.thumb_func
 397              	FLASH_OB_UserConfig:
 398              	.LVL19:
 399              	.LFB162:
1401:Drivers/STM32H7xx_HAL_Driver/Src/stm32h7xx_hal_flash_ex.c **** 
1402:Drivers/STM32H7xx_HAL_Driver/Src/stm32h7xx_hal_flash_ex.c **** #if defined(DUAL_CORE)
1403:Drivers/STM32H7xx_HAL_Driver/Src/stm32h7xx_hal_flash_ex.c **** /**
1404:Drivers/STM32H7xx_HAL_Driver/Src/stm32h7xx_hal_flash_ex.c ****   * @brief  Program the FLASH User Option Byte.
1405:Drivers/STM32H7xx_HAL_Driver/Src/stm32h7xx_hal_flash_ex.c ****   *
1406:Drivers/STM32H7xx_HAL_Driver/Src/stm32h7xx_hal_flash_ex.c ****   * @note   To configure the user option bytes, the option lock bit OPTLOCK must
1407:Drivers/STM32H7xx_HAL_Driver/Src/stm32h7xx_hal_flash_ex.c ****   *         be cleared with the call of the HAL_FLASH_OB_Unlock() function.
1408:Drivers/STM32H7xx_HAL_Driver/Src/stm32h7xx_hal_flash_ex.c ****   *
1409:Drivers/STM32H7xx_HAL_Driver/Src/stm32h7xx_hal_flash_ex.c ****   * @note   To validate the user option bytes, the option bytes must be reloaded
1410:Drivers/STM32H7xx_HAL_Driver/Src/stm32h7xx_hal_flash_ex.c ****   *         through the call of the HAL_FLASH_OB_Launch() function.
1411:Drivers/STM32H7xx_HAL_Driver/Src/stm32h7xx_hal_flash_ex.c ****   *
1412:Drivers/STM32H7xx_HAL_Driver/Src/stm32h7xx_hal_flash_ex.c ****   * @param  UserType The FLASH User Option Bytes to be modified :
1413:Drivers/STM32H7xx_HAL_Driver/Src/stm32h7xx_hal_flash_ex.c ****   *                   a combination of @ref FLASHEx_OB_USER_Type
ARM GAS  /tmp/cck0UwGt.s 			page 33


1414:Drivers/STM32H7xx_HAL_Driver/Src/stm32h7xx_hal_flash_ex.c ****   *
1415:Drivers/STM32H7xx_HAL_Driver/Src/stm32h7xx_hal_flash_ex.c ****   * @param  UserConfig The FLASH User Option Bytes values:
1416:Drivers/STM32H7xx_HAL_Driver/Src/stm32h7xx_hal_flash_ex.c ****   *         IWDG1_SW(Bit4), IWDG2_SW(Bit 5), nRST_STOP_D1(Bit 6), nRST_STDY_D1(Bit 7),
1417:Drivers/STM32H7xx_HAL_Driver/Src/stm32h7xx_hal_flash_ex.c ****   *         FZ_IWDG_STOP(Bit 17), FZ_IWDG_SDBY(Bit 18), ST_RAM_SIZE(Bit[19:20]),
1418:Drivers/STM32H7xx_HAL_Driver/Src/stm32h7xx_hal_flash_ex.c ****   *         SECURITY(Bit 21), BCM4(Bit 22), BCM7(Bit 23), nRST_STOP_D2(Bit 24),
1419:Drivers/STM32H7xx_HAL_Driver/Src/stm32h7xx_hal_flash_ex.c ****   *         nRST_STDY_D2(Bit 25), IO_HSLV (Bit 29) and SWAP_BANK_OPT(Bit 31).
1420:Drivers/STM32H7xx_HAL_Driver/Src/stm32h7xx_hal_flash_ex.c ****   *
1421:Drivers/STM32H7xx_HAL_Driver/Src/stm32h7xx_hal_flash_ex.c ****   * @retval HAL status
1422:Drivers/STM32H7xx_HAL_Driver/Src/stm32h7xx_hal_flash_ex.c ****   */
1423:Drivers/STM32H7xx_HAL_Driver/Src/stm32h7xx_hal_flash_ex.c **** #else
1424:Drivers/STM32H7xx_HAL_Driver/Src/stm32h7xx_hal_flash_ex.c **** /**
1425:Drivers/STM32H7xx_HAL_Driver/Src/stm32h7xx_hal_flash_ex.c ****   * @brief  Program the FLASH User Option Byte.
1426:Drivers/STM32H7xx_HAL_Driver/Src/stm32h7xx_hal_flash_ex.c ****   *
1427:Drivers/STM32H7xx_HAL_Driver/Src/stm32h7xx_hal_flash_ex.c ****   * @note   To configure the user option bytes, the option lock bit OPTLOCK must
1428:Drivers/STM32H7xx_HAL_Driver/Src/stm32h7xx_hal_flash_ex.c ****   *         be cleared with the call of the HAL_FLASH_OB_Unlock() function.
1429:Drivers/STM32H7xx_HAL_Driver/Src/stm32h7xx_hal_flash_ex.c ****   *
1430:Drivers/STM32H7xx_HAL_Driver/Src/stm32h7xx_hal_flash_ex.c ****   * @note   To validate the user option bytes, the option bytes must be reloaded
1431:Drivers/STM32H7xx_HAL_Driver/Src/stm32h7xx_hal_flash_ex.c ****   *         through the call of the HAL_FLASH_OB_Launch() function.
1432:Drivers/STM32H7xx_HAL_Driver/Src/stm32h7xx_hal_flash_ex.c ****   *
1433:Drivers/STM32H7xx_HAL_Driver/Src/stm32h7xx_hal_flash_ex.c ****   * @param  UserType The FLASH User Option Bytes to be modified :
1434:Drivers/STM32H7xx_HAL_Driver/Src/stm32h7xx_hal_flash_ex.c ****   *                   a combination of @arg FLASHEx_OB_USER_Type
1435:Drivers/STM32H7xx_HAL_Driver/Src/stm32h7xx_hal_flash_ex.c ****   *
1436:Drivers/STM32H7xx_HAL_Driver/Src/stm32h7xx_hal_flash_ex.c ****   * @param  UserConfig The FLASH User Option Bytes values:
1437:Drivers/STM32H7xx_HAL_Driver/Src/stm32h7xx_hal_flash_ex.c ****   *         IWDG_SW(Bit4), nRST_STOP_D1(Bit 6), nRST_STDY_D1(Bit 7),
1438:Drivers/STM32H7xx_HAL_Driver/Src/stm32h7xx_hal_flash_ex.c ****   *         FZ_IWDG_STOP(Bit 17), FZ_IWDG_SDBY(Bit 18), ST_RAM_SIZE(Bit[19:20]),
1439:Drivers/STM32H7xx_HAL_Driver/Src/stm32h7xx_hal_flash_ex.c ****   *         SECURITY(Bit 21), IO_HSLV (Bit 29) and SWAP_BANK_OPT(Bit 31).
1440:Drivers/STM32H7xx_HAL_Driver/Src/stm32h7xx_hal_flash_ex.c ****   *
1441:Drivers/STM32H7xx_HAL_Driver/Src/stm32h7xx_hal_flash_ex.c ****   * @retval HAL status
1442:Drivers/STM32H7xx_HAL_Driver/Src/stm32h7xx_hal_flash_ex.c ****   */
1443:Drivers/STM32H7xx_HAL_Driver/Src/stm32h7xx_hal_flash_ex.c **** #endif /*DUAL_CORE*/
1444:Drivers/STM32H7xx_HAL_Driver/Src/stm32h7xx_hal_flash_ex.c **** static void FLASH_OB_UserConfig(uint32_t UserType, uint32_t UserConfig)
1445:Drivers/STM32H7xx_HAL_Driver/Src/stm32h7xx_hal_flash_ex.c **** {
 400              		.loc 1 1445 1 is_stmt 1 view -0
 401              		.cfi_startproc
 402              		@ args = 0, pretend = 0, frame = 0
 403              		@ frame_needed = 0, uses_anonymous_args = 0
 404              		@ link register save eliminated.
1446:Drivers/STM32H7xx_HAL_Driver/Src/stm32h7xx_hal_flash_ex.c ****   uint32_t optr_reg_val = 0;
 405              		.loc 1 1446 3 view .LVU115
1447:Drivers/STM32H7xx_HAL_Driver/Src/stm32h7xx_hal_flash_ex.c ****   uint32_t optr_reg_mask = 0;
 406              		.loc 1 1447 3 view .LVU116
1448:Drivers/STM32H7xx_HAL_Driver/Src/stm32h7xx_hal_flash_ex.c **** 
1449:Drivers/STM32H7xx_HAL_Driver/Src/stm32h7xx_hal_flash_ex.c ****   /* Check the parameters */
1450:Drivers/STM32H7xx_HAL_Driver/Src/stm32h7xx_hal_flash_ex.c ****   assert_param(IS_OB_USER_TYPE(UserType));
 407              		.loc 1 1450 3 view .LVU117
1451:Drivers/STM32H7xx_HAL_Driver/Src/stm32h7xx_hal_flash_ex.c **** 
1452:Drivers/STM32H7xx_HAL_Driver/Src/stm32h7xx_hal_flash_ex.c ****   if((UserType & OB_USER_IWDG1_SW) != 0U)
 408              		.loc 1 1452 3 view .LVU118
 409              		.loc 1 1452 5 is_stmt 0 view .LVU119
 410 0000 10F00103 		ands	r3, r0, #1
 411 0004 50D0     		beq	.L46
1453:Drivers/STM32H7xx_HAL_Driver/Src/stm32h7xx_hal_flash_ex.c ****   {
1454:Drivers/STM32H7xx_HAL_Driver/Src/stm32h7xx_hal_flash_ex.c ****     /* IWDG_HW option byte should be modified */
1455:Drivers/STM32H7xx_HAL_Driver/Src/stm32h7xx_hal_flash_ex.c ****     assert_param(IS_OB_IWDG1_SOURCE(UserConfig & FLASH_OPTSR_IWDG1_SW));
 412              		.loc 1 1455 5 is_stmt 1 view .LVU120
1456:Drivers/STM32H7xx_HAL_Driver/Src/stm32h7xx_hal_flash_ex.c **** 
1457:Drivers/STM32H7xx_HAL_Driver/Src/stm32h7xx_hal_flash_ex.c ****     /* Set value and mask for IWDG_HW option byte */
ARM GAS  /tmp/cck0UwGt.s 			page 34


1458:Drivers/STM32H7xx_HAL_Driver/Src/stm32h7xx_hal_flash_ex.c ****     optr_reg_val |= (UserConfig & FLASH_OPTSR_IWDG1_SW);
 413              		.loc 1 1458 5 view .LVU121
 414              		.loc 1 1458 33 is_stmt 0 view .LVU122
 415 0006 01F01003 		and	r3, r1, #16
 416              	.LVL20:
1459:Drivers/STM32H7xx_HAL_Driver/Src/stm32h7xx_hal_flash_ex.c ****     optr_reg_mask |= FLASH_OPTSR_IWDG1_SW;
 417              		.loc 1 1459 5 is_stmt 1 view .LVU123
 418              		.loc 1 1459 19 is_stmt 0 view .LVU124
 419 000a 1022     		movs	r2, #16
 420              	.LVL21:
 421              	.L37:
1460:Drivers/STM32H7xx_HAL_Driver/Src/stm32h7xx_hal_flash_ex.c ****   }
1461:Drivers/STM32H7xx_HAL_Driver/Src/stm32h7xx_hal_flash_ex.c **** #if defined(DUAL_CORE)
1462:Drivers/STM32H7xx_HAL_Driver/Src/stm32h7xx_hal_flash_ex.c ****   if((UserType & OB_USER_IWDG2_SW) != 0U)
1463:Drivers/STM32H7xx_HAL_Driver/Src/stm32h7xx_hal_flash_ex.c ****   {
1464:Drivers/STM32H7xx_HAL_Driver/Src/stm32h7xx_hal_flash_ex.c ****     /* IWDG2_SW option byte should be modified */
1465:Drivers/STM32H7xx_HAL_Driver/Src/stm32h7xx_hal_flash_ex.c ****     assert_param(IS_OB_IWDG2_SOURCE(UserConfig & FLASH_OPTSR_IWDG2_SW));
1466:Drivers/STM32H7xx_HAL_Driver/Src/stm32h7xx_hal_flash_ex.c **** 
1467:Drivers/STM32H7xx_HAL_Driver/Src/stm32h7xx_hal_flash_ex.c ****     /* Set value and mask for IWDG2_SW option byte */
1468:Drivers/STM32H7xx_HAL_Driver/Src/stm32h7xx_hal_flash_ex.c ****     optr_reg_val |= (UserConfig & FLASH_OPTSR_IWDG2_SW);
1469:Drivers/STM32H7xx_HAL_Driver/Src/stm32h7xx_hal_flash_ex.c ****     optr_reg_mask |= FLASH_OPTSR_IWDG2_SW;
1470:Drivers/STM32H7xx_HAL_Driver/Src/stm32h7xx_hal_flash_ex.c ****   }
1471:Drivers/STM32H7xx_HAL_Driver/Src/stm32h7xx_hal_flash_ex.c **** #endif /*DUAL_CORE*/
1472:Drivers/STM32H7xx_HAL_Driver/Src/stm32h7xx_hal_flash_ex.c ****   if((UserType & OB_USER_NRST_STOP_D1) != 0U)
 422              		.loc 1 1472 3 is_stmt 1 view .LVU125
 423              		.loc 1 1472 5 is_stmt 0 view .LVU126
 424 000c 10F0020F 		tst	r0, #2
 425 0010 05D0     		beq	.L38
1473:Drivers/STM32H7xx_HAL_Driver/Src/stm32h7xx_hal_flash_ex.c ****   {
1474:Drivers/STM32H7xx_HAL_Driver/Src/stm32h7xx_hal_flash_ex.c ****     /* NRST_STOP option byte should be modified */
1475:Drivers/STM32H7xx_HAL_Driver/Src/stm32h7xx_hal_flash_ex.c ****     assert_param(IS_OB_STOP_D1_RESET(UserConfig & FLASH_OPTSR_NRST_STOP_D1));
 426              		.loc 1 1475 5 is_stmt 1 view .LVU127
1476:Drivers/STM32H7xx_HAL_Driver/Src/stm32h7xx_hal_flash_ex.c **** 
1477:Drivers/STM32H7xx_HAL_Driver/Src/stm32h7xx_hal_flash_ex.c ****     /* Set value and mask for NRST_STOP option byte */
1478:Drivers/STM32H7xx_HAL_Driver/Src/stm32h7xx_hal_flash_ex.c ****     optr_reg_val |= (UserConfig & FLASH_OPTSR_NRST_STOP_D1);
 427              		.loc 1 1478 5 view .LVU128
 428              		.loc 1 1478 33 is_stmt 0 view .LVU129
 429 0012 01F0400C 		and	ip, r1, #64
 430              		.loc 1 1478 18 view .LVU130
 431 0016 43EA0C03 		orr	r3, r3, ip
 432              	.LVL22:
1479:Drivers/STM32H7xx_HAL_Driver/Src/stm32h7xx_hal_flash_ex.c ****     optr_reg_mask |= FLASH_OPTSR_NRST_STOP_D1;
 433              		.loc 1 1479 5 is_stmt 1 view .LVU131
 434              		.loc 1 1479 19 is_stmt 0 view .LVU132
 435 001a 42F04002 		orr	r2, r2, #64
 436              	.LVL23:
 437              	.L38:
1480:Drivers/STM32H7xx_HAL_Driver/Src/stm32h7xx_hal_flash_ex.c ****   }
1481:Drivers/STM32H7xx_HAL_Driver/Src/stm32h7xx_hal_flash_ex.c **** 
1482:Drivers/STM32H7xx_HAL_Driver/Src/stm32h7xx_hal_flash_ex.c ****   if((UserType & OB_USER_NRST_STDBY_D1) != 0U)
 438              		.loc 1 1482 3 is_stmt 1 view .LVU133
 439              		.loc 1 1482 5 is_stmt 0 view .LVU134
 440 001e 10F0040F 		tst	r0, #4
 441 0022 05D0     		beq	.L39
1483:Drivers/STM32H7xx_HAL_Driver/Src/stm32h7xx_hal_flash_ex.c ****   {
1484:Drivers/STM32H7xx_HAL_Driver/Src/stm32h7xx_hal_flash_ex.c ****     /* NRST_STDBY option byte should be modified */
1485:Drivers/STM32H7xx_HAL_Driver/Src/stm32h7xx_hal_flash_ex.c ****     assert_param(IS_OB_STDBY_D1_RESET(UserConfig & FLASH_OPTSR_NRST_STBY_D1));
ARM GAS  /tmp/cck0UwGt.s 			page 35


 442              		.loc 1 1485 5 is_stmt 1 view .LVU135
1486:Drivers/STM32H7xx_HAL_Driver/Src/stm32h7xx_hal_flash_ex.c **** 
1487:Drivers/STM32H7xx_HAL_Driver/Src/stm32h7xx_hal_flash_ex.c ****     /* Set value and mask for NRST_STDBY option byte */
1488:Drivers/STM32H7xx_HAL_Driver/Src/stm32h7xx_hal_flash_ex.c ****     optr_reg_val |= (UserConfig & FLASH_OPTSR_NRST_STBY_D1);
 443              		.loc 1 1488 5 view .LVU136
 444              		.loc 1 1488 33 is_stmt 0 view .LVU137
 445 0024 01F0800C 		and	ip, r1, #128
 446              		.loc 1 1488 18 view .LVU138
 447 0028 43EA0C03 		orr	r3, r3, ip
 448              	.LVL24:
1489:Drivers/STM32H7xx_HAL_Driver/Src/stm32h7xx_hal_flash_ex.c ****     optr_reg_mask |= FLASH_OPTSR_NRST_STBY_D1;
 449              		.loc 1 1489 5 is_stmt 1 view .LVU139
 450              		.loc 1 1489 19 is_stmt 0 view .LVU140
 451 002c 42F08002 		orr	r2, r2, #128
 452              	.LVL25:
 453              	.L39:
1490:Drivers/STM32H7xx_HAL_Driver/Src/stm32h7xx_hal_flash_ex.c ****   }
1491:Drivers/STM32H7xx_HAL_Driver/Src/stm32h7xx_hal_flash_ex.c **** 
1492:Drivers/STM32H7xx_HAL_Driver/Src/stm32h7xx_hal_flash_ex.c ****   if((UserType & OB_USER_IWDG_STOP) != 0U)
 454              		.loc 1 1492 3 is_stmt 1 view .LVU141
 455              		.loc 1 1492 5 is_stmt 0 view .LVU142
 456 0030 10F0080F 		tst	r0, #8
 457 0034 05D0     		beq	.L40
1493:Drivers/STM32H7xx_HAL_Driver/Src/stm32h7xx_hal_flash_ex.c ****   {
1494:Drivers/STM32H7xx_HAL_Driver/Src/stm32h7xx_hal_flash_ex.c ****     /* IWDG_STOP option byte should be modified */
1495:Drivers/STM32H7xx_HAL_Driver/Src/stm32h7xx_hal_flash_ex.c ****     assert_param(IS_OB_USER_IWDG_STOP(UserConfig & FLASH_OPTSR_FZ_IWDG_STOP));
 458              		.loc 1 1495 5 is_stmt 1 view .LVU143
1496:Drivers/STM32H7xx_HAL_Driver/Src/stm32h7xx_hal_flash_ex.c **** 
1497:Drivers/STM32H7xx_HAL_Driver/Src/stm32h7xx_hal_flash_ex.c ****     /* Set value and mask for IWDG_STOP option byte */
1498:Drivers/STM32H7xx_HAL_Driver/Src/stm32h7xx_hal_flash_ex.c ****     optr_reg_val |= (UserConfig & FLASH_OPTSR_FZ_IWDG_STOP);
 459              		.loc 1 1498 5 view .LVU144
 460              		.loc 1 1498 33 is_stmt 0 view .LVU145
 461 0036 01F4003C 		and	ip, r1, #131072
 462              		.loc 1 1498 18 view .LVU146
 463 003a 43EA0C03 		orr	r3, r3, ip
 464              	.LVL26:
1499:Drivers/STM32H7xx_HAL_Driver/Src/stm32h7xx_hal_flash_ex.c ****     optr_reg_mask |= FLASH_OPTSR_FZ_IWDG_STOP;
 465              		.loc 1 1499 5 is_stmt 1 view .LVU147
 466              		.loc 1 1499 19 is_stmt 0 view .LVU148
 467 003e 42F40032 		orr	r2, r2, #131072
 468              	.LVL27:
 469              	.L40:
1500:Drivers/STM32H7xx_HAL_Driver/Src/stm32h7xx_hal_flash_ex.c ****   }
1501:Drivers/STM32H7xx_HAL_Driver/Src/stm32h7xx_hal_flash_ex.c **** 
1502:Drivers/STM32H7xx_HAL_Driver/Src/stm32h7xx_hal_flash_ex.c ****   if((UserType & OB_USER_IWDG_STDBY) != 0U)
 470              		.loc 1 1502 3 is_stmt 1 view .LVU149
 471              		.loc 1 1502 5 is_stmt 0 view .LVU150
 472 0042 10F0100F 		tst	r0, #16
 473 0046 05D0     		beq	.L41
1503:Drivers/STM32H7xx_HAL_Driver/Src/stm32h7xx_hal_flash_ex.c ****   {
1504:Drivers/STM32H7xx_HAL_Driver/Src/stm32h7xx_hal_flash_ex.c ****     /* IWDG_STDBY option byte should be modified */
1505:Drivers/STM32H7xx_HAL_Driver/Src/stm32h7xx_hal_flash_ex.c ****     assert_param(IS_OB_USER_IWDG_STDBY(UserConfig & FLASH_OPTSR_FZ_IWDG_SDBY));
 474              		.loc 1 1505 5 is_stmt 1 view .LVU151
1506:Drivers/STM32H7xx_HAL_Driver/Src/stm32h7xx_hal_flash_ex.c **** 
1507:Drivers/STM32H7xx_HAL_Driver/Src/stm32h7xx_hal_flash_ex.c ****     /* Set value and mask for IWDG_STDBY option byte */
1508:Drivers/STM32H7xx_HAL_Driver/Src/stm32h7xx_hal_flash_ex.c ****     optr_reg_val |= (UserConfig & FLASH_OPTSR_FZ_IWDG_SDBY);
 475              		.loc 1 1508 5 view .LVU152
ARM GAS  /tmp/cck0UwGt.s 			page 36


 476              		.loc 1 1508 33 is_stmt 0 view .LVU153
 477 0048 01F4802C 		and	ip, r1, #262144
 478              		.loc 1 1508 18 view .LVU154
 479 004c 43EA0C03 		orr	r3, r3, ip
 480              	.LVL28:
1509:Drivers/STM32H7xx_HAL_Driver/Src/stm32h7xx_hal_flash_ex.c ****     optr_reg_mask |= FLASH_OPTSR_FZ_IWDG_SDBY;
 481              		.loc 1 1509 5 is_stmt 1 view .LVU155
 482              		.loc 1 1509 19 is_stmt 0 view .LVU156
 483 0050 42F48022 		orr	r2, r2, #262144
 484              	.LVL29:
 485              	.L41:
1510:Drivers/STM32H7xx_HAL_Driver/Src/stm32h7xx_hal_flash_ex.c ****   }
1511:Drivers/STM32H7xx_HAL_Driver/Src/stm32h7xx_hal_flash_ex.c **** 
1512:Drivers/STM32H7xx_HAL_Driver/Src/stm32h7xx_hal_flash_ex.c ****   if((UserType & OB_USER_ST_RAM_SIZE) != 0U)
 486              		.loc 1 1512 3 is_stmt 1 view .LVU157
 487              		.loc 1 1512 5 is_stmt 0 view .LVU158
 488 0054 10F0200F 		tst	r0, #32
 489 0058 05D0     		beq	.L42
1513:Drivers/STM32H7xx_HAL_Driver/Src/stm32h7xx_hal_flash_ex.c ****   {
1514:Drivers/STM32H7xx_HAL_Driver/Src/stm32h7xx_hal_flash_ex.c ****     /* ST_RAM_SIZE option byte should be modified */
1515:Drivers/STM32H7xx_HAL_Driver/Src/stm32h7xx_hal_flash_ex.c ****     assert_param(IS_OB_USER_ST_RAM_SIZE(UserConfig & FLASH_OPTSR_ST_RAM_SIZE));
 490              		.loc 1 1515 5 is_stmt 1 view .LVU159
1516:Drivers/STM32H7xx_HAL_Driver/Src/stm32h7xx_hal_flash_ex.c **** 
1517:Drivers/STM32H7xx_HAL_Driver/Src/stm32h7xx_hal_flash_ex.c ****     /* Set value and mask for ST_RAM_SIZE option byte */
1518:Drivers/STM32H7xx_HAL_Driver/Src/stm32h7xx_hal_flash_ex.c ****     optr_reg_val |= (UserConfig & FLASH_OPTSR_ST_RAM_SIZE);
 491              		.loc 1 1518 5 view .LVU160
 492              		.loc 1 1518 33 is_stmt 0 view .LVU161
 493 005a 01F4C01C 		and	ip, r1, #1572864
 494              		.loc 1 1518 18 view .LVU162
 495 005e 43EA0C03 		orr	r3, r3, ip
 496              	.LVL30:
1519:Drivers/STM32H7xx_HAL_Driver/Src/stm32h7xx_hal_flash_ex.c ****     optr_reg_mask |= FLASH_OPTSR_ST_RAM_SIZE;
 497              		.loc 1 1519 5 is_stmt 1 view .LVU163
 498              		.loc 1 1519 19 is_stmt 0 view .LVU164
 499 0062 42F4C012 		orr	r2, r2, #1572864
 500              	.LVL31:
 501              	.L42:
1520:Drivers/STM32H7xx_HAL_Driver/Src/stm32h7xx_hal_flash_ex.c ****   }
1521:Drivers/STM32H7xx_HAL_Driver/Src/stm32h7xx_hal_flash_ex.c **** 
1522:Drivers/STM32H7xx_HAL_Driver/Src/stm32h7xx_hal_flash_ex.c ****   if((UserType & OB_USER_SECURITY) != 0U)
 502              		.loc 1 1522 3 is_stmt 1 view .LVU165
 503              		.loc 1 1522 5 is_stmt 0 view .LVU166
 504 0066 10F0400F 		tst	r0, #64
 505 006a 05D0     		beq	.L43
1523:Drivers/STM32H7xx_HAL_Driver/Src/stm32h7xx_hal_flash_ex.c ****   {
1524:Drivers/STM32H7xx_HAL_Driver/Src/stm32h7xx_hal_flash_ex.c ****     /* SECURITY option byte should be modified */
1525:Drivers/STM32H7xx_HAL_Driver/Src/stm32h7xx_hal_flash_ex.c ****     assert_param(IS_OB_USER_SECURITY(UserConfig & FLASH_OPTSR_SECURITY));
 506              		.loc 1 1525 5 is_stmt 1 view .LVU167
1526:Drivers/STM32H7xx_HAL_Driver/Src/stm32h7xx_hal_flash_ex.c **** 
1527:Drivers/STM32H7xx_HAL_Driver/Src/stm32h7xx_hal_flash_ex.c ****     /* Set value and mask for SECURITY option byte */
1528:Drivers/STM32H7xx_HAL_Driver/Src/stm32h7xx_hal_flash_ex.c ****     optr_reg_val |= (UserConfig & FLASH_OPTSR_SECURITY);
 507              		.loc 1 1528 5 view .LVU168
 508              		.loc 1 1528 33 is_stmt 0 view .LVU169
 509 006c 01F4001C 		and	ip, r1, #2097152
 510              		.loc 1 1528 18 view .LVU170
 511 0070 43EA0C03 		orr	r3, r3, ip
 512              	.LVL32:
ARM GAS  /tmp/cck0UwGt.s 			page 37


1529:Drivers/STM32H7xx_HAL_Driver/Src/stm32h7xx_hal_flash_ex.c ****     optr_reg_mask |= FLASH_OPTSR_SECURITY;
 513              		.loc 1 1529 5 is_stmt 1 view .LVU171
 514              		.loc 1 1529 19 is_stmt 0 view .LVU172
 515 0074 42F40012 		orr	r2, r2, #2097152
 516              	.LVL33:
 517              	.L43:
1530:Drivers/STM32H7xx_HAL_Driver/Src/stm32h7xx_hal_flash_ex.c ****   }
1531:Drivers/STM32H7xx_HAL_Driver/Src/stm32h7xx_hal_flash_ex.c **** 
1532:Drivers/STM32H7xx_HAL_Driver/Src/stm32h7xx_hal_flash_ex.c **** #if defined(DUAL_CORE)
1533:Drivers/STM32H7xx_HAL_Driver/Src/stm32h7xx_hal_flash_ex.c ****   if((UserType & OB_USER_BCM4) != 0U)
1534:Drivers/STM32H7xx_HAL_Driver/Src/stm32h7xx_hal_flash_ex.c ****   {
1535:Drivers/STM32H7xx_HAL_Driver/Src/stm32h7xx_hal_flash_ex.c ****     /* BCM4 option byte should be modified */
1536:Drivers/STM32H7xx_HAL_Driver/Src/stm32h7xx_hal_flash_ex.c ****     assert_param(IS_OB_USER_BCM4(UserConfig & FLASH_OPTSR_BCM4));
1537:Drivers/STM32H7xx_HAL_Driver/Src/stm32h7xx_hal_flash_ex.c **** 
1538:Drivers/STM32H7xx_HAL_Driver/Src/stm32h7xx_hal_flash_ex.c ****     /* Set value and mask for BCM4 option byte */
1539:Drivers/STM32H7xx_HAL_Driver/Src/stm32h7xx_hal_flash_ex.c ****     optr_reg_val |= (UserConfig & FLASH_OPTSR_BCM4);
1540:Drivers/STM32H7xx_HAL_Driver/Src/stm32h7xx_hal_flash_ex.c ****     optr_reg_mask |= FLASH_OPTSR_BCM4;
1541:Drivers/STM32H7xx_HAL_Driver/Src/stm32h7xx_hal_flash_ex.c ****   }
1542:Drivers/STM32H7xx_HAL_Driver/Src/stm32h7xx_hal_flash_ex.c **** 
1543:Drivers/STM32H7xx_HAL_Driver/Src/stm32h7xx_hal_flash_ex.c ****   if((UserType & OB_USER_BCM7) != 0U)
1544:Drivers/STM32H7xx_HAL_Driver/Src/stm32h7xx_hal_flash_ex.c ****   {
1545:Drivers/STM32H7xx_HAL_Driver/Src/stm32h7xx_hal_flash_ex.c ****     /* BCM7 option byte should be modified */
1546:Drivers/STM32H7xx_HAL_Driver/Src/stm32h7xx_hal_flash_ex.c ****     assert_param(IS_OB_USER_BCM7(UserConfig & FLASH_OPTSR_BCM7));
1547:Drivers/STM32H7xx_HAL_Driver/Src/stm32h7xx_hal_flash_ex.c **** 
1548:Drivers/STM32H7xx_HAL_Driver/Src/stm32h7xx_hal_flash_ex.c ****     /* Set value and mask for BCM7 option byte */
1549:Drivers/STM32H7xx_HAL_Driver/Src/stm32h7xx_hal_flash_ex.c ****     optr_reg_val |= (UserConfig & FLASH_OPTSR_BCM7);
1550:Drivers/STM32H7xx_HAL_Driver/Src/stm32h7xx_hal_flash_ex.c ****     optr_reg_mask |= FLASH_OPTSR_BCM7;
1551:Drivers/STM32H7xx_HAL_Driver/Src/stm32h7xx_hal_flash_ex.c ****   }
1552:Drivers/STM32H7xx_HAL_Driver/Src/stm32h7xx_hal_flash_ex.c **** #endif /* DUAL_CORE */
1553:Drivers/STM32H7xx_HAL_Driver/Src/stm32h7xx_hal_flash_ex.c **** 
1554:Drivers/STM32H7xx_HAL_Driver/Src/stm32h7xx_hal_flash_ex.c **** #if defined (FLASH_OPTSR_NRST_STOP_D2)
1555:Drivers/STM32H7xx_HAL_Driver/Src/stm32h7xx_hal_flash_ex.c ****   if((UserType & OB_USER_NRST_STOP_D2) != 0U)
1556:Drivers/STM32H7xx_HAL_Driver/Src/stm32h7xx_hal_flash_ex.c ****   {
1557:Drivers/STM32H7xx_HAL_Driver/Src/stm32h7xx_hal_flash_ex.c ****     /* NRST_STOP option byte should be modified */
1558:Drivers/STM32H7xx_HAL_Driver/Src/stm32h7xx_hal_flash_ex.c ****     assert_param(IS_OB_STOP_D2_RESET(UserConfig & FLASH_OPTSR_NRST_STOP_D2));
1559:Drivers/STM32H7xx_HAL_Driver/Src/stm32h7xx_hal_flash_ex.c **** 
1560:Drivers/STM32H7xx_HAL_Driver/Src/stm32h7xx_hal_flash_ex.c ****     /* Set value and mask for NRST_STOP option byte */
1561:Drivers/STM32H7xx_HAL_Driver/Src/stm32h7xx_hal_flash_ex.c ****     optr_reg_val |= (UserConfig & FLASH_OPTSR_NRST_STOP_D2);
1562:Drivers/STM32H7xx_HAL_Driver/Src/stm32h7xx_hal_flash_ex.c ****     optr_reg_mask |= FLASH_OPTSR_NRST_STOP_D2;
1563:Drivers/STM32H7xx_HAL_Driver/Src/stm32h7xx_hal_flash_ex.c ****   }
1564:Drivers/STM32H7xx_HAL_Driver/Src/stm32h7xx_hal_flash_ex.c **** 
1565:Drivers/STM32H7xx_HAL_Driver/Src/stm32h7xx_hal_flash_ex.c ****   if((UserType & OB_USER_NRST_STDBY_D2) != 0U)
1566:Drivers/STM32H7xx_HAL_Driver/Src/stm32h7xx_hal_flash_ex.c ****   {
1567:Drivers/STM32H7xx_HAL_Driver/Src/stm32h7xx_hal_flash_ex.c ****     /* NRST_STDBY option byte should be modified */
1568:Drivers/STM32H7xx_HAL_Driver/Src/stm32h7xx_hal_flash_ex.c ****     assert_param(IS_OB_STDBY_D2_RESET(UserConfig & FLASH_OPTSR_NRST_STBY_D2));
1569:Drivers/STM32H7xx_HAL_Driver/Src/stm32h7xx_hal_flash_ex.c **** 
1570:Drivers/STM32H7xx_HAL_Driver/Src/stm32h7xx_hal_flash_ex.c ****     /* Set value and mask for NRST_STDBY option byte */
1571:Drivers/STM32H7xx_HAL_Driver/Src/stm32h7xx_hal_flash_ex.c ****     optr_reg_val |= (UserConfig & FLASH_OPTSR_NRST_STBY_D2);
1572:Drivers/STM32H7xx_HAL_Driver/Src/stm32h7xx_hal_flash_ex.c ****     optr_reg_mask |= FLASH_OPTSR_NRST_STBY_D2;
1573:Drivers/STM32H7xx_HAL_Driver/Src/stm32h7xx_hal_flash_ex.c ****   }
1574:Drivers/STM32H7xx_HAL_Driver/Src/stm32h7xx_hal_flash_ex.c **** #endif /* FLASH_OPTSR_NRST_STOP_D2 */
1575:Drivers/STM32H7xx_HAL_Driver/Src/stm32h7xx_hal_flash_ex.c **** 
1576:Drivers/STM32H7xx_HAL_Driver/Src/stm32h7xx_hal_flash_ex.c **** #if defined (DUAL_BANK)
1577:Drivers/STM32H7xx_HAL_Driver/Src/stm32h7xx_hal_flash_ex.c ****   if((UserType & OB_USER_SWAP_BANK) != 0U)
 518              		.loc 1 1577 3 is_stmt 1 view .LVU173
 519              		.loc 1 1577 5 is_stmt 0 view .LVU174
 520 0078 10F4807F 		tst	r0, #256
ARM GAS  /tmp/cck0UwGt.s 			page 38


 521 007c 05D0     		beq	.L44
1578:Drivers/STM32H7xx_HAL_Driver/Src/stm32h7xx_hal_flash_ex.c ****   {
1579:Drivers/STM32H7xx_HAL_Driver/Src/stm32h7xx_hal_flash_ex.c ****     /* SWAP_BANK_OPT option byte should be modified */
1580:Drivers/STM32H7xx_HAL_Driver/Src/stm32h7xx_hal_flash_ex.c ****     assert_param(IS_OB_USER_SWAP_BANK(UserConfig & FLASH_OPTSR_SWAP_BANK_OPT));
 522              		.loc 1 1580 5 is_stmt 1 view .LVU175
1581:Drivers/STM32H7xx_HAL_Driver/Src/stm32h7xx_hal_flash_ex.c **** 
1582:Drivers/STM32H7xx_HAL_Driver/Src/stm32h7xx_hal_flash_ex.c ****     /* Set value and mask for SWAP_BANK_OPT option byte */
1583:Drivers/STM32H7xx_HAL_Driver/Src/stm32h7xx_hal_flash_ex.c ****     optr_reg_val |= (UserConfig & FLASH_OPTSR_SWAP_BANK_OPT);
 523              		.loc 1 1583 5 view .LVU176
 524              		.loc 1 1583 33 is_stmt 0 view .LVU177
 525 007e 01F0004C 		and	ip, r1, #-2147483648
 526              		.loc 1 1583 18 view .LVU178
 527 0082 43EA0C03 		orr	r3, r3, ip
 528              	.LVL34:
1584:Drivers/STM32H7xx_HAL_Driver/Src/stm32h7xx_hal_flash_ex.c ****     optr_reg_mask |= FLASH_OPTSR_SWAP_BANK_OPT;
 529              		.loc 1 1584 5 is_stmt 1 view .LVU179
 530              		.loc 1 1584 19 is_stmt 0 view .LVU180
 531 0086 42F00042 		orr	r2, r2, #-2147483648
 532              	.LVL35:
 533              	.L44:
1585:Drivers/STM32H7xx_HAL_Driver/Src/stm32h7xx_hal_flash_ex.c ****   }
1586:Drivers/STM32H7xx_HAL_Driver/Src/stm32h7xx_hal_flash_ex.c **** #endif /* DUAL_BANK */
1587:Drivers/STM32H7xx_HAL_Driver/Src/stm32h7xx_hal_flash_ex.c **** 
1588:Drivers/STM32H7xx_HAL_Driver/Src/stm32h7xx_hal_flash_ex.c ****   if((UserType & OB_USER_IOHSLV) != 0U)
 534              		.loc 1 1588 3 is_stmt 1 view .LVU181
 535              		.loc 1 1588 5 is_stmt 0 view .LVU182
 536 008a 10F0800F 		tst	r0, #128
 537 008e 04D0     		beq	.L45
1589:Drivers/STM32H7xx_HAL_Driver/Src/stm32h7xx_hal_flash_ex.c ****   {
1590:Drivers/STM32H7xx_HAL_Driver/Src/stm32h7xx_hal_flash_ex.c ****     /* IOHSLV_OPT option byte should be modified */
1591:Drivers/STM32H7xx_HAL_Driver/Src/stm32h7xx_hal_flash_ex.c ****     assert_param(IS_OB_USER_IOHSLV(UserConfig & FLASH_OPTSR_IO_HSLV));
 538              		.loc 1 1591 5 is_stmt 1 view .LVU183
1592:Drivers/STM32H7xx_HAL_Driver/Src/stm32h7xx_hal_flash_ex.c **** 
1593:Drivers/STM32H7xx_HAL_Driver/Src/stm32h7xx_hal_flash_ex.c ****     /* Set value and mask for IOHSLV_OPT option byte */
1594:Drivers/STM32H7xx_HAL_Driver/Src/stm32h7xx_hal_flash_ex.c ****     optr_reg_val |= (UserConfig & FLASH_OPTSR_IO_HSLV);
 539              		.loc 1 1594 5 view .LVU184
 540              		.loc 1 1594 33 is_stmt 0 view .LVU185
 541 0090 01F00051 		and	r1, r1, #536870912
 542              	.LVL36:
 543              		.loc 1 1594 18 view .LVU186
 544 0094 0B43     		orrs	r3, r3, r1
 545              	.LVL37:
1595:Drivers/STM32H7xx_HAL_Driver/Src/stm32h7xx_hal_flash_ex.c ****     optr_reg_mask |= FLASH_OPTSR_IO_HSLV;
 546              		.loc 1 1595 5 is_stmt 1 view .LVU187
 547              		.loc 1 1595 19 is_stmt 0 view .LVU188
 548 0096 42F00052 		orr	r2, r2, #536870912
 549              	.LVL38:
 550              	.L45:
1596:Drivers/STM32H7xx_HAL_Driver/Src/stm32h7xx_hal_flash_ex.c ****   }
1597:Drivers/STM32H7xx_HAL_Driver/Src/stm32h7xx_hal_flash_ex.c **** 
1598:Drivers/STM32H7xx_HAL_Driver/Src/stm32h7xx_hal_flash_ex.c **** #if defined (FLASH_OPTSR_VDDMMC_HSLV)
1599:Drivers/STM32H7xx_HAL_Driver/Src/stm32h7xx_hal_flash_ex.c ****   if((UserType & OB_USER_VDDMMC_HSLV) != 0U)
1600:Drivers/STM32H7xx_HAL_Driver/Src/stm32h7xx_hal_flash_ex.c ****   {
1601:Drivers/STM32H7xx_HAL_Driver/Src/stm32h7xx_hal_flash_ex.c ****     /* VDDMMC_HSLV option byte should be modified */
1602:Drivers/STM32H7xx_HAL_Driver/Src/stm32h7xx_hal_flash_ex.c ****     assert_param(IS_OB_USER_VDDMMC_HSLV(UserConfig & FLASH_OPTSR_VDDMMC_HSLV));
1603:Drivers/STM32H7xx_HAL_Driver/Src/stm32h7xx_hal_flash_ex.c **** 
1604:Drivers/STM32H7xx_HAL_Driver/Src/stm32h7xx_hal_flash_ex.c ****     /* Set value and mask for VDDMMC_HSLV option byte */
ARM GAS  /tmp/cck0UwGt.s 			page 39


1605:Drivers/STM32H7xx_HAL_Driver/Src/stm32h7xx_hal_flash_ex.c ****     optr_reg_val |= (UserConfig & FLASH_OPTSR_VDDMMC_HSLV);
1606:Drivers/STM32H7xx_HAL_Driver/Src/stm32h7xx_hal_flash_ex.c ****     optr_reg_mask |= FLASH_OPTSR_VDDMMC_HSLV;
1607:Drivers/STM32H7xx_HAL_Driver/Src/stm32h7xx_hal_flash_ex.c ****   }
1608:Drivers/STM32H7xx_HAL_Driver/Src/stm32h7xx_hal_flash_ex.c **** #endif /* FLASH_OPTSR_VDDMMC_HSLV */
1609:Drivers/STM32H7xx_HAL_Driver/Src/stm32h7xx_hal_flash_ex.c **** 
1610:Drivers/STM32H7xx_HAL_Driver/Src/stm32h7xx_hal_flash_ex.c ****   /* Configure the option bytes register */
1611:Drivers/STM32H7xx_HAL_Driver/Src/stm32h7xx_hal_flash_ex.c ****   MODIFY_REG(FLASH->OPTSR_PRG, optr_reg_mask, optr_reg_val);
 551              		.loc 1 1611 3 is_stmt 1 view .LVU189
 552 009a 0448     		ldr	r0, .L47
 553              	.LVL39:
 554              		.loc 1 1611 3 is_stmt 0 view .LVU190
 555 009c 016A     		ldr	r1, [r0, #32]
 556 009e 21EA0202 		bic	r2, r1, r2
 557              	.LVL40:
 558              		.loc 1 1611 3 view .LVU191
 559 00a2 1343     		orrs	r3, r3, r2
 560              	.LVL41:
 561              		.loc 1 1611 3 view .LVU192
 562 00a4 0362     		str	r3, [r0, #32]
1612:Drivers/STM32H7xx_HAL_Driver/Src/stm32h7xx_hal_flash_ex.c **** }
 563              		.loc 1 1612 1 view .LVU193
 564 00a6 7047     		bx	lr
 565              	.LVL42:
 566              	.L46:
1447:Drivers/STM32H7xx_HAL_Driver/Src/stm32h7xx_hal_flash_ex.c **** 
 567              		.loc 1 1447 12 view .LVU194
 568 00a8 1A46     		mov	r2, r3
 569 00aa AFE7     		b	.L37
 570              	.L48:
 571              		.align	2
 572              	.L47:
 573 00ac 00200052 		.word	1375739904
 574              		.cfi_endproc
 575              	.LFE162:
 577              		.section	.text.FLASH_OB_GetUser,"ax",%progbits
 578              		.align	1
 579              		.syntax unified
 580              		.thumb
 581              		.thumb_func
 583              	FLASH_OB_GetUser:
 584              	.LFB163:
1613:Drivers/STM32H7xx_HAL_Driver/Src/stm32h7xx_hal_flash_ex.c **** 
1614:Drivers/STM32H7xx_HAL_Driver/Src/stm32h7xx_hal_flash_ex.c **** #if defined(DUAL_CORE)
1615:Drivers/STM32H7xx_HAL_Driver/Src/stm32h7xx_hal_flash_ex.c **** /**
1616:Drivers/STM32H7xx_HAL_Driver/Src/stm32h7xx_hal_flash_ex.c ****   * @brief  Return the FLASH User Option Byte value.
1617:Drivers/STM32H7xx_HAL_Driver/Src/stm32h7xx_hal_flash_ex.c ****   * @retval The FLASH User Option Bytes values
1618:Drivers/STM32H7xx_HAL_Driver/Src/stm32h7xx_hal_flash_ex.c ****   *         IWDG1_SW(Bit4), IWDG2_SW(Bit 5), nRST_STOP_D1(Bit 6), nRST_STDY_D1(Bit 7),
1619:Drivers/STM32H7xx_HAL_Driver/Src/stm32h7xx_hal_flash_ex.c ****   *         FZ_IWDG_STOP(Bit 17), FZ_IWDG_SDBY(Bit 18), ST_RAM_SIZE(Bit[19:20]),
1620:Drivers/STM32H7xx_HAL_Driver/Src/stm32h7xx_hal_flash_ex.c ****   *         SECURITY(Bit 21), BCM4(Bit 22), BCM7(Bit 23), nRST_STOP_D2(Bit 24),
1621:Drivers/STM32H7xx_HAL_Driver/Src/stm32h7xx_hal_flash_ex.c ****   *         nRST_STDY_D2(Bit 25), IO_HSLV (Bit 29) and SWAP_BANK_OPT(Bit 31).
1622:Drivers/STM32H7xx_HAL_Driver/Src/stm32h7xx_hal_flash_ex.c ****   */
1623:Drivers/STM32H7xx_HAL_Driver/Src/stm32h7xx_hal_flash_ex.c **** #else
1624:Drivers/STM32H7xx_HAL_Driver/Src/stm32h7xx_hal_flash_ex.c **** /**
1625:Drivers/STM32H7xx_HAL_Driver/Src/stm32h7xx_hal_flash_ex.c ****   * @brief  Return the FLASH User Option Byte value.
1626:Drivers/STM32H7xx_HAL_Driver/Src/stm32h7xx_hal_flash_ex.c ****   * @retval The FLASH User Option Bytes values
1627:Drivers/STM32H7xx_HAL_Driver/Src/stm32h7xx_hal_flash_ex.c ****   *         IWDG_SW(Bit4), nRST_STOP_D1(Bit 6), nRST_STDY_D1(Bit 7),
1628:Drivers/STM32H7xx_HAL_Driver/Src/stm32h7xx_hal_flash_ex.c ****   *         FZ_IWDG_STOP(Bit 17), FZ_IWDG_SDBY(Bit 18), ST_RAM_SIZE(Bit[19:20]),
ARM GAS  /tmp/cck0UwGt.s 			page 40


1629:Drivers/STM32H7xx_HAL_Driver/Src/stm32h7xx_hal_flash_ex.c ****   *         SECURITY(Bit 21), IO_HSLV (Bit 29) and SWAP_BANK_OPT(Bit 31).
1630:Drivers/STM32H7xx_HAL_Driver/Src/stm32h7xx_hal_flash_ex.c ****   */
1631:Drivers/STM32H7xx_HAL_Driver/Src/stm32h7xx_hal_flash_ex.c **** #endif /*DUAL_CORE*/
1632:Drivers/STM32H7xx_HAL_Driver/Src/stm32h7xx_hal_flash_ex.c **** static uint32_t FLASH_OB_GetUser(void)
1633:Drivers/STM32H7xx_HAL_Driver/Src/stm32h7xx_hal_flash_ex.c **** {
 585              		.loc 1 1633 1 is_stmt 1 view -0
 586              		.cfi_startproc
 587              		@ args = 0, pretend = 0, frame = 0
 588              		@ frame_needed = 0, uses_anonymous_args = 0
 589              		@ link register save eliminated.
1634:Drivers/STM32H7xx_HAL_Driver/Src/stm32h7xx_hal_flash_ex.c ****   uint32_t userConfig = READ_REG(FLASH->OPTSR_CUR);
 590              		.loc 1 1634 3 view .LVU196
 591              		.loc 1 1634 12 is_stmt 0 view .LVU197
 592 0000 024B     		ldr	r3, .L50
 593 0002 DB69     		ldr	r3, [r3, #28]
 594              	.LVL43:
1635:Drivers/STM32H7xx_HAL_Driver/Src/stm32h7xx_hal_flash_ex.c ****   userConfig &= (~(FLASH_OPTSR_BOR_LEV | FLASH_OPTSR_RDP));
 595              		.loc 1 1635 3 is_stmt 1 view .LVU198
1636:Drivers/STM32H7xx_HAL_Driver/Src/stm32h7xx_hal_flash_ex.c **** 
1637:Drivers/STM32H7xx_HAL_Driver/Src/stm32h7xx_hal_flash_ex.c ****   return userConfig;
 596              		.loc 1 1637 3 view .LVU199
1638:Drivers/STM32H7xx_HAL_Driver/Src/stm32h7xx_hal_flash_ex.c **** }
 597              		.loc 1 1638 1 is_stmt 0 view .LVU200
 598 0004 0248     		ldr	r0, .L50+4
 599 0006 1840     		ands	r0, r0, r3
 600              	.LVL44:
 601              		.loc 1 1638 1 view .LVU201
 602 0008 7047     		bx	lr
 603              	.L51:
 604 000a 00BF     		.align	2
 605              	.L50:
 606 000c 00200052 		.word	1375739904
 607 0010 F300FFFF 		.word	-65293
 608              		.cfi_endproc
 609              	.LFE163:
 611              		.section	.text.FLASH_OB_PCROPConfig,"ax",%progbits
 612              		.align	1
 613              		.syntax unified
 614              		.thumb
 615              		.thumb_func
 617              	FLASH_OB_PCROPConfig:
 618              	.LVL45:
 619              	.LFB164:
1639:Drivers/STM32H7xx_HAL_Driver/Src/stm32h7xx_hal_flash_ex.c **** 
1640:Drivers/STM32H7xx_HAL_Driver/Src/stm32h7xx_hal_flash_ex.c **** /**
1641:Drivers/STM32H7xx_HAL_Driver/Src/stm32h7xx_hal_flash_ex.c ****   * @brief  Configure the Proprietary code readout protection of the desired addresses
1642:Drivers/STM32H7xx_HAL_Driver/Src/stm32h7xx_hal_flash_ex.c ****   *
1643:Drivers/STM32H7xx_HAL_Driver/Src/stm32h7xx_hal_flash_ex.c ****   * @note   To configure the PCROP options, the option lock bit OPTLOCK must be
1644:Drivers/STM32H7xx_HAL_Driver/Src/stm32h7xx_hal_flash_ex.c ****   *         cleared with the call of the HAL_FLASH_OB_Unlock() function.
1645:Drivers/STM32H7xx_HAL_Driver/Src/stm32h7xx_hal_flash_ex.c ****   * @note   To validate the PCROP options, the option bytes must be reloaded
1646:Drivers/STM32H7xx_HAL_Driver/Src/stm32h7xx_hal_flash_ex.c ****   *         through the call of the HAL_FLASH_OB_Launch() function.
1647:Drivers/STM32H7xx_HAL_Driver/Src/stm32h7xx_hal_flash_ex.c ****   *
1648:Drivers/STM32H7xx_HAL_Driver/Src/stm32h7xx_hal_flash_ex.c ****   * @param  PCROPConfig specifies if the PCROP area for the given Bank shall be erased or not
1649:Drivers/STM32H7xx_HAL_Driver/Src/stm32h7xx_hal_flash_ex.c ****   *         when RDP level decreased from Level 1 to Level 0, or after a bank erase with protection
1650:Drivers/STM32H7xx_HAL_Driver/Src/stm32h7xx_hal_flash_ex.c ****   *         This parameter must be a value of @arg FLASHEx_OB_PCROP_RDP enumeration
1651:Drivers/STM32H7xx_HAL_Driver/Src/stm32h7xx_hal_flash_ex.c ****   *
1652:Drivers/STM32H7xx_HAL_Driver/Src/stm32h7xx_hal_flash_ex.c ****   * @param  PCROPStartAddr specifies the start address of the Proprietary code readout protection
ARM GAS  /tmp/cck0UwGt.s 			page 41


1653:Drivers/STM32H7xx_HAL_Driver/Src/stm32h7xx_hal_flash_ex.c ****   *          This parameter can be an address between begin and end of the bank
1654:Drivers/STM32H7xx_HAL_Driver/Src/stm32h7xx_hal_flash_ex.c ****   *
1655:Drivers/STM32H7xx_HAL_Driver/Src/stm32h7xx_hal_flash_ex.c ****   * @param  PCROPEndAddr specifies the end address of the Proprietary code readout protection
1656:Drivers/STM32H7xx_HAL_Driver/Src/stm32h7xx_hal_flash_ex.c ****   *          This parameter can be an address between PCROPStartAddr and end of the bank
1657:Drivers/STM32H7xx_HAL_Driver/Src/stm32h7xx_hal_flash_ex.c ****   *
1658:Drivers/STM32H7xx_HAL_Driver/Src/stm32h7xx_hal_flash_ex.c ****   * @param  Banks the specific bank to apply PCROP protection
1659:Drivers/STM32H7xx_HAL_Driver/Src/stm32h7xx_hal_flash_ex.c ****   *          This parameter can be one of the following values:
1660:Drivers/STM32H7xx_HAL_Driver/Src/stm32h7xx_hal_flash_ex.c ****   *            @arg FLASH_BANK_1: PCROP on specified bank1 area
1661:Drivers/STM32H7xx_HAL_Driver/Src/stm32h7xx_hal_flash_ex.c ****   *            @arg FLASH_BANK_2: PCROP on specified bank2 area
1662:Drivers/STM32H7xx_HAL_Driver/Src/stm32h7xx_hal_flash_ex.c ****   *            @arg FLASH_BANK_BOTH: PCROP on specified bank1 and bank2 area (same config will be a
1663:Drivers/STM32H7xx_HAL_Driver/Src/stm32h7xx_hal_flash_ex.c ****   *
1664:Drivers/STM32H7xx_HAL_Driver/Src/stm32h7xx_hal_flash_ex.c ****   * @retval None
1665:Drivers/STM32H7xx_HAL_Driver/Src/stm32h7xx_hal_flash_ex.c ****   */
1666:Drivers/STM32H7xx_HAL_Driver/Src/stm32h7xx_hal_flash_ex.c **** static void FLASH_OB_PCROPConfig(uint32_t PCROPConfig, uint32_t PCROPStartAddr, uint32_t PCROPEndAd
1667:Drivers/STM32H7xx_HAL_Driver/Src/stm32h7xx_hal_flash_ex.c **** {
 620              		.loc 1 1667 1 is_stmt 1 view -0
 621              		.cfi_startproc
 622              		@ args = 0, pretend = 0, frame = 0
 623              		@ frame_needed = 0, uses_anonymous_args = 0
 624              		@ link register save eliminated.
 625              		.loc 1 1667 1 is_stmt 0 view .LVU203
 626 0000 30B4     		push	{r4, r5}
 627              	.LCFI0:
 628              		.cfi_def_cfa_offset 8
 629              		.cfi_offset 4, -8
 630              		.cfi_offset 5, -4
1668:Drivers/STM32H7xx_HAL_Driver/Src/stm32h7xx_hal_flash_ex.c ****   /* Check the parameters */
1669:Drivers/STM32H7xx_HAL_Driver/Src/stm32h7xx_hal_flash_ex.c ****   assert_param(IS_FLASH_BANK(Banks));
 631              		.loc 1 1669 3 is_stmt 1 view .LVU204
1670:Drivers/STM32H7xx_HAL_Driver/Src/stm32h7xx_hal_flash_ex.c ****   assert_param(IS_OB_PCROP_RDP(PCROPConfig));
 632              		.loc 1 1670 3 view .LVU205
1671:Drivers/STM32H7xx_HAL_Driver/Src/stm32h7xx_hal_flash_ex.c **** 
1672:Drivers/STM32H7xx_HAL_Driver/Src/stm32h7xx_hal_flash_ex.c ****   if((Banks & FLASH_BANK_1) == FLASH_BANK_1)
 633              		.loc 1 1672 3 view .LVU206
 634              		.loc 1 1672 5 is_stmt 0 view .LVU207
 635 0002 13F0010F 		tst	r3, #1
 636 0006 0AD0     		beq	.L53
1673:Drivers/STM32H7xx_HAL_Driver/Src/stm32h7xx_hal_flash_ex.c ****   {
1674:Drivers/STM32H7xx_HAL_Driver/Src/stm32h7xx_hal_flash_ex.c ****     assert_param(IS_FLASH_PROGRAM_ADDRESS_BANK1(PCROPStartAddr));
 637              		.loc 1 1674 5 is_stmt 1 view .LVU208
1675:Drivers/STM32H7xx_HAL_Driver/Src/stm32h7xx_hal_flash_ex.c ****     assert_param(IS_FLASH_PROGRAM_ADDRESS_BANK1(PCROPEndAddr));
 638              		.loc 1 1675 5 view .LVU209
1676:Drivers/STM32H7xx_HAL_Driver/Src/stm32h7xx_hal_flash_ex.c **** 
1677:Drivers/STM32H7xx_HAL_Driver/Src/stm32h7xx_hal_flash_ex.c ****     /* Configure the Proprietary code readout protection */
1678:Drivers/STM32H7xx_HAL_Driver/Src/stm32h7xx_hal_flash_ex.c ****     FLASH->PRAR_PRG1 = ((PCROPStartAddr - FLASH_BANK1_BASE) >> 8)                                 |
 639              		.loc 1 1678 5 view .LVU210
 640              		.loc 1 1678 41 is_stmt 0 view .LVU211
 641 0008 01F1784C 		add	ip, r1, #-134217728
1679:Drivers/STM32H7xx_HAL_Driver/Src/stm32h7xx_hal_flash_ex.c ****                        (((PCROPEndAddr - FLASH_BANK1_BASE) >> 8) << FLASH_PRAR_PROT_AREA_END_Pos) |
 642              		.loc 1 1679 40 view .LVU212
 643 000c 02F17844 		add	r4, r2, #-134217728
 644              		.loc 1 1679 60 view .LVU213
 645 0010 240A     		lsrs	r4, r4, #8
 646              		.loc 1 1679 66 view .LVU214
 647 0012 2404     		lsls	r4, r4, #16
1678:Drivers/STM32H7xx_HAL_Driver/Src/stm32h7xx_hal_flash_ex.c ****                        (((PCROPEndAddr - FLASH_BANK1_BASE) >> 8) << FLASH_PRAR_PROT_AREA_END_Pos) |
 648              		.loc 1 1678 99 view .LVU215
ARM GAS  /tmp/cck0UwGt.s 			page 42


 649 0014 44EA1C24 		orr	r4, r4, ip, lsr #8
 650              		.loc 1 1679 99 view .LVU216
 651 0018 0443     		orrs	r4, r4, r0
1678:Drivers/STM32H7xx_HAL_Driver/Src/stm32h7xx_hal_flash_ex.c ****                        (((PCROPEndAddr - FLASH_BANK1_BASE) >> 8) << FLASH_PRAR_PROT_AREA_END_Pos) |
 652              		.loc 1 1678 22 view .LVU217
 653 001a 094D     		ldr	r5, .L56
 654 001c EC62     		str	r4, [r5, #44]
 655              	.L53:
1680:Drivers/STM32H7xx_HAL_Driver/Src/stm32h7xx_hal_flash_ex.c ****                        PCROPConfig;
1681:Drivers/STM32H7xx_HAL_Driver/Src/stm32h7xx_hal_flash_ex.c ****   }
1682:Drivers/STM32H7xx_HAL_Driver/Src/stm32h7xx_hal_flash_ex.c **** 
1683:Drivers/STM32H7xx_HAL_Driver/Src/stm32h7xx_hal_flash_ex.c **** #if defined (DUAL_BANK)
1684:Drivers/STM32H7xx_HAL_Driver/Src/stm32h7xx_hal_flash_ex.c ****   if((Banks & FLASH_BANK_2) == FLASH_BANK_2)
 656              		.loc 1 1684 3 is_stmt 1 view .LVU218
 657              		.loc 1 1684 5 is_stmt 0 view .LVU219
 658 001e 13F0020F 		tst	r3, #2
 659 0022 0BD0     		beq	.L52
1685:Drivers/STM32H7xx_HAL_Driver/Src/stm32h7xx_hal_flash_ex.c ****   {
1686:Drivers/STM32H7xx_HAL_Driver/Src/stm32h7xx_hal_flash_ex.c ****     assert_param(IS_FLASH_PROGRAM_ADDRESS_BANK2(PCROPStartAddr));
 660              		.loc 1 1686 5 is_stmt 1 view .LVU220
1687:Drivers/STM32H7xx_HAL_Driver/Src/stm32h7xx_hal_flash_ex.c ****     assert_param(IS_FLASH_PROGRAM_ADDRESS_BANK2(PCROPEndAddr));
 661              		.loc 1 1687 5 view .LVU221
1688:Drivers/STM32H7xx_HAL_Driver/Src/stm32h7xx_hal_flash_ex.c **** 
1689:Drivers/STM32H7xx_HAL_Driver/Src/stm32h7xx_hal_flash_ex.c ****     /* Configure the Proprietary code readout protection */
1690:Drivers/STM32H7xx_HAL_Driver/Src/stm32h7xx_hal_flash_ex.c ****     FLASH->PRAR_PRG2 = ((PCROPStartAddr - FLASH_BANK2_BASE) >> 8)                                 |
 662              		.loc 1 1690 5 view .LVU222
 663              		.loc 1 1690 41 is_stmt 0 view .LVU223
 664 0024 A1F10161 		sub	r1, r1, #135266304
 665              	.LVL46:
1691:Drivers/STM32H7xx_HAL_Driver/Src/stm32h7xx_hal_flash_ex.c ****                        (((PCROPEndAddr - FLASH_BANK2_BASE) >> 8) << FLASH_PRAR_PROT_AREA_END_Pos) |
 666              		.loc 1 1691 40 view .LVU224
 667 0028 A2F10162 		sub	r2, r2, #135266304
 668              	.LVL47:
 669              		.loc 1 1691 60 view .LVU225
 670 002c 120A     		lsrs	r2, r2, #8
 671              	.LVL48:
 672              		.loc 1 1691 66 view .LVU226
 673 002e 1204     		lsls	r2, r2, #16
1690:Drivers/STM32H7xx_HAL_Driver/Src/stm32h7xx_hal_flash_ex.c ****                        (((PCROPEndAddr - FLASH_BANK2_BASE) >> 8) << FLASH_PRAR_PROT_AREA_END_Pos) |
 674              		.loc 1 1690 99 view .LVU227
 675 0030 42EA1121 		orr	r1, r2, r1, lsr #8
 676              	.LVL49:
 677              		.loc 1 1691 99 view .LVU228
 678 0034 0843     		orrs	r0, r0, r1
 679              	.LVL50:
1690:Drivers/STM32H7xx_HAL_Driver/Src/stm32h7xx_hal_flash_ex.c ****                        (((PCROPEndAddr - FLASH_BANK2_BASE) >> 8) << FLASH_PRAR_PROT_AREA_END_Pos) |
 680              		.loc 1 1690 22 view .LVU229
 681 0036 024B     		ldr	r3, .L56
 682              	.LVL51:
1690:Drivers/STM32H7xx_HAL_Driver/Src/stm32h7xx_hal_flash_ex.c ****                        (((PCROPEndAddr - FLASH_BANK2_BASE) >> 8) << FLASH_PRAR_PROT_AREA_END_Pos) |
 683              		.loc 1 1690 22 view .LVU230
 684 0038 C3F82C01 		str	r0, [r3, #300]
 685              	.L52:
1692:Drivers/STM32H7xx_HAL_Driver/Src/stm32h7xx_hal_flash_ex.c ****                        PCROPConfig;
1693:Drivers/STM32H7xx_HAL_Driver/Src/stm32h7xx_hal_flash_ex.c ****   }
1694:Drivers/STM32H7xx_HAL_Driver/Src/stm32h7xx_hal_flash_ex.c **** #endif /* DUAL_BANK */
1695:Drivers/STM32H7xx_HAL_Driver/Src/stm32h7xx_hal_flash_ex.c **** }
ARM GAS  /tmp/cck0UwGt.s 			page 43


 686              		.loc 1 1695 1 view .LVU231
 687 003c 30BC     		pop	{r4, r5}
 688              	.LCFI1:
 689              		.cfi_restore 5
 690              		.cfi_restore 4
 691              		.cfi_def_cfa_offset 0
 692 003e 7047     		bx	lr
 693              	.L57:
 694              		.align	2
 695              	.L56:
 696 0040 00200052 		.word	1375739904
 697              		.cfi_endproc
 698              	.LFE164:
 700              		.section	.text.FLASH_OB_GetPCROP,"ax",%progbits
 701              		.align	1
 702              		.syntax unified
 703              		.thumb
 704              		.thumb_func
 706              	FLASH_OB_GetPCROP:
 707              	.LVL52:
 708              	.LFB165:
1696:Drivers/STM32H7xx_HAL_Driver/Src/stm32h7xx_hal_flash_ex.c **** 
1697:Drivers/STM32H7xx_HAL_Driver/Src/stm32h7xx_hal_flash_ex.c **** /**
1698:Drivers/STM32H7xx_HAL_Driver/Src/stm32h7xx_hal_flash_ex.c ****   * @brief  Get the Proprietary code readout protection configuration on a given Bank
1699:Drivers/STM32H7xx_HAL_Driver/Src/stm32h7xx_hal_flash_ex.c ****   *
1700:Drivers/STM32H7xx_HAL_Driver/Src/stm32h7xx_hal_flash_ex.c ****   * @param  PCROPConfig indicates if the PCROP area for the given Bank shall be erased or not
1701:Drivers/STM32H7xx_HAL_Driver/Src/stm32h7xx_hal_flash_ex.c ****   *         when RDP level decreased from Level 1 to Level 0 or after a bank erase with protection 
1702:Drivers/STM32H7xx_HAL_Driver/Src/stm32h7xx_hal_flash_ex.c ****   *
1703:Drivers/STM32H7xx_HAL_Driver/Src/stm32h7xx_hal_flash_ex.c ****   * @param  PCROPStartAddr gives the start address of the Proprietary code readout protection of th
1704:Drivers/STM32H7xx_HAL_Driver/Src/stm32h7xx_hal_flash_ex.c ****   *
1705:Drivers/STM32H7xx_HAL_Driver/Src/stm32h7xx_hal_flash_ex.c ****   * @param  PCROPEndAddr gives the end address of the Proprietary code readout protection of the ba
1706:Drivers/STM32H7xx_HAL_Driver/Src/stm32h7xx_hal_flash_ex.c ****   *
1707:Drivers/STM32H7xx_HAL_Driver/Src/stm32h7xx_hal_flash_ex.c ****   * @param  Bank the specific bank to apply PCROP protection
1708:Drivers/STM32H7xx_HAL_Driver/Src/stm32h7xx_hal_flash_ex.c ****   *          This parameter can be exclusively one of the following values:
1709:Drivers/STM32H7xx_HAL_Driver/Src/stm32h7xx_hal_flash_ex.c ****   *            @arg FLASH_BANK_1: PCROP on specified bank1 area
1710:Drivers/STM32H7xx_HAL_Driver/Src/stm32h7xx_hal_flash_ex.c ****   *            @arg FLASH_BANK_2: PCROP on specified bank2 area
1711:Drivers/STM32H7xx_HAL_Driver/Src/stm32h7xx_hal_flash_ex.c ****   *            @arg FLASH_BANK_BOTH: is  not allowed here
1712:Drivers/STM32H7xx_HAL_Driver/Src/stm32h7xx_hal_flash_ex.c ****   *
1713:Drivers/STM32H7xx_HAL_Driver/Src/stm32h7xx_hal_flash_ex.c ****   * @retval None
1714:Drivers/STM32H7xx_HAL_Driver/Src/stm32h7xx_hal_flash_ex.c ****   */
1715:Drivers/STM32H7xx_HAL_Driver/Src/stm32h7xx_hal_flash_ex.c **** static void FLASH_OB_GetPCROP(uint32_t *PCROPConfig, uint32_t *PCROPStartAddr, uint32_t *PCROPEndAd
1716:Drivers/STM32H7xx_HAL_Driver/Src/stm32h7xx_hal_flash_ex.c **** {
 709              		.loc 1 1716 1 is_stmt 1 view -0
 710              		.cfi_startproc
 711              		@ args = 0, pretend = 0, frame = 0
 712              		@ frame_needed = 0, uses_anonymous_args = 0
 713              		@ link register save eliminated.
 714              		.loc 1 1716 1 is_stmt 0 view .LVU233
 715 0000 10B4     		push	{r4}
 716              	.LCFI2:
 717              		.cfi_def_cfa_offset 4
 718              		.cfi_offset 4, -4
1717:Drivers/STM32H7xx_HAL_Driver/Src/stm32h7xx_hal_flash_ex.c ****   uint32_t regvalue = 0;
 719              		.loc 1 1717 3 is_stmt 1 view .LVU234
 720              	.LVL53:
1718:Drivers/STM32H7xx_HAL_Driver/Src/stm32h7xx_hal_flash_ex.c ****   uint32_t bankBase = 0;
 721              		.loc 1 1718 3 view .LVU235
ARM GAS  /tmp/cck0UwGt.s 			page 44


1719:Drivers/STM32H7xx_HAL_Driver/Src/stm32h7xx_hal_flash_ex.c **** 
1720:Drivers/STM32H7xx_HAL_Driver/Src/stm32h7xx_hal_flash_ex.c ****   if(Bank == FLASH_BANK_1)
 722              		.loc 1 1720 3 view .LVU236
 723              		.loc 1 1720 5 is_stmt 0 view .LVU237
 724 0002 012B     		cmp	r3, #1
 725 0004 15D0     		beq	.L63
1718:Drivers/STM32H7xx_HAL_Driver/Src/stm32h7xx_hal_flash_ex.c ****   uint32_t bankBase = 0;
 726              		.loc 1 1718 12 view .LVU238
 727 0006 4FF0000C 		mov	ip, #0
1717:Drivers/STM32H7xx_HAL_Driver/Src/stm32h7xx_hal_flash_ex.c ****   uint32_t bankBase = 0;
 728              		.loc 1 1717 12 view .LVU239
 729 000a 6446     		mov	r4, ip
 730              	.LVL54:
 731              	.L59:
1721:Drivers/STM32H7xx_HAL_Driver/Src/stm32h7xx_hal_flash_ex.c ****   {
1722:Drivers/STM32H7xx_HAL_Driver/Src/stm32h7xx_hal_flash_ex.c ****     regvalue = FLASH->PRAR_CUR1;
1723:Drivers/STM32H7xx_HAL_Driver/Src/stm32h7xx_hal_flash_ex.c ****     bankBase = FLASH_BANK1_BASE;
1724:Drivers/STM32H7xx_HAL_Driver/Src/stm32h7xx_hal_flash_ex.c ****   }
1725:Drivers/STM32H7xx_HAL_Driver/Src/stm32h7xx_hal_flash_ex.c **** 
1726:Drivers/STM32H7xx_HAL_Driver/Src/stm32h7xx_hal_flash_ex.c **** #if defined (DUAL_BANK)
1727:Drivers/STM32H7xx_HAL_Driver/Src/stm32h7xx_hal_flash_ex.c ****   if(Bank == FLASH_BANK_2)
 732              		.loc 1 1727 3 is_stmt 1 view .LVU240
 733              		.loc 1 1727 5 is_stmt 0 view .LVU241
 734 000c 022B     		cmp	r3, #2
 735 000e 15D0     		beq	.L64
 736              	.LVL55:
 737              	.L60:
1728:Drivers/STM32H7xx_HAL_Driver/Src/stm32h7xx_hal_flash_ex.c ****   {
1729:Drivers/STM32H7xx_HAL_Driver/Src/stm32h7xx_hal_flash_ex.c ****     regvalue = FLASH->PRAR_CUR2;
1730:Drivers/STM32H7xx_HAL_Driver/Src/stm32h7xx_hal_flash_ex.c ****     bankBase = FLASH_BANK2_BASE;
1731:Drivers/STM32H7xx_HAL_Driver/Src/stm32h7xx_hal_flash_ex.c ****   }
1732:Drivers/STM32H7xx_HAL_Driver/Src/stm32h7xx_hal_flash_ex.c **** #endif /* DUAL_BANK */
1733:Drivers/STM32H7xx_HAL_Driver/Src/stm32h7xx_hal_flash_ex.c **** 
1734:Drivers/STM32H7xx_HAL_Driver/Src/stm32h7xx_hal_flash_ex.c ****   (*PCROPConfig) =  (regvalue & FLASH_PRAR_DMEP);
 738              		.loc 1 1734 3 is_stmt 1 view .LVU242
 739              		.loc 1 1734 31 is_stmt 0 view .LVU243
 740 0010 04F00043 		and	r3, r4, #-2147483648
 741              		.loc 1 1734 18 view .LVU244
 742 0014 0360     		str	r3, [r0]
1735:Drivers/STM32H7xx_HAL_Driver/Src/stm32h7xx_hal_flash_ex.c **** 
1736:Drivers/STM32H7xx_HAL_Driver/Src/stm32h7xx_hal_flash_ex.c ****   (*PCROPStartAddr) = ((regvalue & FLASH_PRAR_PROT_AREA_START) << 8) + bankBase;
 743              		.loc 1 1736 3 is_stmt 1 view .LVU245
 744              		.loc 1 1736 64 is_stmt 0 view .LVU246
 745 0016 0C4B     		ldr	r3, .L65
 746 0018 03EA0423 		and	r3, r3, r4, lsl #8
 747              		.loc 1 1736 70 view .LVU247
 748 001c 6344     		add	r3, r3, ip
 749              		.loc 1 1736 21 view .LVU248
 750 001e 0B60     		str	r3, [r1]
1737:Drivers/STM32H7xx_HAL_Driver/Src/stm32h7xx_hal_flash_ex.c ****   (*PCROPEndAddr) = (regvalue & FLASH_PRAR_PROT_AREA_END) >> FLASH_PRAR_PROT_AREA_END_Pos;
 751              		.loc 1 1737 3 is_stmt 1 view .LVU249
 752              		.loc 1 1737 59 is_stmt 0 view .LVU250
 753 0020 C4F30B44 		ubfx	r4, r4, #16, #12
 754              	.LVL56:
 755              		.loc 1 1737 19 view .LVU251
 756 0024 1460     		str	r4, [r2]
1738:Drivers/STM32H7xx_HAL_Driver/Src/stm32h7xx_hal_flash_ex.c ****   (*PCROPEndAddr) = ((*PCROPEndAddr) << 8) + bankBase;
ARM GAS  /tmp/cck0UwGt.s 			page 45


 757              		.loc 1 1738 3 is_stmt 1 view .LVU252
 758              		.loc 1 1738 44 is_stmt 0 view .LVU253
 759 0026 0CEB0424 		add	r4, ip, r4, lsl #8
 760              		.loc 1 1738 19 view .LVU254
 761 002a 1460     		str	r4, [r2]
1739:Drivers/STM32H7xx_HAL_Driver/Src/stm32h7xx_hal_flash_ex.c **** }
 762              		.loc 1 1739 1 view .LVU255
 763 002c 5DF8044B 		ldr	r4, [sp], #4
 764              	.LCFI3:
 765              		.cfi_remember_state
 766              		.cfi_restore 4
 767              		.cfi_def_cfa_offset 0
 768 0030 7047     		bx	lr
 769              	.LVL57:
 770              	.L63:
 771              	.LCFI4:
 772              		.cfi_restore_state
1722:Drivers/STM32H7xx_HAL_Driver/Src/stm32h7xx_hal_flash_ex.c ****     bankBase = FLASH_BANK1_BASE;
 773              		.loc 1 1722 5 is_stmt 1 view .LVU256
1722:Drivers/STM32H7xx_HAL_Driver/Src/stm32h7xx_hal_flash_ex.c ****     bankBase = FLASH_BANK1_BASE;
 774              		.loc 1 1722 14 is_stmt 0 view .LVU257
 775 0032 064C     		ldr	r4, .L65+4
 776 0034 A46A     		ldr	r4, [r4, #40]
 777              	.LVL58:
1723:Drivers/STM32H7xx_HAL_Driver/Src/stm32h7xx_hal_flash_ex.c ****   }
 778              		.loc 1 1723 5 is_stmt 1 view .LVU258
1723:Drivers/STM32H7xx_HAL_Driver/Src/stm32h7xx_hal_flash_ex.c ****   }
 779              		.loc 1 1723 14 is_stmt 0 view .LVU259
 780 0036 4FF0006C 		mov	ip, #134217728
 781 003a E7E7     		b	.L59
 782              	.LVL59:
 783              	.L64:
1729:Drivers/STM32H7xx_HAL_Driver/Src/stm32h7xx_hal_flash_ex.c ****     bankBase = FLASH_BANK2_BASE;
 784              		.loc 1 1729 5 is_stmt 1 view .LVU260
1729:Drivers/STM32H7xx_HAL_Driver/Src/stm32h7xx_hal_flash_ex.c ****     bankBase = FLASH_BANK2_BASE;
 785              		.loc 1 1729 14 is_stmt 0 view .LVU261
 786 003c 034B     		ldr	r3, .L65+4
 787              	.LVL60:
1729:Drivers/STM32H7xx_HAL_Driver/Src/stm32h7xx_hal_flash_ex.c ****     bankBase = FLASH_BANK2_BASE;
 788              		.loc 1 1729 14 view .LVU262
 789 003e D3F82841 		ldr	r4, [r3, #296]
 790              	.LVL61:
1730:Drivers/STM32H7xx_HAL_Driver/Src/stm32h7xx_hal_flash_ex.c ****   }
 791              		.loc 1 1730 5 is_stmt 1 view .LVU263
1730:Drivers/STM32H7xx_HAL_Driver/Src/stm32h7xx_hal_flash_ex.c ****   }
 792              		.loc 1 1730 14 is_stmt 0 view .LVU264
 793 0042 4FF0016C 		mov	ip, #135266304
 794 0046 E3E7     		b	.L60
 795              	.L66:
 796              		.align	2
 797              	.L65:
 798 0048 00FF0F00 		.word	1048320
 799 004c 00200052 		.word	1375739904
 800              		.cfi_endproc
 801              	.LFE165:
 803              		.section	.text.FLASH_OB_BOR_LevelConfig,"ax",%progbits
 804              		.align	1
ARM GAS  /tmp/cck0UwGt.s 			page 46


 805              		.syntax unified
 806              		.thumb
 807              		.thumb_func
 809              	FLASH_OB_BOR_LevelConfig:
 810              	.LVL62:
 811              	.LFB166:
1740:Drivers/STM32H7xx_HAL_Driver/Src/stm32h7xx_hal_flash_ex.c **** 
1741:Drivers/STM32H7xx_HAL_Driver/Src/stm32h7xx_hal_flash_ex.c **** /**
1742:Drivers/STM32H7xx_HAL_Driver/Src/stm32h7xx_hal_flash_ex.c ****   * @brief  Set the BOR Level.
1743:Drivers/STM32H7xx_HAL_Driver/Src/stm32h7xx_hal_flash_ex.c ****   * @param  Level specifies the Option Bytes BOR Reset Level.
1744:Drivers/STM32H7xx_HAL_Driver/Src/stm32h7xx_hal_flash_ex.c ****   *          This parameter can be one of the following values:
1745:Drivers/STM32H7xx_HAL_Driver/Src/stm32h7xx_hal_flash_ex.c ****   *            @arg OB_BOR_LEVEL0: Reset level threshold is set to 1.6V
1746:Drivers/STM32H7xx_HAL_Driver/Src/stm32h7xx_hal_flash_ex.c ****   *            @arg OB_BOR_LEVEL1: Reset level threshold is set to 2.1V
1747:Drivers/STM32H7xx_HAL_Driver/Src/stm32h7xx_hal_flash_ex.c ****   *            @arg OB_BOR_LEVEL2: Reset level threshold is set to 2.4V
1748:Drivers/STM32H7xx_HAL_Driver/Src/stm32h7xx_hal_flash_ex.c ****   *            @arg OB_BOR_LEVEL3: Reset level threshold is set to 2.7V
1749:Drivers/STM32H7xx_HAL_Driver/Src/stm32h7xx_hal_flash_ex.c ****   * @retval None
1750:Drivers/STM32H7xx_HAL_Driver/Src/stm32h7xx_hal_flash_ex.c ****   */
1751:Drivers/STM32H7xx_HAL_Driver/Src/stm32h7xx_hal_flash_ex.c **** static void FLASH_OB_BOR_LevelConfig(uint32_t Level)
1752:Drivers/STM32H7xx_HAL_Driver/Src/stm32h7xx_hal_flash_ex.c **** {
 812              		.loc 1 1752 1 is_stmt 1 view -0
 813              		.cfi_startproc
 814              		@ args = 0, pretend = 0, frame = 0
 815              		@ frame_needed = 0, uses_anonymous_args = 0
 816              		@ link register save eliminated.
1753:Drivers/STM32H7xx_HAL_Driver/Src/stm32h7xx_hal_flash_ex.c ****   assert_param(IS_OB_BOR_LEVEL(Level));
 817              		.loc 1 1753 3 view .LVU266
1754:Drivers/STM32H7xx_HAL_Driver/Src/stm32h7xx_hal_flash_ex.c **** 
1755:Drivers/STM32H7xx_HAL_Driver/Src/stm32h7xx_hal_flash_ex.c ****   /* Configure BOR_LEV option byte */
1756:Drivers/STM32H7xx_HAL_Driver/Src/stm32h7xx_hal_flash_ex.c ****   MODIFY_REG(FLASH->OPTSR_PRG, FLASH_OPTSR_BOR_LEV, Level);
 818              		.loc 1 1756 3 view .LVU267
 819 0000 034A     		ldr	r2, .L68
 820 0002 136A     		ldr	r3, [r2, #32]
 821 0004 23F00C03 		bic	r3, r3, #12
 822 0008 0343     		orrs	r3, r3, r0
 823 000a 1362     		str	r3, [r2, #32]
1757:Drivers/STM32H7xx_HAL_Driver/Src/stm32h7xx_hal_flash_ex.c **** }
 824              		.loc 1 1757 1 is_stmt 0 view .LVU268
 825 000c 7047     		bx	lr
 826              	.L69:
 827 000e 00BF     		.align	2
 828              	.L68:
 829 0010 00200052 		.word	1375739904
 830              		.cfi_endproc
 831              	.LFE166:
 833              		.section	.text.FLASH_OB_GetBOR,"ax",%progbits
 834              		.align	1
 835              		.syntax unified
 836              		.thumb
 837              		.thumb_func
 839              	FLASH_OB_GetBOR:
 840              	.LFB167:
1758:Drivers/STM32H7xx_HAL_Driver/Src/stm32h7xx_hal_flash_ex.c **** 
1759:Drivers/STM32H7xx_HAL_Driver/Src/stm32h7xx_hal_flash_ex.c **** /**
1760:Drivers/STM32H7xx_HAL_Driver/Src/stm32h7xx_hal_flash_ex.c ****   * @brief  Get the BOR Level.
1761:Drivers/STM32H7xx_HAL_Driver/Src/stm32h7xx_hal_flash_ex.c ****   * @retval The Option Bytes BOR Reset Level.
1762:Drivers/STM32H7xx_HAL_Driver/Src/stm32h7xx_hal_flash_ex.c ****   *            This parameter can be one of the following values:
1763:Drivers/STM32H7xx_HAL_Driver/Src/stm32h7xx_hal_flash_ex.c ****   *            @arg OB_BOR_LEVEL0: Reset level threshold is set to 1.6V
ARM GAS  /tmp/cck0UwGt.s 			page 47


1764:Drivers/STM32H7xx_HAL_Driver/Src/stm32h7xx_hal_flash_ex.c ****   *            @arg OB_BOR_LEVEL1: Reset level threshold is set to 2.1V
1765:Drivers/STM32H7xx_HAL_Driver/Src/stm32h7xx_hal_flash_ex.c ****   *            @arg OB_BOR_LEVEL2: Reset level threshold is set to 2.4V
1766:Drivers/STM32H7xx_HAL_Driver/Src/stm32h7xx_hal_flash_ex.c ****   *            @arg OB_BOR_LEVEL3: Reset level threshold is set to 2.7V
1767:Drivers/STM32H7xx_HAL_Driver/Src/stm32h7xx_hal_flash_ex.c ****   */
1768:Drivers/STM32H7xx_HAL_Driver/Src/stm32h7xx_hal_flash_ex.c **** static uint32_t FLASH_OB_GetBOR(void)
1769:Drivers/STM32H7xx_HAL_Driver/Src/stm32h7xx_hal_flash_ex.c **** {
 841              		.loc 1 1769 1 is_stmt 1 view -0
 842              		.cfi_startproc
 843              		@ args = 0, pretend = 0, frame = 0
 844              		@ frame_needed = 0, uses_anonymous_args = 0
 845              		@ link register save eliminated.
1770:Drivers/STM32H7xx_HAL_Driver/Src/stm32h7xx_hal_flash_ex.c ****   return (FLASH->OPTSR_CUR & FLASH_OPTSR_BOR_LEV);
 846              		.loc 1 1770 3 view .LVU270
 847              		.loc 1 1770 16 is_stmt 0 view .LVU271
 848 0000 024B     		ldr	r3, .L71
 849 0002 D869     		ldr	r0, [r3, #28]
1771:Drivers/STM32H7xx_HAL_Driver/Src/stm32h7xx_hal_flash_ex.c **** }
 850              		.loc 1 1771 1 view .LVU272
 851 0004 00F00C00 		and	r0, r0, #12
 852 0008 7047     		bx	lr
 853              	.L72:
 854 000a 00BF     		.align	2
 855              	.L71:
 856 000c 00200052 		.word	1375739904
 857              		.cfi_endproc
 858              	.LFE167:
 860              		.section	.text.FLASH_OB_BootAddConfig,"ax",%progbits
 861              		.align	1
 862              		.syntax unified
 863              		.thumb
 864              		.thumb_func
 866              	FLASH_OB_BootAddConfig:
 867              	.LVL63:
 868              	.LFB168:
1772:Drivers/STM32H7xx_HAL_Driver/Src/stm32h7xx_hal_flash_ex.c **** 
1773:Drivers/STM32H7xx_HAL_Driver/Src/stm32h7xx_hal_flash_ex.c **** /**
1774:Drivers/STM32H7xx_HAL_Driver/Src/stm32h7xx_hal_flash_ex.c ****   * @brief  Set Boot address
1775:Drivers/STM32H7xx_HAL_Driver/Src/stm32h7xx_hal_flash_ex.c ****   * @param  BootOption Boot address option byte to be programmed,
1776:Drivers/STM32H7xx_HAL_Driver/Src/stm32h7xx_hal_flash_ex.c ****   *                     This parameter must be a value of @ref FLASHEx_OB_BOOT_OPTION
1777:Drivers/STM32H7xx_HAL_Driver/Src/stm32h7xx_hal_flash_ex.c ****                         (OB_BOOT_ADD0, OB_BOOT_ADD1 or OB_BOOT_ADD_BOTH)
1778:Drivers/STM32H7xx_HAL_Driver/Src/stm32h7xx_hal_flash_ex.c ****   *
1779:Drivers/STM32H7xx_HAL_Driver/Src/stm32h7xx_hal_flash_ex.c ****   * @param  BootAddress0 Specifies the Boot Address 0
1780:Drivers/STM32H7xx_HAL_Driver/Src/stm32h7xx_hal_flash_ex.c ****   * @param  BootAddress1 Specifies the Boot Address 1
1781:Drivers/STM32H7xx_HAL_Driver/Src/stm32h7xx_hal_flash_ex.c ****   * @retval HAL Status
1782:Drivers/STM32H7xx_HAL_Driver/Src/stm32h7xx_hal_flash_ex.c ****   */
1783:Drivers/STM32H7xx_HAL_Driver/Src/stm32h7xx_hal_flash_ex.c **** static void FLASH_OB_BootAddConfig(uint32_t BootOption, uint32_t BootAddress0, uint32_t BootAddress
1784:Drivers/STM32H7xx_HAL_Driver/Src/stm32h7xx_hal_flash_ex.c **** {
 869              		.loc 1 1784 1 is_stmt 1 view -0
 870              		.cfi_startproc
 871              		@ args = 0, pretend = 0, frame = 0
 872              		@ frame_needed = 0, uses_anonymous_args = 0
 873              		@ link register save eliminated.
 874              		.loc 1 1784 1 is_stmt 0 view .LVU274
 875 0000 10B4     		push	{r4}
 876              	.LCFI5:
 877              		.cfi_def_cfa_offset 4
 878              		.cfi_offset 4, -4
ARM GAS  /tmp/cck0UwGt.s 			page 48


1785:Drivers/STM32H7xx_HAL_Driver/Src/stm32h7xx_hal_flash_ex.c ****   /* Check the parameters */
1786:Drivers/STM32H7xx_HAL_Driver/Src/stm32h7xx_hal_flash_ex.c ****   assert_param(IS_OB_BOOT_ADD_OPTION(BootOption));
 879              		.loc 1 1786 3 is_stmt 1 view .LVU275
1787:Drivers/STM32H7xx_HAL_Driver/Src/stm32h7xx_hal_flash_ex.c **** 
1788:Drivers/STM32H7xx_HAL_Driver/Src/stm32h7xx_hal_flash_ex.c ****   if((BootOption & OB_BOOT_ADD0) == OB_BOOT_ADD0)
 880              		.loc 1 1788 3 view .LVU276
 881              		.loc 1 1788 5 is_stmt 0 view .LVU277
 882 0002 10F0010F 		tst	r0, #1
 883 0006 06D0     		beq	.L74
1789:Drivers/STM32H7xx_HAL_Driver/Src/stm32h7xx_hal_flash_ex.c ****   {
1790:Drivers/STM32H7xx_HAL_Driver/Src/stm32h7xx_hal_flash_ex.c ****     /* Check the parameters */
1791:Drivers/STM32H7xx_HAL_Driver/Src/stm32h7xx_hal_flash_ex.c ****     assert_param(IS_BOOT_ADDRESS(BootAddress0));
 884              		.loc 1 1791 5 is_stmt 1 view .LVU278
1792:Drivers/STM32H7xx_HAL_Driver/Src/stm32h7xx_hal_flash_ex.c **** 
1793:Drivers/STM32H7xx_HAL_Driver/Src/stm32h7xx_hal_flash_ex.c ****     /* Configure CM7 BOOT ADD0 */
1794:Drivers/STM32H7xx_HAL_Driver/Src/stm32h7xx_hal_flash_ex.c **** #if defined(DUAL_CORE)
1795:Drivers/STM32H7xx_HAL_Driver/Src/stm32h7xx_hal_flash_ex.c ****     MODIFY_REG(FLASH->BOOT7_PRG, FLASH_BOOT7_BCM7_ADD0, (BootAddress0 >> 16));
1796:Drivers/STM32H7xx_HAL_Driver/Src/stm32h7xx_hal_flash_ex.c **** #else /* Single Core*/
1797:Drivers/STM32H7xx_HAL_Driver/Src/stm32h7xx_hal_flash_ex.c ****     MODIFY_REG(FLASH->BOOT_PRG, FLASH_BOOT_ADD0, (BootAddress0 >> 16));
 885              		.loc 1 1797 5 view .LVU279
 886 0008 084C     		ldr	r4, .L77
 887 000a 636C     		ldr	r3, [r4, #68]
 888 000c 6FF30F03 		bfc	r3, #0, #16
 889 0010 43EA1143 		orr	r3, r3, r1, lsr #16
 890 0014 6364     		str	r3, [r4, #68]
 891              	.L74:
1798:Drivers/STM32H7xx_HAL_Driver/Src/stm32h7xx_hal_flash_ex.c **** #endif /* DUAL_CORE */
1799:Drivers/STM32H7xx_HAL_Driver/Src/stm32h7xx_hal_flash_ex.c ****   }
1800:Drivers/STM32H7xx_HAL_Driver/Src/stm32h7xx_hal_flash_ex.c **** 
1801:Drivers/STM32H7xx_HAL_Driver/Src/stm32h7xx_hal_flash_ex.c ****   if((BootOption & OB_BOOT_ADD1) == OB_BOOT_ADD1)
 892              		.loc 1 1801 3 view .LVU280
 893              		.loc 1 1801 5 is_stmt 0 view .LVU281
 894 0016 10F0020F 		tst	r0, #2
 895 001a 04D0     		beq	.L73
1802:Drivers/STM32H7xx_HAL_Driver/Src/stm32h7xx_hal_flash_ex.c ****   {
1803:Drivers/STM32H7xx_HAL_Driver/Src/stm32h7xx_hal_flash_ex.c ****     /* Check the parameters */
1804:Drivers/STM32H7xx_HAL_Driver/Src/stm32h7xx_hal_flash_ex.c ****     assert_param(IS_BOOT_ADDRESS(BootAddress1));
 896              		.loc 1 1804 5 is_stmt 1 view .LVU282
1805:Drivers/STM32H7xx_HAL_Driver/Src/stm32h7xx_hal_flash_ex.c **** 
1806:Drivers/STM32H7xx_HAL_Driver/Src/stm32h7xx_hal_flash_ex.c ****     /* Configure CM7 BOOT ADD1 */
1807:Drivers/STM32H7xx_HAL_Driver/Src/stm32h7xx_hal_flash_ex.c **** #if defined(DUAL_CORE)
1808:Drivers/STM32H7xx_HAL_Driver/Src/stm32h7xx_hal_flash_ex.c ****     MODIFY_REG(FLASH->BOOT7_PRG, FLASH_BOOT7_BCM7_ADD1, BootAddress1);
1809:Drivers/STM32H7xx_HAL_Driver/Src/stm32h7xx_hal_flash_ex.c **** #else /* Single Core*/
1810:Drivers/STM32H7xx_HAL_Driver/Src/stm32h7xx_hal_flash_ex.c ****     MODIFY_REG(FLASH->BOOT_PRG, FLASH_BOOT_ADD1, BootAddress1);
 897              		.loc 1 1810 5 view .LVU283
 898 001c 0349     		ldr	r1, .L77
 899              	.LVL64:
 900              		.loc 1 1810 5 is_stmt 0 view .LVU284
 901 001e 4B6C     		ldr	r3, [r1, #68]
 902 0020 9BB2     		uxth	r3, r3
 903 0022 1343     		orrs	r3, r3, r2
 904 0024 4B64     		str	r3, [r1, #68]
 905              	.L73:
1811:Drivers/STM32H7xx_HAL_Driver/Src/stm32h7xx_hal_flash_ex.c **** #endif /* DUAL_CORE */
1812:Drivers/STM32H7xx_HAL_Driver/Src/stm32h7xx_hal_flash_ex.c ****   }
1813:Drivers/STM32H7xx_HAL_Driver/Src/stm32h7xx_hal_flash_ex.c **** }
 906              		.loc 1 1813 1 view .LVU285
ARM GAS  /tmp/cck0UwGt.s 			page 49


 907 0026 5DF8044B 		ldr	r4, [sp], #4
 908              	.LCFI6:
 909              		.cfi_restore 4
 910              		.cfi_def_cfa_offset 0
 911 002a 7047     		bx	lr
 912              	.L78:
 913              		.align	2
 914              	.L77:
 915 002c 00200052 		.word	1375739904
 916              		.cfi_endproc
 917              	.LFE168:
 919              		.section	.text.FLASH_OB_GetBootAdd,"ax",%progbits
 920              		.align	1
 921              		.syntax unified
 922              		.thumb
 923              		.thumb_func
 925              	FLASH_OB_GetBootAdd:
 926              	.LVL65:
 927              	.LFB169:
1814:Drivers/STM32H7xx_HAL_Driver/Src/stm32h7xx_hal_flash_ex.c **** 
1815:Drivers/STM32H7xx_HAL_Driver/Src/stm32h7xx_hal_flash_ex.c **** /**
1816:Drivers/STM32H7xx_HAL_Driver/Src/stm32h7xx_hal_flash_ex.c ****   * @brief  Get Boot address
1817:Drivers/STM32H7xx_HAL_Driver/Src/stm32h7xx_hal_flash_ex.c ****   * @param  BootAddress0 Specifies the Boot Address 0.
1818:Drivers/STM32H7xx_HAL_Driver/Src/stm32h7xx_hal_flash_ex.c ****   * @param  BootAddress1 Specifies the Boot Address 1.
1819:Drivers/STM32H7xx_HAL_Driver/Src/stm32h7xx_hal_flash_ex.c ****   * @retval HAL Status
1820:Drivers/STM32H7xx_HAL_Driver/Src/stm32h7xx_hal_flash_ex.c ****   */
1821:Drivers/STM32H7xx_HAL_Driver/Src/stm32h7xx_hal_flash_ex.c **** static void FLASH_OB_GetBootAdd(uint32_t *BootAddress0, uint32_t *BootAddress1)
1822:Drivers/STM32H7xx_HAL_Driver/Src/stm32h7xx_hal_flash_ex.c **** {
 928              		.loc 1 1822 1 is_stmt 1 view -0
 929              		.cfi_startproc
 930              		@ args = 0, pretend = 0, frame = 0
 931              		@ frame_needed = 0, uses_anonymous_args = 0
 932              		@ link register save eliminated.
1823:Drivers/STM32H7xx_HAL_Driver/Src/stm32h7xx_hal_flash_ex.c ****   uint32_t regvalue;
 933              		.loc 1 1823 3 view .LVU287
1824:Drivers/STM32H7xx_HAL_Driver/Src/stm32h7xx_hal_flash_ex.c **** 
1825:Drivers/STM32H7xx_HAL_Driver/Src/stm32h7xx_hal_flash_ex.c **** #if defined(DUAL_CORE)
1826:Drivers/STM32H7xx_HAL_Driver/Src/stm32h7xx_hal_flash_ex.c ****   regvalue = FLASH->BOOT7_CUR;
1827:Drivers/STM32H7xx_HAL_Driver/Src/stm32h7xx_hal_flash_ex.c **** 
1828:Drivers/STM32H7xx_HAL_Driver/Src/stm32h7xx_hal_flash_ex.c ****   (*BootAddress0) = (regvalue & FLASH_BOOT7_BCM7_ADD0) << 16;
1829:Drivers/STM32H7xx_HAL_Driver/Src/stm32h7xx_hal_flash_ex.c ****   (*BootAddress1) = (regvalue & FLASH_BOOT7_BCM7_ADD1);
1830:Drivers/STM32H7xx_HAL_Driver/Src/stm32h7xx_hal_flash_ex.c **** #else /* Single Core */
1831:Drivers/STM32H7xx_HAL_Driver/Src/stm32h7xx_hal_flash_ex.c ****   regvalue = FLASH->BOOT_CUR;
 934              		.loc 1 1831 3 view .LVU288
 935              		.loc 1 1831 12 is_stmt 0 view .LVU289
 936 0000 034B     		ldr	r3, .L80
 937 0002 1B6C     		ldr	r3, [r3, #64]
 938              	.LVL66:
1832:Drivers/STM32H7xx_HAL_Driver/Src/stm32h7xx_hal_flash_ex.c **** 
1833:Drivers/STM32H7xx_HAL_Driver/Src/stm32h7xx_hal_flash_ex.c ****   (*BootAddress0) = (regvalue & FLASH_BOOT_ADD0) << 16;
 939              		.loc 1 1833 3 is_stmt 1 view .LVU290
 940              		.loc 1 1833 50 is_stmt 0 view .LVU291
 941 0004 1A04     		lsls	r2, r3, #16
 942              		.loc 1 1833 19 view .LVU292
 943 0006 0260     		str	r2, [r0]
1834:Drivers/STM32H7xx_HAL_Driver/Src/stm32h7xx_hal_flash_ex.c ****   (*BootAddress1) = (regvalue & FLASH_BOOT_ADD1);
 944              		.loc 1 1834 3 is_stmt 1 view .LVU293
ARM GAS  /tmp/cck0UwGt.s 			page 50


 945              		.loc 1 1834 31 is_stmt 0 view .LVU294
 946 0008 6FF30F03 		bfc	r3, #0, #16
 947              	.LVL67:
 948              		.loc 1 1834 19 view .LVU295
 949 000c 0B60     		str	r3, [r1]
1835:Drivers/STM32H7xx_HAL_Driver/Src/stm32h7xx_hal_flash_ex.c **** #endif /* DUAL_CORE */
1836:Drivers/STM32H7xx_HAL_Driver/Src/stm32h7xx_hal_flash_ex.c **** }
 950              		.loc 1 1836 1 view .LVU296
 951 000e 7047     		bx	lr
 952              	.L81:
 953              		.align	2
 954              	.L80:
 955 0010 00200052 		.word	1375739904
 956              		.cfi_endproc
 957              	.LFE169:
 959              		.section	.text.FLASH_OB_SecureAreaConfig,"ax",%progbits
 960              		.align	1
 961              		.syntax unified
 962              		.thumb
 963              		.thumb_func
 965              	FLASH_OB_SecureAreaConfig:
 966              	.LVL68:
 967              	.LFB170:
1837:Drivers/STM32H7xx_HAL_Driver/Src/stm32h7xx_hal_flash_ex.c **** 
1838:Drivers/STM32H7xx_HAL_Driver/Src/stm32h7xx_hal_flash_ex.c **** #if defined(DUAL_CORE)
1839:Drivers/STM32H7xx_HAL_Driver/Src/stm32h7xx_hal_flash_ex.c **** /**
1840:Drivers/STM32H7xx_HAL_Driver/Src/stm32h7xx_hal_flash_ex.c ****   * @brief  Set CM4 Boot address
1841:Drivers/STM32H7xx_HAL_Driver/Src/stm32h7xx_hal_flash_ex.c ****   * @param  BootOption Boot address option byte to be programmed,
1842:Drivers/STM32H7xx_HAL_Driver/Src/stm32h7xx_hal_flash_ex.c ****   *                     This parameter must be a value of @ref FLASHEx_OB_BOOT_OPTION
1843:Drivers/STM32H7xx_HAL_Driver/Src/stm32h7xx_hal_flash_ex.c ****                         (OB_BOOT_ADD0, OB_BOOT_ADD1 or OB_BOOT_ADD_BOTH)
1844:Drivers/STM32H7xx_HAL_Driver/Src/stm32h7xx_hal_flash_ex.c ****   *
1845:Drivers/STM32H7xx_HAL_Driver/Src/stm32h7xx_hal_flash_ex.c ****   * @param  BootAddress0 Specifies the CM4 Boot Address 0.
1846:Drivers/STM32H7xx_HAL_Driver/Src/stm32h7xx_hal_flash_ex.c ****   * @param  BootAddress1 Specifies the CM4 Boot Address 1.
1847:Drivers/STM32H7xx_HAL_Driver/Src/stm32h7xx_hal_flash_ex.c ****   * @retval HAL Status
1848:Drivers/STM32H7xx_HAL_Driver/Src/stm32h7xx_hal_flash_ex.c ****   */
1849:Drivers/STM32H7xx_HAL_Driver/Src/stm32h7xx_hal_flash_ex.c **** static void FLASH_OB_CM4BootAddConfig(uint32_t BootOption, uint32_t BootAddress0, uint32_t BootAddr
1850:Drivers/STM32H7xx_HAL_Driver/Src/stm32h7xx_hal_flash_ex.c **** {
1851:Drivers/STM32H7xx_HAL_Driver/Src/stm32h7xx_hal_flash_ex.c ****   /* Check the parameters */
1852:Drivers/STM32H7xx_HAL_Driver/Src/stm32h7xx_hal_flash_ex.c ****   assert_param(IS_OB_BOOT_ADD_OPTION(BootOption));
1853:Drivers/STM32H7xx_HAL_Driver/Src/stm32h7xx_hal_flash_ex.c **** 
1854:Drivers/STM32H7xx_HAL_Driver/Src/stm32h7xx_hal_flash_ex.c ****   if((BootOption & OB_BOOT_ADD0) == OB_BOOT_ADD0)
1855:Drivers/STM32H7xx_HAL_Driver/Src/stm32h7xx_hal_flash_ex.c ****   {
1856:Drivers/STM32H7xx_HAL_Driver/Src/stm32h7xx_hal_flash_ex.c ****     /* Check the parameters */
1857:Drivers/STM32H7xx_HAL_Driver/Src/stm32h7xx_hal_flash_ex.c ****     assert_param(IS_BOOT_ADDRESS(BootAddress0));
1858:Drivers/STM32H7xx_HAL_Driver/Src/stm32h7xx_hal_flash_ex.c **** 
1859:Drivers/STM32H7xx_HAL_Driver/Src/stm32h7xx_hal_flash_ex.c ****     /* Configure CM4 BOOT ADD0 */
1860:Drivers/STM32H7xx_HAL_Driver/Src/stm32h7xx_hal_flash_ex.c ****     MODIFY_REG(FLASH->BOOT4_PRG, FLASH_BOOT4_BCM4_ADD0, (BootAddress0 >> 16));
1861:Drivers/STM32H7xx_HAL_Driver/Src/stm32h7xx_hal_flash_ex.c **** 
1862:Drivers/STM32H7xx_HAL_Driver/Src/stm32h7xx_hal_flash_ex.c ****   }
1863:Drivers/STM32H7xx_HAL_Driver/Src/stm32h7xx_hal_flash_ex.c **** 
1864:Drivers/STM32H7xx_HAL_Driver/Src/stm32h7xx_hal_flash_ex.c ****   if((BootOption & OB_BOOT_ADD1) == OB_BOOT_ADD1)
1865:Drivers/STM32H7xx_HAL_Driver/Src/stm32h7xx_hal_flash_ex.c ****   {
1866:Drivers/STM32H7xx_HAL_Driver/Src/stm32h7xx_hal_flash_ex.c ****     /* Check the parameters */
1867:Drivers/STM32H7xx_HAL_Driver/Src/stm32h7xx_hal_flash_ex.c ****     assert_param(IS_BOOT_ADDRESS(BootAddress1));
1868:Drivers/STM32H7xx_HAL_Driver/Src/stm32h7xx_hal_flash_ex.c **** 
1869:Drivers/STM32H7xx_HAL_Driver/Src/stm32h7xx_hal_flash_ex.c ****     /* Configure CM4 BOOT ADD1 */
1870:Drivers/STM32H7xx_HAL_Driver/Src/stm32h7xx_hal_flash_ex.c ****     MODIFY_REG(FLASH->BOOT4_PRG, FLASH_BOOT4_BCM4_ADD1, BootAddress1);
ARM GAS  /tmp/cck0UwGt.s 			page 51


1871:Drivers/STM32H7xx_HAL_Driver/Src/stm32h7xx_hal_flash_ex.c ****   }
1872:Drivers/STM32H7xx_HAL_Driver/Src/stm32h7xx_hal_flash_ex.c **** }
1873:Drivers/STM32H7xx_HAL_Driver/Src/stm32h7xx_hal_flash_ex.c **** 
1874:Drivers/STM32H7xx_HAL_Driver/Src/stm32h7xx_hal_flash_ex.c **** /**
1875:Drivers/STM32H7xx_HAL_Driver/Src/stm32h7xx_hal_flash_ex.c ****   * @brief  Get CM4 Boot address
1876:Drivers/STM32H7xx_HAL_Driver/Src/stm32h7xx_hal_flash_ex.c ****   * @param  BootAddress0 Specifies the CM4 Boot Address 0.
1877:Drivers/STM32H7xx_HAL_Driver/Src/stm32h7xx_hal_flash_ex.c ****   * @param  BootAddress1 Specifies the CM4 Boot Address 1.
1878:Drivers/STM32H7xx_HAL_Driver/Src/stm32h7xx_hal_flash_ex.c ****   * @retval HAL Status
1879:Drivers/STM32H7xx_HAL_Driver/Src/stm32h7xx_hal_flash_ex.c ****   */
1880:Drivers/STM32H7xx_HAL_Driver/Src/stm32h7xx_hal_flash_ex.c **** static void FLASH_OB_GetCM4BootAdd(uint32_t *BootAddress0, uint32_t *BootAddress1)
1881:Drivers/STM32H7xx_HAL_Driver/Src/stm32h7xx_hal_flash_ex.c **** {
1882:Drivers/STM32H7xx_HAL_Driver/Src/stm32h7xx_hal_flash_ex.c ****   uint32_t regvalue;
1883:Drivers/STM32H7xx_HAL_Driver/Src/stm32h7xx_hal_flash_ex.c **** 
1884:Drivers/STM32H7xx_HAL_Driver/Src/stm32h7xx_hal_flash_ex.c ****   regvalue = FLASH->BOOT4_CUR;
1885:Drivers/STM32H7xx_HAL_Driver/Src/stm32h7xx_hal_flash_ex.c **** 
1886:Drivers/STM32H7xx_HAL_Driver/Src/stm32h7xx_hal_flash_ex.c ****   (*BootAddress0) = (regvalue & FLASH_BOOT4_BCM4_ADD0) << 16;
1887:Drivers/STM32H7xx_HAL_Driver/Src/stm32h7xx_hal_flash_ex.c ****   (*BootAddress1) = (regvalue & FLASH_BOOT4_BCM4_ADD1);
1888:Drivers/STM32H7xx_HAL_Driver/Src/stm32h7xx_hal_flash_ex.c **** }
1889:Drivers/STM32H7xx_HAL_Driver/Src/stm32h7xx_hal_flash_ex.c **** #endif /*DUAL_CORE*/
1890:Drivers/STM32H7xx_HAL_Driver/Src/stm32h7xx_hal_flash_ex.c **** 
1891:Drivers/STM32H7xx_HAL_Driver/Src/stm32h7xx_hal_flash_ex.c **** /**
1892:Drivers/STM32H7xx_HAL_Driver/Src/stm32h7xx_hal_flash_ex.c ****   * @brief  Set secure area configuration
1893:Drivers/STM32H7xx_HAL_Driver/Src/stm32h7xx_hal_flash_ex.c ****   * @param  SecureAreaConfig specify if the secure area will be deleted or not
1894:Drivers/STM32H7xx_HAL_Driver/Src/stm32h7xx_hal_flash_ex.c ****   *         when RDP level decreased from Level 1 to Level 0 or during a mass erase.
1895:Drivers/STM32H7xx_HAL_Driver/Src/stm32h7xx_hal_flash_ex.c ****   *
1896:Drivers/STM32H7xx_HAL_Driver/Src/stm32h7xx_hal_flash_ex.c ****   * @param  SecureAreaStartAddr Specifies the secure area start address
1897:Drivers/STM32H7xx_HAL_Driver/Src/stm32h7xx_hal_flash_ex.c ****   * @param  SecureAreaEndAddr Specifies the secure area end address
1898:Drivers/STM32H7xx_HAL_Driver/Src/stm32h7xx_hal_flash_ex.c ****   * @param  Banks the specific bank to apply Security protection
1899:Drivers/STM32H7xx_HAL_Driver/Src/stm32h7xx_hal_flash_ex.c ****   *          This parameter can be one of the following values:
1900:Drivers/STM32H7xx_HAL_Driver/Src/stm32h7xx_hal_flash_ex.c ****   *            @arg FLASH_BANK_1: Secure area on specified bank1 area
1901:Drivers/STM32H7xx_HAL_Driver/Src/stm32h7xx_hal_flash_ex.c ****   *            @arg FLASH_BANK_2: Secure area on specified bank2 area
1902:Drivers/STM32H7xx_HAL_Driver/Src/stm32h7xx_hal_flash_ex.c ****   *            @arg FLASH_BANK_BOTH: Secure area on specified bank1 and bank2 area (same config wil
1903:Drivers/STM32H7xx_HAL_Driver/Src/stm32h7xx_hal_flash_ex.c ****   * @retval None
1904:Drivers/STM32H7xx_HAL_Driver/Src/stm32h7xx_hal_flash_ex.c ****   */
1905:Drivers/STM32H7xx_HAL_Driver/Src/stm32h7xx_hal_flash_ex.c **** static void FLASH_OB_SecureAreaConfig(uint32_t SecureAreaConfig, uint32_t SecureAreaStartAddr, uint
1906:Drivers/STM32H7xx_HAL_Driver/Src/stm32h7xx_hal_flash_ex.c **** {
 968              		.loc 1 1906 1 is_stmt 1 view -0
 969              		.cfi_startproc
 970              		@ args = 0, pretend = 0, frame = 0
 971              		@ frame_needed = 0, uses_anonymous_args = 0
 972              		@ link register save eliminated.
 973              		.loc 1 1906 1 is_stmt 0 view .LVU298
 974 0000 30B4     		push	{r4, r5}
 975              	.LCFI7:
 976              		.cfi_def_cfa_offset 8
 977              		.cfi_offset 4, -8
 978              		.cfi_offset 5, -4
1907:Drivers/STM32H7xx_HAL_Driver/Src/stm32h7xx_hal_flash_ex.c ****   /* Check the parameters */
1908:Drivers/STM32H7xx_HAL_Driver/Src/stm32h7xx_hal_flash_ex.c ****   assert_param(IS_FLASH_BANK(Banks));
 979              		.loc 1 1908 3 is_stmt 1 view .LVU299
1909:Drivers/STM32H7xx_HAL_Driver/Src/stm32h7xx_hal_flash_ex.c ****   assert_param(IS_OB_SECURE_RDP(SecureAreaConfig));
 980              		.loc 1 1909 3 view .LVU300
1910:Drivers/STM32H7xx_HAL_Driver/Src/stm32h7xx_hal_flash_ex.c **** 
1911:Drivers/STM32H7xx_HAL_Driver/Src/stm32h7xx_hal_flash_ex.c ****   if((Banks & FLASH_BANK_1) == FLASH_BANK_1)
 981              		.loc 1 1911 3 view .LVU301
 982              		.loc 1 1911 5 is_stmt 0 view .LVU302
 983 0002 13F0010F 		tst	r3, #1
ARM GAS  /tmp/cck0UwGt.s 			page 52


 984 0006 0CD0     		beq	.L83
1912:Drivers/STM32H7xx_HAL_Driver/Src/stm32h7xx_hal_flash_ex.c ****   {
1913:Drivers/STM32H7xx_HAL_Driver/Src/stm32h7xx_hal_flash_ex.c ****     /* Check the parameters */
1914:Drivers/STM32H7xx_HAL_Driver/Src/stm32h7xx_hal_flash_ex.c ****     assert_param(IS_FLASH_PROGRAM_ADDRESS_BANK1(SecureAreaStartAddr));
 985              		.loc 1 1914 5 is_stmt 1 view .LVU303
1915:Drivers/STM32H7xx_HAL_Driver/Src/stm32h7xx_hal_flash_ex.c ****     assert_param(IS_FLASH_PROGRAM_ADDRESS_BANK1(SecureAreaEndAddr));
 986              		.loc 1 1915 5 view .LVU304
1916:Drivers/STM32H7xx_HAL_Driver/Src/stm32h7xx_hal_flash_ex.c **** 
1917:Drivers/STM32H7xx_HAL_Driver/Src/stm32h7xx_hal_flash_ex.c ****     /* Configure the secure area */
1918:Drivers/STM32H7xx_HAL_Driver/Src/stm32h7xx_hal_flash_ex.c ****     FLASH->SCAR_PRG1 = ((SecureAreaStartAddr - FLASH_BANK1_BASE) >> 8)                             
 987              		.loc 1 1918 5 view .LVU305
 988              		.loc 1 1918 46 is_stmt 0 view .LVU306
 989 0008 01F1784C 		add	ip, r1, #-134217728
1919:Drivers/STM32H7xx_HAL_Driver/Src/stm32h7xx_hal_flash_ex.c ****                        (((SecureAreaEndAddr - FLASH_BANK1_BASE) >> 8) << FLASH_SCAR_SEC_AREA_END_Po
 990              		.loc 1 1919 45 view .LVU307
 991 000c 02F17844 		add	r4, r2, #-134217728
 992              		.loc 1 1919 65 view .LVU308
 993 0010 240A     		lsrs	r4, r4, #8
 994              		.loc 1 1919 71 view .LVU309
 995 0012 2404     		lsls	r4, r4, #16
1918:Drivers/STM32H7xx_HAL_Driver/Src/stm32h7xx_hal_flash_ex.c ****                        (((SecureAreaEndAddr - FLASH_BANK1_BASE) >> 8) << FLASH_SCAR_SEC_AREA_END_Po
 996              		.loc 1 1918 103 view .LVU310
 997 0014 44EA1C24 		orr	r4, r4, ip, lsr #8
1920:Drivers/STM32H7xx_HAL_Driver/Src/stm32h7xx_hal_flash_ex.c ****                        (SecureAreaConfig & FLASH_SCAR_DMES);
 998              		.loc 1 1920 42 view .LVU311
 999 0018 00F00045 		and	r5, r0, #-2147483648
1919:Drivers/STM32H7xx_HAL_Driver/Src/stm32h7xx_hal_flash_ex.c ****                        (((SecureAreaEndAddr - FLASH_BANK1_BASE) >> 8) << FLASH_SCAR_SEC_AREA_END_Po
 1000              		.loc 1 1919 103 view .LVU312
 1001 001c 2C43     		orrs	r4, r4, r5
1918:Drivers/STM32H7xx_HAL_Driver/Src/stm32h7xx_hal_flash_ex.c ****                        (((SecureAreaEndAddr - FLASH_BANK1_BASE) >> 8) << FLASH_SCAR_SEC_AREA_END_Po
 1002              		.loc 1 1918 22 view .LVU313
 1003 001e 0A4D     		ldr	r5, .L86
 1004 0020 6C63     		str	r4, [r5, #52]
 1005              	.L83:
1921:Drivers/STM32H7xx_HAL_Driver/Src/stm32h7xx_hal_flash_ex.c ****   }
1922:Drivers/STM32H7xx_HAL_Driver/Src/stm32h7xx_hal_flash_ex.c **** 
1923:Drivers/STM32H7xx_HAL_Driver/Src/stm32h7xx_hal_flash_ex.c **** #if defined (DUAL_BANK)
1924:Drivers/STM32H7xx_HAL_Driver/Src/stm32h7xx_hal_flash_ex.c ****   if((Banks & FLASH_BANK_2) == FLASH_BANK_2)
 1006              		.loc 1 1924 3 is_stmt 1 view .LVU314
 1007              		.loc 1 1924 5 is_stmt 0 view .LVU315
 1008 0022 13F0020F 		tst	r3, #2
 1009 0026 0DD0     		beq	.L82
1925:Drivers/STM32H7xx_HAL_Driver/Src/stm32h7xx_hal_flash_ex.c ****   {
1926:Drivers/STM32H7xx_HAL_Driver/Src/stm32h7xx_hal_flash_ex.c ****     /* Check the parameters */
1927:Drivers/STM32H7xx_HAL_Driver/Src/stm32h7xx_hal_flash_ex.c ****     assert_param(IS_FLASH_PROGRAM_ADDRESS_BANK2(SecureAreaStartAddr));
 1010              		.loc 1 1927 5 is_stmt 1 view .LVU316
1928:Drivers/STM32H7xx_HAL_Driver/Src/stm32h7xx_hal_flash_ex.c ****     assert_param(IS_FLASH_PROGRAM_ADDRESS_BANK2(SecureAreaEndAddr));
 1011              		.loc 1 1928 5 view .LVU317
1929:Drivers/STM32H7xx_HAL_Driver/Src/stm32h7xx_hal_flash_ex.c **** 
1930:Drivers/STM32H7xx_HAL_Driver/Src/stm32h7xx_hal_flash_ex.c ****     /* Configure the secure area */
1931:Drivers/STM32H7xx_HAL_Driver/Src/stm32h7xx_hal_flash_ex.c ****     FLASH->SCAR_PRG2 = ((SecureAreaStartAddr - FLASH_BANK2_BASE) >> 8)                             
 1012              		.loc 1 1931 5 view .LVU318
 1013              		.loc 1 1931 46 is_stmt 0 view .LVU319
 1014 0028 A1F10161 		sub	r1, r1, #135266304
 1015              	.LVL69:
1932:Drivers/STM32H7xx_HAL_Driver/Src/stm32h7xx_hal_flash_ex.c ****                        (((SecureAreaEndAddr - FLASH_BANK2_BASE) >> 8) << FLASH_SCAR_SEC_AREA_END_Po
 1016              		.loc 1 1932 45 view .LVU320
ARM GAS  /tmp/cck0UwGt.s 			page 53


 1017 002c A2F10162 		sub	r2, r2, #135266304
 1018              	.LVL70:
 1019              		.loc 1 1932 65 view .LVU321
 1020 0030 120A     		lsrs	r2, r2, #8
 1021              	.LVL71:
 1022              		.loc 1 1932 71 view .LVU322
 1023 0032 1204     		lsls	r2, r2, #16
1931:Drivers/STM32H7xx_HAL_Driver/Src/stm32h7xx_hal_flash_ex.c ****                        (((SecureAreaEndAddr - FLASH_BANK2_BASE) >> 8) << FLASH_SCAR_SEC_AREA_END_Po
 1024              		.loc 1 1931 103 view .LVU323
 1025 0034 42EA1121 		orr	r1, r2, r1, lsr #8
 1026              	.LVL72:
1933:Drivers/STM32H7xx_HAL_Driver/Src/stm32h7xx_hal_flash_ex.c ****                        (SecureAreaConfig & FLASH_SCAR_DMES);
 1027              		.loc 1 1933 42 view .LVU324
 1028 0038 00F00040 		and	r0, r0, #-2147483648
 1029              	.LVL73:
1932:Drivers/STM32H7xx_HAL_Driver/Src/stm32h7xx_hal_flash_ex.c ****                        (((SecureAreaEndAddr - FLASH_BANK2_BASE) >> 8) << FLASH_SCAR_SEC_AREA_END_Po
 1030              		.loc 1 1932 103 view .LVU325
 1031 003c 0843     		orrs	r0, r0, r1
1931:Drivers/STM32H7xx_HAL_Driver/Src/stm32h7xx_hal_flash_ex.c ****                        (((SecureAreaEndAddr - FLASH_BANK2_BASE) >> 8) << FLASH_SCAR_SEC_AREA_END_Po
 1032              		.loc 1 1931 22 view .LVU326
 1033 003e 024B     		ldr	r3, .L86
 1034              	.LVL74:
1931:Drivers/STM32H7xx_HAL_Driver/Src/stm32h7xx_hal_flash_ex.c ****                        (((SecureAreaEndAddr - FLASH_BANK2_BASE) >> 8) << FLASH_SCAR_SEC_AREA_END_Po
 1035              		.loc 1 1931 22 view .LVU327
 1036 0040 C3F83401 		str	r0, [r3, #308]
 1037              	.L82:
1934:Drivers/STM32H7xx_HAL_Driver/Src/stm32h7xx_hal_flash_ex.c ****   }
1935:Drivers/STM32H7xx_HAL_Driver/Src/stm32h7xx_hal_flash_ex.c **** #endif /* DUAL_BANK */
1936:Drivers/STM32H7xx_HAL_Driver/Src/stm32h7xx_hal_flash_ex.c **** }
 1038              		.loc 1 1936 1 view .LVU328
 1039 0044 30BC     		pop	{r4, r5}
 1040              	.LCFI8:
 1041              		.cfi_restore 5
 1042              		.cfi_restore 4
 1043              		.cfi_def_cfa_offset 0
 1044 0046 7047     		bx	lr
 1045              	.L87:
 1046              		.align	2
 1047              	.L86:
 1048 0048 00200052 		.word	1375739904
 1049              		.cfi_endproc
 1050              	.LFE170:
 1052              		.section	.text.FLASH_OB_GetSecureArea,"ax",%progbits
 1053              		.align	1
 1054              		.syntax unified
 1055              		.thumb
 1056              		.thumb_func
 1058              	FLASH_OB_GetSecureArea:
 1059              	.LVL75:
 1060              	.LFB171:
1937:Drivers/STM32H7xx_HAL_Driver/Src/stm32h7xx_hal_flash_ex.c **** 
1938:Drivers/STM32H7xx_HAL_Driver/Src/stm32h7xx_hal_flash_ex.c **** /**
1939:Drivers/STM32H7xx_HAL_Driver/Src/stm32h7xx_hal_flash_ex.c ****   * @brief  Get secure area configuration
1940:Drivers/STM32H7xx_HAL_Driver/Src/stm32h7xx_hal_flash_ex.c ****   * @param  SecureAreaConfig indicates if the secure area will be deleted or not
1941:Drivers/STM32H7xx_HAL_Driver/Src/stm32h7xx_hal_flash_ex.c ****   *         when RDP level decreased from Level 1 to Level 0 or during a mass erase.
1942:Drivers/STM32H7xx_HAL_Driver/Src/stm32h7xx_hal_flash_ex.c ****   * @param  SecureAreaStartAddr gives the secure area start address
1943:Drivers/STM32H7xx_HAL_Driver/Src/stm32h7xx_hal_flash_ex.c ****   * @param  SecureAreaEndAddr gives the secure area end address
ARM GAS  /tmp/cck0UwGt.s 			page 54


1944:Drivers/STM32H7xx_HAL_Driver/Src/stm32h7xx_hal_flash_ex.c ****   * @param  Bank Specifies the Bank
1945:Drivers/STM32H7xx_HAL_Driver/Src/stm32h7xx_hal_flash_ex.c ****   * @retval None
1946:Drivers/STM32H7xx_HAL_Driver/Src/stm32h7xx_hal_flash_ex.c ****   */
1947:Drivers/STM32H7xx_HAL_Driver/Src/stm32h7xx_hal_flash_ex.c **** static void FLASH_OB_GetSecureArea(uint32_t *SecureAreaConfig, uint32_t *SecureAreaStartAddr, uint3
1948:Drivers/STM32H7xx_HAL_Driver/Src/stm32h7xx_hal_flash_ex.c **** {
 1061              		.loc 1 1948 1 is_stmt 1 view -0
 1062              		.cfi_startproc
 1063              		@ args = 0, pretend = 0, frame = 0
 1064              		@ frame_needed = 0, uses_anonymous_args = 0
 1065              		@ link register save eliminated.
 1066              		.loc 1 1948 1 is_stmt 0 view .LVU330
 1067 0000 10B4     		push	{r4}
 1068              	.LCFI9:
 1069              		.cfi_def_cfa_offset 4
 1070              		.cfi_offset 4, -4
1949:Drivers/STM32H7xx_HAL_Driver/Src/stm32h7xx_hal_flash_ex.c ****   uint32_t regvalue = 0;
 1071              		.loc 1 1949 3 is_stmt 1 view .LVU331
 1072              	.LVL76:
1950:Drivers/STM32H7xx_HAL_Driver/Src/stm32h7xx_hal_flash_ex.c ****   uint32_t bankBase = 0;
 1073              		.loc 1 1950 3 view .LVU332
1951:Drivers/STM32H7xx_HAL_Driver/Src/stm32h7xx_hal_flash_ex.c **** 
1952:Drivers/STM32H7xx_HAL_Driver/Src/stm32h7xx_hal_flash_ex.c ****   /* Check Bank parameter value */
1953:Drivers/STM32H7xx_HAL_Driver/Src/stm32h7xx_hal_flash_ex.c ****   if(Bank == FLASH_BANK_1)
 1074              		.loc 1 1953 3 view .LVU333
 1075              		.loc 1 1953 5 is_stmt 0 view .LVU334
 1076 0002 012B     		cmp	r3, #1
 1077 0004 15D0     		beq	.L93
1950:Drivers/STM32H7xx_HAL_Driver/Src/stm32h7xx_hal_flash_ex.c ****   uint32_t bankBase = 0;
 1078              		.loc 1 1950 12 view .LVU335
 1079 0006 4FF0000C 		mov	ip, #0
1949:Drivers/STM32H7xx_HAL_Driver/Src/stm32h7xx_hal_flash_ex.c ****   uint32_t bankBase = 0;
 1080              		.loc 1 1949 12 view .LVU336
 1081 000a 6446     		mov	r4, ip
 1082              	.LVL77:
 1083              	.L89:
1954:Drivers/STM32H7xx_HAL_Driver/Src/stm32h7xx_hal_flash_ex.c ****   {
1955:Drivers/STM32H7xx_HAL_Driver/Src/stm32h7xx_hal_flash_ex.c ****     regvalue = FLASH->SCAR_CUR1;
1956:Drivers/STM32H7xx_HAL_Driver/Src/stm32h7xx_hal_flash_ex.c ****     bankBase = FLASH_BANK1_BASE;
1957:Drivers/STM32H7xx_HAL_Driver/Src/stm32h7xx_hal_flash_ex.c ****   }
1958:Drivers/STM32H7xx_HAL_Driver/Src/stm32h7xx_hal_flash_ex.c **** 
1959:Drivers/STM32H7xx_HAL_Driver/Src/stm32h7xx_hal_flash_ex.c **** #if defined (DUAL_BANK)
1960:Drivers/STM32H7xx_HAL_Driver/Src/stm32h7xx_hal_flash_ex.c ****   if(Bank == FLASH_BANK_2)
 1084              		.loc 1 1960 3 is_stmt 1 view .LVU337
 1085              		.loc 1 1960 5 is_stmt 0 view .LVU338
 1086 000c 022B     		cmp	r3, #2
 1087 000e 15D0     		beq	.L94
 1088              	.LVL78:
 1089              	.L90:
1961:Drivers/STM32H7xx_HAL_Driver/Src/stm32h7xx_hal_flash_ex.c ****   {
1962:Drivers/STM32H7xx_HAL_Driver/Src/stm32h7xx_hal_flash_ex.c ****     regvalue = FLASH->SCAR_CUR2;
1963:Drivers/STM32H7xx_HAL_Driver/Src/stm32h7xx_hal_flash_ex.c ****     bankBase = FLASH_BANK2_BASE;
1964:Drivers/STM32H7xx_HAL_Driver/Src/stm32h7xx_hal_flash_ex.c ****   }
1965:Drivers/STM32H7xx_HAL_Driver/Src/stm32h7xx_hal_flash_ex.c **** #endif /* DUAL_BANK */
1966:Drivers/STM32H7xx_HAL_Driver/Src/stm32h7xx_hal_flash_ex.c **** 
1967:Drivers/STM32H7xx_HAL_Driver/Src/stm32h7xx_hal_flash_ex.c ****   /* Get the secure area settings */
1968:Drivers/STM32H7xx_HAL_Driver/Src/stm32h7xx_hal_flash_ex.c ****   (*SecureAreaConfig) = (regvalue & FLASH_SCAR_DMES);
 1090              		.loc 1 1968 3 is_stmt 1 view .LVU339
ARM GAS  /tmp/cck0UwGt.s 			page 55


 1091              		.loc 1 1968 35 is_stmt 0 view .LVU340
 1092 0010 04F00043 		and	r3, r4, #-2147483648
 1093              		.loc 1 1968 23 view .LVU341
 1094 0014 0360     		str	r3, [r0]
1969:Drivers/STM32H7xx_HAL_Driver/Src/stm32h7xx_hal_flash_ex.c ****   (*SecureAreaStartAddr) = ((regvalue & FLASH_SCAR_SEC_AREA_START) << 8) + bankBase;
 1095              		.loc 1 1969 3 is_stmt 1 view .LVU342
 1096              		.loc 1 1969 68 is_stmt 0 view .LVU343
 1097 0016 0C4B     		ldr	r3, .L95
 1098 0018 03EA0423 		and	r3, r3, r4, lsl #8
 1099              		.loc 1 1969 74 view .LVU344
 1100 001c 6344     		add	r3, r3, ip
 1101              		.loc 1 1969 26 view .LVU345
 1102 001e 0B60     		str	r3, [r1]
1970:Drivers/STM32H7xx_HAL_Driver/Src/stm32h7xx_hal_flash_ex.c ****   (*SecureAreaEndAddr) = (regvalue & FLASH_SCAR_SEC_AREA_END) >> FLASH_SCAR_SEC_AREA_END_Pos;
 1103              		.loc 1 1970 3 is_stmt 1 view .LVU346
 1104              		.loc 1 1970 63 is_stmt 0 view .LVU347
 1105 0020 C4F30B44 		ubfx	r4, r4, #16, #12
 1106              	.LVL79:
 1107              		.loc 1 1970 24 view .LVU348
 1108 0024 1460     		str	r4, [r2]
1971:Drivers/STM32H7xx_HAL_Driver/Src/stm32h7xx_hal_flash_ex.c ****   (*SecureAreaEndAddr) = ((*SecureAreaEndAddr) << 8) + bankBase;
 1109              		.loc 1 1971 3 is_stmt 1 view .LVU349
 1110              		.loc 1 1971 54 is_stmt 0 view .LVU350
 1111 0026 0CEB0424 		add	r4, ip, r4, lsl #8
 1112              		.loc 1 1971 24 view .LVU351
 1113 002a 1460     		str	r4, [r2]
1972:Drivers/STM32H7xx_HAL_Driver/Src/stm32h7xx_hal_flash_ex.c **** }
 1114              		.loc 1 1972 1 view .LVU352
 1115 002c 5DF8044B 		ldr	r4, [sp], #4
 1116              	.LCFI10:
 1117              		.cfi_remember_state
 1118              		.cfi_restore 4
 1119              		.cfi_def_cfa_offset 0
 1120 0030 7047     		bx	lr
 1121              	.LVL80:
 1122              	.L93:
 1123              	.LCFI11:
 1124              		.cfi_restore_state
1955:Drivers/STM32H7xx_HAL_Driver/Src/stm32h7xx_hal_flash_ex.c ****     bankBase = FLASH_BANK1_BASE;
 1125              		.loc 1 1955 5 is_stmt 1 view .LVU353
1955:Drivers/STM32H7xx_HAL_Driver/Src/stm32h7xx_hal_flash_ex.c ****     bankBase = FLASH_BANK1_BASE;
 1126              		.loc 1 1955 14 is_stmt 0 view .LVU354
 1127 0032 064C     		ldr	r4, .L95+4
 1128 0034 246B     		ldr	r4, [r4, #48]
 1129              	.LVL81:
1956:Drivers/STM32H7xx_HAL_Driver/Src/stm32h7xx_hal_flash_ex.c ****   }
 1130              		.loc 1 1956 5 is_stmt 1 view .LVU355
1956:Drivers/STM32H7xx_HAL_Driver/Src/stm32h7xx_hal_flash_ex.c ****   }
 1131              		.loc 1 1956 14 is_stmt 0 view .LVU356
 1132 0036 4FF0006C 		mov	ip, #134217728
 1133 003a E7E7     		b	.L89
 1134              	.LVL82:
 1135              	.L94:
1962:Drivers/STM32H7xx_HAL_Driver/Src/stm32h7xx_hal_flash_ex.c ****     bankBase = FLASH_BANK2_BASE;
 1136              		.loc 1 1962 5 is_stmt 1 view .LVU357
1962:Drivers/STM32H7xx_HAL_Driver/Src/stm32h7xx_hal_flash_ex.c ****     bankBase = FLASH_BANK2_BASE;
 1137              		.loc 1 1962 14 is_stmt 0 view .LVU358
ARM GAS  /tmp/cck0UwGt.s 			page 56


 1138 003c 034B     		ldr	r3, .L95+4
 1139              	.LVL83:
1962:Drivers/STM32H7xx_HAL_Driver/Src/stm32h7xx_hal_flash_ex.c ****     bankBase = FLASH_BANK2_BASE;
 1140              		.loc 1 1962 14 view .LVU359
 1141 003e D3F83041 		ldr	r4, [r3, #304]
 1142              	.LVL84:
1963:Drivers/STM32H7xx_HAL_Driver/Src/stm32h7xx_hal_flash_ex.c ****   }
 1143              		.loc 1 1963 5 is_stmt 1 view .LVU360
1963:Drivers/STM32H7xx_HAL_Driver/Src/stm32h7xx_hal_flash_ex.c ****   }
 1144              		.loc 1 1963 14 is_stmt 0 view .LVU361
 1145 0042 4FF0016C 		mov	ip, #135266304
 1146 0046 E3E7     		b	.L90
 1147              	.L96:
 1148              		.align	2
 1149              	.L95:
 1150 0048 00FF0F00 		.word	1048320
 1151 004c 00200052 		.word	1375739904
 1152              		.cfi_endproc
 1153              	.LFE171:
 1155              		.section	.text.FLASH_CRC_AddSector,"ax",%progbits
 1156              		.align	1
 1157              		.syntax unified
 1158              		.thumb
 1159              		.thumb_func
 1161              	FLASH_CRC_AddSector:
 1162              	.LVL85:
 1163              	.LFB172:
1973:Drivers/STM32H7xx_HAL_Driver/Src/stm32h7xx_hal_flash_ex.c **** 
1974:Drivers/STM32H7xx_HAL_Driver/Src/stm32h7xx_hal_flash_ex.c **** /**
1975:Drivers/STM32H7xx_HAL_Driver/Src/stm32h7xx_hal_flash_ex.c ****   * @brief  Add a CRC sector to the list of sectors on which the CRC will be calculated
1976:Drivers/STM32H7xx_HAL_Driver/Src/stm32h7xx_hal_flash_ex.c ****   * @param  Sector Specifies the CRC sector number
1977:Drivers/STM32H7xx_HAL_Driver/Src/stm32h7xx_hal_flash_ex.c ****   * @param  Bank Specifies the Bank
1978:Drivers/STM32H7xx_HAL_Driver/Src/stm32h7xx_hal_flash_ex.c ****   * @retval None
1979:Drivers/STM32H7xx_HAL_Driver/Src/stm32h7xx_hal_flash_ex.c ****   */
1980:Drivers/STM32H7xx_HAL_Driver/Src/stm32h7xx_hal_flash_ex.c **** static void FLASH_CRC_AddSector(uint32_t Sector, uint32_t Bank)
1981:Drivers/STM32H7xx_HAL_Driver/Src/stm32h7xx_hal_flash_ex.c **** {
 1164              		.loc 1 1981 1 is_stmt 1 view -0
 1165              		.cfi_startproc
 1166              		@ args = 0, pretend = 0, frame = 0
 1167              		@ frame_needed = 0, uses_anonymous_args = 0
 1168              		@ link register save eliminated.
1982:Drivers/STM32H7xx_HAL_Driver/Src/stm32h7xx_hal_flash_ex.c ****   /* Check the parameters */
1983:Drivers/STM32H7xx_HAL_Driver/Src/stm32h7xx_hal_flash_ex.c ****   assert_param(IS_FLASH_SECTOR(Sector));
 1169              		.loc 1 1983 3 view .LVU363
1984:Drivers/STM32H7xx_HAL_Driver/Src/stm32h7xx_hal_flash_ex.c **** 
1985:Drivers/STM32H7xx_HAL_Driver/Src/stm32h7xx_hal_flash_ex.c ****   if (Bank == FLASH_BANK_1)
 1170              		.loc 1 1985 3 view .LVU364
 1171              		.loc 1 1985 6 is_stmt 0 view .LVU365
 1172 0000 0129     		cmp	r1, #1
 1173 0002 0ED0     		beq	.L100
1986:Drivers/STM32H7xx_HAL_Driver/Src/stm32h7xx_hal_flash_ex.c ****   {
1987:Drivers/STM32H7xx_HAL_Driver/Src/stm32h7xx_hal_flash_ex.c ****     /* Clear CRC sector */
1988:Drivers/STM32H7xx_HAL_Driver/Src/stm32h7xx_hal_flash_ex.c ****     FLASH->CRCCR1 &= (~FLASH_CRCCR_CRC_SECT);
1989:Drivers/STM32H7xx_HAL_Driver/Src/stm32h7xx_hal_flash_ex.c **** 
1990:Drivers/STM32H7xx_HAL_Driver/Src/stm32h7xx_hal_flash_ex.c ****     /* Select CRC Sector and activate ADD_SECT bit */
1991:Drivers/STM32H7xx_HAL_Driver/Src/stm32h7xx_hal_flash_ex.c ****     FLASH->CRCCR1 |= Sector | FLASH_CRCCR_ADD_SECT;
1992:Drivers/STM32H7xx_HAL_Driver/Src/stm32h7xx_hal_flash_ex.c ****   }
ARM GAS  /tmp/cck0UwGt.s 			page 57


1993:Drivers/STM32H7xx_HAL_Driver/Src/stm32h7xx_hal_flash_ex.c **** #if defined (DUAL_BANK)
1994:Drivers/STM32H7xx_HAL_Driver/Src/stm32h7xx_hal_flash_ex.c ****   else
1995:Drivers/STM32H7xx_HAL_Driver/Src/stm32h7xx_hal_flash_ex.c ****   {
1996:Drivers/STM32H7xx_HAL_Driver/Src/stm32h7xx_hal_flash_ex.c ****     /* Clear CRC sector */
1997:Drivers/STM32H7xx_HAL_Driver/Src/stm32h7xx_hal_flash_ex.c ****     FLASH->CRCCR2 &= (~FLASH_CRCCR_CRC_SECT);
 1174              		.loc 1 1997 5 is_stmt 1 view .LVU366
 1175              		.loc 1 1997 10 is_stmt 0 view .LVU367
 1176 0004 0C4A     		ldr	r2, .L101
 1177 0006 D2F85031 		ldr	r3, [r2, #336]
 1178              		.loc 1 1997 19 view .LVU368
 1179 000a 23F00703 		bic	r3, r3, #7
 1180 000e C2F85031 		str	r3, [r2, #336]
1998:Drivers/STM32H7xx_HAL_Driver/Src/stm32h7xx_hal_flash_ex.c **** 
1999:Drivers/STM32H7xx_HAL_Driver/Src/stm32h7xx_hal_flash_ex.c ****     /* Select CRC Sector and activate ADD_SECT bit */
2000:Drivers/STM32H7xx_HAL_Driver/Src/stm32h7xx_hal_flash_ex.c ****     FLASH->CRCCR2 |= Sector | FLASH_CRCCR_ADD_SECT;
 1181              		.loc 1 2000 5 is_stmt 1 view .LVU369
 1182              		.loc 1 2000 10 is_stmt 0 view .LVU370
 1183 0012 D2F85031 		ldr	r3, [r2, #336]
 1184              		.loc 1 2000 19 view .LVU371
 1185 0016 0343     		orrs	r3, r3, r0
 1186 0018 43F40073 		orr	r3, r3, #512
 1187 001c C2F85031 		str	r3, [r2, #336]
2001:Drivers/STM32H7xx_HAL_Driver/Src/stm32h7xx_hal_flash_ex.c ****   }
2002:Drivers/STM32H7xx_HAL_Driver/Src/stm32h7xx_hal_flash_ex.c **** #endif /* DUAL_BANK */
2003:Drivers/STM32H7xx_HAL_Driver/Src/stm32h7xx_hal_flash_ex.c **** }
 1188              		.loc 1 2003 1 view .LVU372
 1189 0020 7047     		bx	lr
 1190              	.L100:
1988:Drivers/STM32H7xx_HAL_Driver/Src/stm32h7xx_hal_flash_ex.c **** 
 1191              		.loc 1 1988 5 is_stmt 1 view .LVU373
1988:Drivers/STM32H7xx_HAL_Driver/Src/stm32h7xx_hal_flash_ex.c **** 
 1192              		.loc 1 1988 10 is_stmt 0 view .LVU374
 1193 0022 054A     		ldr	r2, .L101
 1194 0024 136D     		ldr	r3, [r2, #80]
1988:Drivers/STM32H7xx_HAL_Driver/Src/stm32h7xx_hal_flash_ex.c **** 
 1195              		.loc 1 1988 19 view .LVU375
 1196 0026 23F00703 		bic	r3, r3, #7
 1197 002a 1365     		str	r3, [r2, #80]
1991:Drivers/STM32H7xx_HAL_Driver/Src/stm32h7xx_hal_flash_ex.c ****   }
 1198              		.loc 1 1991 5 is_stmt 1 view .LVU376
1991:Drivers/STM32H7xx_HAL_Driver/Src/stm32h7xx_hal_flash_ex.c ****   }
 1199              		.loc 1 1991 10 is_stmt 0 view .LVU377
 1200 002c 136D     		ldr	r3, [r2, #80]
1991:Drivers/STM32H7xx_HAL_Driver/Src/stm32h7xx_hal_flash_ex.c ****   }
 1201              		.loc 1 1991 19 view .LVU378
 1202 002e 0343     		orrs	r3, r3, r0
 1203 0030 43F40073 		orr	r3, r3, #512
 1204 0034 1365     		str	r3, [r2, #80]
 1205 0036 7047     		bx	lr
 1206              	.L102:
 1207              		.align	2
 1208              	.L101:
 1209 0038 00200052 		.word	1375739904
 1210              		.cfi_endproc
 1211              	.LFE172:
 1213              		.section	.text.FLASH_CRC_SelectAddress,"ax",%progbits
 1214              		.align	1
ARM GAS  /tmp/cck0UwGt.s 			page 58


 1215              		.syntax unified
 1216              		.thumb
 1217              		.thumb_func
 1219              	FLASH_CRC_SelectAddress:
 1220              	.LVL86:
 1221              	.LFB173:
2004:Drivers/STM32H7xx_HAL_Driver/Src/stm32h7xx_hal_flash_ex.c **** 
2005:Drivers/STM32H7xx_HAL_Driver/Src/stm32h7xx_hal_flash_ex.c **** /**
2006:Drivers/STM32H7xx_HAL_Driver/Src/stm32h7xx_hal_flash_ex.c ****   * @brief  Select CRC start and end memory addresses on which the CRC will be calculated
2007:Drivers/STM32H7xx_HAL_Driver/Src/stm32h7xx_hal_flash_ex.c ****   * @param  CRCStartAddr Specifies the CRC start address
2008:Drivers/STM32H7xx_HAL_Driver/Src/stm32h7xx_hal_flash_ex.c ****   * @param  CRCEndAddr Specifies the CRC end address
2009:Drivers/STM32H7xx_HAL_Driver/Src/stm32h7xx_hal_flash_ex.c ****   * @param  Bank Specifies the Bank
2010:Drivers/STM32H7xx_HAL_Driver/Src/stm32h7xx_hal_flash_ex.c ****   * @retval None
2011:Drivers/STM32H7xx_HAL_Driver/Src/stm32h7xx_hal_flash_ex.c ****   */
2012:Drivers/STM32H7xx_HAL_Driver/Src/stm32h7xx_hal_flash_ex.c **** static void FLASH_CRC_SelectAddress(uint32_t CRCStartAddr, uint32_t CRCEndAddr, uint32_t Bank)
2013:Drivers/STM32H7xx_HAL_Driver/Src/stm32h7xx_hal_flash_ex.c **** {
 1222              		.loc 1 2013 1 is_stmt 1 view -0
 1223              		.cfi_startproc
 1224              		@ args = 0, pretend = 0, frame = 0
 1225              		@ frame_needed = 0, uses_anonymous_args = 0
 1226              		@ link register save eliminated.
2014:Drivers/STM32H7xx_HAL_Driver/Src/stm32h7xx_hal_flash_ex.c ****   if (Bank == FLASH_BANK_1)
 1227              		.loc 1 2014 3 view .LVU380
 1228              		.loc 1 2014 6 is_stmt 0 view .LVU381
 1229 0000 012A     		cmp	r2, #1
 1230 0002 05D0     		beq	.L106
2015:Drivers/STM32H7xx_HAL_Driver/Src/stm32h7xx_hal_flash_ex.c ****   {
2016:Drivers/STM32H7xx_HAL_Driver/Src/stm32h7xx_hal_flash_ex.c ****     assert_param(IS_FLASH_PROGRAM_ADDRESS_BANK1(CRCStartAddr));
2017:Drivers/STM32H7xx_HAL_Driver/Src/stm32h7xx_hal_flash_ex.c ****     assert_param(IS_FLASH_PROGRAM_ADDRESS_BANK1(CRCEndAddr));
2018:Drivers/STM32H7xx_HAL_Driver/Src/stm32h7xx_hal_flash_ex.c **** 
2019:Drivers/STM32H7xx_HAL_Driver/Src/stm32h7xx_hal_flash_ex.c ****     /* Write CRC Start and End addresses */
2020:Drivers/STM32H7xx_HAL_Driver/Src/stm32h7xx_hal_flash_ex.c ****     FLASH->CRCSADD1 = CRCStartAddr;
2021:Drivers/STM32H7xx_HAL_Driver/Src/stm32h7xx_hal_flash_ex.c ****     FLASH->CRCEADD1 = CRCEndAddr;
2022:Drivers/STM32H7xx_HAL_Driver/Src/stm32h7xx_hal_flash_ex.c ****   }
2023:Drivers/STM32H7xx_HAL_Driver/Src/stm32h7xx_hal_flash_ex.c **** #if defined (DUAL_BANK)
2024:Drivers/STM32H7xx_HAL_Driver/Src/stm32h7xx_hal_flash_ex.c ****   else
2025:Drivers/STM32H7xx_HAL_Driver/Src/stm32h7xx_hal_flash_ex.c ****   {
2026:Drivers/STM32H7xx_HAL_Driver/Src/stm32h7xx_hal_flash_ex.c ****     assert_param(IS_FLASH_PROGRAM_ADDRESS_BANK2(CRCStartAddr));
 1231              		.loc 1 2026 5 is_stmt 1 view .LVU382
2027:Drivers/STM32H7xx_HAL_Driver/Src/stm32h7xx_hal_flash_ex.c ****     assert_param(IS_FLASH_PROGRAM_ADDRESS_BANK2(CRCEndAddr));
 1232              		.loc 1 2027 5 view .LVU383
2028:Drivers/STM32H7xx_HAL_Driver/Src/stm32h7xx_hal_flash_ex.c **** 
2029:Drivers/STM32H7xx_HAL_Driver/Src/stm32h7xx_hal_flash_ex.c ****     /* Write CRC Start and End addresses */
2030:Drivers/STM32H7xx_HAL_Driver/Src/stm32h7xx_hal_flash_ex.c ****     FLASH->CRCSADD2 = CRCStartAddr;
 1233              		.loc 1 2030 5 view .LVU384
 1234              		.loc 1 2030 21 is_stmt 0 view .LVU385
 1235 0004 044B     		ldr	r3, .L107
 1236 0006 C3F85401 		str	r0, [r3, #340]
2031:Drivers/STM32H7xx_HAL_Driver/Src/stm32h7xx_hal_flash_ex.c ****     FLASH->CRCEADD2 = CRCEndAddr;
 1237              		.loc 1 2031 5 is_stmt 1 view .LVU386
 1238              		.loc 1 2031 21 is_stmt 0 view .LVU387
 1239 000a C3F85811 		str	r1, [r3, #344]
2032:Drivers/STM32H7xx_HAL_Driver/Src/stm32h7xx_hal_flash_ex.c ****   }
2033:Drivers/STM32H7xx_HAL_Driver/Src/stm32h7xx_hal_flash_ex.c **** #endif /* DUAL_BANK */
2034:Drivers/STM32H7xx_HAL_Driver/Src/stm32h7xx_hal_flash_ex.c **** }
 1240              		.loc 1 2034 1 view .LVU388
 1241 000e 7047     		bx	lr
ARM GAS  /tmp/cck0UwGt.s 			page 59


 1242              	.L106:
2016:Drivers/STM32H7xx_HAL_Driver/Src/stm32h7xx_hal_flash_ex.c ****     assert_param(IS_FLASH_PROGRAM_ADDRESS_BANK1(CRCEndAddr));
 1243              		.loc 1 2016 5 is_stmt 1 view .LVU389
2017:Drivers/STM32H7xx_HAL_Driver/Src/stm32h7xx_hal_flash_ex.c **** 
 1244              		.loc 1 2017 5 view .LVU390
2020:Drivers/STM32H7xx_HAL_Driver/Src/stm32h7xx_hal_flash_ex.c ****     FLASH->CRCEADD1 = CRCEndAddr;
 1245              		.loc 1 2020 5 view .LVU391
2020:Drivers/STM32H7xx_HAL_Driver/Src/stm32h7xx_hal_flash_ex.c ****     FLASH->CRCEADD1 = CRCEndAddr;
 1246              		.loc 1 2020 21 is_stmt 0 view .LVU392
 1247 0010 014B     		ldr	r3, .L107
 1248 0012 5865     		str	r0, [r3, #84]
2021:Drivers/STM32H7xx_HAL_Driver/Src/stm32h7xx_hal_flash_ex.c ****   }
 1249              		.loc 1 2021 5 is_stmt 1 view .LVU393
2021:Drivers/STM32H7xx_HAL_Driver/Src/stm32h7xx_hal_flash_ex.c ****   }
 1250              		.loc 1 2021 21 is_stmt 0 view .LVU394
 1251 0014 9965     		str	r1, [r3, #88]
 1252 0016 7047     		bx	lr
 1253              	.L108:
 1254              		.align	2
 1255              	.L107:
 1256 0018 00200052 		.word	1375739904
 1257              		.cfi_endproc
 1258              	.LFE173:
 1260              		.section	.text.HAL_FLASHEx_OBProgram,"ax",%progbits
 1261              		.align	1
 1262              		.global	HAL_FLASHEx_OBProgram
 1263              		.syntax unified
 1264              		.thumb
 1265              		.thumb_func
 1267              	HAL_FLASHEx_OBProgram:
 1268              	.LVL87:
 1269              	.LFB148:
 437:Drivers/STM32H7xx_HAL_Driver/Src/stm32h7xx_hal_flash_ex.c ****   HAL_StatusTypeDef status;
 1270              		.loc 1 437 1 is_stmt 1 view -0
 1271              		.cfi_startproc
 1272              		@ args = 0, pretend = 0, frame = 0
 1273              		@ frame_needed = 0, uses_anonymous_args = 0
 437:Drivers/STM32H7xx_HAL_Driver/Src/stm32h7xx_hal_flash_ex.c ****   HAL_StatusTypeDef status;
 1274              		.loc 1 437 1 is_stmt 0 view .LVU396
 1275 0000 38B5     		push	{r3, r4, r5, lr}
 1276              	.LCFI12:
 1277              		.cfi_def_cfa_offset 16
 1278              		.cfi_offset 3, -16
 1279              		.cfi_offset 4, -12
 1280              		.cfi_offset 5, -8
 1281              		.cfi_offset 14, -4
 438:Drivers/STM32H7xx_HAL_Driver/Src/stm32h7xx_hal_flash_ex.c **** 
 1282              		.loc 1 438 3 is_stmt 1 view .LVU397
 441:Drivers/STM32H7xx_HAL_Driver/Src/stm32h7xx_hal_flash_ex.c **** 
 1283              		.loc 1 441 3 view .LVU398
 444:Drivers/STM32H7xx_HAL_Driver/Src/stm32h7xx_hal_flash_ex.c **** 
 1284              		.loc 1 444 3 view .LVU399
 444:Drivers/STM32H7xx_HAL_Driver/Src/stm32h7xx_hal_flash_ex.c **** 
 1285              		.loc 1 444 3 view .LVU400
 1286 0002 354B     		ldr	r3, .L130
 1287 0004 1B7D     		ldrb	r3, [r3, #20]	@ zero_extendqisi2
 1288 0006 012B     		cmp	r3, #1
ARM GAS  /tmp/cck0UwGt.s 			page 60


 1289 0008 63D0     		beq	.L119
 1290 000a 0446     		mov	r4, r0
 444:Drivers/STM32H7xx_HAL_Driver/Src/stm32h7xx_hal_flash_ex.c **** 
 1291              		.loc 1 444 3 discriminator 2 view .LVU401
 1292 000c 324B     		ldr	r3, .L130
 1293 000e 0121     		movs	r1, #1
 1294 0010 1975     		strb	r1, [r3, #20]
 444:Drivers/STM32H7xx_HAL_Driver/Src/stm32h7xx_hal_flash_ex.c **** 
 1295              		.loc 1 444 3 discriminator 2 view .LVU402
 447:Drivers/STM32H7xx_HAL_Driver/Src/stm32h7xx_hal_flash_ex.c **** 
 1296              		.loc 1 447 3 view .LVU403
 447:Drivers/STM32H7xx_HAL_Driver/Src/stm32h7xx_hal_flash_ex.c **** 
 1297              		.loc 1 447 20 is_stmt 0 view .LVU404
 1298 0012 0022     		movs	r2, #0
 1299 0014 9A61     		str	r2, [r3, #24]
 450:Drivers/STM32H7xx_HAL_Driver/Src/stm32h7xx_hal_flash_ex.c ****   {
 1300              		.loc 1 450 3 is_stmt 1 view .LVU405
 450:Drivers/STM32H7xx_HAL_Driver/Src/stm32h7xx_hal_flash_ex.c ****   {
 1301              		.loc 1 450 6 is_stmt 0 view .LVU406
 1302 0016 4CF25030 		movw	r0, #50000
 1303              	.LVL88:
 450:Drivers/STM32H7xx_HAL_Driver/Src/stm32h7xx_hal_flash_ex.c ****   {
 1304              		.loc 1 450 6 view .LVU407
 1305 001a FFF7FEFF 		bl	FLASH_WaitForLastOperation
 1306              	.LVL89:
 450:Drivers/STM32H7xx_HAL_Driver/Src/stm32h7xx_hal_flash_ex.c ****   {
 1307              		.loc 1 450 5 discriminator 1 view .LVU408
 1308 001e 28B1     		cbz	r0, .L123
 452:Drivers/STM32H7xx_HAL_Driver/Src/stm32h7xx_hal_flash_ex.c ****   }
 1309              		.loc 1 452 12 view .LVU409
 1310 0020 0125     		movs	r5, #1
 1311              	.L111:
 565:Drivers/STM32H7xx_HAL_Driver/Src/stm32h7xx_hal_flash_ex.c **** 
 1312              		.loc 1 565 3 is_stmt 1 view .LVU410
 565:Drivers/STM32H7xx_HAL_Driver/Src/stm32h7xx_hal_flash_ex.c **** 
 1313              		.loc 1 565 3 view .LVU411
 1314 0022 2D4B     		ldr	r3, .L130
 1315 0024 0022     		movs	r2, #0
 1316 0026 1A75     		strb	r2, [r3, #20]
 565:Drivers/STM32H7xx_HAL_Driver/Src/stm32h7xx_hal_flash_ex.c **** 
 1317              		.loc 1 565 3 view .LVU412
 567:Drivers/STM32H7xx_HAL_Driver/Src/stm32h7xx_hal_flash_ex.c **** }
 1318              		.loc 1 567 3 view .LVU413
 1319              	.LVL90:
 1320              	.L110:
 568:Drivers/STM32H7xx_HAL_Driver/Src/stm32h7xx_hal_flash_ex.c **** 
 1321              		.loc 1 568 1 is_stmt 0 view .LVU414
 1322 0028 2846     		mov	r0, r5
 1323 002a 38BD     		pop	{r3, r4, r5, pc}
 1324              	.LVL91:
 1325              	.L123:
 455:Drivers/STM32H7xx_HAL_Driver/Src/stm32h7xx_hal_flash_ex.c ****   {
 1326              		.loc 1 455 8 is_stmt 1 view .LVU415
 455:Drivers/STM32H7xx_HAL_Driver/Src/stm32h7xx_hal_flash_ex.c ****   {
 1327              		.loc 1 455 11 is_stmt 0 view .LVU416
 1328 002c 0221     		movs	r1, #2
 1329 002e 4CF25030 		movw	r0, #50000
ARM GAS  /tmp/cck0UwGt.s 			page 61


 1330 0032 FFF7FEFF 		bl	FLASH_WaitForLastOperation
 1331              	.LVL92:
 455:Drivers/STM32H7xx_HAL_Driver/Src/stm32h7xx_hal_flash_ex.c ****   {
 1332              		.loc 1 455 10 discriminator 1 view .LVU417
 1333 0036 0546     		mov	r5, r0
 1334 0038 0028     		cmp	r0, #0
 1335 003a 48D1     		bne	.L121
 462:Drivers/STM32H7xx_HAL_Driver/Src/stm32h7xx_hal_flash_ex.c ****   }
 1336              		.loc 1 462 5 is_stmt 1 view .LVU418
 1337              	.LVL93:
 465:Drivers/STM32H7xx_HAL_Driver/Src/stm32h7xx_hal_flash_ex.c ****   {
 1338              		.loc 1 465 3 view .LVU419
 468:Drivers/STM32H7xx_HAL_Driver/Src/stm32h7xx_hal_flash_ex.c ****     {
 1339              		.loc 1 468 5 view .LVU420
 468:Drivers/STM32H7xx_HAL_Driver/Src/stm32h7xx_hal_flash_ex.c ****     {
 1340              		.loc 1 468 16 is_stmt 0 view .LVU421
 1341 003c 2368     		ldr	r3, [r4]
 468:Drivers/STM32H7xx_HAL_Driver/Src/stm32h7xx_hal_flash_ex.c ****     {
 1342              		.loc 1 468 7 view .LVU422
 1343 003e 13F0010F 		tst	r3, #1
 1344 0042 06D0     		beq	.L112
 470:Drivers/STM32H7xx_HAL_Driver/Src/stm32h7xx_hal_flash_ex.c **** 
 1345              		.loc 1 470 7 is_stmt 1 view .LVU423
 472:Drivers/STM32H7xx_HAL_Driver/Src/stm32h7xx_hal_flash_ex.c ****       {
 1346              		.loc 1 472 7 view .LVU424
 472:Drivers/STM32H7xx_HAL_Driver/Src/stm32h7xx_hal_flash_ex.c ****       {
 1347              		.loc 1 472 17 is_stmt 0 view .LVU425
 1348 0044 6368     		ldr	r3, [r4, #4]
 472:Drivers/STM32H7xx_HAL_Driver/Src/stm32h7xx_hal_flash_ex.c ****       {
 1349              		.loc 1 472 9 view .LVU426
 1350 0046 012B     		cmp	r3, #1
 1351 0048 22D0     		beq	.L124
 480:Drivers/STM32H7xx_HAL_Driver/Src/stm32h7xx_hal_flash_ex.c ****       }
 1352              		.loc 1 480 9 is_stmt 1 view .LVU427
 1353 004a E169     		ldr	r1, [r4, #28]
 1354 004c A068     		ldr	r0, [r4, #8]
 1355 004e FFF7FEFF 		bl	FLASH_OB_DisableWRP
 1356              	.LVL94:
 1357              	.L112:
 485:Drivers/STM32H7xx_HAL_Driver/Src/stm32h7xx_hal_flash_ex.c ****     {
 1358              		.loc 1 485 5 view .LVU428
 485:Drivers/STM32H7xx_HAL_Driver/Src/stm32h7xx_hal_flash_ex.c ****     {
 1359              		.loc 1 485 16 is_stmt 0 view .LVU429
 1360 0052 2368     		ldr	r3, [r4]
 485:Drivers/STM32H7xx_HAL_Driver/Src/stm32h7xx_hal_flash_ex.c ****     {
 1361              		.loc 1 485 7 view .LVU430
 1362 0054 13F0020F 		tst	r3, #2
 1363 0058 1FD1     		bne	.L125
 1364              	.L114:
 492:Drivers/STM32H7xx_HAL_Driver/Src/stm32h7xx_hal_flash_ex.c ****     {
 1365              		.loc 1 492 5 is_stmt 1 view .LVU431
 492:Drivers/STM32H7xx_HAL_Driver/Src/stm32h7xx_hal_flash_ex.c ****     {
 1366              		.loc 1 492 16 is_stmt 0 view .LVU432
 1367 005a 2368     		ldr	r3, [r4]
 492:Drivers/STM32H7xx_HAL_Driver/Src/stm32h7xx_hal_flash_ex.c ****     {
 1368              		.loc 1 492 7 view .LVU433
 1369 005c 13F0040F 		tst	r3, #4
ARM GAS  /tmp/cck0UwGt.s 			page 62


 1370 0060 1FD1     		bne	.L126
 1371              	.L115:
 499:Drivers/STM32H7xx_HAL_Driver/Src/stm32h7xx_hal_flash_ex.c ****     {
 1372              		.loc 1 499 5 is_stmt 1 view .LVU434
 499:Drivers/STM32H7xx_HAL_Driver/Src/stm32h7xx_hal_flash_ex.c ****     {
 1373              		.loc 1 499 16 is_stmt 0 view .LVU435
 1374 0062 2368     		ldr	r3, [r4]
 499:Drivers/STM32H7xx_HAL_Driver/Src/stm32h7xx_hal_flash_ex.c ****     {
 1375              		.loc 1 499 7 view .LVU436
 1376 0064 13F0080F 		tst	r3, #8
 1377 0068 20D1     		bne	.L127
 1378              	.L116:
 508:Drivers/STM32H7xx_HAL_Driver/Src/stm32h7xx_hal_flash_ex.c ****     {
 1379              		.loc 1 508 5 is_stmt 1 view .LVU437
 508:Drivers/STM32H7xx_HAL_Driver/Src/stm32h7xx_hal_flash_ex.c ****     {
 1380              		.loc 1 508 16 is_stmt 0 view .LVU438
 1381 006a 2368     		ldr	r3, [r4]
 508:Drivers/STM32H7xx_HAL_Driver/Src/stm32h7xx_hal_flash_ex.c ****     {
 1382              		.loc 1 508 7 view .LVU439
 1383 006c 13F0100F 		tst	r3, #16
 1384 0070 23D1     		bne	.L128
 1385              	.L117:
 527:Drivers/STM32H7xx_HAL_Driver/Src/stm32h7xx_hal_flash_ex.c ****     {
 1386              		.loc 1 527 5 is_stmt 1 view .LVU440
 527:Drivers/STM32H7xx_HAL_Driver/Src/stm32h7xx_hal_flash_ex.c ****     {
 1387              		.loc 1 527 16 is_stmt 0 view .LVU441
 1388 0072 2368     		ldr	r3, [r4]
 527:Drivers/STM32H7xx_HAL_Driver/Src/stm32h7xx_hal_flash_ex.c ****     {
 1389              		.loc 1 527 7 view .LVU442
 1390 0074 13F0400F 		tst	r3, #64
 1391 0078 23D1     		bne	.L129
 1392              	.L118:
 534:Drivers/STM32H7xx_HAL_Driver/Src/stm32h7xx_hal_flash_ex.c ****     {
 1393              		.loc 1 534 5 is_stmt 1 view .LVU443
 534:Drivers/STM32H7xx_HAL_Driver/Src/stm32h7xx_hal_flash_ex.c ****     {
 1394              		.loc 1 534 16 is_stmt 0 view .LVU444
 1395 007a 2368     		ldr	r3, [r4]
 534:Drivers/STM32H7xx_HAL_Driver/Src/stm32h7xx_hal_flash_ex.c ****     {
 1396              		.loc 1 534 7 view .LVU445
 1397 007c 13F0200F 		tst	r3, #32
 1398 0080 CFD0     		beq	.L111
 536:Drivers/STM32H7xx_HAL_Driver/Src/stm32h7xx_hal_flash_ex.c ****     }
 1399              		.loc 1 536 7 is_stmt 1 view .LVU446
 1400 0082 E369     		ldr	r3, [r4, #28]
 1401 0084 226C     		ldr	r2, [r4, #64]
 1402 0086 E16B     		ldr	r1, [r4, #60]
 1403 0088 A06B     		ldr	r0, [r4, #56]
 1404 008a FFF7FEFF 		bl	FLASH_OB_SecureAreaConfig
 1405              	.LVL95:
 1406 008e C8E7     		b	.L111
 1407              	.L124:
 475:Drivers/STM32H7xx_HAL_Driver/Src/stm32h7xx_hal_flash_ex.c ****       }
 1408              		.loc 1 475 9 view .LVU447
 1409 0090 E169     		ldr	r1, [r4, #28]
 1410 0092 A068     		ldr	r0, [r4, #8]
 1411 0094 FFF7FEFF 		bl	FLASH_OB_EnableWRP
 1412              	.LVL96:
ARM GAS  /tmp/cck0UwGt.s 			page 63


 1413 0098 DBE7     		b	.L112
 1414              	.L125:
 488:Drivers/STM32H7xx_HAL_Driver/Src/stm32h7xx_hal_flash_ex.c ****     }
 1415              		.loc 1 488 7 view .LVU448
 1416 009a E068     		ldr	r0, [r4, #12]
 1417 009c FFF7FEFF 		bl	FLASH_OB_RDPConfig
 1418              	.LVL97:
 1419 00a0 DBE7     		b	.L114
 1420              	.L126:
 495:Drivers/STM32H7xx_HAL_Driver/Src/stm32h7xx_hal_flash_ex.c ****     }
 1421              		.loc 1 495 7 view .LVU449
 1422 00a2 A169     		ldr	r1, [r4, #24]
 1423 00a4 6069     		ldr	r0, [r4, #20]
 1424 00a6 FFF7FEFF 		bl	FLASH_OB_UserConfig
 1425              	.LVL98:
 1426 00aa DAE7     		b	.L115
 1427              	.L127:
 501:Drivers/STM32H7xx_HAL_Driver/Src/stm32h7xx_hal_flash_ex.c **** 
 1428              		.loc 1 501 7 view .LVU450
 504:Drivers/STM32H7xx_HAL_Driver/Src/stm32h7xx_hal_flash_ex.c ****     }
 1429              		.loc 1 504 7 view .LVU451
 1430 00ac E369     		ldr	r3, [r4, #28]
 1431 00ae A26A     		ldr	r2, [r4, #40]
 1432 00b0 616A     		ldr	r1, [r4, #36]
 1433 00b2 206A     		ldr	r0, [r4, #32]
 1434 00b4 FFF7FEFF 		bl	FLASH_OB_PCROPConfig
 1435              	.LVL99:
 1436 00b8 D7E7     		b	.L116
 1437              	.L128:
 510:Drivers/STM32H7xx_HAL_Driver/Src/stm32h7xx_hal_flash_ex.c ****     }
 1438              		.loc 1 510 7 view .LVU452
 1439 00ba 2069     		ldr	r0, [r4, #16]
 1440 00bc FFF7FEFF 		bl	FLASH_OB_BOR_LevelConfig
 1441              	.LVL100:
 1442 00c0 D7E7     		b	.L117
 1443              	.L129:
 529:Drivers/STM32H7xx_HAL_Driver/Src/stm32h7xx_hal_flash_ex.c ****     }
 1444              		.loc 1 529 7 view .LVU453
 1445 00c2 626B     		ldr	r2, [r4, #52]
 1446 00c4 216B     		ldr	r1, [r4, #48]
 1447 00c6 E06A     		ldr	r0, [r4, #44]
 1448 00c8 FFF7FEFF 		bl	FLASH_OB_BootAddConfig
 1449              	.LVL101:
 1450 00cc D5E7     		b	.L118
 1451              	.LVL102:
 1452              	.L121:
 457:Drivers/STM32H7xx_HAL_Driver/Src/stm32h7xx_hal_flash_ex.c ****   }
 1453              		.loc 1 457 12 is_stmt 0 view .LVU454
 1454 00ce 0125     		movs	r5, #1
 1455 00d0 A7E7     		b	.L111
 1456              	.LVL103:
 1457              	.L119:
 444:Drivers/STM32H7xx_HAL_Driver/Src/stm32h7xx_hal_flash_ex.c **** 
 1458              		.loc 1 444 3 discriminator 1 view .LVU455
 1459 00d2 0225     		movs	r5, #2
 1460 00d4 A8E7     		b	.L110
 1461              	.L131:
ARM GAS  /tmp/cck0UwGt.s 			page 64


 1462 00d6 00BF     		.align	2
 1463              	.L130:
 1464 00d8 00000000 		.word	pFlash
 1465              		.cfi_endproc
 1466              	.LFE148:
 1468              		.section	.text.HAL_FLASHEx_OBGetConfig,"ax",%progbits
 1469              		.align	1
 1470              		.global	HAL_FLASHEx_OBGetConfig
 1471              		.syntax unified
 1472              		.thumb
 1473              		.thumb_func
 1475              	HAL_FLASHEx_OBGetConfig:
 1476              	.LVL104:
 1477              	.LFB149:
 580:Drivers/STM32H7xx_HAL_Driver/Src/stm32h7xx_hal_flash_ex.c ****   pOBInit->OptionType = (OPTIONBYTE_USER | OPTIONBYTE_RDP | OPTIONBYTE_BOR);
 1478              		.loc 1 580 1 is_stmt 1 view -0
 1479              		.cfi_startproc
 1480              		@ args = 0, pretend = 0, frame = 0
 1481              		@ frame_needed = 0, uses_anonymous_args = 0
 580:Drivers/STM32H7xx_HAL_Driver/Src/stm32h7xx_hal_flash_ex.c ****   pOBInit->OptionType = (OPTIONBYTE_USER | OPTIONBYTE_RDP | OPTIONBYTE_BOR);
 1482              		.loc 1 580 1 is_stmt 0 view .LVU457
 1483 0000 10B5     		push	{r4, lr}
 1484              	.LCFI13:
 1485              		.cfi_def_cfa_offset 8
 1486              		.cfi_offset 4, -8
 1487              		.cfi_offset 14, -4
 1488 0002 0446     		mov	r4, r0
 581:Drivers/STM32H7xx_HAL_Driver/Src/stm32h7xx_hal_flash_ex.c **** 
 1489              		.loc 1 581 3 is_stmt 1 view .LVU458
 581:Drivers/STM32H7xx_HAL_Driver/Src/stm32h7xx_hal_flash_ex.c **** 
 1490              		.loc 1 581 23 is_stmt 0 view .LVU459
 1491 0004 1623     		movs	r3, #22
 1492 0006 0360     		str	r3, [r0]
 584:Drivers/STM32H7xx_HAL_Driver/Src/stm32h7xx_hal_flash_ex.c **** 
 1493              		.loc 1 584 3 is_stmt 1 view .LVU460
 584:Drivers/STM32H7xx_HAL_Driver/Src/stm32h7xx_hal_flash_ex.c **** 
 1494              		.loc 1 584 23 is_stmt 0 view .LVU461
 1495 0008 FFF7FEFF 		bl	FLASH_OB_GetRDP
 1496              	.LVL105:
 584:Drivers/STM32H7xx_HAL_Driver/Src/stm32h7xx_hal_flash_ex.c **** 
 1497              		.loc 1 584 21 discriminator 1 view .LVU462
 1498 000c E060     		str	r0, [r4, #12]
 587:Drivers/STM32H7xx_HAL_Driver/Src/stm32h7xx_hal_flash_ex.c **** 
 1499              		.loc 1 587 3 is_stmt 1 view .LVU463
 587:Drivers/STM32H7xx_HAL_Driver/Src/stm32h7xx_hal_flash_ex.c **** 
 1500              		.loc 1 587 25 is_stmt 0 view .LVU464
 1501 000e FFF7FEFF 		bl	FLASH_OB_GetUser
 1502              	.LVL106:
 587:Drivers/STM32H7xx_HAL_Driver/Src/stm32h7xx_hal_flash_ex.c **** 
 1503              		.loc 1 587 23 discriminator 1 view .LVU465
 1504 0012 A061     		str	r0, [r4, #24]
 590:Drivers/STM32H7xx_HAL_Driver/Src/stm32h7xx_hal_flash_ex.c **** 
 1505              		.loc 1 590 3 is_stmt 1 view .LVU466
 590:Drivers/STM32H7xx_HAL_Driver/Src/stm32h7xx_hal_flash_ex.c **** 
 1506              		.loc 1 590 23 is_stmt 0 view .LVU467
 1507 0014 FFF7FEFF 		bl	FLASH_OB_GetBOR
 1508              	.LVL107:
ARM GAS  /tmp/cck0UwGt.s 			page 65


 590:Drivers/STM32H7xx_HAL_Driver/Src/stm32h7xx_hal_flash_ex.c **** 
 1509              		.loc 1 590 21 discriminator 1 view .LVU468
 1510 0018 2061     		str	r0, [r4, #16]
 593:Drivers/STM32H7xx_HAL_Driver/Src/stm32h7xx_hal_flash_ex.c **** #else
 1511              		.loc 1 593 3 is_stmt 1 view .LVU469
 593:Drivers/STM32H7xx_HAL_Driver/Src/stm32h7xx_hal_flash_ex.c **** #else
 1512              		.loc 1 593 15 is_stmt 0 view .LVU470
 1513 001a E269     		ldr	r2, [r4, #28]
 593:Drivers/STM32H7xx_HAL_Driver/Src/stm32h7xx_hal_flash_ex.c **** #else
 1514              		.loc 1 593 40 view .LVU471
 1515 001c 531E     		subs	r3, r2, #1
 593:Drivers/STM32H7xx_HAL_Driver/Src/stm32h7xx_hal_flash_ex.c **** #else
 1516              		.loc 1 593 6 view .LVU472
 1517 001e 012B     		cmp	r3, #1
 1518 0020 0AD9     		bls	.L135
 1519              	.L133:
 611:Drivers/STM32H7xx_HAL_Driver/Src/stm32h7xx_hal_flash_ex.c **** #if defined(DUAL_CORE)
 1520              		.loc 1 611 3 is_stmt 1 view .LVU473
 1521 0022 04F13401 		add	r1, r4, #52
 1522 0026 04F13000 		add	r0, r4, #48
 1523 002a FFF7FEFF 		bl	FLASH_OB_GetBootAdd
 1524              	.LVL108:
 618:Drivers/STM32H7xx_HAL_Driver/Src/stm32h7xx_hal_flash_ex.c **** #endif /*DUAL_CORE*/
 1525              		.loc 1 618 3 view .LVU474
 618:Drivers/STM32H7xx_HAL_Driver/Src/stm32h7xx_hal_flash_ex.c **** #endif /*DUAL_CORE*/
 1526              		.loc 1 618 10 is_stmt 0 view .LVU475
 1527 002e 2368     		ldr	r3, [r4]
 618:Drivers/STM32H7xx_HAL_Driver/Src/stm32h7xx_hal_flash_ex.c **** #endif /*DUAL_CORE*/
 1528              		.loc 1 618 23 view .LVU476
 1529 0030 43F04003 		orr	r3, r3, #64
 1530 0034 2360     		str	r3, [r4]
 641:Drivers/STM32H7xx_HAL_Driver/Src/stm32h7xx_hal_flash_ex.c **** 
 1531              		.loc 1 641 1 view .LVU477
 1532 0036 10BD     		pop	{r4, pc}
 1533              	.LVL109:
 1534              	.L135:
 598:Drivers/STM32H7xx_HAL_Driver/Src/stm32h7xx_hal_flash_ex.c **** 
 1535              		.loc 1 598 5 is_stmt 1 view .LVU478
 598:Drivers/STM32H7xx_HAL_Driver/Src/stm32h7xx_hal_flash_ex.c **** 
 1536              		.loc 1 598 12 is_stmt 0 view .LVU479
 1537 0038 2368     		ldr	r3, [r4]
 598:Drivers/STM32H7xx_HAL_Driver/Src/stm32h7xx_hal_flash_ex.c **** 
 1538              		.loc 1 598 25 view .LVU480
 1539 003a 43F02903 		orr	r3, r3, #41
 1540 003e 2146     		mov	r1, r4
 1541 0040 41F8083B 		str	r3, [r1], #8
 601:Drivers/STM32H7xx_HAL_Driver/Src/stm32h7xx_hal_flash_ex.c **** 
 1542              		.loc 1 601 5 is_stmt 1 view .LVU481
 1543 0044 201D     		adds	r0, r4, #4
 1544 0046 FFF7FEFF 		bl	FLASH_OB_GetWRP
 1545              	.LVL110:
 604:Drivers/STM32H7xx_HAL_Driver/Src/stm32h7xx_hal_flash_ex.c **** 
 1546              		.loc 1 604 5 view .LVU482
 1547 004a E369     		ldr	r3, [r4, #28]
 1548 004c 04F12802 		add	r2, r4, #40
 1549 0050 04F12401 		add	r1, r4, #36
 1550 0054 04F12000 		add	r0, r4, #32
ARM GAS  /tmp/cck0UwGt.s 			page 66


 1551 0058 FFF7FEFF 		bl	FLASH_OB_GetPCROP
 1552              	.LVL111:
 607:Drivers/STM32H7xx_HAL_Driver/Src/stm32h7xx_hal_flash_ex.c ****   }
 1553              		.loc 1 607 5 view .LVU483
 1554 005c E369     		ldr	r3, [r4, #28]
 1555 005e 04F14002 		add	r2, r4, #64
 1556 0062 04F13C01 		add	r1, r4, #60
 1557 0066 04F13800 		add	r0, r4, #56
 1558 006a FFF7FEFF 		bl	FLASH_OB_GetSecureArea
 1559              	.LVL112:
 1560 006e D8E7     		b	.L133
 1561              		.cfi_endproc
 1562              	.LFE149:
 1564              		.section	.text.HAL_FLASHEx_Unlock_Bank1,"ax",%progbits
 1565              		.align	1
 1566              		.global	HAL_FLASHEx_Unlock_Bank1
 1567              		.syntax unified
 1568              		.thumb
 1569              		.thumb_func
 1571              	HAL_FLASHEx_Unlock_Bank1:
 1572              	.LFB150:
 648:Drivers/STM32H7xx_HAL_Driver/Src/stm32h7xx_hal_flash_ex.c ****   if(READ_BIT(FLASH->CR1, FLASH_CR_LOCK) != 0U)
 1573              		.loc 1 648 1 view -0
 1574              		.cfi_startproc
 1575              		@ args = 0, pretend = 0, frame = 0
 1576              		@ frame_needed = 0, uses_anonymous_args = 0
 1577              		@ link register save eliminated.
 649:Drivers/STM32H7xx_HAL_Driver/Src/stm32h7xx_hal_flash_ex.c ****   {
 1578              		.loc 1 649 3 view .LVU485
 649:Drivers/STM32H7xx_HAL_Driver/Src/stm32h7xx_hal_flash_ex.c ****   {
 1579              		.loc 1 649 6 is_stmt 0 view .LVU486
 1580 0000 0A4B     		ldr	r3, .L140
 1581 0002 DB68     		ldr	r3, [r3, #12]
 649:Drivers/STM32H7xx_HAL_Driver/Src/stm32h7xx_hal_flash_ex.c ****   {
 1582              		.loc 1 649 5 view .LVU487
 1583 0004 13F0010F 		tst	r3, #1
 1584 0008 0BD0     		beq	.L138
 652:Drivers/STM32H7xx_HAL_Driver/Src/stm32h7xx_hal_flash_ex.c ****     WRITE_REG(FLASH->KEYR1, FLASH_KEY2);
 1585              		.loc 1 652 5 is_stmt 1 view .LVU488
 1586 000a 084B     		ldr	r3, .L140
 1587 000c 084A     		ldr	r2, .L140+4
 1588 000e 5A60     		str	r2, [r3, #4]
 653:Drivers/STM32H7xx_HAL_Driver/Src/stm32h7xx_hal_flash_ex.c **** 
 1589              		.loc 1 653 5 view .LVU489
 1590 0010 02F18832 		add	r2, r2, #-2004318072
 1591 0014 5A60     		str	r2, [r3, #4]
 656:Drivers/STM32H7xx_HAL_Driver/Src/stm32h7xx_hal_flash_ex.c ****     {
 1592              		.loc 1 656 5 view .LVU490
 656:Drivers/STM32H7xx_HAL_Driver/Src/stm32h7xx_hal_flash_ex.c ****     {
 1593              		.loc 1 656 9 is_stmt 0 view .LVU491
 1594 0016 DB68     		ldr	r3, [r3, #12]
 656:Drivers/STM32H7xx_HAL_Driver/Src/stm32h7xx_hal_flash_ex.c ****     {
 1595              		.loc 1 656 8 view .LVU492
 1596 0018 13F0010F 		tst	r3, #1
 1597 001c 03D1     		bne	.L139
 662:Drivers/STM32H7xx_HAL_Driver/Src/stm32h7xx_hal_flash_ex.c **** }
 1598              		.loc 1 662 10 view .LVU493
ARM GAS  /tmp/cck0UwGt.s 			page 67


 1599 001e 0020     		movs	r0, #0
 1600 0020 7047     		bx	lr
 1601              	.L138:
 1602 0022 0020     		movs	r0, #0
 1603 0024 7047     		bx	lr
 1604              	.L139:
 658:Drivers/STM32H7xx_HAL_Driver/Src/stm32h7xx_hal_flash_ex.c ****     }
 1605              		.loc 1 658 14 view .LVU494
 1606 0026 0120     		movs	r0, #1
 663:Drivers/STM32H7xx_HAL_Driver/Src/stm32h7xx_hal_flash_ex.c **** 
 1607              		.loc 1 663 1 view .LVU495
 1608 0028 7047     		bx	lr
 1609              	.L141:
 1610 002a 00BF     		.align	2
 1611              	.L140:
 1612 002c 00200052 		.word	1375739904
 1613 0030 23016745 		.word	1164378403
 1614              		.cfi_endproc
 1615              	.LFE150:
 1617              		.section	.text.HAL_FLASHEx_Lock_Bank1,"ax",%progbits
 1618              		.align	1
 1619              		.global	HAL_FLASHEx_Lock_Bank1
 1620              		.syntax unified
 1621              		.thumb
 1622              		.thumb_func
 1624              	HAL_FLASHEx_Lock_Bank1:
 1625              	.LFB151:
 670:Drivers/STM32H7xx_HAL_Driver/Src/stm32h7xx_hal_flash_ex.c ****   /* Set the LOCK Bit to lock the FLASH Bank1 Registers access */
 1626              		.loc 1 670 1 is_stmt 1 view -0
 1627              		.cfi_startproc
 1628              		@ args = 0, pretend = 0, frame = 0
 1629              		@ frame_needed = 0, uses_anonymous_args = 0
 1630              		@ link register save eliminated.
 672:Drivers/STM32H7xx_HAL_Driver/Src/stm32h7xx_hal_flash_ex.c ****   return HAL_OK;
 1631              		.loc 1 672 3 view .LVU497
 1632 0000 034A     		ldr	r2, .L143
 1633 0002 D368     		ldr	r3, [r2, #12]
 1634 0004 43F00103 		orr	r3, r3, #1
 1635 0008 D360     		str	r3, [r2, #12]
 673:Drivers/STM32H7xx_HAL_Driver/Src/stm32h7xx_hal_flash_ex.c **** }
 1636              		.loc 1 673 3 view .LVU498
 674:Drivers/STM32H7xx_HAL_Driver/Src/stm32h7xx_hal_flash_ex.c **** 
 1637              		.loc 1 674 1 is_stmt 0 view .LVU499
 1638 000a 0020     		movs	r0, #0
 1639 000c 7047     		bx	lr
 1640              	.L144:
 1641 000e 00BF     		.align	2
 1642              	.L143:
 1643 0010 00200052 		.word	1375739904
 1644              		.cfi_endproc
 1645              	.LFE151:
 1647              		.section	.text.HAL_FLASHEx_Unlock_Bank2,"ax",%progbits
 1648              		.align	1
 1649              		.global	HAL_FLASHEx_Unlock_Bank2
 1650              		.syntax unified
 1651              		.thumb
 1652              		.thumb_func
ARM GAS  /tmp/cck0UwGt.s 			page 68


 1654              	HAL_FLASHEx_Unlock_Bank2:
 1655              	.LFB152:
 682:Drivers/STM32H7xx_HAL_Driver/Src/stm32h7xx_hal_flash_ex.c ****   if(READ_BIT(FLASH->CR2, FLASH_CR_LOCK) != 0U)
 1656              		.loc 1 682 1 is_stmt 1 view -0
 1657              		.cfi_startproc
 1658              		@ args = 0, pretend = 0, frame = 0
 1659              		@ frame_needed = 0, uses_anonymous_args = 0
 1660              		@ link register save eliminated.
 683:Drivers/STM32H7xx_HAL_Driver/Src/stm32h7xx_hal_flash_ex.c ****   {
 1661              		.loc 1 683 3 view .LVU501
 683:Drivers/STM32H7xx_HAL_Driver/Src/stm32h7xx_hal_flash_ex.c ****   {
 1662              		.loc 1 683 6 is_stmt 0 view .LVU502
 1663 0000 0C4B     		ldr	r3, .L149
 1664 0002 D3F80C31 		ldr	r3, [r3, #268]
 683:Drivers/STM32H7xx_HAL_Driver/Src/stm32h7xx_hal_flash_ex.c ****   {
 1665              		.loc 1 683 5 view .LVU503
 1666 0006 13F0010F 		tst	r3, #1
 1667 000a 0ED0     		beq	.L147
 686:Drivers/STM32H7xx_HAL_Driver/Src/stm32h7xx_hal_flash_ex.c ****     WRITE_REG(FLASH->KEYR2, FLASH_KEY2);
 1668              		.loc 1 686 5 is_stmt 1 view .LVU504
 1669 000c 094B     		ldr	r3, .L149
 1670 000e 0A4A     		ldr	r2, .L149+4
 1671 0010 C3F80421 		str	r2, [r3, #260]
 687:Drivers/STM32H7xx_HAL_Driver/Src/stm32h7xx_hal_flash_ex.c **** 
 1672              		.loc 1 687 5 view .LVU505
 1673 0014 02F18832 		add	r2, r2, #-2004318072
 1674 0018 C3F80421 		str	r2, [r3, #260]
 690:Drivers/STM32H7xx_HAL_Driver/Src/stm32h7xx_hal_flash_ex.c ****     {
 1675              		.loc 1 690 5 view .LVU506
 690:Drivers/STM32H7xx_HAL_Driver/Src/stm32h7xx_hal_flash_ex.c ****     {
 1676              		.loc 1 690 9 is_stmt 0 view .LVU507
 1677 001c D3F80C31 		ldr	r3, [r3, #268]
 690:Drivers/STM32H7xx_HAL_Driver/Src/stm32h7xx_hal_flash_ex.c ****     {
 1678              		.loc 1 690 8 view .LVU508
 1679 0020 13F0010F 		tst	r3, #1
 1680 0024 03D1     		bne	.L148
 696:Drivers/STM32H7xx_HAL_Driver/Src/stm32h7xx_hal_flash_ex.c **** }
 1681              		.loc 1 696 10 view .LVU509
 1682 0026 0020     		movs	r0, #0
 1683 0028 7047     		bx	lr
 1684              	.L147:
 1685 002a 0020     		movs	r0, #0
 1686 002c 7047     		bx	lr
 1687              	.L148:
 692:Drivers/STM32H7xx_HAL_Driver/Src/stm32h7xx_hal_flash_ex.c ****     }
 1688              		.loc 1 692 14 view .LVU510
 1689 002e 0120     		movs	r0, #1
 697:Drivers/STM32H7xx_HAL_Driver/Src/stm32h7xx_hal_flash_ex.c **** 
 1690              		.loc 1 697 1 view .LVU511
 1691 0030 7047     		bx	lr
 1692              	.L150:
 1693 0032 00BF     		.align	2
 1694              	.L149:
 1695 0034 00200052 		.word	1375739904
 1696 0038 23016745 		.word	1164378403
 1697              		.cfi_endproc
 1698              	.LFE152:
ARM GAS  /tmp/cck0UwGt.s 			page 69


 1700              		.section	.text.HAL_FLASHEx_Lock_Bank2,"ax",%progbits
 1701              		.align	1
 1702              		.global	HAL_FLASHEx_Lock_Bank2
 1703              		.syntax unified
 1704              		.thumb
 1705              		.thumb_func
 1707              	HAL_FLASHEx_Lock_Bank2:
 1708              	.LFB153:
 704:Drivers/STM32H7xx_HAL_Driver/Src/stm32h7xx_hal_flash_ex.c ****   /* Set the LOCK Bit to lock the FLASH Bank2 Registers access */
 1709              		.loc 1 704 1 is_stmt 1 view -0
 1710              		.cfi_startproc
 1711              		@ args = 0, pretend = 0, frame = 0
 1712              		@ frame_needed = 0, uses_anonymous_args = 0
 1713              		@ link register save eliminated.
 706:Drivers/STM32H7xx_HAL_Driver/Src/stm32h7xx_hal_flash_ex.c ****   return HAL_OK;
 1714              		.loc 1 706 3 view .LVU513
 1715 0000 044A     		ldr	r2, .L152
 1716 0002 D2F80C31 		ldr	r3, [r2, #268]
 1717 0006 43F00103 		orr	r3, r3, #1
 1718 000a C2F80C31 		str	r3, [r2, #268]
 707:Drivers/STM32H7xx_HAL_Driver/Src/stm32h7xx_hal_flash_ex.c **** }
 1719              		.loc 1 707 3 view .LVU514
 708:Drivers/STM32H7xx_HAL_Driver/Src/stm32h7xx_hal_flash_ex.c **** #endif /* DUAL_BANK */
 1720              		.loc 1 708 1 is_stmt 0 view .LVU515
 1721 000e 0020     		movs	r0, #0
 1722 0010 7047     		bx	lr
 1723              	.L153:
 1724 0012 00BF     		.align	2
 1725              	.L152:
 1726 0014 00200052 		.word	1375739904
 1727              		.cfi_endproc
 1728              	.LFE153:
 1730              		.section	.text.HAL_FLASHEx_ComputeCRC,"ax",%progbits
 1731              		.align	1
 1732              		.global	HAL_FLASHEx_ComputeCRC
 1733              		.syntax unified
 1734              		.thumb
 1735              		.thumb_func
 1737              	HAL_FLASHEx_ComputeCRC:
 1738              	.LVL113:
 1739              	.LFB154:
 723:Drivers/STM32H7xx_HAL_Driver/Src/stm32h7xx_hal_flash_ex.c ****   HAL_StatusTypeDef status;
 1740              		.loc 1 723 1 is_stmt 1 view -0
 1741              		.cfi_startproc
 1742              		@ args = 0, pretend = 0, frame = 0
 1743              		@ frame_needed = 0, uses_anonymous_args = 0
 723:Drivers/STM32H7xx_HAL_Driver/Src/stm32h7xx_hal_flash_ex.c ****   HAL_StatusTypeDef status;
 1744              		.loc 1 723 1 is_stmt 0 view .LVU517
 1745 0000 70B5     		push	{r4, r5, r6, lr}
 1746              	.LCFI14:
 1747              		.cfi_def_cfa_offset 16
 1748              		.cfi_offset 4, -16
 1749              		.cfi_offset 5, -12
 1750              		.cfi_offset 6, -8
 1751              		.cfi_offset 14, -4
 1752 0002 0446     		mov	r4, r0
 1753 0004 0E46     		mov	r6, r1
ARM GAS  /tmp/cck0UwGt.s 			page 70


 724:Drivers/STM32H7xx_HAL_Driver/Src/stm32h7xx_hal_flash_ex.c ****   uint32_t sector_index;
 1754              		.loc 1 724 3 is_stmt 1 view .LVU518
 725:Drivers/STM32H7xx_HAL_Driver/Src/stm32h7xx_hal_flash_ex.c **** 
 1755              		.loc 1 725 3 view .LVU519
 728:Drivers/STM32H7xx_HAL_Driver/Src/stm32h7xx_hal_flash_ex.c ****   assert_param(IS_FLASH_TYPECRC(pCRCInit->TypeCRC));
 1756              		.loc 1 728 3 view .LVU520
 729:Drivers/STM32H7xx_HAL_Driver/Src/stm32h7xx_hal_flash_ex.c **** 
 1757              		.loc 1 729 3 view .LVU521
 732:Drivers/STM32H7xx_HAL_Driver/Src/stm32h7xx_hal_flash_ex.c **** 
 1758              		.loc 1 732 3 view .LVU522
 732:Drivers/STM32H7xx_HAL_Driver/Src/stm32h7xx_hal_flash_ex.c **** 
 1759              		.loc 1 732 12 is_stmt 0 view .LVU523
 1760 0006 4CF25030 		movw	r0, #50000
 1761              	.LVL114:
 732:Drivers/STM32H7xx_HAL_Driver/Src/stm32h7xx_hal_flash_ex.c **** 
 1762              		.loc 1 732 12 view .LVU524
 1763 000a FFF7FEFF 		bl	FLASH_OB_WaitForLastOperation
 1764              	.LVL115:
 734:Drivers/STM32H7xx_HAL_Driver/Src/stm32h7xx_hal_flash_ex.c ****   {
 1765              		.loc 1 734 3 is_stmt 1 view .LVU525
 734:Drivers/STM32H7xx_HAL_Driver/Src/stm32h7xx_hal_flash_ex.c ****   {
 1766              		.loc 1 734 6 is_stmt 0 view .LVU526
 1767 000e 0028     		cmp	r0, #0
 1768 0010 40F0A680 		bne	.L155
 736:Drivers/STM32H7xx_HAL_Driver/Src/stm32h7xx_hal_flash_ex.c ****     {
 1769              		.loc 1 736 5 is_stmt 1 view .LVU527
 736:Drivers/STM32H7xx_HAL_Driver/Src/stm32h7xx_hal_flash_ex.c ****     {
 1770              		.loc 1 736 17 is_stmt 0 view .LVU528
 1771 0014 A368     		ldr	r3, [r4, #8]
 736:Drivers/STM32H7xx_HAL_Driver/Src/stm32h7xx_hal_flash_ex.c ****     {
 1772              		.loc 1 736 8 view .LVU529
 1773 0016 012B     		cmp	r3, #1
 1774 0018 2BD0     		beq	.L168
 789:Drivers/STM32H7xx_HAL_Driver/Src/stm32h7xx_hal_flash_ex.c **** 
 1775              		.loc 1 789 7 is_stmt 1 view .LVU530
 789:Drivers/STM32H7xx_HAL_Driver/Src/stm32h7xx_hal_flash_ex.c **** 
 1776              		.loc 1 789 12 is_stmt 0 view .LVU531
 1777 001a 554B     		ldr	r3, .L171
 1778 001c D3F80C21 		ldr	r2, [r3, #268]
 789:Drivers/STM32H7xx_HAL_Driver/Src/stm32h7xx_hal_flash_ex.c **** 
 1779              		.loc 1 789 18 view .LVU532
 1780 0020 42F40042 		orr	r2, r2, #32768
 1781 0024 C3F80C21 		str	r2, [r3, #268]
 792:Drivers/STM32H7xx_HAL_Driver/Src/stm32h7xx_hal_flash_ex.c ****       /* Clear burst size and type bits before setting new values */
 1782              		.loc 1 792 7 is_stmt 1 view .LVU533
 792:Drivers/STM32H7xx_HAL_Driver/Src/stm32h7xx_hal_flash_ex.c ****       /* Clear burst size and type bits before setting new values */
 1783              		.loc 1 792 12 is_stmt 0 view .LVU534
 1784 0028 D3F81421 		ldr	r2, [r3, #276]
 792:Drivers/STM32H7xx_HAL_Driver/Src/stm32h7xx_hal_flash_ex.c ****       /* Clear burst size and type bits before setting new values */
 1785              		.loc 1 792 19 view .LVU535
 1786 002c 42F0C052 		orr	r2, r2, #402653184
 1787 0030 C3F81421 		str	r2, [r3, #276]
 794:Drivers/STM32H7xx_HAL_Driver/Src/stm32h7xx_hal_flash_ex.c ****       /* Clear current CRC result, program burst size and define memory area on which CRC has to be
 1788              		.loc 1 794 7 is_stmt 1 view .LVU536
 794:Drivers/STM32H7xx_HAL_Driver/Src/stm32h7xx_hal_flash_ex.c ****       /* Clear current CRC result, program burst size and define memory area on which CRC has to be
 1789              		.loc 1 794 12 is_stmt 0 view .LVU537
 1790 0034 D3F85021 		ldr	r2, [r3, #336]
ARM GAS  /tmp/cck0UwGt.s 			page 71


 794:Drivers/STM32H7xx_HAL_Driver/Src/stm32h7xx_hal_flash_ex.c ****       /* Clear current CRC result, program burst size and define memory area on which CRC has to be
 1791              		.loc 1 794 21 view .LVU538
 1792 0038 22F4E002 		bic	r2, r2, #7340032
 1793 003c C3F85021 		str	r2, [r3, #336]
 796:Drivers/STM32H7xx_HAL_Driver/Src/stm32h7xx_hal_flash_ex.c **** 
 1794              		.loc 1 796 7 is_stmt 1 view .LVU539
 796:Drivers/STM32H7xx_HAL_Driver/Src/stm32h7xx_hal_flash_ex.c **** 
 1795              		.loc 1 796 12 is_stmt 0 view .LVU540
 1796 0040 D3F85021 		ldr	r2, [r3, #336]
 796:Drivers/STM32H7xx_HAL_Driver/Src/stm32h7xx_hal_flash_ex.c **** 
 1797              		.loc 1 796 56 view .LVU541
 1798 0044 6168     		ldr	r1, [r4, #4]
 796:Drivers/STM32H7xx_HAL_Driver/Src/stm32h7xx_hal_flash_ex.c **** 
 1799              		.loc 1 796 78 view .LVU542
 1800 0046 2068     		ldr	r0, [r4]
 796:Drivers/STM32H7xx_HAL_Driver/Src/stm32h7xx_hal_flash_ex.c **** 
 1801              		.loc 1 796 68 view .LVU543
 1802 0048 0143     		orrs	r1, r1, r0
 796:Drivers/STM32H7xx_HAL_Driver/Src/stm32h7xx_hal_flash_ex.c **** 
 1803              		.loc 1 796 21 view .LVU544
 1804 004a 0A43     		orrs	r2, r2, r1
 1805 004c 42F40032 		orr	r2, r2, #131072
 1806 0050 C3F85021 		str	r2, [r3, #336]
 798:Drivers/STM32H7xx_HAL_Driver/Src/stm32h7xx_hal_flash_ex.c ****       {
 1807              		.loc 1 798 7 is_stmt 1 view .LVU545
 798:Drivers/STM32H7xx_HAL_Driver/Src/stm32h7xx_hal_flash_ex.c ****       {
 1808              		.loc 1 798 19 is_stmt 0 view .LVU546
 1809 0054 2368     		ldr	r3, [r4]
 798:Drivers/STM32H7xx_HAL_Driver/Src/stm32h7xx_hal_flash_ex.c ****       {
 1810              		.loc 1 798 10 view .LVU547
 1811 0056 B3F5807F 		cmp	r3, #256
 1812 005a 56D0     		beq	.L169
 809:Drivers/STM32H7xx_HAL_Driver/Src/stm32h7xx_hal_flash_ex.c ****       {
 1813              		.loc 1 809 12 is_stmt 1 view .LVU548
 809:Drivers/STM32H7xx_HAL_Driver/Src/stm32h7xx_hal_flash_ex.c ****       {
 1814              		.loc 1 809 15 is_stmt 0 view .LVU549
 1815 005c 454A     		ldr	r2, .L171+4
 1816 005e 9342     		cmp	r3, r2
 1817 0060 7FD1     		bne	.L166
 812:Drivers/STM32H7xx_HAL_Driver/Src/stm32h7xx_hal_flash_ex.c ****       }
 1818              		.loc 1 812 9 is_stmt 1 view .LVU550
 812:Drivers/STM32H7xx_HAL_Driver/Src/stm32h7xx_hal_flash_ex.c ****       }
 1819              		.loc 1 812 14 is_stmt 0 view .LVU551
 1820 0062 434A     		ldr	r2, .L171
 1821 0064 D2F85031 		ldr	r3, [r2, #336]
 812:Drivers/STM32H7xx_HAL_Driver/Src/stm32h7xx_hal_flash_ex.c ****       }
 1822              		.loc 1 812 23 view .LVU552
 1823 0068 43F48003 		orr	r3, r3, #4194304
 1824 006c C2F85031 		str	r3, [r2, #336]
 1825 0070 5EE0     		b	.L165
 1826              	.L168:
 739:Drivers/STM32H7xx_HAL_Driver/Src/stm32h7xx_hal_flash_ex.c **** 
 1827              		.loc 1 739 7 is_stmt 1 view .LVU553
 739:Drivers/STM32H7xx_HAL_Driver/Src/stm32h7xx_hal_flash_ex.c **** 
 1828              		.loc 1 739 12 is_stmt 0 view .LVU554
 1829 0072 3F4B     		ldr	r3, .L171
 1830 0074 DA68     		ldr	r2, [r3, #12]
ARM GAS  /tmp/cck0UwGt.s 			page 72


 739:Drivers/STM32H7xx_HAL_Driver/Src/stm32h7xx_hal_flash_ex.c **** 
 1831              		.loc 1 739 18 view .LVU555
 1832 0076 42F40042 		orr	r2, r2, #32768
 1833 007a DA60     		str	r2, [r3, #12]
 742:Drivers/STM32H7xx_HAL_Driver/Src/stm32h7xx_hal_flash_ex.c ****       /* Clear burst size and type bits before setting new values */
 1834              		.loc 1 742 7 is_stmt 1 view .LVU556
 742:Drivers/STM32H7xx_HAL_Driver/Src/stm32h7xx_hal_flash_ex.c ****       /* Clear burst size and type bits before setting new values */
 1835              		.loc 1 742 12 is_stmt 0 view .LVU557
 1836 007c 5A69     		ldr	r2, [r3, #20]
 742:Drivers/STM32H7xx_HAL_Driver/Src/stm32h7xx_hal_flash_ex.c ****       /* Clear burst size and type bits before setting new values */
 1837              		.loc 1 742 19 view .LVU558
 1838 007e 42F0C052 		orr	r2, r2, #402653184
 1839 0082 5A61     		str	r2, [r3, #20]
 744:Drivers/STM32H7xx_HAL_Driver/Src/stm32h7xx_hal_flash_ex.c ****       /* Clear current CRC result, program burst size and define memory area on which CRC has to be
 1840              		.loc 1 744 7 is_stmt 1 view .LVU559
 744:Drivers/STM32H7xx_HAL_Driver/Src/stm32h7xx_hal_flash_ex.c ****       /* Clear current CRC result, program burst size and define memory area on which CRC has to be
 1841              		.loc 1 744 12 is_stmt 0 view .LVU560
 1842 0084 1A6D     		ldr	r2, [r3, #80]
 744:Drivers/STM32H7xx_HAL_Driver/Src/stm32h7xx_hal_flash_ex.c ****       /* Clear current CRC result, program burst size and define memory area on which CRC has to be
 1843              		.loc 1 744 21 view .LVU561
 1844 0086 22F4E002 		bic	r2, r2, #7340032
 1845 008a 1A65     		str	r2, [r3, #80]
 746:Drivers/STM32H7xx_HAL_Driver/Src/stm32h7xx_hal_flash_ex.c **** 
 1846              		.loc 1 746 7 is_stmt 1 view .LVU562
 746:Drivers/STM32H7xx_HAL_Driver/Src/stm32h7xx_hal_flash_ex.c **** 
 1847              		.loc 1 746 12 is_stmt 0 view .LVU563
 1848 008c 1A6D     		ldr	r2, [r3, #80]
 746:Drivers/STM32H7xx_HAL_Driver/Src/stm32h7xx_hal_flash_ex.c **** 
 1849              		.loc 1 746 56 view .LVU564
 1850 008e 6168     		ldr	r1, [r4, #4]
 746:Drivers/STM32H7xx_HAL_Driver/Src/stm32h7xx_hal_flash_ex.c **** 
 1851              		.loc 1 746 78 view .LVU565
 1852 0090 2068     		ldr	r0, [r4]
 746:Drivers/STM32H7xx_HAL_Driver/Src/stm32h7xx_hal_flash_ex.c **** 
 1853              		.loc 1 746 68 view .LVU566
 1854 0092 0143     		orrs	r1, r1, r0
 746:Drivers/STM32H7xx_HAL_Driver/Src/stm32h7xx_hal_flash_ex.c **** 
 1855              		.loc 1 746 21 view .LVU567
 1856 0094 0A43     		orrs	r2, r2, r1
 1857 0096 42F40032 		orr	r2, r2, #131072
 1858 009a 1A65     		str	r2, [r3, #80]
 748:Drivers/STM32H7xx_HAL_Driver/Src/stm32h7xx_hal_flash_ex.c ****       {
 1859              		.loc 1 748 7 is_stmt 1 view .LVU568
 748:Drivers/STM32H7xx_HAL_Driver/Src/stm32h7xx_hal_flash_ex.c ****       {
 1860              		.loc 1 748 19 is_stmt 0 view .LVU569
 1861 009c 2368     		ldr	r3, [r4]
 748:Drivers/STM32H7xx_HAL_Driver/Src/stm32h7xx_hal_flash_ex.c ****       {
 1862              		.loc 1 748 10 view .LVU570
 1863 009e B3F5807F 		cmp	r3, #256
 1864 00a2 1BD0     		beq	.L170
 759:Drivers/STM32H7xx_HAL_Driver/Src/stm32h7xx_hal_flash_ex.c ****       {
 1865              		.loc 1 759 12 is_stmt 1 view .LVU571
 759:Drivers/STM32H7xx_HAL_Driver/Src/stm32h7xx_hal_flash_ex.c ****       {
 1866              		.loc 1 759 15 is_stmt 0 view .LVU572
 1867 00a4 334A     		ldr	r2, .L171+4
 1868 00a6 9342     		cmp	r3, r2
 1869 00a8 29D1     		bne	.L161
ARM GAS  /tmp/cck0UwGt.s 			page 73


 762:Drivers/STM32H7xx_HAL_Driver/Src/stm32h7xx_hal_flash_ex.c ****       }
 1870              		.loc 1 762 9 is_stmt 1 view .LVU573
 762:Drivers/STM32H7xx_HAL_Driver/Src/stm32h7xx_hal_flash_ex.c ****       }
 1871              		.loc 1 762 14 is_stmt 0 view .LVU574
 1872 00aa 314A     		ldr	r2, .L171
 1873 00ac 136D     		ldr	r3, [r2, #80]
 762:Drivers/STM32H7xx_HAL_Driver/Src/stm32h7xx_hal_flash_ex.c ****       }
 1874              		.loc 1 762 23 view .LVU575
 1875 00ae 43F48003 		orr	r3, r3, #4194304
 1876 00b2 1365     		str	r3, [r2, #80]
 1877              	.L160:
 771:Drivers/STM32H7xx_HAL_Driver/Src/stm32h7xx_hal_flash_ex.c **** 
 1878              		.loc 1 771 7 is_stmt 1 view .LVU576
 771:Drivers/STM32H7xx_HAL_Driver/Src/stm32h7xx_hal_flash_ex.c **** 
 1879              		.loc 1 771 12 is_stmt 0 view .LVU577
 1880 00b4 2E4C     		ldr	r4, .L171
 1881              	.LVL116:
 771:Drivers/STM32H7xx_HAL_Driver/Src/stm32h7xx_hal_flash_ex.c **** 
 1882              		.loc 1 771 12 view .LVU578
 1883 00b6 236D     		ldr	r3, [r4, #80]
 771:Drivers/STM32H7xx_HAL_Driver/Src/stm32h7xx_hal_flash_ex.c **** 
 1884              		.loc 1 771 21 view .LVU579
 1885 00b8 43F48033 		orr	r3, r3, #65536
 1886 00bc 2365     		str	r3, [r4, #80]
 774:Drivers/STM32H7xx_HAL_Driver/Src/stm32h7xx_hal_flash_ex.c **** 
 1887              		.loc 1 774 7 is_stmt 1 view .LVU580
 774:Drivers/STM32H7xx_HAL_Driver/Src/stm32h7xx_hal_flash_ex.c **** 
 1888              		.loc 1 774 16 is_stmt 0 view .LVU581
 1889 00be 0121     		movs	r1, #1
 1890 00c0 4CF25030 		movw	r0, #50000
 1891 00c4 FFF7FEFF 		bl	FLASH_CRC_WaitForLastOperation
 1892              	.LVL117:
 777:Drivers/STM32H7xx_HAL_Driver/Src/stm32h7xx_hal_flash_ex.c **** 
 1893              		.loc 1 777 7 is_stmt 1 view .LVU582
 777:Drivers/STM32H7xx_HAL_Driver/Src/stm32h7xx_hal_flash_ex.c **** 
 1894              		.loc 1 777 28 is_stmt 0 view .LVU583
 1895 00c8 E36D     		ldr	r3, [r4, #92]
 777:Drivers/STM32H7xx_HAL_Driver/Src/stm32h7xx_hal_flash_ex.c **** 
 1896              		.loc 1 777 21 view .LVU584
 1897 00ca 3360     		str	r3, [r6]
 780:Drivers/STM32H7xx_HAL_Driver/Src/stm32h7xx_hal_flash_ex.c **** 
 1898              		.loc 1 780 7 is_stmt 1 view .LVU585
 780:Drivers/STM32H7xx_HAL_Driver/Src/stm32h7xx_hal_flash_ex.c **** 
 1899              		.loc 1 780 12 is_stmt 0 view .LVU586
 1900 00cc E368     		ldr	r3, [r4, #12]
 780:Drivers/STM32H7xx_HAL_Driver/Src/stm32h7xx_hal_flash_ex.c **** 
 1901              		.loc 1 780 18 view .LVU587
 1902 00ce 23F40043 		bic	r3, r3, #32768
 1903 00d2 E360     		str	r3, [r4, #12]
 783:Drivers/STM32H7xx_HAL_Driver/Src/stm32h7xx_hal_flash_ex.c ****     }
 1904              		.loc 1 783 7 is_stmt 1 view .LVU588
 1905 00d4 4FF0C053 		mov	r3, #402653184
 1906 00d8 6361     		str	r3, [r4, #20]
 1907 00da 41E0     		b	.L155
 1908              	.LVL118:
 1909              	.L170:
 751:Drivers/STM32H7xx_HAL_Driver/Src/stm32h7xx_hal_flash_ex.c **** 
ARM GAS  /tmp/cck0UwGt.s 			page 74


 1910              		.loc 1 751 9 view .LVU589
 751:Drivers/STM32H7xx_HAL_Driver/Src/stm32h7xx_hal_flash_ex.c **** 
 1911              		.loc 1 751 14 is_stmt 0 view .LVU590
 1912 00dc 244A     		ldr	r2, .L171
 1913 00de 136D     		ldr	r3, [r2, #80]
 751:Drivers/STM32H7xx_HAL_Driver/Src/stm32h7xx_hal_flash_ex.c **** 
 1914              		.loc 1 751 23 view .LVU591
 1915 00e0 43F48063 		orr	r3, r3, #1024
 1916 00e4 1365     		str	r3, [r2, #80]
 754:Drivers/STM32H7xx_HAL_Driver/Src/stm32h7xx_hal_flash_ex.c ****         {
 1917              		.loc 1 754 9 is_stmt 1 view .LVU592
 754:Drivers/STM32H7xx_HAL_Driver/Src/stm32h7xx_hal_flash_ex.c ****         {
 1918              		.loc 1 754 26 is_stmt 0 view .LVU593
 1919 00e6 E568     		ldr	r5, [r4, #12]
 1920              	.LVL119:
 1921              	.L158:
 754:Drivers/STM32H7xx_HAL_Driver/Src/stm32h7xx_hal_flash_ex.c ****         {
 1922              		.loc 1 754 59 is_stmt 1 discriminator 1 view .LVU594
 754:Drivers/STM32H7xx_HAL_Driver/Src/stm32h7xx_hal_flash_ex.c ****         {
 1923              		.loc 1 754 70 is_stmt 0 discriminator 1 view .LVU595
 1924 00e8 2369     		ldr	r3, [r4, #16]
 754:Drivers/STM32H7xx_HAL_Driver/Src/stm32h7xx_hal_flash_ex.c ****         {
 1925              		.loc 1 754 92 discriminator 1 view .LVU596
 1926 00ea E268     		ldr	r2, [r4, #12]
 754:Drivers/STM32H7xx_HAL_Driver/Src/stm32h7xx_hal_flash_ex.c ****         {
 1927              		.loc 1 754 82 discriminator 1 view .LVU597
 1928 00ec 1344     		add	r3, r3, r2
 754:Drivers/STM32H7xx_HAL_Driver/Src/stm32h7xx_hal_flash_ex.c ****         {
 1929              		.loc 1 754 59 discriminator 1 view .LVU598
 1930 00ee AB42     		cmp	r3, r5
 1931 00f0 E0D9     		bls	.L160
 756:Drivers/STM32H7xx_HAL_Driver/Src/stm32h7xx_hal_flash_ex.c ****         }
 1932              		.loc 1 756 11 is_stmt 1 view .LVU599
 1933 00f2 0121     		movs	r1, #1
 1934 00f4 2846     		mov	r0, r5
 1935 00f6 FFF7FEFF 		bl	FLASH_CRC_AddSector
 1936              	.LVL120:
 754:Drivers/STM32H7xx_HAL_Driver/Src/stm32h7xx_hal_flash_ex.c ****         {
 1937              		.loc 1 754 115 discriminator 3 view .LVU600
 1938 00fa 0135     		adds	r5, r5, #1
 1939              	.LVL121:
 754:Drivers/STM32H7xx_HAL_Driver/Src/stm32h7xx_hal_flash_ex.c ****         {
 1940              		.loc 1 754 115 is_stmt 0 discriminator 3 view .LVU601
 1941 00fc F4E7     		b	.L158
 1942              	.LVL122:
 1943              	.L161:
 767:Drivers/STM32H7xx_HAL_Driver/Src/stm32h7xx_hal_flash_ex.c ****       }
 1944              		.loc 1 767 9 is_stmt 1 view .LVU602
 1945 00fe 0122     		movs	r2, #1
 1946 0100 A169     		ldr	r1, [r4, #24]
 1947 0102 6069     		ldr	r0, [r4, #20]
 1948 0104 FFF7FEFF 		bl	FLASH_CRC_SelectAddress
 1949              	.LVL123:
 1950 0108 D4E7     		b	.L160
 1951              	.L169:
 801:Drivers/STM32H7xx_HAL_Driver/Src/stm32h7xx_hal_flash_ex.c **** 
 1952              		.loc 1 801 9 view .LVU603
ARM GAS  /tmp/cck0UwGt.s 			page 75


 801:Drivers/STM32H7xx_HAL_Driver/Src/stm32h7xx_hal_flash_ex.c **** 
 1953              		.loc 1 801 14 is_stmt 0 view .LVU604
 1954 010a 194A     		ldr	r2, .L171
 1955 010c D2F85031 		ldr	r3, [r2, #336]
 801:Drivers/STM32H7xx_HAL_Driver/Src/stm32h7xx_hal_flash_ex.c **** 
 1956              		.loc 1 801 23 view .LVU605
 1957 0110 43F48063 		orr	r3, r3, #1024
 1958 0114 C2F85031 		str	r3, [r2, #336]
 804:Drivers/STM32H7xx_HAL_Driver/Src/stm32h7xx_hal_flash_ex.c ****         {
 1959              		.loc 1 804 9 is_stmt 1 view .LVU606
 804:Drivers/STM32H7xx_HAL_Driver/Src/stm32h7xx_hal_flash_ex.c ****         {
 1960              		.loc 1 804 26 is_stmt 0 view .LVU607
 1961 0118 E568     		ldr	r5, [r4, #12]
 1962              	.LVL124:
 804:Drivers/STM32H7xx_HAL_Driver/Src/stm32h7xx_hal_flash_ex.c ****         {
 1963              		.loc 1 804 9 view .LVU608
 1964 011a 04E0     		b	.L163
 1965              	.L164:
 806:Drivers/STM32H7xx_HAL_Driver/Src/stm32h7xx_hal_flash_ex.c ****         }
 1966              		.loc 1 806 11 is_stmt 1 view .LVU609
 1967 011c 0221     		movs	r1, #2
 1968 011e 2846     		mov	r0, r5
 1969 0120 FFF7FEFF 		bl	FLASH_CRC_AddSector
 1970              	.LVL125:
 804:Drivers/STM32H7xx_HAL_Driver/Src/stm32h7xx_hal_flash_ex.c ****         {
 1971              		.loc 1 804 115 discriminator 3 view .LVU610
 1972 0124 0135     		adds	r5, r5, #1
 1973              	.LVL126:
 1974              	.L163:
 804:Drivers/STM32H7xx_HAL_Driver/Src/stm32h7xx_hal_flash_ex.c ****         {
 1975              		.loc 1 804 59 discriminator 1 view .LVU611
 804:Drivers/STM32H7xx_HAL_Driver/Src/stm32h7xx_hal_flash_ex.c ****         {
 1976              		.loc 1 804 70 is_stmt 0 discriminator 1 view .LVU612
 1977 0126 2369     		ldr	r3, [r4, #16]
 804:Drivers/STM32H7xx_HAL_Driver/Src/stm32h7xx_hal_flash_ex.c ****         {
 1978              		.loc 1 804 92 discriminator 1 view .LVU613
 1979 0128 E268     		ldr	r2, [r4, #12]
 804:Drivers/STM32H7xx_HAL_Driver/Src/stm32h7xx_hal_flash_ex.c ****         {
 1980              		.loc 1 804 82 discriminator 1 view .LVU614
 1981 012a 1344     		add	r3, r3, r2
 804:Drivers/STM32H7xx_HAL_Driver/Src/stm32h7xx_hal_flash_ex.c ****         {
 1982              		.loc 1 804 59 discriminator 1 view .LVU615
 1983 012c AB42     		cmp	r3, r5
 1984 012e F5D8     		bhi	.L164
 1985              	.LVL127:
 1986              	.L165:
 821:Drivers/STM32H7xx_HAL_Driver/Src/stm32h7xx_hal_flash_ex.c **** 
 1987              		.loc 1 821 7 is_stmt 1 view .LVU616
 821:Drivers/STM32H7xx_HAL_Driver/Src/stm32h7xx_hal_flash_ex.c **** 
 1988              		.loc 1 821 12 is_stmt 0 view .LVU617
 1989 0130 0F4C     		ldr	r4, .L171
 1990              	.LVL128:
 821:Drivers/STM32H7xx_HAL_Driver/Src/stm32h7xx_hal_flash_ex.c **** 
 1991              		.loc 1 821 12 view .LVU618
 1992 0132 D4F85031 		ldr	r3, [r4, #336]
 821:Drivers/STM32H7xx_HAL_Driver/Src/stm32h7xx_hal_flash_ex.c **** 
 1993              		.loc 1 821 21 view .LVU619
ARM GAS  /tmp/cck0UwGt.s 			page 76


 1994 0136 43F48033 		orr	r3, r3, #65536
 1995 013a C4F85031 		str	r3, [r4, #336]
 824:Drivers/STM32H7xx_HAL_Driver/Src/stm32h7xx_hal_flash_ex.c **** 
 1996              		.loc 1 824 7 is_stmt 1 view .LVU620
 824:Drivers/STM32H7xx_HAL_Driver/Src/stm32h7xx_hal_flash_ex.c **** 
 1997              		.loc 1 824 16 is_stmt 0 view .LVU621
 1998 013e 0221     		movs	r1, #2
 1999 0140 4CF25030 		movw	r0, #50000
 2000 0144 FFF7FEFF 		bl	FLASH_CRC_WaitForLastOperation
 2001              	.LVL129:
 827:Drivers/STM32H7xx_HAL_Driver/Src/stm32h7xx_hal_flash_ex.c **** 
 2002              		.loc 1 827 7 is_stmt 1 view .LVU622
 827:Drivers/STM32H7xx_HAL_Driver/Src/stm32h7xx_hal_flash_ex.c **** 
 2003              		.loc 1 827 28 is_stmt 0 view .LVU623
 2004 0148 E36D     		ldr	r3, [r4, #92]
 827:Drivers/STM32H7xx_HAL_Driver/Src/stm32h7xx_hal_flash_ex.c **** 
 2005              		.loc 1 827 21 view .LVU624
 2006 014a 3360     		str	r3, [r6]
 830:Drivers/STM32H7xx_HAL_Driver/Src/stm32h7xx_hal_flash_ex.c **** 
 2007              		.loc 1 830 7 is_stmt 1 view .LVU625
 830:Drivers/STM32H7xx_HAL_Driver/Src/stm32h7xx_hal_flash_ex.c **** 
 2008              		.loc 1 830 12 is_stmt 0 view .LVU626
 2009 014c D4F80C31 		ldr	r3, [r4, #268]
 830:Drivers/STM32H7xx_HAL_Driver/Src/stm32h7xx_hal_flash_ex.c **** 
 2010              		.loc 1 830 18 view .LVU627
 2011 0150 23F40043 		bic	r3, r3, #32768
 2012 0154 C4F80C31 		str	r3, [r4, #268]
 833:Drivers/STM32H7xx_HAL_Driver/Src/stm32h7xx_hal_flash_ex.c ****     }
 2013              		.loc 1 833 7 is_stmt 1 view .LVU628
 2014 0158 4FF0C053 		mov	r3, #402653184
 2015 015c C4F81431 		str	r3, [r4, #276]
 2016              	.LVL130:
 2017              	.L155:
 838:Drivers/STM32H7xx_HAL_Driver/Src/stm32h7xx_hal_flash_ex.c **** }
 2018              		.loc 1 838 3 view .LVU629
 839:Drivers/STM32H7xx_HAL_Driver/Src/stm32h7xx_hal_flash_ex.c **** 
 2019              		.loc 1 839 1 is_stmt 0 view .LVU630
 2020 0160 70BD     		pop	{r4, r5, r6, pc}
 2021              	.LVL131:
 2022              	.L166:
 817:Drivers/STM32H7xx_HAL_Driver/Src/stm32h7xx_hal_flash_ex.c ****       }
 2023              		.loc 1 817 9 is_stmt 1 view .LVU631
 2024 0162 0222     		movs	r2, #2
 2025 0164 A169     		ldr	r1, [r4, #24]
 2026 0166 6069     		ldr	r0, [r4, #20]
 2027 0168 FFF7FEFF 		bl	FLASH_CRC_SelectAddress
 2028              	.LVL132:
 2029 016c E0E7     		b	.L165
 2030              	.L172:
 2031 016e 00BF     		.align	2
 2032              	.L171:
 2033 0170 00200052 		.word	1375739904
 2034 0174 00014000 		.word	4194560
 2035              		.cfi_endproc
 2036              	.LFE154:
 2038              		.section	.text.FLASH_Erase_Sector,"ax",%progbits
 2039              		.align	1
ARM GAS  /tmp/cck0UwGt.s 			page 77


 2040              		.global	FLASH_Erase_Sector
 2041              		.syntax unified
 2042              		.thumb
 2043              		.thumb_func
 2045              	FLASH_Erase_Sector:
 2046              	.LVL133:
 2047              	.LFB156:
1195:Drivers/STM32H7xx_HAL_Driver/Src/stm32h7xx_hal_flash_ex.c ****   assert_param(IS_FLASH_SECTOR(Sector));
 2048              		.loc 1 1195 1 view -0
 2049              		.cfi_startproc
 2050              		@ args = 0, pretend = 0, frame = 0
 2051              		@ frame_needed = 0, uses_anonymous_args = 0
 2052              		@ link register save eliminated.
1195:Drivers/STM32H7xx_HAL_Driver/Src/stm32h7xx_hal_flash_ex.c ****   assert_param(IS_FLASH_SECTOR(Sector));
 2053              		.loc 1 1195 1 is_stmt 0 view .LVU633
 2054 0000 10B4     		push	{r4}
 2055              	.LCFI15:
 2056              		.cfi_def_cfa_offset 4
 2057              		.cfi_offset 4, -4
1196:Drivers/STM32H7xx_HAL_Driver/Src/stm32h7xx_hal_flash_ex.c ****   assert_param(IS_FLASH_BANK_EXCLUSIVE(Banks));
 2058              		.loc 1 1196 3 is_stmt 1 view .LVU634
1197:Drivers/STM32H7xx_HAL_Driver/Src/stm32h7xx_hal_flash_ex.c **** #if defined (FLASH_CR_PSIZE)
 2059              		.loc 1 1197 3 view .LVU635
1199:Drivers/STM32H7xx_HAL_Driver/Src/stm32h7xx_hal_flash_ex.c **** #else
 2060              		.loc 1 1199 3 view .LVU636
1204:Drivers/STM32H7xx_HAL_Driver/Src/stm32h7xx_hal_flash_ex.c ****   {
 2061              		.loc 1 1204 3 view .LVU637
1204:Drivers/STM32H7xx_HAL_Driver/Src/stm32h7xx_hal_flash_ex.c ****   {
 2062              		.loc 1 1204 5 is_stmt 0 view .LVU638
 2063 0002 11F0010F 		tst	r1, #1
 2064 0006 0CD0     		beq	.L174
1208:Drivers/STM32H7xx_HAL_Driver/Src/stm32h7xx_hal_flash_ex.c **** 
 2065              		.loc 1 1208 5 is_stmt 1 view .LVU639
1208:Drivers/STM32H7xx_HAL_Driver/Src/stm32h7xx_hal_flash_ex.c **** 
 2066              		.loc 1 1208 10 is_stmt 0 view .LVU640
 2067 0008 114C     		ldr	r4, .L177
 2068 000a E368     		ldr	r3, [r4, #12]
1208:Drivers/STM32H7xx_HAL_Driver/Src/stm32h7xx_hal_flash_ex.c **** 
 2069              		.loc 1 1208 16 view .LVU641
 2070 000c 23F4E663 		bic	r3, r3, #1840
 2071 0010 E360     		str	r3, [r4, #12]
1210:Drivers/STM32H7xx_HAL_Driver/Src/stm32h7xx_hal_flash_ex.c **** #else
 2072              		.loc 1 1210 5 is_stmt 1 view .LVU642
1210:Drivers/STM32H7xx_HAL_Driver/Src/stm32h7xx_hal_flash_ex.c **** #else
 2073              		.loc 1 1210 10 is_stmt 0 view .LVU643
 2074 0012 E368     		ldr	r3, [r4, #12]
1210:Drivers/STM32H7xx_HAL_Driver/Src/stm32h7xx_hal_flash_ex.c **** #else
 2075              		.loc 1 1210 48 view .LVU644
 2076 0014 42EA002C 		orr	ip, r2, r0, lsl #8
1210:Drivers/STM32H7xx_HAL_Driver/Src/stm32h7xx_hal_flash_ex.c **** #else
 2077              		.loc 1 1210 16 view .LVU645
 2078 0018 43EA0C03 		orr	r3, r3, ip
 2079 001c 43F08403 		orr	r3, r3, #132
 2080 0020 E360     		str	r3, [r4, #12]
 2081              	.L174:
1220:Drivers/STM32H7xx_HAL_Driver/Src/stm32h7xx_hal_flash_ex.c ****   {
 2082              		.loc 1 1220 3 is_stmt 1 view .LVU646
ARM GAS  /tmp/cck0UwGt.s 			page 78


1220:Drivers/STM32H7xx_HAL_Driver/Src/stm32h7xx_hal_flash_ex.c ****   {
 2083              		.loc 1 1220 5 is_stmt 0 view .LVU647
 2084 0022 11F0020F 		tst	r1, #2
 2085 0026 0FD0     		beq	.L173
1224:Drivers/STM32H7xx_HAL_Driver/Src/stm32h7xx_hal_flash_ex.c **** 
 2086              		.loc 1 1224 5 is_stmt 1 view .LVU648
1224:Drivers/STM32H7xx_HAL_Driver/Src/stm32h7xx_hal_flash_ex.c **** 
 2087              		.loc 1 1224 10 is_stmt 0 view .LVU649
 2088 0028 0949     		ldr	r1, .L177
 2089              	.LVL134:
1224:Drivers/STM32H7xx_HAL_Driver/Src/stm32h7xx_hal_flash_ex.c **** 
 2090              		.loc 1 1224 10 view .LVU650
 2091 002a D1F80C31 		ldr	r3, [r1, #268]
1224:Drivers/STM32H7xx_HAL_Driver/Src/stm32h7xx_hal_flash_ex.c **** 
 2092              		.loc 1 1224 16 view .LVU651
 2093 002e 23F4E663 		bic	r3, r3, #1840
 2094 0032 C1F80C31 		str	r3, [r1, #268]
1226:Drivers/STM32H7xx_HAL_Driver/Src/stm32h7xx_hal_flash_ex.c **** #else
 2095              		.loc 1 1226 5 is_stmt 1 view .LVU652
1226:Drivers/STM32H7xx_HAL_Driver/Src/stm32h7xx_hal_flash_ex.c **** #else
 2096              		.loc 1 1226 10 is_stmt 0 view .LVU653
 2097 0036 D1F80C31 		ldr	r3, [r1, #268]
1226:Drivers/STM32H7xx_HAL_Driver/Src/stm32h7xx_hal_flash_ex.c **** #else
 2098              		.loc 1 1226 49 view .LVU654
 2099 003a 42EA0022 		orr	r2, r2, r0, lsl #8
 2100              	.LVL135:
1226:Drivers/STM32H7xx_HAL_Driver/Src/stm32h7xx_hal_flash_ex.c **** #else
 2101              		.loc 1 1226 16 view .LVU655
 2102 003e 1343     		orrs	r3, r3, r2
 2103 0040 43F08403 		orr	r3, r3, #132
 2104 0044 C1F80C31 		str	r3, [r1, #268]
 2105              	.L173:
1235:Drivers/STM32H7xx_HAL_Driver/Src/stm32h7xx_hal_flash_ex.c **** 
 2106              		.loc 1 1235 1 view .LVU656
 2107 0048 5DF8044B 		ldr	r4, [sp], #4
 2108              	.LCFI16:
 2109              		.cfi_restore 4
 2110              		.cfi_def_cfa_offset 0
 2111 004c 7047     		bx	lr
 2112              	.L178:
 2113 004e 00BF     		.align	2
 2114              	.L177:
 2115 0050 00200052 		.word	1375739904
 2116              		.cfi_endproc
 2117              	.LFE156:
 2119              		.section	.text.HAL_FLASHEx_Erase,"ax",%progbits
 2120              		.align	1
 2121              		.global	HAL_FLASHEx_Erase
 2122              		.syntax unified
 2123              		.thumb
 2124              		.thumb_func
 2126              	HAL_FLASHEx_Erase:
 2127              	.LVL136:
 2128              	.LFB146:
 193:Drivers/STM32H7xx_HAL_Driver/Src/stm32h7xx_hal_flash_ex.c ****   HAL_StatusTypeDef status = HAL_OK;
 2129              		.loc 1 193 1 is_stmt 1 view -0
 2130              		.cfi_startproc
ARM GAS  /tmp/cck0UwGt.s 			page 79


 2131              		@ args = 0, pretend = 0, frame = 0
 2132              		@ frame_needed = 0, uses_anonymous_args = 0
 193:Drivers/STM32H7xx_HAL_Driver/Src/stm32h7xx_hal_flash_ex.c ****   HAL_StatusTypeDef status = HAL_OK;
 2133              		.loc 1 193 1 is_stmt 0 view .LVU658
 2134 0000 F8B5     		push	{r3, r4, r5, r6, r7, lr}
 2135              	.LCFI17:
 2136              		.cfi_def_cfa_offset 24
 2137              		.cfi_offset 3, -24
 2138              		.cfi_offset 4, -20
 2139              		.cfi_offset 5, -16
 2140              		.cfi_offset 6, -12
 2141              		.cfi_offset 7, -8
 2142              		.cfi_offset 14, -4
 194:Drivers/STM32H7xx_HAL_Driver/Src/stm32h7xx_hal_flash_ex.c ****   uint32_t sector_index;
 2143              		.loc 1 194 3 is_stmt 1 view .LVU659
 2144              	.LVL137:
 195:Drivers/STM32H7xx_HAL_Driver/Src/stm32h7xx_hal_flash_ex.c **** 
 2145              		.loc 1 195 3 view .LVU660
 198:Drivers/STM32H7xx_HAL_Driver/Src/stm32h7xx_hal_flash_ex.c ****   assert_param(IS_FLASH_BANK(pEraseInit->Banks));
 2146              		.loc 1 198 3 view .LVU661
 199:Drivers/STM32H7xx_HAL_Driver/Src/stm32h7xx_hal_flash_ex.c **** 
 2147              		.loc 1 199 3 view .LVU662
 202:Drivers/STM32H7xx_HAL_Driver/Src/stm32h7xx_hal_flash_ex.c **** 
 2148              		.loc 1 202 3 view .LVU663
 202:Drivers/STM32H7xx_HAL_Driver/Src/stm32h7xx_hal_flash_ex.c **** 
 2149              		.loc 1 202 3 view .LVU664
 2150 0002 474B     		ldr	r3, .L206
 2151 0004 1B7D     		ldrb	r3, [r3, #20]	@ zero_extendqisi2
 2152 0006 012B     		cmp	r3, #1
 2153 0008 00F08880 		beq	.L193
 2154 000c 0446     		mov	r4, r0
 2155 000e 0F46     		mov	r7, r1
 202:Drivers/STM32H7xx_HAL_Driver/Src/stm32h7xx_hal_flash_ex.c **** 
 2156              		.loc 1 202 3 discriminator 2 view .LVU665
 2157 0010 434B     		ldr	r3, .L206
 2158 0012 0122     		movs	r2, #1
 2159 0014 1A75     		strb	r2, [r3, #20]
 202:Drivers/STM32H7xx_HAL_Driver/Src/stm32h7xx_hal_flash_ex.c **** 
 2160              		.loc 1 202 3 discriminator 2 view .LVU666
 205:Drivers/STM32H7xx_HAL_Driver/Src/stm32h7xx_hal_flash_ex.c **** 
 2161              		.loc 1 205 3 view .LVU667
 205:Drivers/STM32H7xx_HAL_Driver/Src/stm32h7xx_hal_flash_ex.c **** 
 2162              		.loc 1 205 20 is_stmt 0 view .LVU668
 2163 0016 0022     		movs	r2, #0
 2164 0018 9A61     		str	r2, [r3, #24]
 208:Drivers/STM32H7xx_HAL_Driver/Src/stm32h7xx_hal_flash_ex.c ****   {
 2165              		.loc 1 208 3 is_stmt 1 view .LVU669
 208:Drivers/STM32H7xx_HAL_Driver/Src/stm32h7xx_hal_flash_ex.c ****   {
 2166              		.loc 1 208 17 is_stmt 0 view .LVU670
 2167 001a 4368     		ldr	r3, [r0, #4]
 208:Drivers/STM32H7xx_HAL_Driver/Src/stm32h7xx_hal_flash_ex.c ****   {
 2168              		.loc 1 208 5 view .LVU671
 2169 001c 13F0010F 		tst	r3, #1
 2170 0020 0DD1     		bne	.L200
 194:Drivers/STM32H7xx_HAL_Driver/Src/stm32h7xx_hal_flash_ex.c ****   uint32_t sector_index;
 2171              		.loc 1 194 21 view .LVU672
 2172 0022 0025     		movs	r5, #0
ARM GAS  /tmp/cck0UwGt.s 			page 80


 2173              	.LVL138:
 2174              	.L181:
 218:Drivers/STM32H7xx_HAL_Driver/Src/stm32h7xx_hal_flash_ex.c ****   {
 2175              		.loc 1 218 3 is_stmt 1 view .LVU673
 218:Drivers/STM32H7xx_HAL_Driver/Src/stm32h7xx_hal_flash_ex.c ****   {
 2176              		.loc 1 218 17 is_stmt 0 view .LVU674
 2177 0024 6368     		ldr	r3, [r4, #4]
 218:Drivers/STM32H7xx_HAL_Driver/Src/stm32h7xx_hal_flash_ex.c ****   {
 2178              		.loc 1 218 5 view .LVU675
 2179 0026 13F0020F 		tst	r3, #2
 2180 002a 12D1     		bne	.L201
 2181              	.L182:
 227:Drivers/STM32H7xx_HAL_Driver/Src/stm32h7xx_hal_flash_ex.c ****   {
 2182              		.loc 1 227 3 is_stmt 1 view .LVU676
 227:Drivers/STM32H7xx_HAL_Driver/Src/stm32h7xx_hal_flash_ex.c ****   {
 2183              		.loc 1 227 5 is_stmt 0 view .LVU677
 2184 002c CDB9     		cbnz	r5, .L183
 229:Drivers/STM32H7xx_HAL_Driver/Src/stm32h7xx_hal_flash_ex.c ****     {
 2185              		.loc 1 229 5 is_stmt 1 view .LVU678
 229:Drivers/STM32H7xx_HAL_Driver/Src/stm32h7xx_hal_flash_ex.c ****     {
 2186              		.loc 1 229 18 is_stmt 0 view .LVU679
 2187 002e 2368     		ldr	r3, [r4]
 229:Drivers/STM32H7xx_HAL_Driver/Src/stm32h7xx_hal_flash_ex.c ****     {
 2188              		.loc 1 229 7 view .LVU680
 2189 0030 012B     		cmp	r3, #1
 2190 0032 1BD0     		beq	.L202
 260:Drivers/STM32H7xx_HAL_Driver/Src/stm32h7xx_hal_flash_ex.c **** 
 2191              		.loc 1 260 7 is_stmt 1 view .LVU681
 260:Drivers/STM32H7xx_HAL_Driver/Src/stm32h7xx_hal_flash_ex.c **** 
 2192              		.loc 1 260 20 is_stmt 0 view .LVU682
 2193 0034 4FF0FF33 		mov	r3, #-1
 2194 0038 3B60     		str	r3, [r7]
 263:Drivers/STM32H7xx_HAL_Driver/Src/stm32h7xx_hal_flash_ex.c ****       {
 2195              		.loc 1 263 7 is_stmt 1 view .LVU683
 263:Drivers/STM32H7xx_HAL_Driver/Src/stm32h7xx_hal_flash_ex.c ****       {
 2196              		.loc 1 263 24 is_stmt 0 view .LVU684
 2197 003a A668     		ldr	r6, [r4, #8]
 2198              	.LVL139:
 263:Drivers/STM32H7xx_HAL_Driver/Src/stm32h7xx_hal_flash_ex.c ****       {
 2199              		.loc 1 263 7 view .LVU685
 2200 003c 4CE0     		b	.L188
 2201              	.LVL140:
 2202              	.L200:
 210:Drivers/STM32H7xx_HAL_Driver/Src/stm32h7xx_hal_flash_ex.c ****     {
 2203              		.loc 1 210 5 is_stmt 1 view .LVU686
 210:Drivers/STM32H7xx_HAL_Driver/Src/stm32h7xx_hal_flash_ex.c ****     {
 2204              		.loc 1 210 8 is_stmt 0 view .LVU687
 2205 003e 0121     		movs	r1, #1
 2206              	.LVL141:
 210:Drivers/STM32H7xx_HAL_Driver/Src/stm32h7xx_hal_flash_ex.c ****     {
 2207              		.loc 1 210 8 view .LVU688
 2208 0040 4CF25030 		movw	r0, #50000
 2209              	.LVL142:
 210:Drivers/STM32H7xx_HAL_Driver/Src/stm32h7xx_hal_flash_ex.c ****     {
 2210              		.loc 1 210 8 view .LVU689
 2211 0044 FFF7FEFF 		bl	FLASH_WaitForLastOperation
 2212              	.LVL143:
ARM GAS  /tmp/cck0UwGt.s 			page 81


 210:Drivers/STM32H7xx_HAL_Driver/Src/stm32h7xx_hal_flash_ex.c ****     {
 2213              		.loc 1 210 7 discriminator 1 view .LVU690
 2214 0048 0546     		mov	r5, r0
 2215 004a 0028     		cmp	r0, #0
 2216 004c EAD0     		beq	.L181
 212:Drivers/STM32H7xx_HAL_Driver/Src/stm32h7xx_hal_flash_ex.c ****     }
 2217              		.loc 1 212 14 view .LVU691
 2218 004e 0125     		movs	r5, #1
 2219 0050 E8E7     		b	.L181
 2220              	.LVL144:
 2221              	.L201:
 220:Drivers/STM32H7xx_HAL_Driver/Src/stm32h7xx_hal_flash_ex.c ****     {
 2222              		.loc 1 220 5 is_stmt 1 view .LVU692
 220:Drivers/STM32H7xx_HAL_Driver/Src/stm32h7xx_hal_flash_ex.c ****     {
 2223              		.loc 1 220 8 is_stmt 0 view .LVU693
 2224 0052 0221     		movs	r1, #2
 2225 0054 4CF25030 		movw	r0, #50000
 2226 0058 FFF7FEFF 		bl	FLASH_WaitForLastOperation
 2227              	.LVL145:
 220:Drivers/STM32H7xx_HAL_Driver/Src/stm32h7xx_hal_flash_ex.c ****     {
 2228              		.loc 1 220 7 discriminator 1 view .LVU694
 2229 005c 0028     		cmp	r0, #0
 2230 005e E5D0     		beq	.L182
 222:Drivers/STM32H7xx_HAL_Driver/Src/stm32h7xx_hal_flash_ex.c ****     }
 2231              		.loc 1 222 14 view .LVU695
 2232 0060 0125     		movs	r5, #1
 2233              	.LVL146:
 2234              	.L183:
 297:Drivers/STM32H7xx_HAL_Driver/Src/stm32h7xx_hal_flash_ex.c **** 
 2235              		.loc 1 297 3 is_stmt 1 view .LVU696
 297:Drivers/STM32H7xx_HAL_Driver/Src/stm32h7xx_hal_flash_ex.c **** 
 2236              		.loc 1 297 3 view .LVU697
 2237 0062 2F4B     		ldr	r3, .L206
 2238 0064 0022     		movs	r2, #0
 2239 0066 1A75     		strb	r2, [r3, #20]
 297:Drivers/STM32H7xx_HAL_Driver/Src/stm32h7xx_hal_flash_ex.c **** 
 2240              		.loc 1 297 3 view .LVU698
 299:Drivers/STM32H7xx_HAL_Driver/Src/stm32h7xx_hal_flash_ex.c **** }
 2241              		.loc 1 299 3 view .LVU699
 2242              	.LVL147:
 2243              	.L180:
 300:Drivers/STM32H7xx_HAL_Driver/Src/stm32h7xx_hal_flash_ex.c **** 
 2244              		.loc 1 300 1 is_stmt 0 view .LVU700
 2245 0068 2846     		mov	r0, r5
 2246 006a F8BD     		pop	{r3, r4, r5, r6, r7, pc}
 2247              	.LVL148:
 2248              	.L202:
 232:Drivers/STM32H7xx_HAL_Driver/Src/stm32h7xx_hal_flash_ex.c **** 
 2249              		.loc 1 232 7 is_stmt 1 view .LVU701
 2250 006c 6168     		ldr	r1, [r4, #4]
 2251 006e 2069     		ldr	r0, [r4, #16]
 2252 0070 FFF7FEFF 		bl	FLASH_MassErase
 2253              	.LVL149:
 235:Drivers/STM32H7xx_HAL_Driver/Src/stm32h7xx_hal_flash_ex.c ****       {
 2254              		.loc 1 235 7 view .LVU702
 235:Drivers/STM32H7xx_HAL_Driver/Src/stm32h7xx_hal_flash_ex.c ****       {
 2255              		.loc 1 235 21 is_stmt 0 view .LVU703
ARM GAS  /tmp/cck0UwGt.s 			page 82


 2256 0074 6368     		ldr	r3, [r4, #4]
 235:Drivers/STM32H7xx_HAL_Driver/Src/stm32h7xx_hal_flash_ex.c ****       {
 2257              		.loc 1 235 9 view .LVU704
 2258 0076 13F0010F 		tst	r3, #1
 2259 007a 12D1     		bne	.L203
 2260              	.L185:
 246:Drivers/STM32H7xx_HAL_Driver/Src/stm32h7xx_hal_flash_ex.c ****       {
 2261              		.loc 1 246 7 is_stmt 1 view .LVU705
 246:Drivers/STM32H7xx_HAL_Driver/Src/stm32h7xx_hal_flash_ex.c ****       {
 2262              		.loc 1 246 21 is_stmt 0 view .LVU706
 2263 007c 6368     		ldr	r3, [r4, #4]
 246:Drivers/STM32H7xx_HAL_Driver/Src/stm32h7xx_hal_flash_ex.c ****       {
 2264              		.loc 1 246 9 view .LVU707
 2265 007e 13F0020F 		tst	r3, #2
 2266 0082 EED0     		beq	.L183
 248:Drivers/STM32H7xx_HAL_Driver/Src/stm32h7xx_hal_flash_ex.c ****         {
 2267              		.loc 1 248 9 is_stmt 1 view .LVU708
 248:Drivers/STM32H7xx_HAL_Driver/Src/stm32h7xx_hal_flash_ex.c ****         {
 2268              		.loc 1 248 12 is_stmt 0 view .LVU709
 2269 0084 0221     		movs	r1, #2
 2270 0086 4CF25030 		movw	r0, #50000
 2271 008a FFF7FEFF 		bl	FLASH_WaitForLastOperation
 2272              	.LVL150:
 248:Drivers/STM32H7xx_HAL_Driver/Src/stm32h7xx_hal_flash_ex.c ****         {
 2273              		.loc 1 248 11 discriminator 1 view .LVU710
 2274 008e 00B1     		cbz	r0, .L187
 250:Drivers/STM32H7xx_HAL_Driver/Src/stm32h7xx_hal_flash_ex.c ****         }
 2275              		.loc 1 250 18 view .LVU711
 2276 0090 0125     		movs	r5, #1
 2277              	.LVL151:
 2278              	.L187:
 253:Drivers/STM32H7xx_HAL_Driver/Src/stm32h7xx_hal_flash_ex.c ****       }
 2279              		.loc 1 253 9 is_stmt 1 view .LVU712
 253:Drivers/STM32H7xx_HAL_Driver/Src/stm32h7xx_hal_flash_ex.c ****       }
 2280              		.loc 1 253 14 is_stmt 0 view .LVU713
 2281 0092 244A     		ldr	r2, .L206+4
 2282 0094 D2F80C31 		ldr	r3, [r2, #268]
 253:Drivers/STM32H7xx_HAL_Driver/Src/stm32h7xx_hal_flash_ex.c ****       }
 2283              		.loc 1 253 20 view .LVU714
 2284 0098 23F00803 		bic	r3, r3, #8
 2285 009c C2F80C31 		str	r3, [r2, #268]
 2286 00a0 DFE7     		b	.L183
 2287              	.L203:
 237:Drivers/STM32H7xx_HAL_Driver/Src/stm32h7xx_hal_flash_ex.c ****         {
 2288              		.loc 1 237 9 is_stmt 1 view .LVU715
 237:Drivers/STM32H7xx_HAL_Driver/Src/stm32h7xx_hal_flash_ex.c ****         {
 2289              		.loc 1 237 12 is_stmt 0 view .LVU716
 2290 00a2 0121     		movs	r1, #1
 2291 00a4 4CF25030 		movw	r0, #50000
 2292 00a8 FFF7FEFF 		bl	FLASH_WaitForLastOperation
 2293              	.LVL152:
 237:Drivers/STM32H7xx_HAL_Driver/Src/stm32h7xx_hal_flash_ex.c ****         {
 2294              		.loc 1 237 11 discriminator 1 view .LVU717
 2295 00ac 00B1     		cbz	r0, .L186
 239:Drivers/STM32H7xx_HAL_Driver/Src/stm32h7xx_hal_flash_ex.c ****         }
 2296              		.loc 1 239 18 view .LVU718
 2297 00ae 0125     		movs	r5, #1
ARM GAS  /tmp/cck0UwGt.s 			page 83


 2298              	.LVL153:
 2299              	.L186:
 242:Drivers/STM32H7xx_HAL_Driver/Src/stm32h7xx_hal_flash_ex.c ****       }
 2300              		.loc 1 242 9 is_stmt 1 view .LVU719
 242:Drivers/STM32H7xx_HAL_Driver/Src/stm32h7xx_hal_flash_ex.c ****       }
 2301              		.loc 1 242 14 is_stmt 0 view .LVU720
 2302 00b0 1C4A     		ldr	r2, .L206+4
 2303 00b2 D368     		ldr	r3, [r2, #12]
 242:Drivers/STM32H7xx_HAL_Driver/Src/stm32h7xx_hal_flash_ex.c ****       }
 2304              		.loc 1 242 20 view .LVU721
 2305 00b4 23F00803 		bic	r3, r3, #8
 2306 00b8 D360     		str	r3, [r2, #12]
 2307 00ba DFE7     		b	.L185
 2308              	.LVL154:
 2309              	.L205:
 270:Drivers/STM32H7xx_HAL_Driver/Src/stm32h7xx_hal_flash_ex.c **** 
 2310              		.loc 1 270 11 is_stmt 1 view .LVU722
 270:Drivers/STM32H7xx_HAL_Driver/Src/stm32h7xx_hal_flash_ex.c **** 
 2311              		.loc 1 270 20 is_stmt 0 view .LVU723
 2312 00bc 0121     		movs	r1, #1
 2313 00be 4CF25030 		movw	r0, #50000
 2314 00c2 FFF7FEFF 		bl	FLASH_WaitForLastOperation
 2315              	.LVL155:
 2316 00c6 0546     		mov	r5, r0
 2317              	.LVL156:
 273:Drivers/STM32H7xx_HAL_Driver/Src/stm32h7xx_hal_flash_ex.c ****         }
 2318              		.loc 1 273 11 is_stmt 1 view .LVU724
 273:Drivers/STM32H7xx_HAL_Driver/Src/stm32h7xx_hal_flash_ex.c ****         }
 2319              		.loc 1 273 16 is_stmt 0 view .LVU725
 2320 00c8 164A     		ldr	r2, .L206+4
 2321 00ca D168     		ldr	r1, [r2, #12]
 273:Drivers/STM32H7xx_HAL_Driver/Src/stm32h7xx_hal_flash_ex.c ****         }
 2322              		.loc 1 273 22 view .LVU726
 2323 00cc 164B     		ldr	r3, .L206+8
 2324 00ce 0B40     		ands	r3, r3, r1
 2325 00d0 D360     		str	r3, [r2, #12]
 2326 00d2 0FE0     		b	.L189
 2327              	.L190:
 286:Drivers/STM32H7xx_HAL_Driver/Src/stm32h7xx_hal_flash_ex.c ****         {
 2328              		.loc 1 286 9 is_stmt 1 view .LVU727
 286:Drivers/STM32H7xx_HAL_Driver/Src/stm32h7xx_hal_flash_ex.c ****         {
 2329              		.loc 1 286 11 is_stmt 0 view .LVU728
 2330 00d4 05BB     		cbnz	r5, .L204
 263:Drivers/STM32H7xx_HAL_Driver/Src/stm32h7xx_hal_flash_ex.c ****       {
 2331              		.loc 1 263 119 is_stmt 1 discriminator 2 view .LVU729
 2332 00d6 0136     		adds	r6, r6, #1
 2333              	.LVL157:
 2334              	.L188:
 263:Drivers/STM32H7xx_HAL_Driver/Src/stm32h7xx_hal_flash_ex.c ****       {
 2335              		.loc 1 263 59 discriminator 1 view .LVU730
 263:Drivers/STM32H7xx_HAL_Driver/Src/stm32h7xx_hal_flash_ex.c ****       {
 2336              		.loc 1 263 72 is_stmt 0 discriminator 1 view .LVU731
 2337 00d8 E368     		ldr	r3, [r4, #12]
 263:Drivers/STM32H7xx_HAL_Driver/Src/stm32h7xx_hal_flash_ex.c ****       {
 2338              		.loc 1 263 96 discriminator 1 view .LVU732
 2339 00da A268     		ldr	r2, [r4, #8]
 263:Drivers/STM32H7xx_HAL_Driver/Src/stm32h7xx_hal_flash_ex.c ****       {
ARM GAS  /tmp/cck0UwGt.s 			page 84


 2340              		.loc 1 263 84 discriminator 1 view .LVU733
 2341 00dc 1344     		add	r3, r3, r2
 263:Drivers/STM32H7xx_HAL_Driver/Src/stm32h7xx_hal_flash_ex.c ****       {
 2342              		.loc 1 263 59 discriminator 1 view .LVU734
 2343 00de B342     		cmp	r3, r6
 2344 00e0 BFD9     		bls	.L183
 265:Drivers/STM32H7xx_HAL_Driver/Src/stm32h7xx_hal_flash_ex.c **** 
 2345              		.loc 1 265 9 is_stmt 1 view .LVU735
 2346 00e2 2269     		ldr	r2, [r4, #16]
 2347 00e4 6168     		ldr	r1, [r4, #4]
 2348 00e6 3046     		mov	r0, r6
 2349 00e8 FFF7FEFF 		bl	FLASH_Erase_Sector
 2350              	.LVL158:
 267:Drivers/STM32H7xx_HAL_Driver/Src/stm32h7xx_hal_flash_ex.c ****         {
 2351              		.loc 1 267 9 view .LVU736
 267:Drivers/STM32H7xx_HAL_Driver/Src/stm32h7xx_hal_flash_ex.c ****         {
 2352              		.loc 1 267 23 is_stmt 0 view .LVU737
 2353 00ec 6368     		ldr	r3, [r4, #4]
 267:Drivers/STM32H7xx_HAL_Driver/Src/stm32h7xx_hal_flash_ex.c ****         {
 2354              		.loc 1 267 11 view .LVU738
 2355 00ee 13F0010F 		tst	r3, #1
 2356 00f2 E3D1     		bne	.L205
 2357              	.L189:
 276:Drivers/STM32H7xx_HAL_Driver/Src/stm32h7xx_hal_flash_ex.c ****         {
 2358              		.loc 1 276 9 is_stmt 1 view .LVU739
 276:Drivers/STM32H7xx_HAL_Driver/Src/stm32h7xx_hal_flash_ex.c ****         {
 2359              		.loc 1 276 23 is_stmt 0 view .LVU740
 2360 00f4 6368     		ldr	r3, [r4, #4]
 276:Drivers/STM32H7xx_HAL_Driver/Src/stm32h7xx_hal_flash_ex.c ****         {
 2361              		.loc 1 276 11 view .LVU741
 2362 00f6 13F0020F 		tst	r3, #2
 2363 00fa EBD0     		beq	.L190
 279:Drivers/STM32H7xx_HAL_Driver/Src/stm32h7xx_hal_flash_ex.c **** 
 2364              		.loc 1 279 11 is_stmt 1 view .LVU742
 279:Drivers/STM32H7xx_HAL_Driver/Src/stm32h7xx_hal_flash_ex.c **** 
 2365              		.loc 1 279 20 is_stmt 0 view .LVU743
 2366 00fc 0221     		movs	r1, #2
 2367 00fe 4CF25030 		movw	r0, #50000
 2368 0102 FFF7FEFF 		bl	FLASH_WaitForLastOperation
 2369              	.LVL159:
 2370 0106 0546     		mov	r5, r0
 2371              	.LVL160:
 282:Drivers/STM32H7xx_HAL_Driver/Src/stm32h7xx_hal_flash_ex.c ****         }
 2372              		.loc 1 282 11 is_stmt 1 view .LVU744
 282:Drivers/STM32H7xx_HAL_Driver/Src/stm32h7xx_hal_flash_ex.c ****         }
 2373              		.loc 1 282 16 is_stmt 0 view .LVU745
 2374 0108 064A     		ldr	r2, .L206+4
 2375 010a D2F80C11 		ldr	r1, [r2, #268]
 282:Drivers/STM32H7xx_HAL_Driver/Src/stm32h7xx_hal_flash_ex.c ****         }
 2376              		.loc 1 282 22 view .LVU746
 2377 010e 064B     		ldr	r3, .L206+8
 2378 0110 0B40     		ands	r3, r3, r1
 2379 0112 C2F80C31 		str	r3, [r2, #268]
 2380 0116 DDE7     		b	.L190
 2381              	.L204:
 289:Drivers/STM32H7xx_HAL_Driver/Src/stm32h7xx_hal_flash_ex.c ****           break;
 2382              		.loc 1 289 11 is_stmt 1 view .LVU747
ARM GAS  /tmp/cck0UwGt.s 			page 85


 289:Drivers/STM32H7xx_HAL_Driver/Src/stm32h7xx_hal_flash_ex.c ****           break;
 2383              		.loc 1 289 24 is_stmt 0 view .LVU748
 2384 0118 3E60     		str	r6, [r7]
 290:Drivers/STM32H7xx_HAL_Driver/Src/stm32h7xx_hal_flash_ex.c ****         }
 2385              		.loc 1 290 11 is_stmt 1 view .LVU749
 2386 011a A2E7     		b	.L183
 2387              	.LVL161:
 2388              	.L193:
 202:Drivers/STM32H7xx_HAL_Driver/Src/stm32h7xx_hal_flash_ex.c **** 
 2389              		.loc 1 202 3 is_stmt 0 discriminator 1 view .LVU750
 2390 011c 0225     		movs	r5, #2
 2391 011e A3E7     		b	.L180
 2392              	.L207:
 2393              		.align	2
 2394              	.L206:
 2395 0120 00000000 		.word	pFlash
 2396 0124 00200052 		.word	1375739904
 2397 0128 FBF8FFFF 		.word	-1797
 2398              		.cfi_endproc
 2399              	.LFE146:
 2401              		.section	.text.HAL_FLASHEx_Erase_IT,"ax",%progbits
 2402              		.align	1
 2403              		.global	HAL_FLASHEx_Erase_IT
 2404              		.syntax unified
 2405              		.thumb
 2406              		.thumb_func
 2408              	HAL_FLASHEx_Erase_IT:
 2409              	.LVL162:
 2410              	.LFB147:
 316:Drivers/STM32H7xx_HAL_Driver/Src/stm32h7xx_hal_flash_ex.c ****   HAL_StatusTypeDef status = HAL_OK;
 2411              		.loc 1 316 1 is_stmt 1 view -0
 2412              		.cfi_startproc
 2413              		@ args = 0, pretend = 0, frame = 0
 2414              		@ frame_needed = 0, uses_anonymous_args = 0
 316:Drivers/STM32H7xx_HAL_Driver/Src/stm32h7xx_hal_flash_ex.c ****   HAL_StatusTypeDef status = HAL_OK;
 2415              		.loc 1 316 1 is_stmt 0 view .LVU752
 2416 0000 38B5     		push	{r3, r4, r5, lr}
 2417              	.LCFI18:
 2418              		.cfi_def_cfa_offset 16
 2419              		.cfi_offset 3, -16
 2420              		.cfi_offset 4, -12
 2421              		.cfi_offset 5, -8
 2422              		.cfi_offset 14, -4
 317:Drivers/STM32H7xx_HAL_Driver/Src/stm32h7xx_hal_flash_ex.c **** 
 2423              		.loc 1 317 3 is_stmt 1 view .LVU753
 2424              	.LVL163:
 320:Drivers/STM32H7xx_HAL_Driver/Src/stm32h7xx_hal_flash_ex.c ****   assert_param(IS_FLASH_BANK(pEraseInit->Banks));
 2425              		.loc 1 320 3 view .LVU754
 321:Drivers/STM32H7xx_HAL_Driver/Src/stm32h7xx_hal_flash_ex.c **** 
 2426              		.loc 1 321 3 view .LVU755
 324:Drivers/STM32H7xx_HAL_Driver/Src/stm32h7xx_hal_flash_ex.c **** 
 2427              		.loc 1 324 3 view .LVU756
 324:Drivers/STM32H7xx_HAL_Driver/Src/stm32h7xx_hal_flash_ex.c **** 
 2428              		.loc 1 324 3 view .LVU757
 2429 0002 374B     		ldr	r3, .L233
 2430 0004 1B7D     		ldrb	r3, [r3, #20]	@ zero_extendqisi2
 2431 0006 012B     		cmp	r3, #1
ARM GAS  /tmp/cck0UwGt.s 			page 86


 2432 0008 68D0     		beq	.L222
 2433 000a 0446     		mov	r4, r0
 324:Drivers/STM32H7xx_HAL_Driver/Src/stm32h7xx_hal_flash_ex.c **** 
 2434              		.loc 1 324 3 discriminator 2 view .LVU758
 2435 000c 344B     		ldr	r3, .L233
 2436 000e 0122     		movs	r2, #1
 2437 0010 1A75     		strb	r2, [r3, #20]
 324:Drivers/STM32H7xx_HAL_Driver/Src/stm32h7xx_hal_flash_ex.c **** 
 2438              		.loc 1 324 3 discriminator 2 view .LVU759
 327:Drivers/STM32H7xx_HAL_Driver/Src/stm32h7xx_hal_flash_ex.c **** 
 2439              		.loc 1 327 3 view .LVU760
 327:Drivers/STM32H7xx_HAL_Driver/Src/stm32h7xx_hal_flash_ex.c **** 
 2440              		.loc 1 327 20 is_stmt 0 view .LVU761
 2441 0012 0022     		movs	r2, #0
 2442 0014 9A61     		str	r2, [r3, #24]
 330:Drivers/STM32H7xx_HAL_Driver/Src/stm32h7xx_hal_flash_ex.c ****   {
 2443              		.loc 1 330 3 is_stmt 1 view .LVU762
 330:Drivers/STM32H7xx_HAL_Driver/Src/stm32h7xx_hal_flash_ex.c ****   {
 2444              		.loc 1 330 17 is_stmt 0 view .LVU763
 2445 0016 4368     		ldr	r3, [r0, #4]
 330:Drivers/STM32H7xx_HAL_Driver/Src/stm32h7xx_hal_flash_ex.c ****   {
 2446              		.loc 1 330 5 view .LVU764
 2447 0018 13F0010F 		tst	r3, #1
 2448 001c 0AD1     		bne	.L227
 317:Drivers/STM32H7xx_HAL_Driver/Src/stm32h7xx_hal_flash_ex.c **** 
 2449              		.loc 1 317 21 view .LVU765
 2450 001e 0025     		movs	r5, #0
 2451              	.LVL164:
 2452              	.L210:
 340:Drivers/STM32H7xx_HAL_Driver/Src/stm32h7xx_hal_flash_ex.c ****   {
 2453              		.loc 1 340 3 is_stmt 1 view .LVU766
 340:Drivers/STM32H7xx_HAL_Driver/Src/stm32h7xx_hal_flash_ex.c ****   {
 2454              		.loc 1 340 17 is_stmt 0 view .LVU767
 2455 0020 6368     		ldr	r3, [r4, #4]
 340:Drivers/STM32H7xx_HAL_Driver/Src/stm32h7xx_hal_flash_ex.c ****   {
 2456              		.loc 1 340 5 view .LVU768
 2457 0022 13F0020F 		tst	r3, #2
 2458 0026 0FD1     		bne	.L228
 2459              	.L211:
 349:Drivers/STM32H7xx_HAL_Driver/Src/stm32h7xx_hal_flash_ex.c ****   {
 2460              		.loc 1 349 3 is_stmt 1 view .LVU769
 349:Drivers/STM32H7xx_HAL_Driver/Src/stm32h7xx_hal_flash_ex.c ****   {
 2461              		.loc 1 349 6 is_stmt 0 view .LVU770
 2462 0028 BDB1     		cbz	r5, .L213
 2463              	.LVL165:
 2464              	.L212:
 352:Drivers/STM32H7xx_HAL_Driver/Src/stm32h7xx_hal_flash_ex.c ****   }
 2465              		.loc 1 352 5 is_stmt 1 view .LVU771
 352:Drivers/STM32H7xx_HAL_Driver/Src/stm32h7xx_hal_flash_ex.c ****   }
 2466              		.loc 1 352 5 view .LVU772
 2467 002a 2D4B     		ldr	r3, .L233
 2468 002c 0022     		movs	r2, #0
 2469 002e 1A75     		strb	r2, [r3, #20]
 352:Drivers/STM32H7xx_HAL_Driver/Src/stm32h7xx_hal_flash_ex.c ****   }
 2470              		.loc 1 352 5 view .LVU773
 2471              	.LVL166:
 2472              	.L209:
ARM GAS  /tmp/cck0UwGt.s 			page 87


 427:Drivers/STM32H7xx_HAL_Driver/Src/stm32h7xx_hal_flash_ex.c **** 
 2473              		.loc 1 427 1 is_stmt 0 view .LVU774
 2474 0030 2846     		mov	r0, r5
 2475 0032 38BD     		pop	{r3, r4, r5, pc}
 2476              	.LVL167:
 2477              	.L227:
 332:Drivers/STM32H7xx_HAL_Driver/Src/stm32h7xx_hal_flash_ex.c ****     {
 2478              		.loc 1 332 5 is_stmt 1 view .LVU775
 332:Drivers/STM32H7xx_HAL_Driver/Src/stm32h7xx_hal_flash_ex.c ****     {
 2479              		.loc 1 332 8 is_stmt 0 view .LVU776
 2480 0034 0121     		movs	r1, #1
 2481 0036 4CF25030 		movw	r0, #50000
 2482              	.LVL168:
 332:Drivers/STM32H7xx_HAL_Driver/Src/stm32h7xx_hal_flash_ex.c ****     {
 2483              		.loc 1 332 8 view .LVU777
 2484 003a FFF7FEFF 		bl	FLASH_WaitForLastOperation
 2485              	.LVL169:
 332:Drivers/STM32H7xx_HAL_Driver/Src/stm32h7xx_hal_flash_ex.c ****     {
 2486              		.loc 1 332 7 discriminator 1 view .LVU778
 2487 003e 0546     		mov	r5, r0
 2488 0040 0028     		cmp	r0, #0
 2489 0042 EDD0     		beq	.L210
 334:Drivers/STM32H7xx_HAL_Driver/Src/stm32h7xx_hal_flash_ex.c ****     }
 2490              		.loc 1 334 14 view .LVU779
 2491 0044 0125     		movs	r5, #1
 2492 0046 EBE7     		b	.L210
 2493              	.LVL170:
 2494              	.L228:
 342:Drivers/STM32H7xx_HAL_Driver/Src/stm32h7xx_hal_flash_ex.c ****     {
 2495              		.loc 1 342 5 is_stmt 1 view .LVU780
 342:Drivers/STM32H7xx_HAL_Driver/Src/stm32h7xx_hal_flash_ex.c ****     {
 2496              		.loc 1 342 8 is_stmt 0 view .LVU781
 2497 0048 0221     		movs	r1, #2
 2498 004a 4CF25030 		movw	r0, #50000
 2499 004e FFF7FEFF 		bl	FLASH_WaitForLastOperation
 2500              	.LVL171:
 342:Drivers/STM32H7xx_HAL_Driver/Src/stm32h7xx_hal_flash_ex.c ****     {
 2501              		.loc 1 342 7 discriminator 1 view .LVU782
 2502 0052 0028     		cmp	r0, #0
 2503 0054 E8D0     		beq	.L211
 344:Drivers/STM32H7xx_HAL_Driver/Src/stm32h7xx_hal_flash_ex.c ****     }
 2504              		.loc 1 344 14 view .LVU783
 2505 0056 0125     		movs	r5, #1
 2506              	.LVL172:
 344:Drivers/STM32H7xx_HAL_Driver/Src/stm32h7xx_hal_flash_ex.c ****     }
 2507              		.loc 1 344 14 view .LVU784
 2508 0058 E7E7     		b	.L212
 2509              	.LVL173:
 2510              	.L213:
 356:Drivers/STM32H7xx_HAL_Driver/Src/stm32h7xx_hal_flash_ex.c ****     {
 2511              		.loc 1 356 5 is_stmt 1 view .LVU785
 356:Drivers/STM32H7xx_HAL_Driver/Src/stm32h7xx_hal_flash_ex.c ****     {
 2512              		.loc 1 356 19 is_stmt 0 view .LVU786
 2513 005a 6368     		ldr	r3, [r4, #4]
 356:Drivers/STM32H7xx_HAL_Driver/Src/stm32h7xx_hal_flash_ex.c ****     {
 2514              		.loc 1 356 7 view .LVU787
 2515 005c 13F0010F 		tst	r3, #1
ARM GAS  /tmp/cck0UwGt.s 			page 88


 2516 0060 04D0     		beq	.L214
 360:Drivers/STM32H7xx_HAL_Driver/Src/stm32h7xx_hal_flash_ex.c ****                                   FLASH_IT_STRBERR_BANK1 | FLASH_IT_INCERR_BANK1 | FLASH_IT_OPERR_B
 2517              		.loc 1 360 7 is_stmt 1 view .LVU788
 2518 0062 204A     		ldr	r2, .L233+4
 2519 0064 D368     		ldr	r3, [r2, #12]
 2520 0066 43F4DE03 		orr	r3, r3, #7274496
 2521 006a D360     		str	r3, [r2, #12]
 2522              	.L214:
 368:Drivers/STM32H7xx_HAL_Driver/Src/stm32h7xx_hal_flash_ex.c ****     {
 2523              		.loc 1 368 5 view .LVU789
 368:Drivers/STM32H7xx_HAL_Driver/Src/stm32h7xx_hal_flash_ex.c ****     {
 2524              		.loc 1 368 19 is_stmt 0 view .LVU790
 2525 006c 6368     		ldr	r3, [r4, #4]
 368:Drivers/STM32H7xx_HAL_Driver/Src/stm32h7xx_hal_flash_ex.c ****     {
 2526              		.loc 1 368 7 view .LVU791
 2527 006e 13F0020F 		tst	r3, #2
 2528 0072 06D0     		beq	.L215
 372:Drivers/STM32H7xx_HAL_Driver/Src/stm32h7xx_hal_flash_ex.c ****                                   FLASH_IT_STRBERR_BANK2 | FLASH_IT_INCERR_BANK2 | FLASH_IT_OPERR_B
 2529              		.loc 1 372 7 is_stmt 1 view .LVU792
 2530 0074 1B4A     		ldr	r2, .L233+4
 2531 0076 D2F80C31 		ldr	r3, [r2, #268]
 2532 007a 43F4DE03 		orr	r3, r3, #7274496
 2533 007e C2F80C31 		str	r3, [r2, #268]
 2534              	.L215:
 381:Drivers/STM32H7xx_HAL_Driver/Src/stm32h7xx_hal_flash_ex.c ****     {
 2535              		.loc 1 381 5 view .LVU793
 381:Drivers/STM32H7xx_HAL_Driver/Src/stm32h7xx_hal_flash_ex.c ****     {
 2536              		.loc 1 381 18 is_stmt 0 view .LVU794
 2537 0082 2368     		ldr	r3, [r4]
 381:Drivers/STM32H7xx_HAL_Driver/Src/stm32h7xx_hal_flash_ex.c ****     {
 2538              		.loc 1 381 7 view .LVU795
 2539 0084 012B     		cmp	r3, #1
 2540 0086 11D0     		beq	.L229
 405:Drivers/STM32H7xx_HAL_Driver/Src/stm32h7xx_hal_flash_ex.c ****       {
 2541              		.loc 1 405 7 is_stmt 1 view .LVU796
 405:Drivers/STM32H7xx_HAL_Driver/Src/stm32h7xx_hal_flash_ex.c ****       {
 2542              		.loc 1 405 20 is_stmt 0 view .LVU797
 2543 0088 6368     		ldr	r3, [r4, #4]
 405:Drivers/STM32H7xx_HAL_Driver/Src/stm32h7xx_hal_flash_ex.c ****       {
 2544              		.loc 1 405 9 view .LVU798
 2545 008a 012B     		cmp	r3, #1
 2546 008c 22D0     		beq	.L230
 411:Drivers/STM32H7xx_HAL_Driver/Src/stm32h7xx_hal_flash_ex.c ****       }
 2547              		.loc 1 411 9 is_stmt 1 view .LVU799
 411:Drivers/STM32H7xx_HAL_Driver/Src/stm32h7xx_hal_flash_ex.c ****       }
 2548              		.loc 1 411 33 is_stmt 0 view .LVU800
 2549 008e 144B     		ldr	r3, .L233
 2550 0090 0422     		movs	r2, #4
 2551 0092 1A70     		strb	r2, [r3]
 2552              	.L221:
 417:Drivers/STM32H7xx_HAL_Driver/Src/stm32h7xx_hal_flash_ex.c ****       pFlash.Sector = pEraseInit->Sector;
 2553              		.loc 1 417 7 is_stmt 1 view .LVU801
 417:Drivers/STM32H7xx_HAL_Driver/Src/stm32h7xx_hal_flash_ex.c ****       pFlash.Sector = pEraseInit->Sector;
 2554              		.loc 1 417 43 is_stmt 0 view .LVU802
 2555 0094 E268     		ldr	r2, [r4, #12]
 417:Drivers/STM32H7xx_HAL_Driver/Src/stm32h7xx_hal_flash_ex.c ****       pFlash.Sector = pEraseInit->Sector;
 2556              		.loc 1 417 31 view .LVU803
ARM GAS  /tmp/cck0UwGt.s 			page 89


 2557 0096 124B     		ldr	r3, .L233
 2558 0098 5A60     		str	r2, [r3, #4]
 418:Drivers/STM32H7xx_HAL_Driver/Src/stm32h7xx_hal_flash_ex.c ****       pFlash.VoltageForErase = pEraseInit->VoltageRange;
 2559              		.loc 1 418 7 is_stmt 1 view .LVU804
 418:Drivers/STM32H7xx_HAL_Driver/Src/stm32h7xx_hal_flash_ex.c ****       pFlash.VoltageForErase = pEraseInit->VoltageRange;
 2560              		.loc 1 418 33 is_stmt 0 view .LVU805
 2561 009a A268     		ldr	r2, [r4, #8]
 418:Drivers/STM32H7xx_HAL_Driver/Src/stm32h7xx_hal_flash_ex.c ****       pFlash.VoltageForErase = pEraseInit->VoltageRange;
 2562              		.loc 1 418 21 view .LVU806
 2563 009c DA60     		str	r2, [r3, #12]
 419:Drivers/STM32H7xx_HAL_Driver/Src/stm32h7xx_hal_flash_ex.c **** 
 2564              		.loc 1 419 7 is_stmt 1 view .LVU807
 419:Drivers/STM32H7xx_HAL_Driver/Src/stm32h7xx_hal_flash_ex.c **** 
 2565              		.loc 1 419 42 is_stmt 0 view .LVU808
 2566 009e 2269     		ldr	r2, [r4, #16]
 419:Drivers/STM32H7xx_HAL_Driver/Src/stm32h7xx_hal_flash_ex.c **** 
 2567              		.loc 1 419 30 view .LVU809
 2568 00a0 9A60     		str	r2, [r3, #8]
 422:Drivers/STM32H7xx_HAL_Driver/Src/stm32h7xx_hal_flash_ex.c ****     }
 2569              		.loc 1 422 7 is_stmt 1 view .LVU810
 2570 00a2 6168     		ldr	r1, [r4, #4]
 2571 00a4 A068     		ldr	r0, [r4, #8]
 2572 00a6 FFF7FEFF 		bl	FLASH_Erase_Sector
 2573              	.LVL174:
 2574 00aa C1E7     		b	.L209
 2575              	.L229:
 384:Drivers/STM32H7xx_HAL_Driver/Src/stm32h7xx_hal_flash_ex.c ****       {
 2576              		.loc 1 384 7 view .LVU811
 384:Drivers/STM32H7xx_HAL_Driver/Src/stm32h7xx_hal_flash_ex.c ****       {
 2577              		.loc 1 384 20 is_stmt 0 view .LVU812
 2578 00ac 6168     		ldr	r1, [r4, #4]
 384:Drivers/STM32H7xx_HAL_Driver/Src/stm32h7xx_hal_flash_ex.c ****       {
 2579              		.loc 1 384 9 view .LVU813
 2580 00ae 0129     		cmp	r1, #1
 2581 00b0 08D0     		beq	.L231
 389:Drivers/STM32H7xx_HAL_Driver/Src/stm32h7xx_hal_flash_ex.c ****       {
 2582              		.loc 1 389 12 is_stmt 1 view .LVU814
 389:Drivers/STM32H7xx_HAL_Driver/Src/stm32h7xx_hal_flash_ex.c ****       {
 2583              		.loc 1 389 14 is_stmt 0 view .LVU815
 2584 00b2 0229     		cmp	r1, #2
 2585 00b4 0AD0     		beq	.L232
 396:Drivers/STM32H7xx_HAL_Driver/Src/stm32h7xx_hal_flash_ex.c ****       }
 2586              		.loc 1 396 9 is_stmt 1 view .LVU816
 396:Drivers/STM32H7xx_HAL_Driver/Src/stm32h7xx_hal_flash_ex.c ****       }
 2587              		.loc 1 396 33 is_stmt 0 view .LVU817
 2588 00b6 0A4B     		ldr	r3, .L233
 2589 00b8 0722     		movs	r2, #7
 2590 00ba 1A70     		strb	r2, [r3]
 2591              	.L218:
 399:Drivers/STM32H7xx_HAL_Driver/Src/stm32h7xx_hal_flash_ex.c ****     }
 2592              		.loc 1 399 7 is_stmt 1 view .LVU818
 2593 00bc 2069     		ldr	r0, [r4, #16]
 2594 00be FFF7FEFF 		bl	FLASH_MassErase
 2595              	.LVL175:
 2596 00c2 B5E7     		b	.L209
 2597              	.L231:
 386:Drivers/STM32H7xx_HAL_Driver/Src/stm32h7xx_hal_flash_ex.c ****       }
ARM GAS  /tmp/cck0UwGt.s 			page 90


 2598              		.loc 1 386 9 view .LVU819
 386:Drivers/STM32H7xx_HAL_Driver/Src/stm32h7xx_hal_flash_ex.c ****       }
 2599              		.loc 1 386 33 is_stmt 0 view .LVU820
 2600 00c4 064B     		ldr	r3, .L233
 2601 00c6 0222     		movs	r2, #2
 2602 00c8 1A70     		strb	r2, [r3]
 2603 00ca F7E7     		b	.L218
 2604              	.L232:
 391:Drivers/STM32H7xx_HAL_Driver/Src/stm32h7xx_hal_flash_ex.c ****       }
 2605              		.loc 1 391 9 is_stmt 1 view .LVU821
 391:Drivers/STM32H7xx_HAL_Driver/Src/stm32h7xx_hal_flash_ex.c ****       }
 2606              		.loc 1 391 33 is_stmt 0 view .LVU822
 2607 00cc 044B     		ldr	r3, .L233
 2608 00ce 0522     		movs	r2, #5
 2609 00d0 1A70     		strb	r2, [r3]
 2610 00d2 F3E7     		b	.L218
 2611              	.L230:
 407:Drivers/STM32H7xx_HAL_Driver/Src/stm32h7xx_hal_flash_ex.c ****       }
 2612              		.loc 1 407 9 is_stmt 1 view .LVU823
 407:Drivers/STM32H7xx_HAL_Driver/Src/stm32h7xx_hal_flash_ex.c ****       }
 2613              		.loc 1 407 33 is_stmt 0 view .LVU824
 2614 00d4 024B     		ldr	r3, .L233
 2615 00d6 0122     		movs	r2, #1
 2616 00d8 1A70     		strb	r2, [r3]
 2617 00da DBE7     		b	.L221
 2618              	.LVL176:
 2619              	.L222:
 324:Drivers/STM32H7xx_HAL_Driver/Src/stm32h7xx_hal_flash_ex.c **** 
 2620              		.loc 1 324 3 discriminator 1 view .LVU825
 2621 00dc 0225     		movs	r5, #2
 2622 00de A7E7     		b	.L209
 2623              	.L234:
 2624              		.align	2
 2625              	.L233:
 2626 00e0 00000000 		.word	pFlash
 2627 00e4 00200052 		.word	1375739904
 2628              		.cfi_endproc
 2629              	.LFE147:
 2631              		.text
 2632              	.Letext0:
 2633              		.file 2 "Drivers/CMSIS/Device/ST/STM32H7xx/Include/stm32h743xx.h"
 2634              		.file 3 "/usr/lib/gcc/arm-none-eabi/13.2.1/include/stdint.h"
 2635              		.file 4 "Drivers/STM32H7xx_HAL_Driver/Inc/stm32h7xx_hal_def.h"
 2636              		.file 5 "Drivers/STM32H7xx_HAL_Driver/Inc/stm32h7xx_hal_flash.h"
 2637              		.file 6 "Drivers/STM32H7xx_HAL_Driver/Inc/stm32h7xx_hal_flash_ex.h"
ARM GAS  /tmp/cck0UwGt.s 			page 91


DEFINED SYMBOLS
                            *ABS*:00000000 stm32h7xx_hal_flash_ex.c
     /tmp/cck0UwGt.s:20     .text.FLASH_MassErase:00000000 $t
     /tmp/cck0UwGt.s:25     .text.FLASH_MassErase:00000000 FLASH_MassErase
     /tmp/cck0UwGt.s:127    .text.FLASH_MassErase:00000084 $d
     /tmp/cck0UwGt.s:132    .text.FLASH_OB_EnableWRP:00000000 $t
     /tmp/cck0UwGt.s:137    .text.FLASH_OB_EnableWRP:00000000 FLASH_OB_EnableWRP
     /tmp/cck0UwGt.s:181    .text.FLASH_OB_EnableWRP:0000002c $d
     /tmp/cck0UwGt.s:186    .text.FLASH_OB_DisableWRP:00000000 $t
     /tmp/cck0UwGt.s:191    .text.FLASH_OB_DisableWRP:00000000 FLASH_OB_DisableWRP
     /tmp/cck0UwGt.s:235    .text.FLASH_OB_DisableWRP:0000002c $d
     /tmp/cck0UwGt.s:240    .text.FLASH_OB_GetWRP:00000000 $t
     /tmp/cck0UwGt.s:245    .text.FLASH_OB_GetWRP:00000000 FLASH_OB_GetWRP
     /tmp/cck0UwGt.s:313    .text.FLASH_OB_GetWRP:0000002c $d
     /tmp/cck0UwGt.s:318    .text.FLASH_OB_RDPConfig:00000000 $t
     /tmp/cck0UwGt.s:323    .text.FLASH_OB_RDPConfig:00000000 FLASH_OB_RDPConfig
     /tmp/cck0UwGt.s:343    .text.FLASH_OB_RDPConfig:00000010 $d
     /tmp/cck0UwGt.s:348    .text.FLASH_OB_GetRDP:00000000 $t
     /tmp/cck0UwGt.s:353    .text.FLASH_OB_GetRDP:00000000 FLASH_OB_GetRDP
     /tmp/cck0UwGt.s:387    .text.FLASH_OB_GetRDP:0000001c $d
     /tmp/cck0UwGt.s:392    .text.FLASH_OB_UserConfig:00000000 $t
     /tmp/cck0UwGt.s:397    .text.FLASH_OB_UserConfig:00000000 FLASH_OB_UserConfig
     /tmp/cck0UwGt.s:573    .text.FLASH_OB_UserConfig:000000ac $d
     /tmp/cck0UwGt.s:578    .text.FLASH_OB_GetUser:00000000 $t
     /tmp/cck0UwGt.s:583    .text.FLASH_OB_GetUser:00000000 FLASH_OB_GetUser
     /tmp/cck0UwGt.s:606    .text.FLASH_OB_GetUser:0000000c $d
     /tmp/cck0UwGt.s:612    .text.FLASH_OB_PCROPConfig:00000000 $t
     /tmp/cck0UwGt.s:617    .text.FLASH_OB_PCROPConfig:00000000 FLASH_OB_PCROPConfig
     /tmp/cck0UwGt.s:696    .text.FLASH_OB_PCROPConfig:00000040 $d
     /tmp/cck0UwGt.s:701    .text.FLASH_OB_GetPCROP:00000000 $t
     /tmp/cck0UwGt.s:706    .text.FLASH_OB_GetPCROP:00000000 FLASH_OB_GetPCROP
     /tmp/cck0UwGt.s:798    .text.FLASH_OB_GetPCROP:00000048 $d
     /tmp/cck0UwGt.s:804    .text.FLASH_OB_BOR_LevelConfig:00000000 $t
     /tmp/cck0UwGt.s:809    .text.FLASH_OB_BOR_LevelConfig:00000000 FLASH_OB_BOR_LevelConfig
     /tmp/cck0UwGt.s:829    .text.FLASH_OB_BOR_LevelConfig:00000010 $d
     /tmp/cck0UwGt.s:834    .text.FLASH_OB_GetBOR:00000000 $t
     /tmp/cck0UwGt.s:839    .text.FLASH_OB_GetBOR:00000000 FLASH_OB_GetBOR
     /tmp/cck0UwGt.s:856    .text.FLASH_OB_GetBOR:0000000c $d
     /tmp/cck0UwGt.s:861    .text.FLASH_OB_BootAddConfig:00000000 $t
     /tmp/cck0UwGt.s:866    .text.FLASH_OB_BootAddConfig:00000000 FLASH_OB_BootAddConfig
     /tmp/cck0UwGt.s:915    .text.FLASH_OB_BootAddConfig:0000002c $d
     /tmp/cck0UwGt.s:920    .text.FLASH_OB_GetBootAdd:00000000 $t
     /tmp/cck0UwGt.s:925    .text.FLASH_OB_GetBootAdd:00000000 FLASH_OB_GetBootAdd
     /tmp/cck0UwGt.s:955    .text.FLASH_OB_GetBootAdd:00000010 $d
     /tmp/cck0UwGt.s:960    .text.FLASH_OB_SecureAreaConfig:00000000 $t
     /tmp/cck0UwGt.s:965    .text.FLASH_OB_SecureAreaConfig:00000000 FLASH_OB_SecureAreaConfig
     /tmp/cck0UwGt.s:1048   .text.FLASH_OB_SecureAreaConfig:00000048 $d
     /tmp/cck0UwGt.s:1053   .text.FLASH_OB_GetSecureArea:00000000 $t
     /tmp/cck0UwGt.s:1058   .text.FLASH_OB_GetSecureArea:00000000 FLASH_OB_GetSecureArea
     /tmp/cck0UwGt.s:1150   .text.FLASH_OB_GetSecureArea:00000048 $d
     /tmp/cck0UwGt.s:1156   .text.FLASH_CRC_AddSector:00000000 $t
     /tmp/cck0UwGt.s:1161   .text.FLASH_CRC_AddSector:00000000 FLASH_CRC_AddSector
     /tmp/cck0UwGt.s:1209   .text.FLASH_CRC_AddSector:00000038 $d
     /tmp/cck0UwGt.s:1214   .text.FLASH_CRC_SelectAddress:00000000 $t
     /tmp/cck0UwGt.s:1219   .text.FLASH_CRC_SelectAddress:00000000 FLASH_CRC_SelectAddress
     /tmp/cck0UwGt.s:1256   .text.FLASH_CRC_SelectAddress:00000018 $d
     /tmp/cck0UwGt.s:1261   .text.HAL_FLASHEx_OBProgram:00000000 $t
ARM GAS  /tmp/cck0UwGt.s 			page 92


     /tmp/cck0UwGt.s:1267   .text.HAL_FLASHEx_OBProgram:00000000 HAL_FLASHEx_OBProgram
     /tmp/cck0UwGt.s:1464   .text.HAL_FLASHEx_OBProgram:000000d8 $d
     /tmp/cck0UwGt.s:1469   .text.HAL_FLASHEx_OBGetConfig:00000000 $t
     /tmp/cck0UwGt.s:1475   .text.HAL_FLASHEx_OBGetConfig:00000000 HAL_FLASHEx_OBGetConfig
     /tmp/cck0UwGt.s:1565   .text.HAL_FLASHEx_Unlock_Bank1:00000000 $t
     /tmp/cck0UwGt.s:1571   .text.HAL_FLASHEx_Unlock_Bank1:00000000 HAL_FLASHEx_Unlock_Bank1
     /tmp/cck0UwGt.s:1612   .text.HAL_FLASHEx_Unlock_Bank1:0000002c $d
     /tmp/cck0UwGt.s:1618   .text.HAL_FLASHEx_Lock_Bank1:00000000 $t
     /tmp/cck0UwGt.s:1624   .text.HAL_FLASHEx_Lock_Bank1:00000000 HAL_FLASHEx_Lock_Bank1
     /tmp/cck0UwGt.s:1643   .text.HAL_FLASHEx_Lock_Bank1:00000010 $d
     /tmp/cck0UwGt.s:1648   .text.HAL_FLASHEx_Unlock_Bank2:00000000 $t
     /tmp/cck0UwGt.s:1654   .text.HAL_FLASHEx_Unlock_Bank2:00000000 HAL_FLASHEx_Unlock_Bank2
     /tmp/cck0UwGt.s:1695   .text.HAL_FLASHEx_Unlock_Bank2:00000034 $d
     /tmp/cck0UwGt.s:1701   .text.HAL_FLASHEx_Lock_Bank2:00000000 $t
     /tmp/cck0UwGt.s:1707   .text.HAL_FLASHEx_Lock_Bank2:00000000 HAL_FLASHEx_Lock_Bank2
     /tmp/cck0UwGt.s:1726   .text.HAL_FLASHEx_Lock_Bank2:00000014 $d
     /tmp/cck0UwGt.s:1731   .text.HAL_FLASHEx_ComputeCRC:00000000 $t
     /tmp/cck0UwGt.s:1737   .text.HAL_FLASHEx_ComputeCRC:00000000 HAL_FLASHEx_ComputeCRC
     /tmp/cck0UwGt.s:2033   .text.HAL_FLASHEx_ComputeCRC:00000170 $d
     /tmp/cck0UwGt.s:2039   .text.FLASH_Erase_Sector:00000000 $t
     /tmp/cck0UwGt.s:2045   .text.FLASH_Erase_Sector:00000000 FLASH_Erase_Sector
     /tmp/cck0UwGt.s:2115   .text.FLASH_Erase_Sector:00000050 $d
     /tmp/cck0UwGt.s:2120   .text.HAL_FLASHEx_Erase:00000000 $t
     /tmp/cck0UwGt.s:2126   .text.HAL_FLASHEx_Erase:00000000 HAL_FLASHEx_Erase
     /tmp/cck0UwGt.s:2395   .text.HAL_FLASHEx_Erase:00000120 $d
     /tmp/cck0UwGt.s:2402   .text.HAL_FLASHEx_Erase_IT:00000000 $t
     /tmp/cck0UwGt.s:2408   .text.HAL_FLASHEx_Erase_IT:00000000 HAL_FLASHEx_Erase_IT
     /tmp/cck0UwGt.s:2626   .text.HAL_FLASHEx_Erase_IT:000000e0 $d

UNDEFINED SYMBOLS
FLASH_WaitForLastOperation
pFlash
FLASH_OB_WaitForLastOperation
FLASH_CRC_WaitForLastOperation
